node,year,Acid,GWI,EcotFW,ERnonRE,EutrFW,EutrM,EutrT,Htcarc,Htnoncarc,IR,LU,MRmm,ODP,PMF,POF,WU
acorn_UK,2025,0.0302165136658723,2.74079190248832,193.744747475276,26.6152509633037,0.000587949566929021,0.00957767665405925,0.129365286787496,1.39563403160971e-08,3.98315584844442e-08,0.12451054482793,22.9655951587383,1.85812250777705e-05,2.54616580387396e-07,3.63888677202045e-07,0.0288392595160317,0.840198118053553
acorn_UK,2045,0.0302165136658723,2.74079190248832,193.744747475276,26.6152509633037,0.000587949566929021,0.00957767665405925,0.129365286787496,1.39563403160971e-08,3.98315584844442e-08,0.12451054482793,22.9655951587383,1.85812250777705e-05,2.54616580387396e-07,3.63888677202045e-07,0.0288392595160317,0.840198118053553
acorn_UK,2046,0.0302165136658723,2.74079190248832,193.744747475276,26.6152509633037,0.000587949566929021,0.00957767665405925,0.129365286787496,1.39563403160971e-08,3.98315584844442e-08,0.12451054482793,22.9655951587383,1.85812250777705e-05,2.54616580387396e-07,3.63888677202045e-07,0.0288392595160317,0.840198118053553
acorn_UK,2047,0.0302165136658723,2.74079190248832,193.744747475276,26.6152509633037,0.000587949566929021,0.00957767665405925,0.129365286787496,1.39563403160971e-08,3.98315584844442e-08,0.12451054482793,22.9655951587383,1.85812250777705e-05,2.54616580387396e-07,3.63888677202045e-07,0.0288392595160317,0.840198118053553
acorn_UK,2048,0.0302165136658723,2.74079190248832,193.744747475276,26.6152509633037,0.000587949566929021,0.00957767665405925,0.129365286787496,1.39563403160971e-08,3.98315584844442e-08,0.12451054482793,22.9655951587383,1.85812250777705e-05,2.54616580387396e-07,3.63888677202045e-07,0.0288392595160317,0.840198118053553
acorn_UK,2049,0.0302165136658723,2.74079190248832,193.744747475276,26.6152509633037,0.000587949566929021,0.00957767665405925,0.129365286787496,1.39563403160971e-08,3.98315584844442e-08,0.12451054482793,22.9655951587383,1.85812250777705e-05,2.54616580387396e-07,3.63888677202045e-07,0.0288392595160317,0.840198118053553
acorn_UK,2050,0.0302165136658723,2.74079190248832,193.744747475276,26.6152509633037,0.000587949566929021,0.00957767665405925,0.129365286787496,1.39563403160971e-08,3.98315584844442e-08,0.12451054482793,22.9655951587383,1.85812250777705e-05,2.54616580387396e-07,3.63888677202045e-07,0.0288392595160317,0.840198118053553
acorn_UK,2052,0.0302165136658723,2.74079190248832,193.744747475276,26.6152509633037,0.000587949566929021,0.00957767665405925,0.129365286787496,1.39563403160971e-08,3.98315584844442e-08,0.12451054482793,22.9655951587383,1.85812250777705e-05,2.54616580387396e-07,3.63888677202045e-07,0.0288392595160317,0.840198118053553
acorn_UK,2053,0.0302165136658723,2.74079190248832,193.744747475276,26.6152509633037,0.000587949566929021,0.00957767665405925,0.129365286787496,1.39563403160971e-08,3.98315584844442e-08,0.12451054482793,22.9655951587383,1.85812250777705e-05,2.54616580387396e-07,3.63888677202045e-07,0.0288392595160317,0.840198118053553
acorn_UK,2054,0.0302165136658723,2.74079190248832,193.744747475276,26.6152509633037,0.000587949566929021,0.00957767665405925,0.129365286787496,1.39563403160971e-08,3.98315584844442e-08,0.12451054482793,22.9655951587383,1.85812250777705e-05,2.54616580387396e-07,3.63888677202045e-07,0.0288392595160317,0.840198118053553
acorn_UK,2055,0.0302165136658723,2.74079190248832,193.744747475276,26.6152509633037,0.000587949566929021,0.00957767665405925,0.129365286787496,1.39563403160971e-08,3.98315584844442e-08,0.12451054482793,22.9655951587383,1.85812250777705e-05,2.54616580387396e-07,3.63888677202045e-07,0.0288392595160317,0.840198118053553
acorn_UK,2056,0.0302165136658723,2.74079190248832,193.744747475276,26.6152509633037,0.000587949566929021,0.00957767665405925,0.129365286787496,1.39563403160971e-08,3.98315584844442e-08,0.12451054482793,22.9655951587383,1.85812250777705e-05,2.54616580387396e-07,3.63888677202045e-07,0.0288392595160317,0.840198118053553
acorn_UK,2057,0.0302165136658723,2.74079190248832,193.744747475276,26.6152509633037,0.000587949566929021,0.00957767665405925,0.129365286787496,1.39563403160971e-08,3.98315584844442e-08,0.12451054482793,22.9655951587383,1.85812250777705e-05,2.54616580387396e-07,3.63888677202045e-07,0.0288392595160317,0.840198118053553
acorn_UK,2058,0.0302165136658723,2.74079190248832,193.744747475276,26.6152509633037,0.000587949566929021,0.00957767665405925,0.129365286787496,1.39563403160971e-08,3.98315584844442e-08,0.12451054482793,22.9655951587383,1.85812250777705e-05,2.54616580387396e-07,3.63888677202045e-07,0.0288392595160317,0.840198118053553
acorn_UK,2059,0.0302165136658723,2.74079190248832,193.744747475276,26.6152509633037,0.000587949566929021,0.00957767665405925,0.129365286787496,1.39563403160971e-08,3.98315584844442e-08,0.12451054482793,22.9655951587383,1.85812250777705e-05,2.54616580387396e-07,3.63888677202045e-07,0.0288392595160317,0.840198118053553
acorn_UK,2060,0.0302165136658723,2.74079190248832,193.744747475276,26.6152509633037,0.000587949566929021,0.00957767665405925,0.129365286787496,1.39563403160971e-08,3.98315584844442e-08,0.12451054482793,22.9655951587383,1.85812250777705e-05,2.54616580387396e-07,3.63888677202045e-07,0.0288392595160317,0.840198118053553
acorn_UK,2044,0.0302165136658723,2.74079190248832,193.744747475276,26.6152509633037,0.000587949566929021,0.00957767665405925,0.129365286787496,1.39563403160971e-08,3.98315584844442e-08,0.12451054482793,22.9655951587383,1.85812250777705e-05,2.54616580387396e-07,3.63888677202045e-07,0.0288392595160317,0.840198118053553
acorn_UK,2043,0.0302165136658723,2.74079190248832,193.744747475276,26.6152509633037,0.000587949566929021,0.00957767665405925,0.129365286787496,1.39563403160971e-08,3.98315584844442e-08,0.12451054482793,22.9655951587383,1.85812250777705e-05,2.54616580387396e-07,3.63888677202045e-07,0.0288392595160317,0.840198118053553
acorn_UK,2051,0.0302165136658723,2.74079190248832,193.744747475276,26.6152509633037,0.000587949566929021,0.00957767665405925,0.129365286787496,1.39563403160971e-08,3.98315584844442e-08,0.12451054482793,22.9655951587383,1.85812250777705e-05,2.54616580387396e-07,3.63888677202045e-07,0.0288392595160317,0.840198118053553
acorn_UK,2041,0.0302165136658723,2.74079190248832,193.744747475276,26.6152509633037,0.000587949566929021,0.00957767665405925,0.129365286787496,1.39563403160971e-08,3.98315584844442e-08,0.12451054482793,22.9655951587383,1.85812250777705e-05,2.54616580387396e-07,3.63888677202045e-07,0.0288392595160317,0.840198118053553
acorn_UK,2042,0.0302165136658723,2.74079190248832,193.744747475276,26.6152509633037,0.000587949566929021,0.00957767665405925,0.129365286787496,1.39563403160971e-08,3.98315584844442e-08,0.12451054482793,22.9655951587383,1.85812250777705e-05,2.54616580387396e-07,3.63888677202045e-07,0.0288392595160317,0.840198118053553
acorn_UK,2027,0.0302165136658723,2.74079190248832,193.744747475276,26.6152509633037,0.000587949566929021,0.00957767665405925,0.129365286787496,1.39563403160971e-08,3.98315584844442e-08,0.12451054482793,22.9655951587383,1.85812250777705e-05,2.54616580387396e-07,3.63888677202045e-07,0.0288392595160317,0.840198118053553
acorn_UK,2028,0.0302165136658723,2.74079190248832,193.744747475276,26.6152509633037,0.000587949566929021,0.00957767665405925,0.129365286787496,1.39563403160971e-08,3.98315584844442e-08,0.12451054482793,22.9655951587383,1.85812250777705e-05,2.54616580387396e-07,3.63888677202045e-07,0.0288392595160317,0.840198118053553
acorn_UK,2029,0.0302165136658723,2.74079190248832,193.744747475276,26.6152509633037,0.000587949566929021,0.00957767665405925,0.129365286787496,1.39563403160971e-08,3.98315584844442e-08,0.12451054482793,22.9655951587383,1.85812250777705e-05,2.54616580387396e-07,3.63888677202045e-07,0.0288392595160317,0.840198118053553
acorn_UK,2030,0.0302165136658723,2.74079190248832,193.744747475276,26.6152509633037,0.000587949566929021,0.00957767665405925,0.129365286787496,1.39563403160971e-08,3.98315584844442e-08,0.12451054482793,22.9655951587383,1.85812250777705e-05,2.54616580387396e-07,3.63888677202045e-07,0.0288392595160317,0.840198118053553
acorn_UK,2031,0.0302165136658723,2.74079190248832,193.744747475276,26.6152509633037,0.000587949566929021,0.00957767665405925,0.129365286787496,1.39563403160971e-08,3.98315584844442e-08,0.12451054482793,22.9655951587383,1.85812250777705e-05,2.54616580387396e-07,3.63888677202045e-07,0.0288392595160317,0.840198118053553
acorn_UK,2032,0.0302165136658723,2.74079190248832,193.744747475276,26.6152509633037,0.000587949566929021,0.00957767665405925,0.129365286787496,1.39563403160971e-08,3.98315584844442e-08,0.12451054482793,22.9655951587383,1.85812250777705e-05,2.54616580387396e-07,3.63888677202045e-07,0.0288392595160317,0.840198118053553
acorn_UK,2033,0.0302165136658723,2.74079190248832,193.744747475276,26.6152509633037,0.000587949566929021,0.00957767665405925,0.129365286787496,1.39563403160971e-08,3.98315584844442e-08,0.12451054482793,22.9655951587383,1.85812250777705e-05,2.54616580387396e-07,3.63888677202045e-07,0.0288392595160317,0.840198118053553
acorn_UK,2026,0.0302165136658723,2.74079190248832,193.744747475276,26.6152509633037,0.000587949566929021,0.00957767665405925,0.129365286787496,1.39563403160971e-08,3.98315584844442e-08,0.12451054482793,22.9655951587383,1.85812250777705e-05,2.54616580387396e-07,3.63888677202045e-07,0.0288392595160317,0.840198118053553
acorn_UK,2035,0.0302165136658723,2.74079190248832,193.744747475276,26.6152509633037,0.000587949566929021,0.00957767665405925,0.129365286787496,1.39563403160971e-08,3.98315584844442e-08,0.12451054482793,22.9655951587383,1.85812250777705e-05,2.54616580387396e-07,3.63888677202045e-07,0.0288392595160317,0.840198118053553
acorn_UK,2036,0.0302165136658723,2.74079190248832,193.744747475276,26.6152509633037,0.000587949566929021,0.00957767665405925,0.129365286787496,1.39563403160971e-08,3.98315584844442e-08,0.12451054482793,22.9655951587383,1.85812250777705e-05,2.54616580387396e-07,3.63888677202045e-07,0.0288392595160317,0.840198118053553
acorn_UK,2037,0.0302165136658723,2.74079190248832,193.744747475276,26.6152509633037,0.000587949566929021,0.00957767665405925,0.129365286787496,1.39563403160971e-08,3.98315584844442e-08,0.12451054482793,22.9655951587383,1.85812250777705e-05,2.54616580387396e-07,3.63888677202045e-07,0.0288392595160317,0.840198118053553
acorn_UK,2038,0.0302165136658723,2.74079190248832,193.744747475276,26.6152509633037,0.000587949566929021,0.00957767665405925,0.129365286787496,1.39563403160971e-08,3.98315584844442e-08,0.12451054482793,22.9655951587383,1.85812250777705e-05,2.54616580387396e-07,3.63888677202045e-07,0.0288392595160317,0.840198118053553
acorn_UK,2039,0.0302165136658723,2.74079190248832,193.744747475276,26.6152509633037,0.000587949566929021,0.00957767665405925,0.129365286787496,1.39563403160971e-08,3.98315584844442e-08,0.12451054482793,22.9655951587383,1.85812250777705e-05,2.54616580387396e-07,3.63888677202045e-07,0.0288392595160317,0.840198118053553
acorn_UK,2040,0.0302165136658723,2.74079190248832,193.744747475276,26.6152509633037,0.000587949566929021,0.00957767665405925,0.129365286787496,1.39563403160971e-08,3.98315584844442e-08,0.12451054482793,22.9655951587383,1.85812250777705e-05,2.54616580387396e-07,3.63888677202045e-07,0.0288392595160317,0.840198118053553
acorn_UK,2034,0.0302165136658723,2.74079190248832,193.744747475276,26.6152509633037,0.000587949566929021,0.00957767665405925,0.129365286787496,1.39563403160971e-08,3.98315584844442e-08,0.12451054482793,22.9655951587383,1.85812250777705e-05,2.54616580387396e-07,3.63888677202045e-07,0.0288392595160317,0.840198118053553
aramis_NL,2044,0.0302165136658723,2.74079190248832,193.744747475276,26.6152509633037,0.000587949566929021,0.00957767665405925,0.129365286787496,1.39563403160971e-08,3.98315584844442e-08,0.12451054482793,22.9655951587383,1.85812250777705e-05,2.54616580387396e-07,3.63888677202045e-07,0.0288392595160317,0.840198118053553
aramis_NL,2045,0.0302165136658723,2.74079190248832,193.744747475276,26.6152509633037,0.000587949566929021,0.00957767665405925,0.129365286787496,1.39563403160971e-08,3.98315584844442e-08,0.12451054482793,22.9655951587383,1.85812250777705e-05,2.54616580387396e-07,3.63888677202045e-07,0.0288392595160317,0.840198118053553
aramis_NL,2046,0.0302165136658723,2.74079190248832,193.744747475276,26.6152509633037,0.000587949566929021,0.00957767665405925,0.129365286787496,1.39563403160971e-08,3.98315584844442e-08,0.12451054482793,22.9655951587383,1.85812250777705e-05,2.54616580387396e-07,3.63888677202045e-07,0.0288392595160317,0.840198118053553
aramis_NL,2047,0.0302165136658723,2.74079190248832,193.744747475276,26.6152509633037,0.000587949566929021,0.00957767665405925,0.129365286787496,1.39563403160971e-08,3.98315584844442e-08,0.12451054482793,22.9655951587383,1.85812250777705e-05,2.54616580387396e-07,3.63888677202045e-07,0.0288392595160317,0.840198118053553
aramis_NL,2048,0.0302165136658723,2.74079190248832,193.744747475276,26.6152509633037,0.000587949566929021,0.00957767665405925,0.129365286787496,1.39563403160971e-08,3.98315584844442e-08,0.12451054482793,22.9655951587383,1.85812250777705e-05,2.54616580387396e-07,3.63888677202045e-07,0.0288392595160317,0.840198118053553
aramis_NL,2049,0.0302165136658723,2.74079190248832,193.744747475276,26.6152509633037,0.000587949566929021,0.00957767665405925,0.129365286787496,1.39563403160971e-08,3.98315584844442e-08,0.12451054482793,22.9655951587383,1.85812250777705e-05,2.54616580387396e-07,3.63888677202045e-07,0.0288392595160317,0.840198118053553
aramis_NL,2050,0.0302165136658723,2.74079190248832,193.744747475276,26.6152509633037,0.000587949566929021,0.00957767665405925,0.129365286787496,1.39563403160971e-08,3.98315584844442e-08,0.12451054482793,22.9655951587383,1.85812250777705e-05,2.54616580387396e-07,3.63888677202045e-07,0.0288392595160317,0.840198118053553
aramis_NL,2052,0.0302165136658723,2.74079190248832,193.744747475276,26.6152509633037,0.000587949566929021,0.00957767665405925,0.129365286787496,1.39563403160971e-08,3.98315584844442e-08,0.12451054482793,22.9655951587383,1.85812250777705e-05,2.54616580387396e-07,3.63888677202045e-07,0.0288392595160317,0.840198118053553
aramis_NL,2056,0.0302165136658723,2.74079190248832,193.744747475276,26.6152509633037,0.000587949566929021,0.00957767665405925,0.129365286787496,1.39563403160971e-08,3.98315584844442e-08,0.12451054482793,22.9655951587383,1.85812250777705e-05,2.54616580387396e-07,3.63888677202045e-07,0.0288392595160317,0.840198118053553
aramis_NL,2054,0.0302165136658723,2.74079190248832,193.744747475276,26.6152509633037,0.000587949566929021,0.00957767665405925,0.129365286787496,1.39563403160971e-08,3.98315584844442e-08,0.12451054482793,22.9655951587383,1.85812250777705e-05,2.54616580387396e-07,3.63888677202045e-07,0.0288392595160317,0.840198118053553
aramis_NL,2055,0.0302165136658723,2.74079190248832,193.744747475276,26.6152509633037,0.000587949566929021,0.00957767665405925,0.129365286787496,1.39563403160971e-08,3.98315584844442e-08,0.12451054482793,22.9655951587383,1.85812250777705e-05,2.54616580387396e-07,3.63888677202045e-07,0.0288392595160317,0.840198118053553
aramis_NL,2057,0.0302165136658723,2.74079190248832,193.744747475276,26.6152509633037,0.000587949566929021,0.00957767665405925,0.129365286787496,1.39563403160971e-08,3.98315584844442e-08,0.12451054482793,22.9655951587383,1.85812250777705e-05,2.54616580387396e-07,3.63888677202045e-07,0.0288392595160317,0.840198118053553
aramis_NL,2058,0.0302165136658723,2.74079190248832,193.744747475276,26.6152509633037,0.000587949566929021,0.00957767665405925,0.129365286787496,1.39563403160971e-08,3.98315584844442e-08,0.12451054482793,22.9655951587383,1.85812250777705e-05,2.54616580387396e-07,3.63888677202045e-07,0.0288392595160317,0.840198118053553
aramis_NL,2059,0.0302165136658723,2.74079190248832,193.744747475276,26.6152509633037,0.000587949566929021,0.00957767665405925,0.129365286787496,1.39563403160971e-08,3.98315584844442e-08,0.12451054482793,22.9655951587383,1.85812250777705e-05,2.54616580387396e-07,3.63888677202045e-07,0.0288392595160317,0.840198118053553
aramis_NL,2060,0.0302165136658723,2.74079190248832,193.744747475276,26.6152509633037,0.000587949566929021,0.00957767665405925,0.129365286787496,1.39563403160971e-08,3.98315584844442e-08,0.12451054482793,22.9655951587383,1.85812250777705e-05,2.54616580387396e-07,3.63888677202045e-07,0.0288392595160317,0.840198118053553
aramis_NL,2053,0.0302165136658723,2.74079190248832,193.744747475276,26.6152509633037,0.000587949566929021,0.00957767665405925,0.129365286787496,1.39563403160971e-08,3.98315584844442e-08,0.12451054482793,22.9655951587383,1.85812250777705e-05,2.54616580387396e-07,3.63888677202045e-07,0.0288392595160317,0.840198118053553
aramis_NL,2043,0.0302165136658723,2.74079190248832,193.744747475276,26.6152509633037,0.000587949566929021,0.00957767665405925,0.129365286787496,1.39563403160971e-08,3.98315584844442e-08,0.12451054482793,22.9655951587383,1.85812250777705e-05,2.54616580387396e-07,3.63888677202045e-07,0.0288392595160317,0.840198118053553
aramis_NL,2051,0.0302165136658723,2.74079190248832,193.744747475276,26.6152509633037,0.000587949566929021,0.00957767665405925,0.129365286787496,1.39563403160971e-08,3.98315584844442e-08,0.12451054482793,22.9655951587383,1.85812250777705e-05,2.54616580387396e-07,3.63888677202045e-07,0.0288392595160317,0.840198118053553
aramis_NL,2041,0.0302165136658723,2.74079190248832,193.744747475276,26.6152509633037,0.000587949566929021,0.00957767665405925,0.129365286787496,1.39563403160971e-08,3.98315584844442e-08,0.12451054482793,22.9655951587383,1.85812250777705e-05,2.54616580387396e-07,3.63888677202045e-07,0.0288392595160317,0.840198118053553
aramis_NL,2026,0.0302165136658723,2.74079190248832,193.744747475276,26.6152509633037,0.000587949566929021,0.00957767665405925,0.129365286787496,1.39563403160971e-08,3.98315584844442e-08,0.12451054482793,22.9655951587383,1.85812250777705e-05,2.54616580387396e-07,3.63888677202045e-07,0.0288392595160317,0.840198118053553
aramis_NL,2027,0.0302165136658723,2.74079190248832,193.744747475276,26.6152509633037,0.000587949566929021,0.00957767665405925,0.129365286787496,1.39563403160971e-08,3.98315584844442e-08,0.12451054482793,22.9655951587383,1.85812250777705e-05,2.54616580387396e-07,3.63888677202045e-07,0.0288392595160317,0.840198118053553
aramis_NL,2028,0.0302165136658723,2.74079190248832,193.744747475276,26.6152509633037,0.000587949566929021,0.00957767665405925,0.129365286787496,1.39563403160971e-08,3.98315584844442e-08,0.12451054482793,22.9655951587383,1.85812250777705e-05,2.54616580387396e-07,3.63888677202045e-07,0.0288392595160317,0.840198118053553
aramis_NL,2029,0.0302165136658723,2.74079190248832,193.744747475276,26.6152509633037,0.000587949566929021,0.00957767665405925,0.129365286787496,1.39563403160971e-08,3.98315584844442e-08,0.12451054482793,22.9655951587383,1.85812250777705e-05,2.54616580387396e-07,3.63888677202045e-07,0.0288392595160317,0.840198118053553
aramis_NL,2030,0.0302165136658723,2.74079190248832,193.744747475276,26.6152509633037,0.000587949566929021,0.00957767665405925,0.129365286787496,1.39563403160971e-08,3.98315584844442e-08,0.12451054482793,22.9655951587383,1.85812250777705e-05,2.54616580387396e-07,3.63888677202045e-07,0.0288392595160317,0.840198118053553
aramis_NL,2031,0.0302165136658723,2.74079190248832,193.744747475276,26.6152509633037,0.000587949566929021,0.00957767665405925,0.129365286787496,1.39563403160971e-08,3.98315584844442e-08,0.12451054482793,22.9655951587383,1.85812250777705e-05,2.54616580387396e-07,3.63888677202045e-07,0.0288392595160317,0.840198118053553
aramis_NL,2032,0.0302165136658723,2.74079190248832,193.744747475276,26.6152509633037,0.000587949566929021,0.00957767665405925,0.129365286787496,1.39563403160971e-08,3.98315584844442e-08,0.12451054482793,22.9655951587383,1.85812250777705e-05,2.54616580387396e-07,3.63888677202045e-07,0.0288392595160317,0.840198118053553
aramis_NL,2033,0.0302165136658723,2.74079190248832,193.744747475276,26.6152509633037,0.000587949566929021,0.00957767665405925,0.129365286787496,1.39563403160971e-08,3.98315584844442e-08,0.12451054482793,22.9655951587383,1.85812250777705e-05,2.54616580387396e-07,3.63888677202045e-07,0.0288392595160317,0.840198118053553
aramis_NL,2025,0.0302165136658723,2.74079190248832,193.744747475276,26.6152509633037,0.000587949566929021,0.00957767665405925,0.129365286787496,1.39563403160971e-08,3.98315584844442e-08,0.12451054482793,22.9655951587383,1.85812250777705e-05,2.54616580387396e-07,3.63888677202045e-07,0.0288392595160317,0.840198118053553
aramis_NL,2034,0.0302165136658723,2.74079190248832,193.744747475276,26.6152509633037,0.000587949566929021,0.00957767665405925,0.129365286787496,1.39563403160971e-08,3.98315584844442e-08,0.12451054482793,22.9655951587383,1.85812250777705e-05,2.54616580387396e-07,3.63888677202045e-07,0.0288392595160317,0.840198118053553
aramis_NL,2040,0.0302165136658723,2.74079190248832,193.744747475276,26.6152509633037,0.000587949566929021,0.00957767665405925,0.129365286787496,1.39563403160971e-08,3.98315584844442e-08,0.12451054482793,22.9655951587383,1.85812250777705e-05,2.54616580387396e-07,3.63888677202045e-07,0.0288392595160317,0.840198118053553
aramis_NL,2039,0.0302165136658723,2.74079190248832,193.744747475276,26.6152509633037,0.000587949566929021,0.00957767665405925,0.129365286787496,1.39563403160971e-08,3.98315584844442e-08,0.12451054482793,22.9655951587383,1.85812250777705e-05,2.54616580387396e-07,3.63888677202045e-07,0.0288392595160317,0.840198118053553
aramis_NL,2038,0.0302165136658723,2.74079190248832,193.744747475276,26.6152509633037,0.000587949566929021,0.00957767665405925,0.129365286787496,1.39563403160971e-08,3.98315584844442e-08,0.12451054482793,22.9655951587383,1.85812250777705e-05,2.54616580387396e-07,3.63888677202045e-07,0.0288392595160317,0.840198118053553
aramis_NL,2042,0.0302165136658723,2.74079190248832,193.744747475276,26.6152509633037,0.000587949566929021,0.00957767665405925,0.129365286787496,1.39563403160971e-08,3.98315584844442e-08,0.12451054482793,22.9655951587383,1.85812250777705e-05,2.54616580387396e-07,3.63888677202045e-07,0.0288392595160317,0.840198118053553
aramis_NL,2036,0.0302165136658723,2.74079190248832,193.744747475276,26.6152509633037,0.000587949566929021,0.00957767665405925,0.129365286787496,1.39563403160971e-08,3.98315584844442e-08,0.12451054482793,22.9655951587383,1.85812250777705e-05,2.54616580387396e-07,3.63888677202045e-07,0.0288392595160317,0.840198118053553
aramis_NL,2035,0.0302165136658723,2.74079190248832,193.744747475276,26.6152509633037,0.000587949566929021,0.00957767665405925,0.129365286787496,1.39563403160971e-08,3.98315584844442e-08,0.12451054482793,22.9655951587383,1.85812250777705e-05,2.54616580387396e-07,3.63888677202045e-07,0.0288392595160317,0.840198118053553
aramis_NL,2037,0.0302165136658723,2.74079190248832,193.744747475276,26.6152509633037,0.000587949566929021,0.00957767665405925,0.129365286787496,1.39563403160971e-08,3.98315584844442e-08,0.12451054482793,22.9655951587383,1.85812250777705e-05,2.54616580387396e-07,3.63888677202045e-07,0.0288392595160317,0.840198118053553
bifrost_DK,2044,0.0302165136658723,2.74079190248832,193.744747475276,26.6152509633037,0.000587949566929021,0.00957767665405925,0.129365286787496,1.39563403160971e-08,3.98315584844442e-08,0.12451054482793,22.9655951587383,1.85812250777705e-05,2.54616580387396e-07,3.63888677202045e-07,0.0288392595160317,0.840198118053553
bifrost_DK,2045,0.0302165136658723,2.74079190248832,193.744747475276,26.6152509633037,0.000587949566929021,0.00957767665405925,0.129365286787496,1.39563403160971e-08,3.98315584844442e-08,0.12451054482793,22.9655951587383,1.85812250777705e-05,2.54616580387396e-07,3.63888677202045e-07,0.0288392595160317,0.840198118053553
bifrost_DK,2046,0.0302165136658723,2.74079190248832,193.744747475276,26.6152509633037,0.000587949566929021,0.00957767665405925,0.129365286787496,1.39563403160971e-08,3.98315584844442e-08,0.12451054482793,22.9655951587383,1.85812250777705e-05,2.54616580387396e-07,3.63888677202045e-07,0.0288392595160317,0.840198118053553
bifrost_DK,2047,0.0302165136658723,2.74079190248832,193.744747475276,26.6152509633037,0.000587949566929021,0.00957767665405925,0.129365286787496,1.39563403160971e-08,3.98315584844442e-08,0.12451054482793,22.9655951587383,1.85812250777705e-05,2.54616580387396e-07,3.63888677202045e-07,0.0288392595160317,0.840198118053553
bifrost_DK,2048,0.0302165136658723,2.74079190248832,193.744747475276,26.6152509633037,0.000587949566929021,0.00957767665405925,0.129365286787496,1.39563403160971e-08,3.98315584844442e-08,0.12451054482793,22.9655951587383,1.85812250777705e-05,2.54616580387396e-07,3.63888677202045e-07,0.0288392595160317,0.840198118053553
bifrost_DK,2049,0.0302165136658723,2.74079190248832,193.744747475276,26.6152509633037,0.000587949566929021,0.00957767665405925,0.129365286787496,1.39563403160971e-08,3.98315584844442e-08,0.12451054482793,22.9655951587383,1.85812250777705e-05,2.54616580387396e-07,3.63888677202045e-07,0.0288392595160317,0.840198118053553
bifrost_DK,2050,0.0302165136658723,2.74079190248832,193.744747475276,26.6152509633037,0.000587949566929021,0.00957767665405925,0.129365286787496,1.39563403160971e-08,3.98315584844442e-08,0.12451054482793,22.9655951587383,1.85812250777705e-05,2.54616580387396e-07,3.63888677202045e-07,0.0288392595160317,0.840198118053553
bifrost_DK,2051,0.0302165136658723,2.74079190248832,193.744747475276,26.6152509633037,0.000587949566929021,0.00957767665405925,0.129365286787496,1.39563403160971e-08,3.98315584844442e-08,0.12451054482793,22.9655951587383,1.85812250777705e-05,2.54616580387396e-07,3.63888677202045e-07,0.0288392595160317,0.840198118053553
bifrost_DK,2052,0.0302165136658723,2.74079190248832,193.744747475276,26.6152509633037,0.000587949566929021,0.00957767665405925,0.129365286787496,1.39563403160971e-08,3.98315584844442e-08,0.12451054482793,22.9655951587383,1.85812250777705e-05,2.54616580387396e-07,3.63888677202045e-07,0.0288392595160317,0.840198118053553
bifrost_DK,2054,0.0302165136658723,2.74079190248832,193.744747475276,26.6152509633037,0.000587949566929021,0.00957767665405925,0.129365286787496,1.39563403160971e-08,3.98315584844442e-08,0.12451054482793,22.9655951587383,1.85812250777705e-05,2.54616580387396e-07,3.63888677202045e-07,0.0288392595160317,0.840198118053553
bifrost_DK,2060,0.0302165136658723,2.74079190248832,193.744747475276,26.6152509633037,0.000587949566929021,0.00957767665405925,0.129365286787496,1.39563403160971e-08,3.98315584844442e-08,0.12451054482793,22.9655951587383,1.85812250777705e-05,2.54616580387396e-07,3.63888677202045e-07,0.0288392595160317,0.840198118053553
bifrost_DK,2056,0.0302165136658723,2.74079190248832,193.744747475276,26.6152509633037,0.000587949566929021,0.00957767665405925,0.129365286787496,1.39563403160971e-08,3.98315584844442e-08,0.12451054482793,22.9655951587383,1.85812250777705e-05,2.54616580387396e-07,3.63888677202045e-07,0.0288392595160317,0.840198118053553
bifrost_DK,2057,0.0302165136658723,2.74079190248832,193.744747475276,26.6152509633037,0.000587949566929021,0.00957767665405925,0.129365286787496,1.39563403160971e-08,3.98315584844442e-08,0.12451054482793,22.9655951587383,1.85812250777705e-05,2.54616580387396e-07,3.63888677202045e-07,0.0288392595160317,0.840198118053553
bifrost_DK,2058,0.0302165136658723,2.74079190248832,193.744747475276,26.6152509633037,0.000587949566929021,0.00957767665405925,0.129365286787496,1.39563403160971e-08,3.98315584844442e-08,0.12451054482793,22.9655951587383,1.85812250777705e-05,2.54616580387396e-07,3.63888677202045e-07,0.0288392595160317,0.840198118053553
bifrost_DK,2059,0.0302165136658723,2.74079190248832,193.744747475276,26.6152509633037,0.000587949566929021,0.00957767665405925,0.129365286787496,1.39563403160971e-08,3.98315584844442e-08,0.12451054482793,22.9655951587383,1.85812250777705e-05,2.54616580387396e-07,3.63888677202045e-07,0.0288392595160317,0.840198118053553
bifrost_DK,2043,0.0302165136658723,2.74079190248832,193.744747475276,26.6152509633037,0.000587949566929021,0.00957767665405925,0.129365286787496,1.39563403160971e-08,3.98315584844442e-08,0.12451054482793,22.9655951587383,1.85812250777705e-05,2.54616580387396e-07,3.63888677202045e-07,0.0288392595160317,0.840198118053553
bifrost_DK,2053,0.0302165136658723,2.74079190248832,193.744747475276,26.6152509633037,0.000587949566929021,0.00957767665405925,0.129365286787496,1.39563403160971e-08,3.98315584844442e-08,0.12451054482793,22.9655951587383,1.85812250777705e-05,2.54616580387396e-07,3.63888677202045e-07,0.0288392595160317,0.840198118053553
bifrost_DK,2055,0.0302165136658723,2.74079190248832,193.744747475276,26.6152509633037,0.000587949566929021,0.00957767665405925,0.129365286787496,1.39563403160971e-08,3.98315584844442e-08,0.12451054482793,22.9655951587383,1.85812250777705e-05,2.54616580387396e-07,3.63888677202045e-07,0.0288392595160317,0.840198118053553
bifrost_DK,2042,0.0302165136658723,2.74079190248832,193.744747475276,26.6152509633037,0.000587949566929021,0.00957767665405925,0.129365286787496,1.39563403160971e-08,3.98315584844442e-08,0.12451054482793,22.9655951587383,1.85812250777705e-05,2.54616580387396e-07,3.63888677202045e-07,0.0288392595160317,0.840198118053553
bifrost_DK,2040,0.0302165136658723,2.74079190248832,193.744747475276,26.6152509633037,0.000587949566929021,0.00957767665405925,0.129365286787496,1.39563403160971e-08,3.98315584844442e-08,0.12451054482793,22.9655951587383,1.85812250777705e-05,2.54616580387396e-07,3.63888677202045e-07,0.0288392595160317,0.840198118053553
bifrost_DK,2041,0.0302165136658723,2.74079190248832,193.744747475276,26.6152509633037,0.000587949566929021,0.00957767665405925,0.129365286787496,1.39563403160971e-08,3.98315584844442e-08,0.12451054482793,22.9655951587383,1.85812250777705e-05,2.54616580387396e-07,3.63888677202045e-07,0.0288392595160317,0.840198118053553
bifrost_DK,2025,0.0302165136658723,2.74079190248832,193.744747475276,26.6152509633037,0.000587949566929021,0.00957767665405925,0.129365286787496,1.39563403160971e-08,3.98315584844442e-08,0.12451054482793,22.9655951587383,1.85812250777705e-05,2.54616580387396e-07,3.63888677202045e-07,0.0288392595160317,0.840198118053553
bifrost_DK,2026,0.0302165136658723,2.74079190248832,193.744747475276,26.6152509633037,0.000587949566929021,0.00957767665405925,0.129365286787496,1.39563403160971e-08,3.98315584844442e-08,0.12451054482793,22.9655951587383,1.85812250777705e-05,2.54616580387396e-07,3.63888677202045e-07,0.0288392595160317,0.840198118053553
bifrost_DK,2027,0.0302165136658723,2.74079190248832,193.744747475276,26.6152509633037,0.000587949566929021,0.00957767665405925,0.129365286787496,1.39563403160971e-08,3.98315584844442e-08,0.12451054482793,22.9655951587383,1.85812250777705e-05,2.54616580387396e-07,3.63888677202045e-07,0.0288392595160317,0.840198118053553
bifrost_DK,2028,0.0302165136658723,2.74079190248832,193.744747475276,26.6152509633037,0.000587949566929021,0.00957767665405925,0.129365286787496,1.39563403160971e-08,3.98315584844442e-08,0.12451054482793,22.9655951587383,1.85812250777705e-05,2.54616580387396e-07,3.63888677202045e-07,0.0288392595160317,0.840198118053553
bifrost_DK,2030,0.0302165136658723,2.74079190248832,193.744747475276,26.6152509633037,0.000587949566929021,0.00957767665405925,0.129365286787496,1.39563403160971e-08,3.98315584844442e-08,0.12451054482793,22.9655951587383,1.85812250777705e-05,2.54616580387396e-07,3.63888677202045e-07,0.0288392595160317,0.840198118053553
bifrost_DK,2031,0.0302165136658723,2.74079190248832,193.744747475276,26.6152509633037,0.000587949566929021,0.00957767665405925,0.129365286787496,1.39563403160971e-08,3.98315584844442e-08,0.12451054482793,22.9655951587383,1.85812250777705e-05,2.54616580387396e-07,3.63888677202045e-07,0.0288392595160317,0.840198118053553
bifrost_DK,2029,0.0302165136658723,2.74079190248832,193.744747475276,26.6152509633037,0.000587949566929021,0.00957767665405925,0.129365286787496,1.39563403160971e-08,3.98315584844442e-08,0.12451054482793,22.9655951587383,1.85812250777705e-05,2.54616580387396e-07,3.63888677202045e-07,0.0288392595160317,0.840198118053553
bifrost_DK,2033,0.0302165136658723,2.74079190248832,193.744747475276,26.6152509633037,0.000587949566929021,0.00957767665405925,0.129365286787496,1.39563403160971e-08,3.98315584844442e-08,0.12451054482793,22.9655951587383,1.85812250777705e-05,2.54616580387396e-07,3.63888677202045e-07,0.0288392595160317,0.840198118053553
bifrost_DK,2034,0.0302165136658723,2.74079190248832,193.744747475276,26.6152509633037,0.000587949566929021,0.00957767665405925,0.129365286787496,1.39563403160971e-08,3.98315584844442e-08,0.12451054482793,22.9655951587383,1.85812250777705e-05,2.54616580387396e-07,3.63888677202045e-07,0.0288392595160317,0.840198118053553
bifrost_DK,2035,0.0302165136658723,2.74079190248832,193.744747475276,26.6152509633037,0.000587949566929021,0.00957767665405925,0.129365286787496,1.39563403160971e-08,3.98315584844442e-08,0.12451054482793,22.9655951587383,1.85812250777705e-05,2.54616580387396e-07,3.63888677202045e-07,0.0288392595160317,0.840198118053553
bifrost_DK,2036,0.0302165136658723,2.74079190248832,193.744747475276,26.6152509633037,0.000587949566929021,0.00957767665405925,0.129365286787496,1.39563403160971e-08,3.98315584844442e-08,0.12451054482793,22.9655951587383,1.85812250777705e-05,2.54616580387396e-07,3.63888677202045e-07,0.0288392595160317,0.840198118053553
bifrost_DK,2037,0.0302165136658723,2.74079190248832,193.744747475276,26.6152509633037,0.000587949566929021,0.00957767665405925,0.129365286787496,1.39563403160971e-08,3.98315584844442e-08,0.12451054482793,22.9655951587383,1.85812250777705e-05,2.54616580387396e-07,3.63888677202045e-07,0.0288392595160317,0.840198118053553
bifrost_DK,2038,0.0302165136658723,2.74079190248832,193.744747475276,26.6152509633037,0.000587949566929021,0.00957767665405925,0.129365286787496,1.39563403160971e-08,3.98315584844442e-08,0.12451054482793,22.9655951587383,1.85812250777705e-05,2.54616580387396e-07,3.63888677202045e-07,0.0288392595160317,0.840198118053553
bifrost_DK,2039,0.0302165136658723,2.74079190248832,193.744747475276,26.6152509633037,0.000587949566929021,0.00957767665405925,0.129365286787496,1.39563403160971e-08,3.98315584844442e-08,0.12451054482793,22.9655951587383,1.85812250777705e-05,2.54616580387396e-07,3.63888677202045e-07,0.0288392595160317,0.840198118053553
bifrost_DK,2032,0.0302165136658723,2.74079190248832,193.744747475276,26.6152509633037,0.000587949566929021,0.00957767665405925,0.129365286787496,1.39563403160971e-08,3.98315584844442e-08,0.12451054482793,22.9655951587383,1.85812250777705e-05,2.54616580387396e-07,3.63888677202045e-07,0.0288392595160317,0.840198118053553
cement_174_CH,2050,0.0302165136658723,2.74079190248832,193.744747475276,26.6152509633037,0.000587949566929021,0.00957767665405925,0.129365286787496,1.39563403160971e-08,3.98315584844442e-08,0.12451054482793,22.9655951587383,1.85812250777705e-05,2.54616580387396e-07,3.63888677202045e-07,0.0288392595160317,0.840198118053553
cement_174_CH,2045,0.0302165136658723,2.74079190248832,193.744747475276,26.6152509633037,0.000587949566929021,0.00957767665405925,0.129365286787496,1.39563403160971e-08,3.98315584844442e-08,0.12451054482793,22.9655951587383,1.85812250777705e-05,2.54616580387396e-07,3.63888677202045e-07,0.0288392595160317,0.840198118053553
cement_174_CH,2046,0.0302165136658723,2.74079190248832,193.744747475276,26.6152509633037,0.000587949566929021,0.00957767665405925,0.129365286787496,1.39563403160971e-08,3.98315584844442e-08,0.12451054482793,22.9655951587383,1.85812250777705e-05,2.54616580387396e-07,3.63888677202045e-07,0.0288392595160317,0.840198118053553
cement_174_CH,2047,0.0302165136658723,2.74079190248832,193.744747475276,26.6152509633037,0.000587949566929021,0.00957767665405925,0.129365286787496,1.39563403160971e-08,3.98315584844442e-08,0.12451054482793,22.9655951587383,1.85812250777705e-05,2.54616580387396e-07,3.63888677202045e-07,0.0288392595160317,0.840198118053553
cement_174_CH,2048,0.0302165136658723,2.74079190248832,193.744747475276,26.6152509633037,0.000587949566929021,0.00957767665405925,0.129365286787496,1.39563403160971e-08,3.98315584844442e-08,0.12451054482793,22.9655951587383,1.85812250777705e-05,2.54616580387396e-07,3.63888677202045e-07,0.0288392595160317,0.840198118053553
cement_174_CH,2049,0.0302165136658723,2.74079190248832,193.744747475276,26.6152509633037,0.000587949566929021,0.00957767665405925,0.129365286787496,1.39563403160971e-08,3.98315584844442e-08,0.12451054482793,22.9655951587383,1.85812250777705e-05,2.54616580387396e-07,3.63888677202045e-07,0.0288392595160317,0.840198118053553
cement_174_CH,2052,0.0302165136658723,2.74079190248832,193.744747475276,26.6152509633037,0.000587949566929021,0.00957767665405925,0.129365286787496,1.39563403160971e-08,3.98315584844442e-08,0.12451054482793,22.9655951587383,1.85812250777705e-05,2.54616580387396e-07,3.63888677202045e-07,0.0288392595160317,0.840198118053553
cement_174_CH,2044,0.0302165136658723,2.74079190248832,193.744747475276,26.6152509633037,0.000587949566929021,0.00957767665405925,0.129365286787496,1.39563403160971e-08,3.98315584844442e-08,0.12451054482793,22.9655951587383,1.85812250777705e-05,2.54616580387396e-07,3.63888677202045e-07,0.0288392595160317,0.840198118053553
cement_174_CH,2054,0.0302165136658723,2.74079190248832,193.744747475276,26.6152509633037,0.000587949566929021,0.00957767665405925,0.129365286787496,1.39563403160971e-08,3.98315584844442e-08,0.12451054482793,22.9655951587383,1.85812250777705e-05,2.54616580387396e-07,3.63888677202045e-07,0.0288392595160317,0.840198118053553
cement_174_CH,2055,0.0302165136658723,2.74079190248832,193.744747475276,26.6152509633037,0.000587949566929021,0.00957767665405925,0.129365286787496,1.39563403160971e-08,3.98315584844442e-08,0.12451054482793,22.9655951587383,1.85812250777705e-05,2.54616580387396e-07,3.63888677202045e-07,0.0288392595160317,0.840198118053553
cement_174_CH,2056,0.0302165136658723,2.74079190248832,193.744747475276,26.6152509633037,0.000587949566929021,0.00957767665405925,0.129365286787496,1.39563403160971e-08,3.98315584844442e-08,0.12451054482793,22.9655951587383,1.85812250777705e-05,2.54616580387396e-07,3.63888677202045e-07,0.0288392595160317,0.840198118053553
cement_174_CH,2057,0.0302165136658723,2.74079190248832,193.744747475276,26.6152509633037,0.000587949566929021,0.00957767665405925,0.129365286787496,1.39563403160971e-08,3.98315584844442e-08,0.12451054482793,22.9655951587383,1.85812250777705e-05,2.54616580387396e-07,3.63888677202045e-07,0.0288392595160317,0.840198118053553
cement_174_CH,2058,0.0302165136658723,2.74079190248832,193.744747475276,26.6152509633037,0.000587949566929021,0.00957767665405925,0.129365286787496,1.39563403160971e-08,3.98315584844442e-08,0.12451054482793,22.9655951587383,1.85812250777705e-05,2.54616580387396e-07,3.63888677202045e-07,0.0288392595160317,0.840198118053553
cement_174_CH,2059,0.0302165136658723,2.74079190248832,193.744747475276,26.6152509633037,0.000587949566929021,0.00957767665405925,0.129365286787496,1.39563403160971e-08,3.98315584844442e-08,0.12451054482793,22.9655951587383,1.85812250777705e-05,2.54616580387396e-07,3.63888677202045e-07,0.0288392595160317,0.840198118053553
cement_174_CH,2060,0.0302165136658723,2.74079190248832,193.744747475276,26.6152509633037,0.000587949566929021,0.00957767665405925,0.129365286787496,1.39563403160971e-08,3.98315584844442e-08,0.12451054482793,22.9655951587383,1.85812250777705e-05,2.54616580387396e-07,3.63888677202045e-07,0.0288392595160317,0.840198118053553
cement_174_CH,2053,0.0302165136658723,2.74079190248832,193.744747475276,26.6152509633037,0.000587949566929021,0.00957767665405925,0.129365286787496,1.39563403160971e-08,3.98315584844442e-08,0.12451054482793,22.9655951587383,1.85812250777705e-05,2.54616580387396e-07,3.63888677202045e-07,0.0288392595160317,0.840198118053553
cement_174_CH,2043,0.0302165136658723,2.74079190248832,193.744747475276,26.6152509633037,0.000587949566929021,0.00957767665405925,0.129365286787496,1.39563403160971e-08,3.98315584844442e-08,0.12451054482793,22.9655951587383,1.85812250777705e-05,2.54616580387396e-07,3.63888677202045e-07,0.0288392595160317,0.840198118053553
cement_174_CH,2051,0.0302165136658723,2.74079190248832,193.744747475276,26.6152509633037,0.000587949566929021,0.00957767665405925,0.129365286787496,1.39563403160971e-08,3.98315584844442e-08,0.12451054482793,22.9655951587383,1.85812250777705e-05,2.54616580387396e-07,3.63888677202045e-07,0.0288392595160317,0.840198118053553
cement_174_CH,2041,0.0302165136658723,2.74079190248832,193.744747475276,26.6152509633037,0.000587949566929021,0.00957767665405925,0.129365286787496,1.39563403160971e-08,3.98315584844442e-08,0.12451054482793,22.9655951587383,1.85812250777705e-05,2.54616580387396e-07,3.63888677202045e-07,0.0288392595160317,0.840198118053553
cement_174_CH,2025,0.0302165136658723,2.74079190248832,193.744747475276,26.6152509633037,0.000587949566929021,0.00957767665405925,0.129365286787496,1.39563403160971e-08,3.98315584844442e-08,0.12451054482793,22.9655951587383,1.85812250777705e-05,2.54616580387396e-07,3.63888677202045e-07,0.0288392595160317,0.840198118053553
cement_174_CH,2026,0.0302165136658723,2.74079190248832,193.744747475276,26.6152509633037,0.000587949566929021,0.00957767665405925,0.129365286787496,1.39563403160971e-08,3.98315584844442e-08,0.12451054482793,22.9655951587383,1.85812250777705e-05,2.54616580387396e-07,3.63888677202045e-07,0.0288392595160317,0.840198118053553
cement_174_CH,2027,0.0302165136658723,2.74079190248832,193.744747475276,26.6152509633037,0.000587949566929021,0.00957767665405925,0.129365286787496,1.39563403160971e-08,3.98315584844442e-08,0.12451054482793,22.9655951587383,1.85812250777705e-05,2.54616580387396e-07,3.63888677202045e-07,0.0288392595160317,0.840198118053553
cement_174_CH,2028,0.0302165136658723,2.74079190248832,193.744747475276,26.6152509633037,0.000587949566929021,0.00957767665405925,0.129365286787496,1.39563403160971e-08,3.98315584844442e-08,0.12451054482793,22.9655951587383,1.85812250777705e-05,2.54616580387396e-07,3.63888677202045e-07,0.0288392595160317,0.840198118053553
cement_174_CH,2029,0.0302165136658723,2.74079190248832,193.744747475276,26.6152509633037,0.000587949566929021,0.00957767665405925,0.129365286787496,1.39563403160971e-08,3.98315584844442e-08,0.12451054482793,22.9655951587383,1.85812250777705e-05,2.54616580387396e-07,3.63888677202045e-07,0.0288392595160317,0.840198118053553
cement_174_CH,2030,0.0302165136658723,2.74079190248832,193.744747475276,26.6152509633037,0.000587949566929021,0.00957767665405925,0.129365286787496,1.39563403160971e-08,3.98315584844442e-08,0.12451054482793,22.9655951587383,1.85812250777705e-05,2.54616580387396e-07,3.63888677202045e-07,0.0288392595160317,0.840198118053553
cement_174_CH,2031,0.0302165136658723,2.74079190248832,193.744747475276,26.6152509633037,0.000587949566929021,0.00957767665405925,0.129365286787496,1.39563403160971e-08,3.98315584844442e-08,0.12451054482793,22.9655951587383,1.85812250777705e-05,2.54616580387396e-07,3.63888677202045e-07,0.0288392595160317,0.840198118053553
cement_174_CH,2032,0.0302165136658723,2.74079190248832,193.744747475276,26.6152509633037,0.000587949566929021,0.00957767665405925,0.129365286787496,1.39563403160971e-08,3.98315584844442e-08,0.12451054482793,22.9655951587383,1.85812250777705e-05,2.54616580387396e-07,3.63888677202045e-07,0.0288392595160317,0.840198118053553
cement_174_CH,2042,0.0302165136658723,2.74079190248832,193.744747475276,26.6152509633037,0.000587949566929021,0.00957767665405925,0.129365286787496,1.39563403160971e-08,3.98315584844442e-08,0.12451054482793,22.9655951587383,1.85812250777705e-05,2.54616580387396e-07,3.63888677202045e-07,0.0288392595160317,0.840198118053553
cement_174_CH,2034,0.0302165136658723,2.74079190248832,193.744747475276,26.6152509633037,0.000587949566929021,0.00957767665405925,0.129365286787496,1.39563403160971e-08,3.98315584844442e-08,0.12451054482793,22.9655951587383,1.85812250777705e-05,2.54616580387396e-07,3.63888677202045e-07,0.0288392595160317,0.840198118053553
cement_174_CH,2035,0.0302165136658723,2.74079190248832,193.744747475276,26.6152509633037,0.000587949566929021,0.00957767665405925,0.129365286787496,1.39563403160971e-08,3.98315584844442e-08,0.12451054482793,22.9655951587383,1.85812250777705e-05,2.54616580387396e-07,3.63888677202045e-07,0.0288392595160317,0.840198118053553
cement_174_CH,2036,0.0302165136658723,2.74079190248832,193.744747475276,26.6152509633037,0.000587949566929021,0.00957767665405925,0.129365286787496,1.39563403160971e-08,3.98315584844442e-08,0.12451054482793,22.9655951587383,1.85812250777705e-05,2.54616580387396e-07,3.63888677202045e-07,0.0288392595160317,0.840198118053553
cement_174_CH,2037,0.0302165136658723,2.74079190248832,193.744747475276,26.6152509633037,0.000587949566929021,0.00957767665405925,0.129365286787496,1.39563403160971e-08,3.98315584844442e-08,0.12451054482793,22.9655951587383,1.85812250777705e-05,2.54616580387396e-07,3.63888677202045e-07,0.0288392595160317,0.840198118053553
cement_174_CH,2038,0.0302165136658723,2.74079190248832,193.744747475276,26.6152509633037,0.000587949566929021,0.00957767665405925,0.129365286787496,1.39563403160971e-08,3.98315584844442e-08,0.12451054482793,22.9655951587383,1.85812250777705e-05,2.54616580387396e-07,3.63888677202045e-07,0.0288392595160317,0.840198118053553
cement_174_CH,2039,0.0302165136658723,2.74079190248832,193.744747475276,26.6152509633037,0.000587949566929021,0.00957767665405925,0.129365286787496,1.39563403160971e-08,3.98315584844442e-08,0.12451054482793,22.9655951587383,1.85812250777705e-05,2.54616580387396e-07,3.63888677202045e-07,0.0288392595160317,0.840198118053553
cement_174_CH,2040,0.0302165136658723,2.74079190248832,193.744747475276,26.6152509633037,0.000587949566929021,0.00957767665405925,0.129365286787496,1.39563403160971e-08,3.98315584844442e-08,0.12451054482793,22.9655951587383,1.85812250777705e-05,2.54616580387396e-07,3.63888677202045e-07,0.0288392595160317,0.840198118053553
cement_174_CH,2033,0.0302165136658723,2.74079190248832,193.744747475276,26.6152509633037,0.000587949566929021,0.00957767665405925,0.129365286787496,1.39563403160971e-08,3.98315584844442e-08,0.12451054482793,22.9655951587383,1.85812250777705e-05,2.54616580387396e-07,3.63888677202045e-07,0.0288392595160317,0.840198118053553
cement_175_CH,2047,0.0302165136658723,2.74079190248832,193.744747475276,26.6152509633037,0.000587949566929021,0.00957767665405925,0.129365286787496,1.39563403160971e-08,3.98315584844442e-08,0.12451054482793,22.9655951587383,1.85812250777705e-05,2.54616580387396e-07,3.63888677202045e-07,0.0288392595160317,0.840198118053553
cement_175_CH,2045,0.0302165136658723,2.74079190248832,193.744747475276,26.6152509633037,0.000587949566929021,0.00957767665405925,0.129365286787496,1.39563403160971e-08,3.98315584844442e-08,0.12451054482793,22.9655951587383,1.85812250777705e-05,2.54616580387396e-07,3.63888677202045e-07,0.0288392595160317,0.840198118053553
cement_175_CH,2046,0.0302165136658723,2.74079190248832,193.744747475276,26.6152509633037,0.000587949566929021,0.00957767665405925,0.129365286787496,1.39563403160971e-08,3.98315584844442e-08,0.12451054482793,22.9655951587383,1.85812250777705e-05,2.54616580387396e-07,3.63888677202045e-07,0.0288392595160317,0.840198118053553
cement_175_CH,2048,0.0302165136658723,2.74079190248832,193.744747475276,26.6152509633037,0.000587949566929021,0.00957767665405925,0.129365286787496,1.39563403160971e-08,3.98315584844442e-08,0.12451054482793,22.9655951587383,1.85812250777705e-05,2.54616580387396e-07,3.63888677202045e-07,0.0288392595160317,0.840198118053553
cement_175_CH,2049,0.0302165136658723,2.74079190248832,193.744747475276,26.6152509633037,0.000587949566929021,0.00957767665405925,0.129365286787496,1.39563403160971e-08,3.98315584844442e-08,0.12451054482793,22.9655951587383,1.85812250777705e-05,2.54616580387396e-07,3.63888677202045e-07,0.0288392595160317,0.840198118053553
cement_175_CH,2050,0.0302165136658723,2.74079190248832,193.744747475276,26.6152509633037,0.000587949566929021,0.00957767665405925,0.129365286787496,1.39563403160971e-08,3.98315584844442e-08,0.12451054482793,22.9655951587383,1.85812250777705e-05,2.54616580387396e-07,3.63888677202045e-07,0.0288392595160317,0.840198118053553
cement_175_CH,2051,0.0302165136658723,2.74079190248832,193.744747475276,26.6152509633037,0.000587949566929021,0.00957767665405925,0.129365286787496,1.39563403160971e-08,3.98315584844442e-08,0.12451054482793,22.9655951587383,1.85812250777705e-05,2.54616580387396e-07,3.63888677202045e-07,0.0288392595160317,0.840198118053553
cement_175_CH,2052,0.0302165136658723,2.74079190248832,193.744747475276,26.6152509633037,0.000587949566929021,0.00957767665405925,0.129365286787496,1.39563403160971e-08,3.98315584844442e-08,0.12451054482793,22.9655951587383,1.85812250777705e-05,2.54616580387396e-07,3.63888677202045e-07,0.0288392595160317,0.840198118053553
cement_175_CH,2056,0.0302165136658723,2.74079190248832,193.744747475276,26.6152509633037,0.000587949566929021,0.00957767665405925,0.129365286787496,1.39563403160971e-08,3.98315584844442e-08,0.12451054482793,22.9655951587383,1.85812250777705e-05,2.54616580387396e-07,3.63888677202045e-07,0.0288392595160317,0.840198118053553
cement_175_CH,2054,0.0302165136658723,2.74079190248832,193.744747475276,26.6152509633037,0.000587949566929021,0.00957767665405925,0.129365286787496,1.39563403160971e-08,3.98315584844442e-08,0.12451054482793,22.9655951587383,1.85812250777705e-05,2.54616580387396e-07,3.63888677202045e-07,0.0288392595160317,0.840198118053553
cement_175_CH,2055,0.0302165136658723,2.74079190248832,193.744747475276,26.6152509633037,0.000587949566929021,0.00957767665405925,0.129365286787496,1.39563403160971e-08,3.98315584844442e-08,0.12451054482793,22.9655951587383,1.85812250777705e-05,2.54616580387396e-07,3.63888677202045e-07,0.0288392595160317,0.840198118053553
cement_175_CH,2044,0.0302165136658723,2.74079190248832,193.744747475276,26.6152509633037,0.000587949566929021,0.00957767665405925,0.129365286787496,1.39563403160971e-08,3.98315584844442e-08,0.12451054482793,22.9655951587383,1.85812250777705e-05,2.54616580387396e-07,3.63888677202045e-07,0.0288392595160317,0.840198118053553
cement_175_CH,2057,0.0302165136658723,2.74079190248832,193.744747475276,26.6152509633037,0.000587949566929021,0.00957767665405925,0.129365286787496,1.39563403160971e-08,3.98315584844442e-08,0.12451054482793,22.9655951587383,1.85812250777705e-05,2.54616580387396e-07,3.63888677202045e-07,0.0288392595160317,0.840198118053553
cement_175_CH,2058,0.0302165136658723,2.74079190248832,193.744747475276,26.6152509633037,0.000587949566929021,0.00957767665405925,0.129365286787496,1.39563403160971e-08,3.98315584844442e-08,0.12451054482793,22.9655951587383,1.85812250777705e-05,2.54616580387396e-07,3.63888677202045e-07,0.0288392595160317,0.840198118053553
cement_175_CH,2059,0.0302165136658723,2.74079190248832,193.744747475276,26.6152509633037,0.000587949566929021,0.00957767665405925,0.129365286787496,1.39563403160971e-08,3.98315584844442e-08,0.12451054482793,22.9655951587383,1.85812250777705e-05,2.54616580387396e-07,3.63888677202045e-07,0.0288392595160317,0.840198118053553
cement_175_CH,2060,0.0302165136658723,2.74079190248832,193.744747475276,26.6152509633037,0.000587949566929021,0.00957767665405925,0.129365286787496,1.39563403160971e-08,3.98315584844442e-08,0.12451054482793,22.9655951587383,1.85812250777705e-05,2.54616580387396e-07,3.63888677202045e-07,0.0288392595160317,0.840198118053553
cement_175_CH,2053,0.0302165136658723,2.74079190248832,193.744747475276,26.6152509633037,0.000587949566929021,0.00957767665405925,0.129365286787496,1.39563403160971e-08,3.98315584844442e-08,0.12451054482793,22.9655951587383,1.85812250777705e-05,2.54616580387396e-07,3.63888677202045e-07,0.0288392595160317,0.840198118053553
cement_175_CH,2043,0.0302165136658723,2.74079190248832,193.744747475276,26.6152509633037,0.000587949566929021,0.00957767665405925,0.129365286787496,1.39563403160971e-08,3.98315584844442e-08,0.12451054482793,22.9655951587383,1.85812250777705e-05,2.54616580387396e-07,3.63888677202045e-07,0.0288392595160317,0.840198118053553
cement_175_CH,2042,0.0302165136658723,2.74079190248832,193.744747475276,26.6152509633037,0.000587949566929021,0.00957767665405925,0.129365286787496,1.39563403160971e-08,3.98315584844442e-08,0.12451054482793,22.9655951587383,1.85812250777705e-05,2.54616580387396e-07,3.63888677202045e-07,0.0288392595160317,0.840198118053553
cement_175_CH,2041,0.0302165136658723,2.74079190248832,193.744747475276,26.6152509633037,0.000587949566929021,0.00957767665405925,0.129365286787496,1.39563403160971e-08,3.98315584844442e-08,0.12451054482793,22.9655951587383,1.85812250777705e-05,2.54616580387396e-07,3.63888677202045e-07,0.0288392595160317,0.840198118053553
cement_175_CH,2025,0.0302165136658723,2.74079190248832,193.744747475276,26.6152509633037,0.000587949566929021,0.00957767665405925,0.129365286787496,1.39563403160971e-08,3.98315584844442e-08,0.12451054482793,22.9655951587383,1.85812250777705e-05,2.54616580387396e-07,3.63888677202045e-07,0.0288392595160317,0.840198118053553
cement_175_CH,2026,0.0302165136658723,2.74079190248832,193.744747475276,26.6152509633037,0.000587949566929021,0.00957767665405925,0.129365286787496,1.39563403160971e-08,3.98315584844442e-08,0.12451054482793,22.9655951587383,1.85812250777705e-05,2.54616580387396e-07,3.63888677202045e-07,0.0288392595160317,0.840198118053553
cement_175_CH,2027,0.0302165136658723,2.74079190248832,193.744747475276,26.6152509633037,0.000587949566929021,0.00957767665405925,0.129365286787496,1.39563403160971e-08,3.98315584844442e-08,0.12451054482793,22.9655951587383,1.85812250777705e-05,2.54616580387396e-07,3.63888677202045e-07,0.0288392595160317,0.840198118053553
cement_175_CH,2028,0.0302165136658723,2.74079190248832,193.744747475276,26.6152509633037,0.000587949566929021,0.00957767665405925,0.129365286787496,1.39563403160971e-08,3.98315584844442e-08,0.12451054482793,22.9655951587383,1.85812250777705e-05,2.54616580387396e-07,3.63888677202045e-07,0.0288392595160317,0.840198118053553
cement_175_CH,2030,0.0302165136658723,2.74079190248832,193.744747475276,26.6152509633037,0.000587949566929021,0.00957767665405925,0.129365286787496,1.39563403160971e-08,3.98315584844442e-08,0.12451054482793,22.9655951587383,1.85812250777705e-05,2.54616580387396e-07,3.63888677202045e-07,0.0288392595160317,0.840198118053553
cement_175_CH,2031,0.0302165136658723,2.74079190248832,193.744747475276,26.6152509633037,0.000587949566929021,0.00957767665405925,0.129365286787496,1.39563403160971e-08,3.98315584844442e-08,0.12451054482793,22.9655951587383,1.85812250777705e-05,2.54616580387396e-07,3.63888677202045e-07,0.0288392595160317,0.840198118053553
cement_175_CH,2032,0.0302165136658723,2.74079190248832,193.744747475276,26.6152509633037,0.000587949566929021,0.00957767665405925,0.129365286787496,1.39563403160971e-08,3.98315584844442e-08,0.12451054482793,22.9655951587383,1.85812250777705e-05,2.54616580387396e-07,3.63888677202045e-07,0.0288392595160317,0.840198118053553
cement_175_CH,2029,0.0302165136658723,2.74079190248832,193.744747475276,26.6152509633037,0.000587949566929021,0.00957767665405925,0.129365286787496,1.39563403160971e-08,3.98315584844442e-08,0.12451054482793,22.9655951587383,1.85812250777705e-05,2.54616580387396e-07,3.63888677202045e-07,0.0288392595160317,0.840198118053553
cement_175_CH,2034,0.0302165136658723,2.74079190248832,193.744747475276,26.6152509633037,0.000587949566929021,0.00957767665405925,0.129365286787496,1.39563403160971e-08,3.98315584844442e-08,0.12451054482793,22.9655951587383,1.85812250777705e-05,2.54616580387396e-07,3.63888677202045e-07,0.0288392595160317,0.840198118053553
cement_175_CH,2035,0.0302165136658723,2.74079190248832,193.744747475276,26.6152509633037,0.000587949566929021,0.00957767665405925,0.129365286787496,1.39563403160971e-08,3.98315584844442e-08,0.12451054482793,22.9655951587383,1.85812250777705e-05,2.54616580387396e-07,3.63888677202045e-07,0.0288392595160317,0.840198118053553
cement_175_CH,2036,0.0302165136658723,2.74079190248832,193.744747475276,26.6152509633037,0.000587949566929021,0.00957767665405925,0.129365286787496,1.39563403160971e-08,3.98315584844442e-08,0.12451054482793,22.9655951587383,1.85812250777705e-05,2.54616580387396e-07,3.63888677202045e-07,0.0288392595160317,0.840198118053553
cement_175_CH,2037,0.0302165136658723,2.74079190248832,193.744747475276,26.6152509633037,0.000587949566929021,0.00957767665405925,0.129365286787496,1.39563403160971e-08,3.98315584844442e-08,0.12451054482793,22.9655951587383,1.85812250777705e-05,2.54616580387396e-07,3.63888677202045e-07,0.0288392595160317,0.840198118053553
cement_175_CH,2038,0.0302165136658723,2.74079190248832,193.744747475276,26.6152509633037,0.000587949566929021,0.00957767665405925,0.129365286787496,1.39563403160971e-08,3.98315584844442e-08,0.12451054482793,22.9655951587383,1.85812250777705e-05,2.54616580387396e-07,3.63888677202045e-07,0.0288392595160317,0.840198118053553
cement_175_CH,2039,0.0302165136658723,2.74079190248832,193.744747475276,26.6152509633037,0.000587949566929021,0.00957767665405925,0.129365286787496,1.39563403160971e-08,3.98315584844442e-08,0.12451054482793,22.9655951587383,1.85812250777705e-05,2.54616580387396e-07,3.63888677202045e-07,0.0288392595160317,0.840198118053553
cement_175_CH,2040,0.0302165136658723,2.74079190248832,193.744747475276,26.6152509633037,0.000587949566929021,0.00957767665405925,0.129365286787496,1.39563403160971e-08,3.98315584844442e-08,0.12451054482793,22.9655951587383,1.85812250777705e-05,2.54616580387396e-07,3.63888677202045e-07,0.0288392595160317,0.840198118053553
cement_175_CH,2033,0.0302165136658723,2.74079190248832,193.744747475276,26.6152509633037,0.000587949566929021,0.00957767665405925,0.129365286787496,1.39563403160971e-08,3.98315584844442e-08,0.12451054482793,22.9655951587383,1.85812250777705e-05,2.54616580387396e-07,3.63888677202045e-07,0.0288392595160317,0.840198118053553
cement_176_CH,2050,0.0302165136658723,2.74079190248832,193.744747475276,26.6152509633037,0.000587949566929021,0.00957767665405925,0.129365286787496,1.39563403160971e-08,3.98315584844442e-08,0.12451054482793,22.9655951587383,1.85812250777705e-05,2.54616580387396e-07,3.63888677202045e-07,0.0288392595160317,0.840198118053553
cement_176_CH,2044,0.0302165136658723,2.74079190248832,193.744747475276,26.6152509633037,0.000587949566929021,0.00957767665405925,0.129365286787496,1.39563403160971e-08,3.98315584844442e-08,0.12451054482793,22.9655951587383,1.85812250777705e-05,2.54616580387396e-07,3.63888677202045e-07,0.0288392595160317,0.840198118053553
cement_176_CH,2045,0.0302165136658723,2.74079190248832,193.744747475276,26.6152509633037,0.000587949566929021,0.00957767665405925,0.129365286787496,1.39563403160971e-08,3.98315584844442e-08,0.12451054482793,22.9655951587383,1.85812250777705e-05,2.54616580387396e-07,3.63888677202045e-07,0.0288392595160317,0.840198118053553
cement_176_CH,2046,0.0302165136658723,2.74079190248832,193.744747475276,26.6152509633037,0.000587949566929021,0.00957767665405925,0.129365286787496,1.39563403160971e-08,3.98315584844442e-08,0.12451054482793,22.9655951587383,1.85812250777705e-05,2.54616580387396e-07,3.63888677202045e-07,0.0288392595160317,0.840198118053553
cement_176_CH,2047,0.0302165136658723,2.74079190248832,193.744747475276,26.6152509633037,0.000587949566929021,0.00957767665405925,0.129365286787496,1.39563403160971e-08,3.98315584844442e-08,0.12451054482793,22.9655951587383,1.85812250777705e-05,2.54616580387396e-07,3.63888677202045e-07,0.0288392595160317,0.840198118053553
cement_176_CH,2048,0.0302165136658723,2.74079190248832,193.744747475276,26.6152509633037,0.000587949566929021,0.00957767665405925,0.129365286787496,1.39563403160971e-08,3.98315584844442e-08,0.12451054482793,22.9655951587383,1.85812250777705e-05,2.54616580387396e-07,3.63888677202045e-07,0.0288392595160317,0.840198118053553
cement_176_CH,2049,0.0302165136658723,2.74079190248832,193.744747475276,26.6152509633037,0.000587949566929021,0.00957767665405925,0.129365286787496,1.39563403160971e-08,3.98315584844442e-08,0.12451054482793,22.9655951587383,1.85812250777705e-05,2.54616580387396e-07,3.63888677202045e-07,0.0288392595160317,0.840198118053553
cement_176_CH,2051,0.0302165136658723,2.74079190248832,193.744747475276,26.6152509633037,0.000587949566929021,0.00957767665405925,0.129365286787496,1.39563403160971e-08,3.98315584844442e-08,0.12451054482793,22.9655951587383,1.85812250777705e-05,2.54616580387396e-07,3.63888677202045e-07,0.0288392595160317,0.840198118053553
cement_176_CH,2059,0.0302165136658723,2.74079190248832,193.744747475276,26.6152509633037,0.000587949566929021,0.00957767665405925,0.129365286787496,1.39563403160971e-08,3.98315584844442e-08,0.12451054482793,22.9655951587383,1.85812250777705e-05,2.54616580387396e-07,3.63888677202045e-07,0.0288392595160317,0.840198118053553
cement_176_CH,2053,0.0302165136658723,2.74079190248832,193.744747475276,26.6152509633037,0.000587949566929021,0.00957767665405925,0.129365286787496,1.39563403160971e-08,3.98315584844442e-08,0.12451054482793,22.9655951587383,1.85812250777705e-05,2.54616580387396e-07,3.63888677202045e-07,0.0288392595160317,0.840198118053553
cement_176_CH,2054,0.0302165136658723,2.74079190248832,193.744747475276,26.6152509633037,0.000587949566929021,0.00957767665405925,0.129365286787496,1.39563403160971e-08,3.98315584844442e-08,0.12451054482793,22.9655951587383,1.85812250777705e-05,2.54616580387396e-07,3.63888677202045e-07,0.0288392595160317,0.840198118053553
cement_176_CH,2055,0.0302165136658723,2.74079190248832,193.744747475276,26.6152509633037,0.000587949566929021,0.00957767665405925,0.129365286787496,1.39563403160971e-08,3.98315584844442e-08,0.12451054482793,22.9655951587383,1.85812250777705e-05,2.54616580387396e-07,3.63888677202045e-07,0.0288392595160317,0.840198118053553
cement_176_CH,2056,0.0302165136658723,2.74079190248832,193.744747475276,26.6152509633037,0.000587949566929021,0.00957767665405925,0.129365286787496,1.39563403160971e-08,3.98315584844442e-08,0.12451054482793,22.9655951587383,1.85812250777705e-05,2.54616580387396e-07,3.63888677202045e-07,0.0288392595160317,0.840198118053553
cement_176_CH,2057,0.0302165136658723,2.74079190248832,193.744747475276,26.6152509633037,0.000587949566929021,0.00957767665405925,0.129365286787496,1.39563403160971e-08,3.98315584844442e-08,0.12451054482793,22.9655951587383,1.85812250777705e-05,2.54616580387396e-07,3.63888677202045e-07,0.0288392595160317,0.840198118053553
cement_176_CH,2058,0.0302165136658723,2.74079190248832,193.744747475276,26.6152509633037,0.000587949566929021,0.00957767665405925,0.129365286787496,1.39563403160971e-08,3.98315584844442e-08,0.12451054482793,22.9655951587383,1.85812250777705e-05,2.54616580387396e-07,3.63888677202045e-07,0.0288392595160317,0.840198118053553
cement_176_CH,2043,0.0302165136658723,2.74079190248832,193.744747475276,26.6152509633037,0.000587949566929021,0.00957767665405925,0.129365286787496,1.39563403160971e-08,3.98315584844442e-08,0.12451054482793,22.9655951587383,1.85812250777705e-05,2.54616580387396e-07,3.63888677202045e-07,0.0288392595160317,0.840198118053553
cement_176_CH,2052,0.0302165136658723,2.74079190248832,193.744747475276,26.6152509633037,0.000587949566929021,0.00957767665405925,0.129365286787496,1.39563403160971e-08,3.98315584844442e-08,0.12451054482793,22.9655951587383,1.85812250777705e-05,2.54616580387396e-07,3.63888677202045e-07,0.0288392595160317,0.840198118053553
cement_176_CH,2060,0.0302165136658723,2.74079190248832,193.744747475276,26.6152509633037,0.000587949566929021,0.00957767665405925,0.129365286787496,1.39563403160971e-08,3.98315584844442e-08,0.12451054482793,22.9655951587383,1.85812250777705e-05,2.54616580387396e-07,3.63888677202045e-07,0.0288392595160317,0.840198118053553
cement_176_CH,2042,0.0302165136658723,2.74079190248832,193.744747475276,26.6152509633037,0.000587949566929021,0.00957767665405925,0.129365286787496,1.39563403160971e-08,3.98315584844442e-08,0.12451054482793,22.9655951587383,1.85812250777705e-05,2.54616580387396e-07,3.63888677202045e-07,0.0288392595160317,0.840198118053553
cement_176_CH,2040,0.0302165136658723,2.74079190248832,193.744747475276,26.6152509633037,0.000587949566929021,0.00957767665405925,0.129365286787496,1.39563403160971e-08,3.98315584844442e-08,0.12451054482793,22.9655951587383,1.85812250777705e-05,2.54616580387396e-07,3.63888677202045e-07,0.0288392595160317,0.840198118053553
cement_176_CH,2025,0.0302165136658723,2.74079190248832,193.744747475276,26.6152509633037,0.000587949566929021,0.00957767665405925,0.129365286787496,1.39563403160971e-08,3.98315584844442e-08,0.12451054482793,22.9655951587383,1.85812250777705e-05,2.54616580387396e-07,3.63888677202045e-07,0.0288392595160317,0.840198118053553
cement_176_CH,2026,0.0302165136658723,2.74079190248832,193.744747475276,26.6152509633037,0.000587949566929021,0.00957767665405925,0.129365286787496,1.39563403160971e-08,3.98315584844442e-08,0.12451054482793,22.9655951587383,1.85812250777705e-05,2.54616580387396e-07,3.63888677202045e-07,0.0288392595160317,0.840198118053553
cement_176_CH,2027,0.0302165136658723,2.74079190248832,193.744747475276,26.6152509633037,0.000587949566929021,0.00957767665405925,0.129365286787496,1.39563403160971e-08,3.98315584844442e-08,0.12451054482793,22.9655951587383,1.85812250777705e-05,2.54616580387396e-07,3.63888677202045e-07,0.0288392595160317,0.840198118053553
cement_176_CH,2028,0.0302165136658723,2.74079190248832,193.744747475276,26.6152509633037,0.000587949566929021,0.00957767665405925,0.129365286787496,1.39563403160971e-08,3.98315584844442e-08,0.12451054482793,22.9655951587383,1.85812250777705e-05,2.54616580387396e-07,3.63888677202045e-07,0.0288392595160317,0.840198118053553
cement_176_CH,2029,0.0302165136658723,2.74079190248832,193.744747475276,26.6152509633037,0.000587949566929021,0.00957767665405925,0.129365286787496,1.39563403160971e-08,3.98315584844442e-08,0.12451054482793,22.9655951587383,1.85812250777705e-05,2.54616580387396e-07,3.63888677202045e-07,0.0288392595160317,0.840198118053553
cement_176_CH,2030,0.0302165136658723,2.74079190248832,193.744747475276,26.6152509633037,0.000587949566929021,0.00957767665405925,0.129365286787496,1.39563403160971e-08,3.98315584844442e-08,0.12451054482793,22.9655951587383,1.85812250777705e-05,2.54616580387396e-07,3.63888677202045e-07,0.0288392595160317,0.840198118053553
cement_176_CH,2031,0.0302165136658723,2.74079190248832,193.744747475276,26.6152509633037,0.000587949566929021,0.00957767665405925,0.129365286787496,1.39563403160971e-08,3.98315584844442e-08,0.12451054482793,22.9655951587383,1.85812250777705e-05,2.54616580387396e-07,3.63888677202045e-07,0.0288392595160317,0.840198118053553
cement_176_CH,2041,0.0302165136658723,2.74079190248832,193.744747475276,26.6152509633037,0.000587949566929021,0.00957767665405925,0.129365286787496,1.39563403160971e-08,3.98315584844442e-08,0.12451054482793,22.9655951587383,1.85812250777705e-05,2.54616580387396e-07,3.63888677202045e-07,0.0288392595160317,0.840198118053553
cement_176_CH,2033,0.0302165136658723,2.74079190248832,193.744747475276,26.6152509633037,0.000587949566929021,0.00957767665405925,0.129365286787496,1.39563403160971e-08,3.98315584844442e-08,0.12451054482793,22.9655951587383,1.85812250777705e-05,2.54616580387396e-07,3.63888677202045e-07,0.0288392595160317,0.840198118053553
cement_176_CH,2034,0.0302165136658723,2.74079190248832,193.744747475276,26.6152509633037,0.000587949566929021,0.00957767665405925,0.129365286787496,1.39563403160971e-08,3.98315584844442e-08,0.12451054482793,22.9655951587383,1.85812250777705e-05,2.54616580387396e-07,3.63888677202045e-07,0.0288392595160317,0.840198118053553
cement_176_CH,2035,0.0302165136658723,2.74079190248832,193.744747475276,26.6152509633037,0.000587949566929021,0.00957767665405925,0.129365286787496,1.39563403160971e-08,3.98315584844442e-08,0.12451054482793,22.9655951587383,1.85812250777705e-05,2.54616580387396e-07,3.63888677202045e-07,0.0288392595160317,0.840198118053553
cement_176_CH,2036,0.0302165136658723,2.74079190248832,193.744747475276,26.6152509633037,0.000587949566929021,0.00957767665405925,0.129365286787496,1.39563403160971e-08,3.98315584844442e-08,0.12451054482793,22.9655951587383,1.85812250777705e-05,2.54616580387396e-07,3.63888677202045e-07,0.0288392595160317,0.840198118053553
cement_176_CH,2037,0.0302165136658723,2.74079190248832,193.744747475276,26.6152509633037,0.000587949566929021,0.00957767665405925,0.129365286787496,1.39563403160971e-08,3.98315584844442e-08,0.12451054482793,22.9655951587383,1.85812250777705e-05,2.54616580387396e-07,3.63888677202045e-07,0.0288392595160317,0.840198118053553
cement_176_CH,2038,0.0302165136658723,2.74079190248832,193.744747475276,26.6152509633037,0.000587949566929021,0.00957767665405925,0.129365286787496,1.39563403160971e-08,3.98315584844442e-08,0.12451054482793,22.9655951587383,1.85812250777705e-05,2.54616580387396e-07,3.63888677202045e-07,0.0288392595160317,0.840198118053553
cement_176_CH,2039,0.0302165136658723,2.74079190248832,193.744747475276,26.6152509633037,0.000587949566929021,0.00957767665405925,0.129365286787496,1.39563403160971e-08,3.98315584844442e-08,0.12451054482793,22.9655951587383,1.85812250777705e-05,2.54616580387396e-07,3.63888677202045e-07,0.0288392595160317,0.840198118053553
cement_176_CH,2032,0.0302165136658723,2.74079190248832,193.744747475276,26.6152509633037,0.000587949566929021,0.00957767665405925,0.129365286787496,1.39563403160971e-08,3.98315584844442e-08,0.12451054482793,22.9655951587383,1.85812250777705e-05,2.54616580387396e-07,3.63888677202045e-07,0.0288392595160317,0.840198118053553
cement_177_CH,2044,0.0302165136658723,2.74079190248832,193.744747475276,26.6152509633037,0.000587949566929021,0.00957767665405925,0.129365286787496,1.39563403160971e-08,3.98315584844442e-08,0.12451054482793,22.9655951587383,1.85812250777705e-05,2.54616580387396e-07,3.63888677202045e-07,0.0288392595160317,0.840198118053553
cement_177_CH,2045,0.0302165136658723,2.74079190248832,193.744747475276,26.6152509633037,0.000587949566929021,0.00957767665405925,0.129365286787496,1.39563403160971e-08,3.98315584844442e-08,0.12451054482793,22.9655951587383,1.85812250777705e-05,2.54616580387396e-07,3.63888677202045e-07,0.0288392595160317,0.840198118053553
cement_177_CH,2046,0.0302165136658723,2.74079190248832,193.744747475276,26.6152509633037,0.000587949566929021,0.00957767665405925,0.129365286787496,1.39563403160971e-08,3.98315584844442e-08,0.12451054482793,22.9655951587383,1.85812250777705e-05,2.54616580387396e-07,3.63888677202045e-07,0.0288392595160317,0.840198118053553
cement_177_CH,2047,0.0302165136658723,2.74079190248832,193.744747475276,26.6152509633037,0.000587949566929021,0.00957767665405925,0.129365286787496,1.39563403160971e-08,3.98315584844442e-08,0.12451054482793,22.9655951587383,1.85812250777705e-05,2.54616580387396e-07,3.63888677202045e-07,0.0288392595160317,0.840198118053553
cement_177_CH,2048,0.0302165136658723,2.74079190248832,193.744747475276,26.6152509633037,0.000587949566929021,0.00957767665405925,0.129365286787496,1.39563403160971e-08,3.98315584844442e-08,0.12451054482793,22.9655951587383,1.85812250777705e-05,2.54616580387396e-07,3.63888677202045e-07,0.0288392595160317,0.840198118053553
cement_177_CH,2049,0.0302165136658723,2.74079190248832,193.744747475276,26.6152509633037,0.000587949566929021,0.00957767665405925,0.129365286787496,1.39563403160971e-08,3.98315584844442e-08,0.12451054482793,22.9655951587383,1.85812250777705e-05,2.54616580387396e-07,3.63888677202045e-07,0.0288392595160317,0.840198118053553
cement_177_CH,2050,0.0302165136658723,2.74079190248832,193.744747475276,26.6152509633037,0.000587949566929021,0.00957767665405925,0.129365286787496,1.39563403160971e-08,3.98315584844442e-08,0.12451054482793,22.9655951587383,1.85812250777705e-05,2.54616580387396e-07,3.63888677202045e-07,0.0288392595160317,0.840198118053553
cement_177_CH,2051,0.0302165136658723,2.74079190248832,193.744747475276,26.6152509633037,0.000587949566929021,0.00957767665405925,0.129365286787496,1.39563403160971e-08,3.98315584844442e-08,0.12451054482793,22.9655951587383,1.85812250777705e-05,2.54616580387396e-07,3.63888677202045e-07,0.0288392595160317,0.840198118053553
cement_177_CH,2055,0.0302165136658723,2.74079190248832,193.744747475276,26.6152509633037,0.000587949566929021,0.00957767665405925,0.129365286787496,1.39563403160971e-08,3.98315584844442e-08,0.12451054482793,22.9655951587383,1.85812250777705e-05,2.54616580387396e-07,3.63888677202045e-07,0.0288392595160317,0.840198118053553
cement_177_CH,2053,0.0302165136658723,2.74079190248832,193.744747475276,26.6152509633037,0.000587949566929021,0.00957767665405925,0.129365286787496,1.39563403160971e-08,3.98315584844442e-08,0.12451054482793,22.9655951587383,1.85812250777705e-05,2.54616580387396e-07,3.63888677202045e-07,0.0288392595160317,0.840198118053553
cement_177_CH,2054,0.0302165136658723,2.74079190248832,193.744747475276,26.6152509633037,0.000587949566929021,0.00957767665405925,0.129365286787496,1.39563403160971e-08,3.98315584844442e-08,0.12451054482793,22.9655951587383,1.85812250777705e-05,2.54616580387396e-07,3.63888677202045e-07,0.0288392595160317,0.840198118053553
cement_177_CH,2056,0.0302165136658723,2.74079190248832,193.744747475276,26.6152509633037,0.000587949566929021,0.00957767665405925,0.129365286787496,1.39563403160971e-08,3.98315584844442e-08,0.12451054482793,22.9655951587383,1.85812250777705e-05,2.54616580387396e-07,3.63888677202045e-07,0.0288392595160317,0.840198118053553
cement_177_CH,2057,0.0302165136658723,2.74079190248832,193.744747475276,26.6152509633037,0.000587949566929021,0.00957767665405925,0.129365286787496,1.39563403160971e-08,3.98315584844442e-08,0.12451054482793,22.9655951587383,1.85812250777705e-05,2.54616580387396e-07,3.63888677202045e-07,0.0288392595160317,0.840198118053553
cement_177_CH,2058,0.0302165136658723,2.74079190248832,193.744747475276,26.6152509633037,0.000587949566929021,0.00957767665405925,0.129365286787496,1.39563403160971e-08,3.98315584844442e-08,0.12451054482793,22.9655951587383,1.85812250777705e-05,2.54616580387396e-07,3.63888677202045e-07,0.0288392595160317,0.840198118053553
cement_177_CH,2043,0.0302165136658723,2.74079190248832,193.744747475276,26.6152509633037,0.000587949566929021,0.00957767665405925,0.129365286787496,1.39563403160971e-08,3.98315584844442e-08,0.12451054482793,22.9655951587383,1.85812250777705e-05,2.54616580387396e-07,3.63888677202045e-07,0.0288392595160317,0.840198118053553
cement_177_CH,2060,0.0302165136658723,2.74079190248832,193.744747475276,26.6152509633037,0.000587949566929021,0.00957767665405925,0.129365286787496,1.39563403160971e-08,3.98315584844442e-08,0.12451054482793,22.9655951587383,1.85812250777705e-05,2.54616580387396e-07,3.63888677202045e-07,0.0288392595160317,0.840198118053553
cement_177_CH,2052,0.0302165136658723,2.74079190248832,193.744747475276,26.6152509633037,0.000587949566929021,0.00957767665405925,0.129365286787496,1.39563403160971e-08,3.98315584844442e-08,0.12451054482793,22.9655951587383,1.85812250777705e-05,2.54616580387396e-07,3.63888677202045e-07,0.0288392595160317,0.840198118053553
cement_177_CH,2059,0.0302165136658723,2.74079190248832,193.744747475276,26.6152509633037,0.000587949566929021,0.00957767665405925,0.129365286787496,1.39563403160971e-08,3.98315584844442e-08,0.12451054482793,22.9655951587383,1.85812250777705e-05,2.54616580387396e-07,3.63888677202045e-07,0.0288392595160317,0.840198118053553
cement_177_CH,2042,0.0302165136658723,2.74079190248832,193.744747475276,26.6152509633037,0.000587949566929021,0.00957767665405925,0.129365286787496,1.39563403160971e-08,3.98315584844442e-08,0.12451054482793,22.9655951587383,1.85812250777705e-05,2.54616580387396e-07,3.63888677202045e-07,0.0288392595160317,0.840198118053553
cement_177_CH,2040,0.0302165136658723,2.74079190248832,193.744747475276,26.6152509633037,0.000587949566929021,0.00957767665405925,0.129365286787496,1.39563403160971e-08,3.98315584844442e-08,0.12451054482793,22.9655951587383,1.85812250777705e-05,2.54616580387396e-07,3.63888677202045e-07,0.0288392595160317,0.840198118053553
cement_177_CH,2041,0.0302165136658723,2.74079190248832,193.744747475276,26.6152509633037,0.000587949566929021,0.00957767665405925,0.129365286787496,1.39563403160971e-08,3.98315584844442e-08,0.12451054482793,22.9655951587383,1.85812250777705e-05,2.54616580387396e-07,3.63888677202045e-07,0.0288392595160317,0.840198118053553
cement_177_CH,2025,0.0302165136658723,2.74079190248832,193.744747475276,26.6152509633037,0.000587949566929021,0.00957767665405925,0.129365286787496,1.39563403160971e-08,3.98315584844442e-08,0.12451054482793,22.9655951587383,1.85812250777705e-05,2.54616580387396e-07,3.63888677202045e-07,0.0288392595160317,0.840198118053553
cement_177_CH,2026,0.0302165136658723,2.74079190248832,193.744747475276,26.6152509633037,0.000587949566929021,0.00957767665405925,0.129365286787496,1.39563403160971e-08,3.98315584844442e-08,0.12451054482793,22.9655951587383,1.85812250777705e-05,2.54616580387396e-07,3.63888677202045e-07,0.0288392595160317,0.840198118053553
cement_177_CH,2027,0.0302165136658723,2.74079190248832,193.744747475276,26.6152509633037,0.000587949566929021,0.00957767665405925,0.129365286787496,1.39563403160971e-08,3.98315584844442e-08,0.12451054482793,22.9655951587383,1.85812250777705e-05,2.54616580387396e-07,3.63888677202045e-07,0.0288392595160317,0.840198118053553
cement_177_CH,2028,0.0302165136658723,2.74079190248832,193.744747475276,26.6152509633037,0.000587949566929021,0.00957767665405925,0.129365286787496,1.39563403160971e-08,3.98315584844442e-08,0.12451054482793,22.9655951587383,1.85812250777705e-05,2.54616580387396e-07,3.63888677202045e-07,0.0288392595160317,0.840198118053553
cement_177_CH,2030,0.0302165136658723,2.74079190248832,193.744747475276,26.6152509633037,0.000587949566929021,0.00957767665405925,0.129365286787496,1.39563403160971e-08,3.98315584844442e-08,0.12451054482793,22.9655951587383,1.85812250777705e-05,2.54616580387396e-07,3.63888677202045e-07,0.0288392595160317,0.840198118053553
cement_177_CH,2031,0.0302165136658723,2.74079190248832,193.744747475276,26.6152509633037,0.000587949566929021,0.00957767665405925,0.129365286787496,1.39563403160971e-08,3.98315584844442e-08,0.12451054482793,22.9655951587383,1.85812250777705e-05,2.54616580387396e-07,3.63888677202045e-07,0.0288392595160317,0.840198118053553
cement_177_CH,2029,0.0302165136658723,2.74079190248832,193.744747475276,26.6152509633037,0.000587949566929021,0.00957767665405925,0.129365286787496,1.39563403160971e-08,3.98315584844442e-08,0.12451054482793,22.9655951587383,1.85812250777705e-05,2.54616580387396e-07,3.63888677202045e-07,0.0288392595160317,0.840198118053553
cement_177_CH,2033,0.0302165136658723,2.74079190248832,193.744747475276,26.6152509633037,0.000587949566929021,0.00957767665405925,0.129365286787496,1.39563403160971e-08,3.98315584844442e-08,0.12451054482793,22.9655951587383,1.85812250777705e-05,2.54616580387396e-07,3.63888677202045e-07,0.0288392595160317,0.840198118053553
cement_177_CH,2034,0.0302165136658723,2.74079190248832,193.744747475276,26.6152509633037,0.000587949566929021,0.00957767665405925,0.129365286787496,1.39563403160971e-08,3.98315584844442e-08,0.12451054482793,22.9655951587383,1.85812250777705e-05,2.54616580387396e-07,3.63888677202045e-07,0.0288392595160317,0.840198118053553
cement_177_CH,2035,0.0302165136658723,2.74079190248832,193.744747475276,26.6152509633037,0.000587949566929021,0.00957767665405925,0.129365286787496,1.39563403160971e-08,3.98315584844442e-08,0.12451054482793,22.9655951587383,1.85812250777705e-05,2.54616580387396e-07,3.63888677202045e-07,0.0288392595160317,0.840198118053553
cement_177_CH,2036,0.0302165136658723,2.74079190248832,193.744747475276,26.6152509633037,0.000587949566929021,0.00957767665405925,0.129365286787496,1.39563403160971e-08,3.98315584844442e-08,0.12451054482793,22.9655951587383,1.85812250777705e-05,2.54616580387396e-07,3.63888677202045e-07,0.0288392595160317,0.840198118053553
cement_177_CH,2037,0.0302165136658723,2.74079190248832,193.744747475276,26.6152509633037,0.000587949566929021,0.00957767665405925,0.129365286787496,1.39563403160971e-08,3.98315584844442e-08,0.12451054482793,22.9655951587383,1.85812250777705e-05,2.54616580387396e-07,3.63888677202045e-07,0.0288392595160317,0.840198118053553
cement_177_CH,2038,0.0302165136658723,2.74079190248832,193.744747475276,26.6152509633037,0.000587949566929021,0.00957767665405925,0.129365286787496,1.39563403160971e-08,3.98315584844442e-08,0.12451054482793,22.9655951587383,1.85812250777705e-05,2.54616580387396e-07,3.63888677202045e-07,0.0288392595160317,0.840198118053553
cement_177_CH,2039,0.0302165136658723,2.74079190248832,193.744747475276,26.6152509633037,0.000587949566929021,0.00957767665405925,0.129365286787496,1.39563403160971e-08,3.98315584844442e-08,0.12451054482793,22.9655951587383,1.85812250777705e-05,2.54616580387396e-07,3.63888677202045e-07,0.0288392595160317,0.840198118053553
cement_177_CH,2032,0.0302165136658723,2.74079190248832,193.744747475276,26.6152509633037,0.000587949566929021,0.00957767665405925,0.129365286787496,1.39563403160971e-08,3.98315584844442e-08,0.12451054482793,22.9655951587383,1.85812250777705e-05,2.54616580387396e-07,3.63888677202045e-07,0.0288392595160317,0.840198118053553
cement_179_CH,2050,0.0302165136658723,2.74079190248832,193.744747475276,26.6152509633037,0.000587949566929021,0.00957767665405925,0.129365286787496,1.39563403160971e-08,3.98315584844442e-08,0.12451054482793,22.9655951587383,1.85812250777705e-05,2.54616580387396e-07,3.63888677202045e-07,0.0288392595160317,0.840198118053553
cement_179_CH,2045,0.0302165136658723,2.74079190248832,193.744747475276,26.6152509633037,0.000587949566929021,0.00957767665405925,0.129365286787496,1.39563403160971e-08,3.98315584844442e-08,0.12451054482793,22.9655951587383,1.85812250777705e-05,2.54616580387396e-07,3.63888677202045e-07,0.0288392595160317,0.840198118053553
cement_179_CH,2046,0.0302165136658723,2.74079190248832,193.744747475276,26.6152509633037,0.000587949566929021,0.00957767665405925,0.129365286787496,1.39563403160971e-08,3.98315584844442e-08,0.12451054482793,22.9655951587383,1.85812250777705e-05,2.54616580387396e-07,3.63888677202045e-07,0.0288392595160317,0.840198118053553
cement_179_CH,2047,0.0302165136658723,2.74079190248832,193.744747475276,26.6152509633037,0.000587949566929021,0.00957767665405925,0.129365286787496,1.39563403160971e-08,3.98315584844442e-08,0.12451054482793,22.9655951587383,1.85812250777705e-05,2.54616580387396e-07,3.63888677202045e-07,0.0288392595160317,0.840198118053553
cement_179_CH,2048,0.0302165136658723,2.74079190248832,193.744747475276,26.6152509633037,0.000587949566929021,0.00957767665405925,0.129365286787496,1.39563403160971e-08,3.98315584844442e-08,0.12451054482793,22.9655951587383,1.85812250777705e-05,2.54616580387396e-07,3.63888677202045e-07,0.0288392595160317,0.840198118053553
cement_179_CH,2049,0.0302165136658723,2.74079190248832,193.744747475276,26.6152509633037,0.000587949566929021,0.00957767665405925,0.129365286787496,1.39563403160971e-08,3.98315584844442e-08,0.12451054482793,22.9655951587383,1.85812250777705e-05,2.54616580387396e-07,3.63888677202045e-07,0.0288392595160317,0.840198118053553
cement_179_CH,2052,0.0302165136658723,2.74079190248832,193.744747475276,26.6152509633037,0.000587949566929021,0.00957767665405925,0.129365286787496,1.39563403160971e-08,3.98315584844442e-08,0.12451054482793,22.9655951587383,1.85812250777705e-05,2.54616580387396e-07,3.63888677202045e-07,0.0288392595160317,0.840198118053553
cement_179_CH,2044,0.0302165136658723,2.74079190248832,193.744747475276,26.6152509633037,0.000587949566929021,0.00957767665405925,0.129365286787496,1.39563403160971e-08,3.98315584844442e-08,0.12451054482793,22.9655951587383,1.85812250777705e-05,2.54616580387396e-07,3.63888677202045e-07,0.0288392595160317,0.840198118053553
cement_179_CH,2054,0.0302165136658723,2.74079190248832,193.744747475276,26.6152509633037,0.000587949566929021,0.00957767665405925,0.129365286787496,1.39563403160971e-08,3.98315584844442e-08,0.12451054482793,22.9655951587383,1.85812250777705e-05,2.54616580387396e-07,3.63888677202045e-07,0.0288392595160317,0.840198118053553
cement_179_CH,2055,0.0302165136658723,2.74079190248832,193.744747475276,26.6152509633037,0.000587949566929021,0.00957767665405925,0.129365286787496,1.39563403160971e-08,3.98315584844442e-08,0.12451054482793,22.9655951587383,1.85812250777705e-05,2.54616580387396e-07,3.63888677202045e-07,0.0288392595160317,0.840198118053553
cement_179_CH,2056,0.0302165136658723,2.74079190248832,193.744747475276,26.6152509633037,0.000587949566929021,0.00957767665405925,0.129365286787496,1.39563403160971e-08,3.98315584844442e-08,0.12451054482793,22.9655951587383,1.85812250777705e-05,2.54616580387396e-07,3.63888677202045e-07,0.0288392595160317,0.840198118053553
cement_179_CH,2057,0.0302165136658723,2.74079190248832,193.744747475276,26.6152509633037,0.000587949566929021,0.00957767665405925,0.129365286787496,1.39563403160971e-08,3.98315584844442e-08,0.12451054482793,22.9655951587383,1.85812250777705e-05,2.54616580387396e-07,3.63888677202045e-07,0.0288392595160317,0.840198118053553
cement_179_CH,2058,0.0302165136658723,2.74079190248832,193.744747475276,26.6152509633037,0.000587949566929021,0.00957767665405925,0.129365286787496,1.39563403160971e-08,3.98315584844442e-08,0.12451054482793,22.9655951587383,1.85812250777705e-05,2.54616580387396e-07,3.63888677202045e-07,0.0288392595160317,0.840198118053553
cement_179_CH,2059,0.0302165136658723,2.74079190248832,193.744747475276,26.6152509633037,0.000587949566929021,0.00957767665405925,0.129365286787496,1.39563403160971e-08,3.98315584844442e-08,0.12451054482793,22.9655951587383,1.85812250777705e-05,2.54616580387396e-07,3.63888677202045e-07,0.0288392595160317,0.840198118053553
cement_179_CH,2060,0.0302165136658723,2.74079190248832,193.744747475276,26.6152509633037,0.000587949566929021,0.00957767665405925,0.129365286787496,1.39563403160971e-08,3.98315584844442e-08,0.12451054482793,22.9655951587383,1.85812250777705e-05,2.54616580387396e-07,3.63888677202045e-07,0.0288392595160317,0.840198118053553
cement_179_CH,2053,0.0302165136658723,2.74079190248832,193.744747475276,26.6152509633037,0.000587949566929021,0.00957767665405925,0.129365286787496,1.39563403160971e-08,3.98315584844442e-08,0.12451054482793,22.9655951587383,1.85812250777705e-05,2.54616580387396e-07,3.63888677202045e-07,0.0288392595160317,0.840198118053553
cement_179_CH,2043,0.0302165136658723,2.74079190248832,193.744747475276,26.6152509633037,0.000587949566929021,0.00957767665405925,0.129365286787496,1.39563403160971e-08,3.98315584844442e-08,0.12451054482793,22.9655951587383,1.85812250777705e-05,2.54616580387396e-07,3.63888677202045e-07,0.0288392595160317,0.840198118053553
cement_179_CH,2051,0.0302165136658723,2.74079190248832,193.744747475276,26.6152509633037,0.000587949566929021,0.00957767665405925,0.129365286787496,1.39563403160971e-08,3.98315584844442e-08,0.12451054482793,22.9655951587383,1.85812250777705e-05,2.54616580387396e-07,3.63888677202045e-07,0.0288392595160317,0.840198118053553
cement_179_CH,2041,0.0302165136658723,2.74079190248832,193.744747475276,26.6152509633037,0.000587949566929021,0.00957767665405925,0.129365286787496,1.39563403160971e-08,3.98315584844442e-08,0.12451054482793,22.9655951587383,1.85812250777705e-05,2.54616580387396e-07,3.63888677202045e-07,0.0288392595160317,0.840198118053553
cement_179_CH,2025,0.0302165136658723,2.74079190248832,193.744747475276,26.6152509633037,0.000587949566929021,0.00957767665405925,0.129365286787496,1.39563403160971e-08,3.98315584844442e-08,0.12451054482793,22.9655951587383,1.85812250777705e-05,2.54616580387396e-07,3.63888677202045e-07,0.0288392595160317,0.840198118053553
cement_179_CH,2026,0.0302165136658723,2.74079190248832,193.744747475276,26.6152509633037,0.000587949566929021,0.00957767665405925,0.129365286787496,1.39563403160971e-08,3.98315584844442e-08,0.12451054482793,22.9655951587383,1.85812250777705e-05,2.54616580387396e-07,3.63888677202045e-07,0.0288392595160317,0.840198118053553
cement_179_CH,2027,0.0302165136658723,2.74079190248832,193.744747475276,26.6152509633037,0.000587949566929021,0.00957767665405925,0.129365286787496,1.39563403160971e-08,3.98315584844442e-08,0.12451054482793,22.9655951587383,1.85812250777705e-05,2.54616580387396e-07,3.63888677202045e-07,0.0288392595160317,0.840198118053553
cement_179_CH,2028,0.0302165136658723,2.74079190248832,193.744747475276,26.6152509633037,0.000587949566929021,0.00957767665405925,0.129365286787496,1.39563403160971e-08,3.98315584844442e-08,0.12451054482793,22.9655951587383,1.85812250777705e-05,2.54616580387396e-07,3.63888677202045e-07,0.0288392595160317,0.840198118053553
cement_179_CH,2029,0.0302165136658723,2.74079190248832,193.744747475276,26.6152509633037,0.000587949566929021,0.00957767665405925,0.129365286787496,1.39563403160971e-08,3.98315584844442e-08,0.12451054482793,22.9655951587383,1.85812250777705e-05,2.54616580387396e-07,3.63888677202045e-07,0.0288392595160317,0.840198118053553
cement_179_CH,2030,0.0302165136658723,2.74079190248832,193.744747475276,26.6152509633037,0.000587949566929021,0.00957767665405925,0.129365286787496,1.39563403160971e-08,3.98315584844442e-08,0.12451054482793,22.9655951587383,1.85812250777705e-05,2.54616580387396e-07,3.63888677202045e-07,0.0288392595160317,0.840198118053553
cement_179_CH,2031,0.0302165136658723,2.74079190248832,193.744747475276,26.6152509633037,0.000587949566929021,0.00957767665405925,0.129365286787496,1.39563403160971e-08,3.98315584844442e-08,0.12451054482793,22.9655951587383,1.85812250777705e-05,2.54616580387396e-07,3.63888677202045e-07,0.0288392595160317,0.840198118053553
cement_179_CH,2032,0.0302165136658723,2.74079190248832,193.744747475276,26.6152509633037,0.000587949566929021,0.00957767665405925,0.129365286787496,1.39563403160971e-08,3.98315584844442e-08,0.12451054482793,22.9655951587383,1.85812250777705e-05,2.54616580387396e-07,3.63888677202045e-07,0.0288392595160317,0.840198118053553
cement_179_CH,2042,0.0302165136658723,2.74079190248832,193.744747475276,26.6152509633037,0.000587949566929021,0.00957767665405925,0.129365286787496,1.39563403160971e-08,3.98315584844442e-08,0.12451054482793,22.9655951587383,1.85812250777705e-05,2.54616580387396e-07,3.63888677202045e-07,0.0288392595160317,0.840198118053553
cement_179_CH,2034,0.0302165136658723,2.74079190248832,193.744747475276,26.6152509633037,0.000587949566929021,0.00957767665405925,0.129365286787496,1.39563403160971e-08,3.98315584844442e-08,0.12451054482793,22.9655951587383,1.85812250777705e-05,2.54616580387396e-07,3.63888677202045e-07,0.0288392595160317,0.840198118053553
cement_179_CH,2035,0.0302165136658723,2.74079190248832,193.744747475276,26.6152509633037,0.000587949566929021,0.00957767665405925,0.129365286787496,1.39563403160971e-08,3.98315584844442e-08,0.12451054482793,22.9655951587383,1.85812250777705e-05,2.54616580387396e-07,3.63888677202045e-07,0.0288392595160317,0.840198118053553
cement_179_CH,2036,0.0302165136658723,2.74079190248832,193.744747475276,26.6152509633037,0.000587949566929021,0.00957767665405925,0.129365286787496,1.39563403160971e-08,3.98315584844442e-08,0.12451054482793,22.9655951587383,1.85812250777705e-05,2.54616580387396e-07,3.63888677202045e-07,0.0288392595160317,0.840198118053553
cement_179_CH,2037,0.0302165136658723,2.74079190248832,193.744747475276,26.6152509633037,0.000587949566929021,0.00957767665405925,0.129365286787496,1.39563403160971e-08,3.98315584844442e-08,0.12451054482793,22.9655951587383,1.85812250777705e-05,2.54616580387396e-07,3.63888677202045e-07,0.0288392595160317,0.840198118053553
cement_179_CH,2038,0.0302165136658723,2.74079190248832,193.744747475276,26.6152509633037,0.000587949566929021,0.00957767665405925,0.129365286787496,1.39563403160971e-08,3.98315584844442e-08,0.12451054482793,22.9655951587383,1.85812250777705e-05,2.54616580387396e-07,3.63888677202045e-07,0.0288392595160317,0.840198118053553
cement_179_CH,2039,0.0302165136658723,2.74079190248832,193.744747475276,26.6152509633037,0.000587949566929021,0.00957767665405925,0.129365286787496,1.39563403160971e-08,3.98315584844442e-08,0.12451054482793,22.9655951587383,1.85812250777705e-05,2.54616580387396e-07,3.63888677202045e-07,0.0288392595160317,0.840198118053553
cement_179_CH,2040,0.0302165136658723,2.74079190248832,193.744747475276,26.6152509633037,0.000587949566929021,0.00957767665405925,0.129365286787496,1.39563403160971e-08,3.98315584844442e-08,0.12451054482793,22.9655951587383,1.85812250777705e-05,2.54616580387396e-07,3.63888677202045e-07,0.0288392595160317,0.840198118053553
cement_179_CH,2033,0.0302165136658723,2.74079190248832,193.744747475276,26.6152509633037,0.000587949566929021,0.00957767665405925,0.129365286787496,1.39563403160971e-08,3.98315584844442e-08,0.12451054482793,22.9655951587383,1.85812250777705e-05,2.54616580387396e-07,3.63888677202045e-07,0.0288392595160317,0.840198118053553
chemical_11_CH,2047,0.0302165136658723,2.74079190248832,193.744747475276,26.6152509633037,0.000587949566929021,0.00957767665405925,0.129365286787496,1.39563403160971e-08,3.98315584844442e-08,0.12451054482793,22.9655951587383,1.85812250777705e-05,2.54616580387396e-07,3.63888677202045e-07,0.0288392595160317,0.840198118053553
chemical_11_CH,2045,0.0302165136658723,2.74079190248832,193.744747475276,26.6152509633037,0.000587949566929021,0.00957767665405925,0.129365286787496,1.39563403160971e-08,3.98315584844442e-08,0.12451054482793,22.9655951587383,1.85812250777705e-05,2.54616580387396e-07,3.63888677202045e-07,0.0288392595160317,0.840198118053553
chemical_11_CH,2046,0.0302165136658723,2.74079190248832,193.744747475276,26.6152509633037,0.000587949566929021,0.00957767665405925,0.129365286787496,1.39563403160971e-08,3.98315584844442e-08,0.12451054482793,22.9655951587383,1.85812250777705e-05,2.54616580387396e-07,3.63888677202045e-07,0.0288392595160317,0.840198118053553
chemical_11_CH,2048,0.0302165136658723,2.74079190248832,193.744747475276,26.6152509633037,0.000587949566929021,0.00957767665405925,0.129365286787496,1.39563403160971e-08,3.98315584844442e-08,0.12451054482793,22.9655951587383,1.85812250777705e-05,2.54616580387396e-07,3.63888677202045e-07,0.0288392595160317,0.840198118053553
chemical_11_CH,2049,0.0302165136658723,2.74079190248832,193.744747475276,26.6152509633037,0.000587949566929021,0.00957767665405925,0.129365286787496,1.39563403160971e-08,3.98315584844442e-08,0.12451054482793,22.9655951587383,1.85812250777705e-05,2.54616580387396e-07,3.63888677202045e-07,0.0288392595160317,0.840198118053553
chemical_11_CH,2050,0.0302165136658723,2.74079190248832,193.744747475276,26.6152509633037,0.000587949566929021,0.00957767665405925,0.129365286787496,1.39563403160971e-08,3.98315584844442e-08,0.12451054482793,22.9655951587383,1.85812250777705e-05,2.54616580387396e-07,3.63888677202045e-07,0.0288392595160317,0.840198118053553
chemical_11_CH,2051,0.0302165136658723,2.74079190248832,193.744747475276,26.6152509633037,0.000587949566929021,0.00957767665405925,0.129365286787496,1.39563403160971e-08,3.98315584844442e-08,0.12451054482793,22.9655951587383,1.85812250777705e-05,2.54616580387396e-07,3.63888677202045e-07,0.0288392595160317,0.840198118053553
chemical_11_CH,2052,0.0302165136658723,2.74079190248832,193.744747475276,26.6152509633037,0.000587949566929021,0.00957767665405925,0.129365286787496,1.39563403160971e-08,3.98315584844442e-08,0.12451054482793,22.9655951587383,1.85812250777705e-05,2.54616580387396e-07,3.63888677202045e-07,0.0288392595160317,0.840198118053553
chemical_11_CH,2057,0.0302165136658723,2.74079190248832,193.744747475276,26.6152509633037,0.000587949566929021,0.00957767665405925,0.129365286787496,1.39563403160971e-08,3.98315584844442e-08,0.12451054482793,22.9655951587383,1.85812250777705e-05,2.54616580387396e-07,3.63888677202045e-07,0.0288392595160317,0.840198118053553
chemical_11_CH,2054,0.0302165136658723,2.74079190248832,193.744747475276,26.6152509633037,0.000587949566929021,0.00957767665405925,0.129365286787496,1.39563403160971e-08,3.98315584844442e-08,0.12451054482793,22.9655951587383,1.85812250777705e-05,2.54616580387396e-07,3.63888677202045e-07,0.0288392595160317,0.840198118053553
chemical_11_CH,2055,0.0302165136658723,2.74079190248832,193.744747475276,26.6152509633037,0.000587949566929021,0.00957767665405925,0.129365286787496,1.39563403160971e-08,3.98315584844442e-08,0.12451054482793,22.9655951587383,1.85812250777705e-05,2.54616580387396e-07,3.63888677202045e-07,0.0288392595160317,0.840198118053553
chemical_11_CH,2056,0.0302165136658723,2.74079190248832,193.744747475276,26.6152509633037,0.000587949566929021,0.00957767665405925,0.129365286787496,1.39563403160971e-08,3.98315584844442e-08,0.12451054482793,22.9655951587383,1.85812250777705e-05,2.54616580387396e-07,3.63888677202045e-07,0.0288392595160317,0.840198118053553
chemical_11_CH,2044,0.0302165136658723,2.74079190248832,193.744747475276,26.6152509633037,0.000587949566929021,0.00957767665405925,0.129365286787496,1.39563403160971e-08,3.98315584844442e-08,0.12451054482793,22.9655951587383,1.85812250777705e-05,2.54616580387396e-07,3.63888677202045e-07,0.0288392595160317,0.840198118053553
chemical_11_CH,2058,0.0302165136658723,2.74079190248832,193.744747475276,26.6152509633037,0.000587949566929021,0.00957767665405925,0.129365286787496,1.39563403160971e-08,3.98315584844442e-08,0.12451054482793,22.9655951587383,1.85812250777705e-05,2.54616580387396e-07,3.63888677202045e-07,0.0288392595160317,0.840198118053553
chemical_11_CH,2059,0.0302165136658723,2.74079190248832,193.744747475276,26.6152509633037,0.000587949566929021,0.00957767665405925,0.129365286787496,1.39563403160971e-08,3.98315584844442e-08,0.12451054482793,22.9655951587383,1.85812250777705e-05,2.54616580387396e-07,3.63888677202045e-07,0.0288392595160317,0.840198118053553
chemical_11_CH,2060,0.0302165136658723,2.74079190248832,193.744747475276,26.6152509633037,0.000587949566929021,0.00957767665405925,0.129365286787496,1.39563403160971e-08,3.98315584844442e-08,0.12451054482793,22.9655951587383,1.85812250777705e-05,2.54616580387396e-07,3.63888677202045e-07,0.0288392595160317,0.840198118053553
chemical_11_CH,2053,0.0302165136658723,2.74079190248832,193.744747475276,26.6152509633037,0.000587949566929021,0.00957767665405925,0.129365286787496,1.39563403160971e-08,3.98315584844442e-08,0.12451054482793,22.9655951587383,1.85812250777705e-05,2.54616580387396e-07,3.63888677202045e-07,0.0288392595160317,0.840198118053553
chemical_11_CH,2043,0.0302165136658723,2.74079190248832,193.744747475276,26.6152509633037,0.000587949566929021,0.00957767665405925,0.129365286787496,1.39563403160971e-08,3.98315584844442e-08,0.12451054482793,22.9655951587383,1.85812250777705e-05,2.54616580387396e-07,3.63888677202045e-07,0.0288392595160317,0.840198118053553
chemical_11_CH,2042,0.0302165136658723,2.74079190248832,193.744747475276,26.6152509633037,0.000587949566929021,0.00957767665405925,0.129365286787496,1.39563403160971e-08,3.98315584844442e-08,0.12451054482793,22.9655951587383,1.85812250777705e-05,2.54616580387396e-07,3.63888677202045e-07,0.0288392595160317,0.840198118053553
chemical_11_CH,2041,0.0302165136658723,2.74079190248832,193.744747475276,26.6152509633037,0.000587949566929021,0.00957767665405925,0.129365286787496,1.39563403160971e-08,3.98315584844442e-08,0.12451054482793,22.9655951587383,1.85812250777705e-05,2.54616580387396e-07,3.63888677202045e-07,0.0288392595160317,0.840198118053553
chemical_11_CH,2025,0.0302165136658723,2.74079190248832,193.744747475276,26.6152509633037,0.000587949566929021,0.00957767665405925,0.129365286787496,1.39563403160971e-08,3.98315584844442e-08,0.12451054482793,22.9655951587383,1.85812250777705e-05,2.54616580387396e-07,3.63888677202045e-07,0.0288392595160317,0.840198118053553
chemical_11_CH,2026,0.0302165136658723,2.74079190248832,193.744747475276,26.6152509633037,0.000587949566929021,0.00957767665405925,0.129365286787496,1.39563403160971e-08,3.98315584844442e-08,0.12451054482793,22.9655951587383,1.85812250777705e-05,2.54616580387396e-07,3.63888677202045e-07,0.0288392595160317,0.840198118053553
chemical_11_CH,2027,0.0302165136658723,2.74079190248832,193.744747475276,26.6152509633037,0.000587949566929021,0.00957767665405925,0.129365286787496,1.39563403160971e-08,3.98315584844442e-08,0.12451054482793,22.9655951587383,1.85812250777705e-05,2.54616580387396e-07,3.63888677202045e-07,0.0288392595160317,0.840198118053553
chemical_11_CH,2028,0.0302165136658723,2.74079190248832,193.744747475276,26.6152509633037,0.000587949566929021,0.00957767665405925,0.129365286787496,1.39563403160971e-08,3.98315584844442e-08,0.12451054482793,22.9655951587383,1.85812250777705e-05,2.54616580387396e-07,3.63888677202045e-07,0.0288392595160317,0.840198118053553
chemical_11_CH,2029,0.0302165136658723,2.74079190248832,193.744747475276,26.6152509633037,0.000587949566929021,0.00957767665405925,0.129365286787496,1.39563403160971e-08,3.98315584844442e-08,0.12451054482793,22.9655951587383,1.85812250777705e-05,2.54616580387396e-07,3.63888677202045e-07,0.0288392595160317,0.840198118053553
chemical_11_CH,2030,0.0302165136658723,2.74079190248832,193.744747475276,26.6152509633037,0.000587949566929021,0.00957767665405925,0.129365286787496,1.39563403160971e-08,3.98315584844442e-08,0.12451054482793,22.9655951587383,1.85812250777705e-05,2.54616580387396e-07,3.63888677202045e-07,0.0288392595160317,0.840198118053553
chemical_11_CH,2032,0.0302165136658723,2.74079190248832,193.744747475276,26.6152509633037,0.000587949566929021,0.00957767665405925,0.129365286787496,1.39563403160971e-08,3.98315584844442e-08,0.12451054482793,22.9655951587383,1.85812250777705e-05,2.54616580387396e-07,3.63888677202045e-07,0.0288392595160317,0.840198118053553
chemical_11_CH,2033,0.0302165136658723,2.74079190248832,193.744747475276,26.6152509633037,0.000587949566929021,0.00957767665405925,0.129365286787496,1.39563403160971e-08,3.98315584844442e-08,0.12451054482793,22.9655951587383,1.85812250777705e-05,2.54616580387396e-07,3.63888677202045e-07,0.0288392595160317,0.840198118053553
chemical_11_CH,2031,0.0302165136658723,2.74079190248832,193.744747475276,26.6152509633037,0.000587949566929021,0.00957767665405925,0.129365286787496,1.39563403160971e-08,3.98315584844442e-08,0.12451054482793,22.9655951587383,1.85812250777705e-05,2.54616580387396e-07,3.63888677202045e-07,0.0288392595160317,0.840198118053553
chemical_11_CH,2035,0.0302165136658723,2.74079190248832,193.744747475276,26.6152509633037,0.000587949566929021,0.00957767665405925,0.129365286787496,1.39563403160971e-08,3.98315584844442e-08,0.12451054482793,22.9655951587383,1.85812250777705e-05,2.54616580387396e-07,3.63888677202045e-07,0.0288392595160317,0.840198118053553
chemical_11_CH,2036,0.0302165136658723,2.74079190248832,193.744747475276,26.6152509633037,0.000587949566929021,0.00957767665405925,0.129365286787496,1.39563403160971e-08,3.98315584844442e-08,0.12451054482793,22.9655951587383,1.85812250777705e-05,2.54616580387396e-07,3.63888677202045e-07,0.0288392595160317,0.840198118053553
chemical_11_CH,2037,0.0302165136658723,2.74079190248832,193.744747475276,26.6152509633037,0.000587949566929021,0.00957767665405925,0.129365286787496,1.39563403160971e-08,3.98315584844442e-08,0.12451054482793,22.9655951587383,1.85812250777705e-05,2.54616580387396e-07,3.63888677202045e-07,0.0288392595160317,0.840198118053553
chemical_11_CH,2038,0.0302165136658723,2.74079190248832,193.744747475276,26.6152509633037,0.000587949566929021,0.00957767665405925,0.129365286787496,1.39563403160971e-08,3.98315584844442e-08,0.12451054482793,22.9655951587383,1.85812250777705e-05,2.54616580387396e-07,3.63888677202045e-07,0.0288392595160317,0.840198118053553
chemical_11_CH,2039,0.0302165136658723,2.74079190248832,193.744747475276,26.6152509633037,0.000587949566929021,0.00957767665405925,0.129365286787496,1.39563403160971e-08,3.98315584844442e-08,0.12451054482793,22.9655951587383,1.85812250777705e-05,2.54616580387396e-07,3.63888677202045e-07,0.0288392595160317,0.840198118053553
chemical_11_CH,2040,0.0302165136658723,2.74079190248832,193.744747475276,26.6152509633037,0.000587949566929021,0.00957767665405925,0.129365286787496,1.39563403160971e-08,3.98315584844442e-08,0.12451054482793,22.9655951587383,1.85812250777705e-05,2.54616580387396e-07,3.63888677202045e-07,0.0288392595160317,0.840198118053553
chemical_11_CH,2034,0.0302165136658723,2.74079190248832,193.744747475276,26.6152509633037,0.000587949566929021,0.00957767665405925,0.129365286787496,1.39563403160971e-08,3.98315584844442e-08,0.12451054482793,22.9655951587383,1.85812250777705e-05,2.54616580387396e-07,3.63888677202045e-07,0.0288392595160317,0.840198118053553
chemical_16_CH,2051,0.0302165136658723,2.74079190248832,193.744747475276,26.6152509633037,0.000587949566929021,0.00957767665405925,0.129365286787496,1.39563403160971e-08,3.98315584844442e-08,0.12451054482793,22.9655951587383,1.85812250777705e-05,2.54616580387396e-07,3.63888677202045e-07,0.0288392595160317,0.840198118053553
chemical_16_CH,2045,0.0302165136658723,2.74079190248832,193.744747475276,26.6152509633037,0.000587949566929021,0.00957767665405925,0.129365286787496,1.39563403160971e-08,3.98315584844442e-08,0.12451054482793,22.9655951587383,1.85812250777705e-05,2.54616580387396e-07,3.63888677202045e-07,0.0288392595160317,0.840198118053553
chemical_16_CH,2046,0.0302165136658723,2.74079190248832,193.744747475276,26.6152509633037,0.000587949566929021,0.00957767665405925,0.129365286787496,1.39563403160971e-08,3.98315584844442e-08,0.12451054482793,22.9655951587383,1.85812250777705e-05,2.54616580387396e-07,3.63888677202045e-07,0.0288392595160317,0.840198118053553
chemical_16_CH,2048,0.0302165136658723,2.74079190248832,193.744747475276,26.6152509633037,0.000587949566929021,0.00957767665405925,0.129365286787496,1.39563403160971e-08,3.98315584844442e-08,0.12451054482793,22.9655951587383,1.85812250777705e-05,2.54616580387396e-07,3.63888677202045e-07,0.0288392595160317,0.840198118053553
chemical_16_CH,2049,0.0302165136658723,2.74079190248832,193.744747475276,26.6152509633037,0.000587949566929021,0.00957767665405925,0.129365286787496,1.39563403160971e-08,3.98315584844442e-08,0.12451054482793,22.9655951587383,1.85812250777705e-05,2.54616580387396e-07,3.63888677202045e-07,0.0288392595160317,0.840198118053553
chemical_16_CH,2050,0.0302165136658723,2.74079190248832,193.744747475276,26.6152509633037,0.000587949566929021,0.00957767665405925,0.129365286787496,1.39563403160971e-08,3.98315584844442e-08,0.12451054482793,22.9655951587383,1.85812250777705e-05,2.54616580387396e-07,3.63888677202045e-07,0.0288392595160317,0.840198118053553
chemical_16_CH,2052,0.0302165136658723,2.74079190248832,193.744747475276,26.6152509633037,0.000587949566929021,0.00957767665405925,0.129365286787496,1.39563403160971e-08,3.98315584844442e-08,0.12451054482793,22.9655951587383,1.85812250777705e-05,2.54616580387396e-07,3.63888677202045e-07,0.0288392595160317,0.840198118053553
chemical_16_CH,2047,0.0302165136658723,2.74079190248832,193.744747475276,26.6152509633037,0.000587949566929021,0.00957767665405925,0.129365286787496,1.39563403160971e-08,3.98315584844442e-08,0.12451054482793,22.9655951587383,1.85812250777705e-05,2.54616580387396e-07,3.63888677202045e-07,0.0288392595160317,0.840198118053553
chemical_16_CH,2054,0.0302165136658723,2.74079190248832,193.744747475276,26.6152509633037,0.000587949566929021,0.00957767665405925,0.129365286787496,1.39563403160971e-08,3.98315584844442e-08,0.12451054482793,22.9655951587383,1.85812250777705e-05,2.54616580387396e-07,3.63888677202045e-07,0.0288392595160317,0.840198118053553
chemical_16_CH,2055,0.0302165136658723,2.74079190248832,193.744747475276,26.6152509633037,0.000587949566929021,0.00957767665405925,0.129365286787496,1.39563403160971e-08,3.98315584844442e-08,0.12451054482793,22.9655951587383,1.85812250777705e-05,2.54616580387396e-07,3.63888677202045e-07,0.0288392595160317,0.840198118053553
chemical_16_CH,2056,0.0302165136658723,2.74079190248832,193.744747475276,26.6152509633037,0.000587949566929021,0.00957767665405925,0.129365286787496,1.39563403160971e-08,3.98315584844442e-08,0.12451054482793,22.9655951587383,1.85812250777705e-05,2.54616580387396e-07,3.63888677202045e-07,0.0288392595160317,0.840198118053553
chemical_16_CH,2057,0.0302165136658723,2.74079190248832,193.744747475276,26.6152509633037,0.000587949566929021,0.00957767665405925,0.129365286787496,1.39563403160971e-08,3.98315584844442e-08,0.12451054482793,22.9655951587383,1.85812250777705e-05,2.54616580387396e-07,3.63888677202045e-07,0.0288392595160317,0.840198118053553
chemical_16_CH,2058,0.0302165136658723,2.74079190248832,193.744747475276,26.6152509633037,0.000587949566929021,0.00957767665405925,0.129365286787496,1.39563403160971e-08,3.98315584844442e-08,0.12451054482793,22.9655951587383,1.85812250777705e-05,2.54616580387396e-07,3.63888677202045e-07,0.0288392595160317,0.840198118053553
chemical_16_CH,2059,0.0302165136658723,2.74079190248832,193.744747475276,26.6152509633037,0.000587949566929021,0.00957767665405925,0.129365286787496,1.39563403160971e-08,3.98315584844442e-08,0.12451054482793,22.9655951587383,1.85812250777705e-05,2.54616580387396e-07,3.63888677202045e-07,0.0288392595160317,0.840198118053553
chemical_16_CH,2060,0.0302165136658723,2.74079190248832,193.744747475276,26.6152509633037,0.000587949566929021,0.00957767665405925,0.129365286787496,1.39563403160971e-08,3.98315584844442e-08,0.12451054482793,22.9655951587383,1.85812250777705e-05,2.54616580387396e-07,3.63888677202045e-07,0.0288392595160317,0.840198118053553
chemical_16_CH,2044,0.0302165136658723,2.74079190248832,193.744747475276,26.6152509633037,0.000587949566929021,0.00957767665405925,0.129365286787496,1.39563403160971e-08,3.98315584844442e-08,0.12451054482793,22.9655951587383,1.85812250777705e-05,2.54616580387396e-07,3.63888677202045e-07,0.0288392595160317,0.840198118053553
chemical_16_CH,2053,0.0302165136658723,2.74079190248832,193.744747475276,26.6152509633037,0.000587949566929021,0.00957767665405925,0.129365286787496,1.39563403160971e-08,3.98315584844442e-08,0.12451054482793,22.9655951587383,1.85812250777705e-05,2.54616580387396e-07,3.63888677202045e-07,0.0288392595160317,0.840198118053553
chemical_16_CH,2043,0.0302165136658723,2.74079190248832,193.744747475276,26.6152509633037,0.000587949566929021,0.00957767665405925,0.129365286787496,1.39563403160971e-08,3.98315584844442e-08,0.12451054482793,22.9655951587383,1.85812250777705e-05,2.54616580387396e-07,3.63888677202045e-07,0.0288392595160317,0.840198118053553
chemical_16_CH,2042,0.0302165136658723,2.74079190248832,193.744747475276,26.6152509633037,0.000587949566929021,0.00957767665405925,0.129365286787496,1.39563403160971e-08,3.98315584844442e-08,0.12451054482793,22.9655951587383,1.85812250777705e-05,2.54616580387396e-07,3.63888677202045e-07,0.0288392595160317,0.840198118053553
chemical_16_CH,2041,0.0302165136658723,2.74079190248832,193.744747475276,26.6152509633037,0.000587949566929021,0.00957767665405925,0.129365286787496,1.39563403160971e-08,3.98315584844442e-08,0.12451054482793,22.9655951587383,1.85812250777705e-05,2.54616580387396e-07,3.63888677202045e-07,0.0288392595160317,0.840198118053553
chemical_16_CH,2026,0.0302165136658723,2.74079190248832,193.744747475276,26.6152509633037,0.000587949566929021,0.00957767665405925,0.129365286787496,1.39563403160971e-08,3.98315584844442e-08,0.12451054482793,22.9655951587383,1.85812250777705e-05,2.54616580387396e-07,3.63888677202045e-07,0.0288392595160317,0.840198118053553
chemical_16_CH,2027,0.0302165136658723,2.74079190248832,193.744747475276,26.6152509633037,0.000587949566929021,0.00957767665405925,0.129365286787496,1.39563403160971e-08,3.98315584844442e-08,0.12451054482793,22.9655951587383,1.85812250777705e-05,2.54616580387396e-07,3.63888677202045e-07,0.0288392595160317,0.840198118053553
chemical_16_CH,2028,0.0302165136658723,2.74079190248832,193.744747475276,26.6152509633037,0.000587949566929021,0.00957767665405925,0.129365286787496,1.39563403160971e-08,3.98315584844442e-08,0.12451054482793,22.9655951587383,1.85812250777705e-05,2.54616580387396e-07,3.63888677202045e-07,0.0288392595160317,0.840198118053553
chemical_16_CH,2029,0.0302165136658723,2.74079190248832,193.744747475276,26.6152509633037,0.000587949566929021,0.00957767665405925,0.129365286787496,1.39563403160971e-08,3.98315584844442e-08,0.12451054482793,22.9655951587383,1.85812250777705e-05,2.54616580387396e-07,3.63888677202045e-07,0.0288392595160317,0.840198118053553
chemical_16_CH,2030,0.0302165136658723,2.74079190248832,193.744747475276,26.6152509633037,0.000587949566929021,0.00957767665405925,0.129365286787496,1.39563403160971e-08,3.98315584844442e-08,0.12451054482793,22.9655951587383,1.85812250777705e-05,2.54616580387396e-07,3.63888677202045e-07,0.0288392595160317,0.840198118053553
chemical_16_CH,2031,0.0302165136658723,2.74079190248832,193.744747475276,26.6152509633037,0.000587949566929021,0.00957767665405925,0.129365286787496,1.39563403160971e-08,3.98315584844442e-08,0.12451054482793,22.9655951587383,1.85812250777705e-05,2.54616580387396e-07,3.63888677202045e-07,0.0288392595160317,0.840198118053553
chemical_16_CH,2032,0.0302165136658723,2.74079190248832,193.744747475276,26.6152509633037,0.000587949566929021,0.00957767665405925,0.129365286787496,1.39563403160971e-08,3.98315584844442e-08,0.12451054482793,22.9655951587383,1.85812250777705e-05,2.54616580387396e-07,3.63888677202045e-07,0.0288392595160317,0.840198118053553
chemical_16_CH,2025,0.0302165136658723,2.74079190248832,193.744747475276,26.6152509633037,0.000587949566929021,0.00957767665405925,0.129365286787496,1.39563403160971e-08,3.98315584844442e-08,0.12451054482793,22.9655951587383,1.85812250777705e-05,2.54616580387396e-07,3.63888677202045e-07,0.0288392595160317,0.840198118053553
chemical_16_CH,2034,0.0302165136658723,2.74079190248832,193.744747475276,26.6152509633037,0.000587949566929021,0.00957767665405925,0.129365286787496,1.39563403160971e-08,3.98315584844442e-08,0.12451054482793,22.9655951587383,1.85812250777705e-05,2.54616580387396e-07,3.63888677202045e-07,0.0288392595160317,0.840198118053553
chemical_16_CH,2035,0.0302165136658723,2.74079190248832,193.744747475276,26.6152509633037,0.000587949566929021,0.00957767665405925,0.129365286787496,1.39563403160971e-08,3.98315584844442e-08,0.12451054482793,22.9655951587383,1.85812250777705e-05,2.54616580387396e-07,3.63888677202045e-07,0.0288392595160317,0.840198118053553
chemical_16_CH,2036,0.0302165136658723,2.74079190248832,193.744747475276,26.6152509633037,0.000587949566929021,0.00957767665405925,0.129365286787496,1.39563403160971e-08,3.98315584844442e-08,0.12451054482793,22.9655951587383,1.85812250777705e-05,2.54616580387396e-07,3.63888677202045e-07,0.0288392595160317,0.840198118053553
chemical_16_CH,2037,0.0302165136658723,2.74079190248832,193.744747475276,26.6152509633037,0.000587949566929021,0.00957767665405925,0.129365286787496,1.39563403160971e-08,3.98315584844442e-08,0.12451054482793,22.9655951587383,1.85812250777705e-05,2.54616580387396e-07,3.63888677202045e-07,0.0288392595160317,0.840198118053553
chemical_16_CH,2038,0.0302165136658723,2.74079190248832,193.744747475276,26.6152509633037,0.000587949566929021,0.00957767665405925,0.129365286787496,1.39563403160971e-08,3.98315584844442e-08,0.12451054482793,22.9655951587383,1.85812250777705e-05,2.54616580387396e-07,3.63888677202045e-07,0.0288392595160317,0.840198118053553
chemical_16_CH,2039,0.0302165136658723,2.74079190248832,193.744747475276,26.6152509633037,0.000587949566929021,0.00957767665405925,0.129365286787496,1.39563403160971e-08,3.98315584844442e-08,0.12451054482793,22.9655951587383,1.85812250777705e-05,2.54616580387396e-07,3.63888677202045e-07,0.0288392595160317,0.840198118053553
chemical_16_CH,2040,0.0302165136658723,2.74079190248832,193.744747475276,26.6152509633037,0.000587949566929021,0.00957767665405925,0.129365286787496,1.39563403160971e-08,3.98315584844442e-08,0.12451054482793,22.9655951587383,1.85812250777705e-05,2.54616580387396e-07,3.63888677202045e-07,0.0288392595160317,0.840198118053553
chemical_16_CH,2033,0.0302165136658723,2.74079190248832,193.744747475276,26.6152509633037,0.000587949566929021,0.00957767665405925,0.129365286787496,1.39563403160971e-08,3.98315584844442e-08,0.12451054482793,22.9655951587383,1.85812250777705e-05,2.54616580387396e-07,3.63888677202045e-07,0.0288392595160317,0.840198118053553
chemical_268_CH,2046,0.0302165136658723,2.74079190248832,193.744747475276,26.6152509633037,0.000587949566929021,0.00957767665405925,0.129365286787496,1.39563403160971e-08,3.98315584844442e-08,0.12451054482793,22.9655951587383,1.85812250777705e-05,2.54616580387396e-07,3.63888677202045e-07,0.0288392595160317,0.840198118053553
chemical_268_CH,2047,0.0302165136658723,2.74079190248832,193.744747475276,26.6152509633037,0.000587949566929021,0.00957767665405925,0.129365286787496,1.39563403160971e-08,3.98315584844442e-08,0.12451054482793,22.9655951587383,1.85812250777705e-05,2.54616580387396e-07,3.63888677202045e-07,0.0288392595160317,0.840198118053553
chemical_268_CH,2048,0.0302165136658723,2.74079190248832,193.744747475276,26.6152509633037,0.000587949566929021,0.00957767665405925,0.129365286787496,1.39563403160971e-08,3.98315584844442e-08,0.12451054482793,22.9655951587383,1.85812250777705e-05,2.54616580387396e-07,3.63888677202045e-07,0.0288392595160317,0.840198118053553
chemical_268_CH,2049,0.0302165136658723,2.74079190248832,193.744747475276,26.6152509633037,0.000587949566929021,0.00957767665405925,0.129365286787496,1.39563403160971e-08,3.98315584844442e-08,0.12451054482793,22.9655951587383,1.85812250777705e-05,2.54616580387396e-07,3.63888677202045e-07,0.0288392595160317,0.840198118053553
chemical_268_CH,2050,0.0302165136658723,2.74079190248832,193.744747475276,26.6152509633037,0.000587949566929021,0.00957767665405925,0.129365286787496,1.39563403160971e-08,3.98315584844442e-08,0.12451054482793,22.9655951587383,1.85812250777705e-05,2.54616580387396e-07,3.63888677202045e-07,0.0288392595160317,0.840198118053553
chemical_268_CH,2051,0.0302165136658723,2.74079190248832,193.744747475276,26.6152509633037,0.000587949566929021,0.00957767665405925,0.129365286787496,1.39563403160971e-08,3.98315584844442e-08,0.12451054482793,22.9655951587383,1.85812250777705e-05,2.54616580387396e-07,3.63888677202045e-07,0.0288392595160317,0.840198118053553
chemical_268_CH,2052,0.0302165136658723,2.74079190248832,193.744747475276,26.6152509633037,0.000587949566929021,0.00957767665405925,0.129365286787496,1.39563403160971e-08,3.98315584844442e-08,0.12451054482793,22.9655951587383,1.85812250777705e-05,2.54616580387396e-07,3.63888677202045e-07,0.0288392595160317,0.840198118053553
chemical_268_CH,2056,0.0302165136658723,2.74079190248832,193.744747475276,26.6152509633037,0.000587949566929021,0.00957767665405925,0.129365286787496,1.39563403160971e-08,3.98315584844442e-08,0.12451054482793,22.9655951587383,1.85812250777705e-05,2.54616580387396e-07,3.63888677202045e-07,0.0288392595160317,0.840198118053553
chemical_268_CH,2054,0.0302165136658723,2.74079190248832,193.744747475276,26.6152509633037,0.000587949566929021,0.00957767665405925,0.129365286787496,1.39563403160971e-08,3.98315584844442e-08,0.12451054482793,22.9655951587383,1.85812250777705e-05,2.54616580387396e-07,3.63888677202045e-07,0.0288392595160317,0.840198118053553
chemical_268_CH,2055,0.0302165136658723,2.74079190248832,193.744747475276,26.6152509633037,0.000587949566929021,0.00957767665405925,0.129365286787496,1.39563403160971e-08,3.98315584844442e-08,0.12451054482793,22.9655951587383,1.85812250777705e-05,2.54616580387396e-07,3.63888677202045e-07,0.0288392595160317,0.840198118053553
chemical_268_CH,2057,0.0302165136658723,2.74079190248832,193.744747475276,26.6152509633037,0.000587949566929021,0.00957767665405925,0.129365286787496,1.39563403160971e-08,3.98315584844442e-08,0.12451054482793,22.9655951587383,1.85812250777705e-05,2.54616580387396e-07,3.63888677202045e-07,0.0288392595160317,0.840198118053553
chemical_268_CH,2058,0.0302165136658723,2.74079190248832,193.744747475276,26.6152509633037,0.000587949566929021,0.00957767665405925,0.129365286787496,1.39563403160971e-08,3.98315584844442e-08,0.12451054482793,22.9655951587383,1.85812250777705e-05,2.54616580387396e-07,3.63888677202045e-07,0.0288392595160317,0.840198118053553
chemical_268_CH,2059,0.0302165136658723,2.74079190248832,193.744747475276,26.6152509633037,0.000587949566929021,0.00957767665405925,0.129365286787496,1.39563403160971e-08,3.98315584844442e-08,0.12451054482793,22.9655951587383,1.85812250777705e-05,2.54616580387396e-07,3.63888677202045e-07,0.0288392595160317,0.840198118053553
chemical_268_CH,2060,0.0302165136658723,2.74079190248832,193.744747475276,26.6152509633037,0.000587949566929021,0.00957767665405925,0.129365286787496,1.39563403160971e-08,3.98315584844442e-08,0.12451054482793,22.9655951587383,1.85812250777705e-05,2.54616580387396e-07,3.63888677202045e-07,0.0288392595160317,0.840198118053553
chemical_268_CH,2045,0.0302165136658723,2.74079190248832,193.744747475276,26.6152509633037,0.000587949566929021,0.00957767665405925,0.129365286787496,1.39563403160971e-08,3.98315584844442e-08,0.12451054482793,22.9655951587383,1.85812250777705e-05,2.54616580387396e-07,3.63888677202045e-07,0.0288392595160317,0.840198118053553
chemical_268_CH,2053,0.0302165136658723,2.74079190248832,193.744747475276,26.6152509633037,0.000587949566929021,0.00957767665405925,0.129365286787496,1.39563403160971e-08,3.98315584844442e-08,0.12451054482793,22.9655951587383,1.85812250777705e-05,2.54616580387396e-07,3.63888677202045e-07,0.0288392595160317,0.840198118053553
chemical_268_CH,2044,0.0302165136658723,2.74079190248832,193.744747475276,26.6152509633037,0.000587949566929021,0.00957767665405925,0.129365286787496,1.39563403160971e-08,3.98315584844442e-08,0.12451054482793,22.9655951587383,1.85812250777705e-05,2.54616580387396e-07,3.63888677202045e-07,0.0288392595160317,0.840198118053553
chemical_268_CH,2043,0.0302165136658723,2.74079190248832,193.744747475276,26.6152509633037,0.000587949566929021,0.00957767665405925,0.129365286787496,1.39563403160971e-08,3.98315584844442e-08,0.12451054482793,22.9655951587383,1.85812250777705e-05,2.54616580387396e-07,3.63888677202045e-07,0.0288392595160317,0.840198118053553
chemical_268_CH,2025,0.0302165136658723,2.74079190248832,193.744747475276,26.6152509633037,0.000587949566929021,0.00957767665405925,0.129365286787496,1.39563403160971e-08,3.98315584844442e-08,0.12451054482793,22.9655951587383,1.85812250777705e-05,2.54616580387396e-07,3.63888677202045e-07,0.0288392595160317,0.840198118053553
chemical_268_CH,2042,0.0302165136658723,2.74079190248832,193.744747475276,26.6152509633037,0.000587949566929021,0.00957767665405925,0.129365286787496,1.39563403160971e-08,3.98315584844442e-08,0.12451054482793,22.9655951587383,1.85812250777705e-05,2.54616580387396e-07,3.63888677202045e-07,0.0288392595160317,0.840198118053553
chemical_268_CH,2026,0.0302165136658723,2.74079190248832,193.744747475276,26.6152509633037,0.000587949566929021,0.00957767665405925,0.129365286787496,1.39563403160971e-08,3.98315584844442e-08,0.12451054482793,22.9655951587383,1.85812250777705e-05,2.54616580387396e-07,3.63888677202045e-07,0.0288392595160317,0.840198118053553
chemical_268_CH,2027,0.0302165136658723,2.74079190248832,193.744747475276,26.6152509633037,0.000587949566929021,0.00957767665405925,0.129365286787496,1.39563403160971e-08,3.98315584844442e-08,0.12451054482793,22.9655951587383,1.85812250777705e-05,2.54616580387396e-07,3.63888677202045e-07,0.0288392595160317,0.840198118053553
chemical_268_CH,2028,0.0302165136658723,2.74079190248832,193.744747475276,26.6152509633037,0.000587949566929021,0.00957767665405925,0.129365286787496,1.39563403160971e-08,3.98315584844442e-08,0.12451054482793,22.9655951587383,1.85812250777705e-05,2.54616580387396e-07,3.63888677202045e-07,0.0288392595160317,0.840198118053553
chemical_268_CH,2029,0.0302165136658723,2.74079190248832,193.744747475276,26.6152509633037,0.000587949566929021,0.00957767665405925,0.129365286787496,1.39563403160971e-08,3.98315584844442e-08,0.12451054482793,22.9655951587383,1.85812250777705e-05,2.54616580387396e-07,3.63888677202045e-07,0.0288392595160317,0.840198118053553
chemical_268_CH,2031,0.0302165136658723,2.74079190248832,193.744747475276,26.6152509633037,0.000587949566929021,0.00957767665405925,0.129365286787496,1.39563403160971e-08,3.98315584844442e-08,0.12451054482793,22.9655951587383,1.85812250777705e-05,2.54616580387396e-07,3.63888677202045e-07,0.0288392595160317,0.840198118053553
chemical_268_CH,2032,0.0302165136658723,2.74079190248832,193.744747475276,26.6152509633037,0.000587949566929021,0.00957767665405925,0.129365286787496,1.39563403160971e-08,3.98315584844442e-08,0.12451054482793,22.9655951587383,1.85812250777705e-05,2.54616580387396e-07,3.63888677202045e-07,0.0288392595160317,0.840198118053553
chemical_268_CH,2033,0.0302165136658723,2.74079190248832,193.744747475276,26.6152509633037,0.000587949566929021,0.00957767665405925,0.129365286787496,1.39563403160971e-08,3.98315584844442e-08,0.12451054482793,22.9655951587383,1.85812250777705e-05,2.54616580387396e-07,3.63888677202045e-07,0.0288392595160317,0.840198118053553
chemical_268_CH,2030,0.0302165136658723,2.74079190248832,193.744747475276,26.6152509633037,0.000587949566929021,0.00957767665405925,0.129365286787496,1.39563403160971e-08,3.98315584844442e-08,0.12451054482793,22.9655951587383,1.85812250777705e-05,2.54616580387396e-07,3.63888677202045e-07,0.0288392595160317,0.840198118053553
chemical_268_CH,2035,0.0302165136658723,2.74079190248832,193.744747475276,26.6152509633037,0.000587949566929021,0.00957767665405925,0.129365286787496,1.39563403160971e-08,3.98315584844442e-08,0.12451054482793,22.9655951587383,1.85812250777705e-05,2.54616580387396e-07,3.63888677202045e-07,0.0288392595160317,0.840198118053553
chemical_268_CH,2036,0.0302165136658723,2.74079190248832,193.744747475276,26.6152509633037,0.000587949566929021,0.00957767665405925,0.129365286787496,1.39563403160971e-08,3.98315584844442e-08,0.12451054482793,22.9655951587383,1.85812250777705e-05,2.54616580387396e-07,3.63888677202045e-07,0.0288392595160317,0.840198118053553
chemical_268_CH,2037,0.0302165136658723,2.74079190248832,193.744747475276,26.6152509633037,0.000587949566929021,0.00957767665405925,0.129365286787496,1.39563403160971e-08,3.98315584844442e-08,0.12451054482793,22.9655951587383,1.85812250777705e-05,2.54616580387396e-07,3.63888677202045e-07,0.0288392595160317,0.840198118053553
chemical_268_CH,2038,0.0302165136658723,2.74079190248832,193.744747475276,26.6152509633037,0.000587949566929021,0.00957767665405925,0.129365286787496,1.39563403160971e-08,3.98315584844442e-08,0.12451054482793,22.9655951587383,1.85812250777705e-05,2.54616580387396e-07,3.63888677202045e-07,0.0288392595160317,0.840198118053553
chemical_268_CH,2039,0.0302165136658723,2.74079190248832,193.744747475276,26.6152509633037,0.000587949566929021,0.00957767665405925,0.129365286787496,1.39563403160971e-08,3.98315584844442e-08,0.12451054482793,22.9655951587383,1.85812250777705e-05,2.54616580387396e-07,3.63888677202045e-07,0.0288392595160317,0.840198118053553
chemical_268_CH,2040,0.0302165136658723,2.74079190248832,193.744747475276,26.6152509633037,0.000587949566929021,0.00957767665405925,0.129365286787496,1.39563403160971e-08,3.98315584844442e-08,0.12451054482793,22.9655951587383,1.85812250777705e-05,2.54616580387396e-07,3.63888677202045e-07,0.0288392595160317,0.840198118053553
chemical_268_CH,2041,0.0302165136658723,2.74079190248832,193.744747475276,26.6152509633037,0.000587949566929021,0.00957767665405925,0.129365286787496,1.39563403160971e-08,3.98315584844442e-08,0.12451054482793,22.9655951587383,1.85812250777705e-05,2.54616580387396e-07,3.63888677202045e-07,0.0288392595160317,0.840198118053553
chemical_268_CH,2034,0.0302165136658723,2.74079190248832,193.744747475276,26.6152509633037,0.000587949566929021,0.00957767665405925,0.129365286787496,1.39563403160971e-08,3.98315584844442e-08,0.12451054482793,22.9655951587383,1.85812250777705e-05,2.54616580387396e-07,3.63888677202045e-07,0.0288392595160317,0.840198118053553
coda_terminal_IS,2050,0.0302165136658723,2.74079190248832,193.744747475276,26.6152509633037,0.000587949566929021,0.00957767665405925,0.129365286787496,1.39563403160971e-08,3.98315584844442e-08,0.12451054482793,22.9655951587383,1.85812250777705e-05,2.54616580387396e-07,3.63888677202045e-07,0.0288392595160317,0.840198118053553
coda_terminal_IS,2044,0.0302165136658723,2.74079190248832,193.744747475276,26.6152509633037,0.000587949566929021,0.00957767665405925,0.129365286787496,1.39563403160971e-08,3.98315584844442e-08,0.12451054482793,22.9655951587383,1.85812250777705e-05,2.54616580387396e-07,3.63888677202045e-07,0.0288392595160317,0.840198118053553
coda_terminal_IS,2045,0.0302165136658723,2.74079190248832,193.744747475276,26.6152509633037,0.000587949566929021,0.00957767665405925,0.129365286787496,1.39563403160971e-08,3.98315584844442e-08,0.12451054482793,22.9655951587383,1.85812250777705e-05,2.54616580387396e-07,3.63888677202045e-07,0.0288392595160317,0.840198118053553
coda_terminal_IS,2046,0.0302165136658723,2.74079190248832,193.744747475276,26.6152509633037,0.000587949566929021,0.00957767665405925,0.129365286787496,1.39563403160971e-08,3.98315584844442e-08,0.12451054482793,22.9655951587383,1.85812250777705e-05,2.54616580387396e-07,3.63888677202045e-07,0.0288392595160317,0.840198118053553
coda_terminal_IS,2047,0.0302165136658723,2.74079190248832,193.744747475276,26.6152509633037,0.000587949566929021,0.00957767665405925,0.129365286787496,1.39563403160971e-08,3.98315584844442e-08,0.12451054482793,22.9655951587383,1.85812250777705e-05,2.54616580387396e-07,3.63888677202045e-07,0.0288392595160317,0.840198118053553
coda_terminal_IS,2048,0.0302165136658723,2.74079190248832,193.744747475276,26.6152509633037,0.000587949566929021,0.00957767665405925,0.129365286787496,1.39563403160971e-08,3.98315584844442e-08,0.12451054482793,22.9655951587383,1.85812250777705e-05,2.54616580387396e-07,3.63888677202045e-07,0.0288392595160317,0.840198118053553
coda_terminal_IS,2049,0.0302165136658723,2.74079190248832,193.744747475276,26.6152509633037,0.000587949566929021,0.00957767665405925,0.129365286787496,1.39563403160971e-08,3.98315584844442e-08,0.12451054482793,22.9655951587383,1.85812250777705e-05,2.54616580387396e-07,3.63888677202045e-07,0.0288392595160317,0.840198118053553
coda_terminal_IS,2051,0.0302165136658723,2.74079190248832,193.744747475276,26.6152509633037,0.000587949566929021,0.00957767665405925,0.129365286787496,1.39563403160971e-08,3.98315584844442e-08,0.12451054482793,22.9655951587383,1.85812250777705e-05,2.54616580387396e-07,3.63888677202045e-07,0.0288392595160317,0.840198118053553
coda_terminal_IS,2043,0.0302165136658723,2.74079190248832,193.744747475276,26.6152509633037,0.000587949566929021,0.00957767665405925,0.129365286787496,1.39563403160971e-08,3.98315584844442e-08,0.12451054482793,22.9655951587383,1.85812250777705e-05,2.54616580387396e-07,3.63888677202045e-07,0.0288392595160317,0.840198118053553
coda_terminal_IS,2053,0.0302165136658723,2.74079190248832,193.744747475276,26.6152509633037,0.000587949566929021,0.00957767665405925,0.129365286787496,1.39563403160971e-08,3.98315584844442e-08,0.12451054482793,22.9655951587383,1.85812250777705e-05,2.54616580387396e-07,3.63888677202045e-07,0.0288392595160317,0.840198118053553
coda_terminal_IS,2054,0.0302165136658723,2.74079190248832,193.744747475276,26.6152509633037,0.000587949566929021,0.00957767665405925,0.129365286787496,1.39563403160971e-08,3.98315584844442e-08,0.12451054482793,22.9655951587383,1.85812250777705e-05,2.54616580387396e-07,3.63888677202045e-07,0.0288392595160317,0.840198118053553
coda_terminal_IS,2055,0.0302165136658723,2.74079190248832,193.744747475276,26.6152509633037,0.000587949566929021,0.00957767665405925,0.129365286787496,1.39563403160971e-08,3.98315584844442e-08,0.12451054482793,22.9655951587383,1.85812250777705e-05,2.54616580387396e-07,3.63888677202045e-07,0.0288392595160317,0.840198118053553
coda_terminal_IS,2056,0.0302165136658723,2.74079190248832,193.744747475276,26.6152509633037,0.000587949566929021,0.00957767665405925,0.129365286787496,1.39563403160971e-08,3.98315584844442e-08,0.12451054482793,22.9655951587383,1.85812250777705e-05,2.54616580387396e-07,3.63888677202045e-07,0.0288392595160317,0.840198118053553
coda_terminal_IS,2057,0.0302165136658723,2.74079190248832,193.744747475276,26.6152509633037,0.000587949566929021,0.00957767665405925,0.129365286787496,1.39563403160971e-08,3.98315584844442e-08,0.12451054482793,22.9655951587383,1.85812250777705e-05,2.54616580387396e-07,3.63888677202045e-07,0.0288392595160317,0.840198118053553
coda_terminal_IS,2058,0.0302165136658723,2.74079190248832,193.744747475276,26.6152509633037,0.000587949566929021,0.00957767665405925,0.129365286787496,1.39563403160971e-08,3.98315584844442e-08,0.12451054482793,22.9655951587383,1.85812250777705e-05,2.54616580387396e-07,3.63888677202045e-07,0.0288392595160317,0.840198118053553
coda_terminal_IS,2059,0.0302165136658723,2.74079190248832,193.744747475276,26.6152509633037,0.000587949566929021,0.00957767665405925,0.129365286787496,1.39563403160971e-08,3.98315584844442e-08,0.12451054482793,22.9655951587383,1.85812250777705e-05,2.54616580387396e-07,3.63888677202045e-07,0.0288392595160317,0.840198118053553
coda_terminal_IS,2052,0.0302165136658723,2.74079190248832,193.744747475276,26.6152509633037,0.000587949566929021,0.00957767665405925,0.129365286787496,1.39563403160971e-08,3.98315584844442e-08,0.12451054482793,22.9655951587383,1.85812250777705e-05,2.54616580387396e-07,3.63888677202045e-07,0.0288392595160317,0.840198118053553
coda_terminal_IS,2060,0.0302165136658723,2.74079190248832,193.744747475276,26.6152509633037,0.000587949566929021,0.00957767665405925,0.129365286787496,1.39563403160971e-08,3.98315584844442e-08,0.12451054482793,22.9655951587383,1.85812250777705e-05,2.54616580387396e-07,3.63888677202045e-07,0.0288392595160317,0.840198118053553
coda_terminal_IS,2042,0.0302165136658723,2.74079190248832,193.744747475276,26.6152509633037,0.000587949566929021,0.00957767665405925,0.129365286787496,1.39563403160971e-08,3.98315584844442e-08,0.12451054482793,22.9655951587383,1.85812250777705e-05,2.54616580387396e-07,3.63888677202045e-07,0.0288392595160317,0.840198118053553
coda_terminal_IS,2040,0.0302165136658723,2.74079190248832,193.744747475276,26.6152509633037,0.000587949566929021,0.00957767665405925,0.129365286787496,1.39563403160971e-08,3.98315584844442e-08,0.12451054482793,22.9655951587383,1.85812250777705e-05,2.54616580387396e-07,3.63888677202045e-07,0.0288392595160317,0.840198118053553
coda_terminal_IS,2025,0.0302165136658723,2.74079190248832,193.744747475276,26.6152509633037,0.000587949566929021,0.00957767665405925,0.129365286787496,1.39563403160971e-08,3.98315584844442e-08,0.12451054482793,22.9655951587383,1.85812250777705e-05,2.54616580387396e-07,3.63888677202045e-07,0.0288392595160317,0.840198118053553
coda_terminal_IS,2026,0.0302165136658723,2.74079190248832,193.744747475276,26.6152509633037,0.000587949566929021,0.00957767665405925,0.129365286787496,1.39563403160971e-08,3.98315584844442e-08,0.12451054482793,22.9655951587383,1.85812250777705e-05,2.54616580387396e-07,3.63888677202045e-07,0.0288392595160317,0.840198118053553
coda_terminal_IS,2027,0.0302165136658723,2.74079190248832,193.744747475276,26.6152509633037,0.000587949566929021,0.00957767665405925,0.129365286787496,1.39563403160971e-08,3.98315584844442e-08,0.12451054482793,22.9655951587383,1.85812250777705e-05,2.54616580387396e-07,3.63888677202045e-07,0.0288392595160317,0.840198118053553
coda_terminal_IS,2028,0.0302165136658723,2.74079190248832,193.744747475276,26.6152509633037,0.000587949566929021,0.00957767665405925,0.129365286787496,1.39563403160971e-08,3.98315584844442e-08,0.12451054482793,22.9655951587383,1.85812250777705e-05,2.54616580387396e-07,3.63888677202045e-07,0.0288392595160317,0.840198118053553
coda_terminal_IS,2029,0.0302165136658723,2.74079190248832,193.744747475276,26.6152509633037,0.000587949566929021,0.00957767665405925,0.129365286787496,1.39563403160971e-08,3.98315584844442e-08,0.12451054482793,22.9655951587383,1.85812250777705e-05,2.54616580387396e-07,3.63888677202045e-07,0.0288392595160317,0.840198118053553
coda_terminal_IS,2030,0.0302165136658723,2.74079190248832,193.744747475276,26.6152509633037,0.000587949566929021,0.00957767665405925,0.129365286787496,1.39563403160971e-08,3.98315584844442e-08,0.12451054482793,22.9655951587383,1.85812250777705e-05,2.54616580387396e-07,3.63888677202045e-07,0.0288392595160317,0.840198118053553
coda_terminal_IS,2031,0.0302165136658723,2.74079190248832,193.744747475276,26.6152509633037,0.000587949566929021,0.00957767665405925,0.129365286787496,1.39563403160971e-08,3.98315584844442e-08,0.12451054482793,22.9655951587383,1.85812250777705e-05,2.54616580387396e-07,3.63888677202045e-07,0.0288392595160317,0.840198118053553
coda_terminal_IS,2041,0.0302165136658723,2.74079190248832,193.744747475276,26.6152509633037,0.000587949566929021,0.00957767665405925,0.129365286787496,1.39563403160971e-08,3.98315584844442e-08,0.12451054482793,22.9655951587383,1.85812250777705e-05,2.54616580387396e-07,3.63888677202045e-07,0.0288392595160317,0.840198118053553
coda_terminal_IS,2033,0.0302165136658723,2.74079190248832,193.744747475276,26.6152509633037,0.000587949566929021,0.00957767665405925,0.129365286787496,1.39563403160971e-08,3.98315584844442e-08,0.12451054482793,22.9655951587383,1.85812250777705e-05,2.54616580387396e-07,3.63888677202045e-07,0.0288392595160317,0.840198118053553
coda_terminal_IS,2034,0.0302165136658723,2.74079190248832,193.744747475276,26.6152509633037,0.000587949566929021,0.00957767665405925,0.129365286787496,1.39563403160971e-08,3.98315584844442e-08,0.12451054482793,22.9655951587383,1.85812250777705e-05,2.54616580387396e-07,3.63888677202045e-07,0.0288392595160317,0.840198118053553
coda_terminal_IS,2035,0.0302165136658723,2.74079190248832,193.744747475276,26.6152509633037,0.000587949566929021,0.00957767665405925,0.129365286787496,1.39563403160971e-08,3.98315584844442e-08,0.12451054482793,22.9655951587383,1.85812250777705e-05,2.54616580387396e-07,3.63888677202045e-07,0.0288392595160317,0.840198118053553
coda_terminal_IS,2036,0.0302165136658723,2.74079190248832,193.744747475276,26.6152509633037,0.000587949566929021,0.00957767665405925,0.129365286787496,1.39563403160971e-08,3.98315584844442e-08,0.12451054482793,22.9655951587383,1.85812250777705e-05,2.54616580387396e-07,3.63888677202045e-07,0.0288392595160317,0.840198118053553
coda_terminal_IS,2037,0.0302165136658723,2.74079190248832,193.744747475276,26.6152509633037,0.000587949566929021,0.00957767665405925,0.129365286787496,1.39563403160971e-08,3.98315584844442e-08,0.12451054482793,22.9655951587383,1.85812250777705e-05,2.54616580387396e-07,3.63888677202045e-07,0.0288392595160317,0.840198118053553
coda_terminal_IS,2038,0.0302165136658723,2.74079190248832,193.744747475276,26.6152509633037,0.000587949566929021,0.00957767665405925,0.129365286787496,1.39563403160971e-08,3.98315584844442e-08,0.12451054482793,22.9655951587383,1.85812250777705e-05,2.54616580387396e-07,3.63888677202045e-07,0.0288392595160317,0.840198118053553
coda_terminal_IS,2039,0.0302165136658723,2.74079190248832,193.744747475276,26.6152509633037,0.000587949566929021,0.00957767665405925,0.129365286787496,1.39563403160971e-08,3.98315584844442e-08,0.12451054482793,22.9655951587383,1.85812250777705e-05,2.54616580387396e-07,3.63888677202045e-07,0.0288392595160317,0.840198118053553
coda_terminal_IS,2032,0.0302165136658723,2.74079190248832,193.744747475276,26.6152509633037,0.000587949566929021,0.00957767665405925,0.129365286787496,1.39563403160971e-08,3.98315584844442e-08,0.12451054482793,22.9655951587383,1.85812250777705e-05,2.54616580387396e-07,3.63888677202045e-07,0.0288392595160317,0.840198118053553
dortmund_DE,2045,0.0302165136658723,2.74079190248832,193.744747475276,26.6152509633037,0.000587949566929021,0.00957767665405925,0.129365286787496,1.39563403160971e-08,3.98315584844442e-08,0.12451054482793,22.9655951587383,1.85812250777705e-05,2.54616580387396e-07,3.63888677202045e-07,0.0288392595160317,0.840198118053553
dortmund_DE,2046,0.0302165136658723,2.74079190248832,193.744747475276,26.6152509633037,0.000587949566929021,0.00957767665405925,0.129365286787496,1.39563403160971e-08,3.98315584844442e-08,0.12451054482793,22.9655951587383,1.85812250777705e-05,2.54616580387396e-07,3.63888677202045e-07,0.0288392595160317,0.840198118053553
dortmund_DE,2048,0.0302165136658723,2.74079190248832,193.744747475276,26.6152509633037,0.000587949566929021,0.00957767665405925,0.129365286787496,1.39563403160971e-08,3.98315584844442e-08,0.12451054482793,22.9655951587383,1.85812250777705e-05,2.54616580387396e-07,3.63888677202045e-07,0.0288392595160317,0.840198118053553
dortmund_DE,2049,0.0302165136658723,2.74079190248832,193.744747475276,26.6152509633037,0.000587949566929021,0.00957767665405925,0.129365286787496,1.39563403160971e-08,3.98315584844442e-08,0.12451054482793,22.9655951587383,1.85812250777705e-05,2.54616580387396e-07,3.63888677202045e-07,0.0288392595160317,0.840198118053553
dortmund_DE,2050,0.0302165136658723,2.74079190248832,193.744747475276,26.6152509633037,0.000587949566929021,0.00957767665405925,0.129365286787496,1.39563403160971e-08,3.98315584844442e-08,0.12451054482793,22.9655951587383,1.85812250777705e-05,2.54616580387396e-07,3.63888677202045e-07,0.0288392595160317,0.840198118053553
dortmund_DE,2051,0.0302165136658723,2.74079190248832,193.744747475276,26.6152509633037,0.000587949566929021,0.00957767665405925,0.129365286787496,1.39563403160971e-08,3.98315584844442e-08,0.12451054482793,22.9655951587383,1.85812250777705e-05,2.54616580387396e-07,3.63888677202045e-07,0.0288392595160317,0.840198118053553
dortmund_DE,2052,0.0302165136658723,2.74079190248832,193.744747475276,26.6152509633037,0.000587949566929021,0.00957767665405925,0.129365286787496,1.39563403160971e-08,3.98315584844442e-08,0.12451054482793,22.9655951587383,1.85812250777705e-05,2.54616580387396e-07,3.63888677202045e-07,0.0288392595160317,0.840198118053553
dortmund_DE,2055,0.0302165136658723,2.74079190248832,193.744747475276,26.6152509633037,0.000587949566929021,0.00957767665405925,0.129365286787496,1.39563403160971e-08,3.98315584844442e-08,0.12451054482793,22.9655951587383,1.85812250777705e-05,2.54616580387396e-07,3.63888677202045e-07,0.0288392595160317,0.840198118053553
dortmund_DE,2054,0.0302165136658723,2.74079190248832,193.744747475276,26.6152509633037,0.000587949566929021,0.00957767665405925,0.129365286787496,1.39563403160971e-08,3.98315584844442e-08,0.12451054482793,22.9655951587383,1.85812250777705e-05,2.54616580387396e-07,3.63888677202045e-07,0.0288392595160317,0.840198118053553
dortmund_DE,2044,0.0302165136658723,2.74079190248832,193.744747475276,26.6152509633037,0.000587949566929021,0.00957767665405925,0.129365286787496,1.39563403160971e-08,3.98315584844442e-08,0.12451054482793,22.9655951587383,1.85812250777705e-05,2.54616580387396e-07,3.63888677202045e-07,0.0288392595160317,0.840198118053553
dortmund_DE,2056,0.0302165136658723,2.74079190248832,193.744747475276,26.6152509633037,0.000587949566929021,0.00957767665405925,0.129365286787496,1.39563403160971e-08,3.98315584844442e-08,0.12451054482793,22.9655951587383,1.85812250777705e-05,2.54616580387396e-07,3.63888677202045e-07,0.0288392595160317,0.840198118053553
dortmund_DE,2057,0.0302165136658723,2.74079190248832,193.744747475276,26.6152509633037,0.000587949566929021,0.00957767665405925,0.129365286787496,1.39563403160971e-08,3.98315584844442e-08,0.12451054482793,22.9655951587383,1.85812250777705e-05,2.54616580387396e-07,3.63888677202045e-07,0.0288392595160317,0.840198118053553
dortmund_DE,2058,0.0302165136658723,2.74079190248832,193.744747475276,26.6152509633037,0.000587949566929021,0.00957767665405925,0.129365286787496,1.39563403160971e-08,3.98315584844442e-08,0.12451054482793,22.9655951587383,1.85812250777705e-05,2.54616580387396e-07,3.63888677202045e-07,0.0288392595160317,0.840198118053553
dortmund_DE,2059,0.0302165136658723,2.74079190248832,193.744747475276,26.6152509633037,0.000587949566929021,0.00957767665405925,0.129365286787496,1.39563403160971e-08,3.98315584844442e-08,0.12451054482793,22.9655951587383,1.85812250777705e-05,2.54616580387396e-07,3.63888677202045e-07,0.0288392595160317,0.840198118053553
dortmund_DE,2060,0.0302165136658723,2.74079190248832,193.744747475276,26.6152509633037,0.000587949566929021,0.00957767665405925,0.129365286787496,1.39563403160971e-08,3.98315584844442e-08,0.12451054482793,22.9655951587383,1.85812250777705e-05,2.54616580387396e-07,3.63888677202045e-07,0.0288392595160317,0.840198118053553
dortmund_DE,2053,0.0302165136658723,2.74079190248832,193.744747475276,26.6152509633037,0.000587949566929021,0.00957767665405925,0.129365286787496,1.39563403160971e-08,3.98315584844442e-08,0.12451054482793,22.9655951587383,1.85812250777705e-05,2.54616580387396e-07,3.63888677202045e-07,0.0288392595160317,0.840198118053553
dortmund_DE,2043,0.0302165136658723,2.74079190248832,193.744747475276,26.6152509633037,0.000587949566929021,0.00957767665405925,0.129365286787496,1.39563403160971e-08,3.98315584844442e-08,0.12451054482793,22.9655951587383,1.85812250777705e-05,2.54616580387396e-07,3.63888677202045e-07,0.0288392595160317,0.840198118053553
dortmund_DE,2047,0.0302165136658723,2.74079190248832,193.744747475276,26.6152509633037,0.000587949566929021,0.00957767665405925,0.129365286787496,1.39563403160971e-08,3.98315584844442e-08,0.12451054482793,22.9655951587383,1.85812250777705e-05,2.54616580387396e-07,3.63888677202045e-07,0.0288392595160317,0.840198118053553
dortmund_DE,2041,0.0302165136658723,2.74079190248832,193.744747475276,26.6152509633037,0.000587949566929021,0.00957767665405925,0.129365286787496,1.39563403160971e-08,3.98315584844442e-08,0.12451054482793,22.9655951587383,1.85812250777705e-05,2.54616580387396e-07,3.63888677202045e-07,0.0288392595160317,0.840198118053553
dortmund_DE,2025,0.0302165136658723,2.74079190248832,193.744747475276,26.6152509633037,0.000587949566929021,0.00957767665405925,0.129365286787496,1.39563403160971e-08,3.98315584844442e-08,0.12451054482793,22.9655951587383,1.85812250777705e-05,2.54616580387396e-07,3.63888677202045e-07,0.0288392595160317,0.840198118053553
dortmund_DE,2026,0.0302165136658723,2.74079190248832,193.744747475276,26.6152509633037,0.000587949566929021,0.00957767665405925,0.129365286787496,1.39563403160971e-08,3.98315584844442e-08,0.12451054482793,22.9655951587383,1.85812250777705e-05,2.54616580387396e-07,3.63888677202045e-07,0.0288392595160317,0.840198118053553
dortmund_DE,2027,0.0302165136658723,2.74079190248832,193.744747475276,26.6152509633037,0.000587949566929021,0.00957767665405925,0.129365286787496,1.39563403160971e-08,3.98315584844442e-08,0.12451054482793,22.9655951587383,1.85812250777705e-05,2.54616580387396e-07,3.63888677202045e-07,0.0288392595160317,0.840198118053553
dortmund_DE,2028,0.0302165136658723,2.74079190248832,193.744747475276,26.6152509633037,0.000587949566929021,0.00957767665405925,0.129365286787496,1.39563403160971e-08,3.98315584844442e-08,0.12451054482793,22.9655951587383,1.85812250777705e-05,2.54616580387396e-07,3.63888677202045e-07,0.0288392595160317,0.840198118053553
dortmund_DE,2029,0.0302165136658723,2.74079190248832,193.744747475276,26.6152509633037,0.000587949566929021,0.00957767665405925,0.129365286787496,1.39563403160971e-08,3.98315584844442e-08,0.12451054482793,22.9655951587383,1.85812250777705e-05,2.54616580387396e-07,3.63888677202045e-07,0.0288392595160317,0.840198118053553
dortmund_DE,2030,0.0302165136658723,2.74079190248832,193.744747475276,26.6152509633037,0.000587949566929021,0.00957767665405925,0.129365286787496,1.39563403160971e-08,3.98315584844442e-08,0.12451054482793,22.9655951587383,1.85812250777705e-05,2.54616580387396e-07,3.63888677202045e-07,0.0288392595160317,0.840198118053553
dortmund_DE,2031,0.0302165136658723,2.74079190248832,193.744747475276,26.6152509633037,0.000587949566929021,0.00957767665405925,0.129365286787496,1.39563403160971e-08,3.98315584844442e-08,0.12451054482793,22.9655951587383,1.85812250777705e-05,2.54616580387396e-07,3.63888677202045e-07,0.0288392595160317,0.840198118053553
dortmund_DE,2032,0.0302165136658723,2.74079190248832,193.744747475276,26.6152509633037,0.000587949566929021,0.00957767665405925,0.129365286787496,1.39563403160971e-08,3.98315584844442e-08,0.12451054482793,22.9655951587383,1.85812250777705e-05,2.54616580387396e-07,3.63888677202045e-07,0.0288392595160317,0.840198118053553
dortmund_DE,2042,0.0302165136658723,2.74079190248832,193.744747475276,26.6152509633037,0.000587949566929021,0.00957767665405925,0.129365286787496,1.39563403160971e-08,3.98315584844442e-08,0.12451054482793,22.9655951587383,1.85812250777705e-05,2.54616580387396e-07,3.63888677202045e-07,0.0288392595160317,0.840198118053553
dortmund_DE,2034,0.0302165136658723,2.74079190248832,193.744747475276,26.6152509633037,0.000587949566929021,0.00957767665405925,0.129365286787496,1.39563403160971e-08,3.98315584844442e-08,0.12451054482793,22.9655951587383,1.85812250777705e-05,2.54616580387396e-07,3.63888677202045e-07,0.0288392595160317,0.840198118053553
dortmund_DE,2035,0.0302165136658723,2.74079190248832,193.744747475276,26.6152509633037,0.000587949566929021,0.00957767665405925,0.129365286787496,1.39563403160971e-08,3.98315584844442e-08,0.12451054482793,22.9655951587383,1.85812250777705e-05,2.54616580387396e-07,3.63888677202045e-07,0.0288392595160317,0.840198118053553
dortmund_DE,2036,0.0302165136658723,2.74079190248832,193.744747475276,26.6152509633037,0.000587949566929021,0.00957767665405925,0.129365286787496,1.39563403160971e-08,3.98315584844442e-08,0.12451054482793,22.9655951587383,1.85812250777705e-05,2.54616580387396e-07,3.63888677202045e-07,0.0288392595160317,0.840198118053553
dortmund_DE,2037,0.0302165136658723,2.74079190248832,193.744747475276,26.6152509633037,0.000587949566929021,0.00957767665405925,0.129365286787496,1.39563403160971e-08,3.98315584844442e-08,0.12451054482793,22.9655951587383,1.85812250777705e-05,2.54616580387396e-07,3.63888677202045e-07,0.0288392595160317,0.840198118053553
dortmund_DE,2038,0.0302165136658723,2.74079190248832,193.744747475276,26.6152509633037,0.000587949566929021,0.00957767665405925,0.129365286787496,1.39563403160971e-08,3.98315584844442e-08,0.12451054482793,22.9655951587383,1.85812250777705e-05,2.54616580387396e-07,3.63888677202045e-07,0.0288392595160317,0.840198118053553
dortmund_DE,2039,0.0302165136658723,2.74079190248832,193.744747475276,26.6152509633037,0.000587949566929021,0.00957767665405925,0.129365286787496,1.39563403160971e-08,3.98315584844442e-08,0.12451054482793,22.9655951587383,1.85812250777705e-05,2.54616580387396e-07,3.63888677202045e-07,0.0288392595160317,0.840198118053553
dortmund_DE,2040,0.0302165136658723,2.74079190248832,193.744747475276,26.6152509633037,0.000587949566929021,0.00957767665405925,0.129365286787496,1.39563403160971e-08,3.98315584844442e-08,0.12451054482793,22.9655951587383,1.85812250777705e-05,2.54616580387396e-07,3.63888677202045e-07,0.0288392595160317,0.840198118053553
dortmund_DE,2033,0.0302165136658723,2.74079190248832,193.744747475276,26.6152509633037,0.000587949566929021,0.00957767665405925,0.129365286787496,1.39563403160971e-08,3.98315584844442e-08,0.12451054482793,22.9655951587383,1.85812250777705e-05,2.54616580387396e-07,3.63888677202045e-07,0.0288392595160317,0.840198118053553
duisburg_DE,2045,0.0302165136658723,2.74079190248832,193.744747475276,26.6152509633037,0.000587949566929021,0.00957767665405925,0.129365286787496,1.39563403160971e-08,3.98315584844442e-08,0.12451054482793,22.9655951587383,1.85812250777705e-05,2.54616580387396e-07,3.63888677202045e-07,0.0288392595160317,0.840198118053553
duisburg_DE,2046,0.0302165136658723,2.74079190248832,193.744747475276,26.6152509633037,0.000587949566929021,0.00957767665405925,0.129365286787496,1.39563403160971e-08,3.98315584844442e-08,0.12451054482793,22.9655951587383,1.85812250777705e-05,2.54616580387396e-07,3.63888677202045e-07,0.0288392595160317,0.840198118053553
duisburg_DE,2047,0.0302165136658723,2.74079190248832,193.744747475276,26.6152509633037,0.000587949566929021,0.00957767665405925,0.129365286787496,1.39563403160971e-08,3.98315584844442e-08,0.12451054482793,22.9655951587383,1.85812250777705e-05,2.54616580387396e-07,3.63888677202045e-07,0.0288392595160317,0.840198118053553
duisburg_DE,2048,0.0302165136658723,2.74079190248832,193.744747475276,26.6152509633037,0.000587949566929021,0.00957767665405925,0.129365286787496,1.39563403160971e-08,3.98315584844442e-08,0.12451054482793,22.9655951587383,1.85812250777705e-05,2.54616580387396e-07,3.63888677202045e-07,0.0288392595160317,0.840198118053553
duisburg_DE,2049,0.0302165136658723,2.74079190248832,193.744747475276,26.6152509633037,0.000587949566929021,0.00957767665405925,0.129365286787496,1.39563403160971e-08,3.98315584844442e-08,0.12451054482793,22.9655951587383,1.85812250777705e-05,2.54616580387396e-07,3.63888677202045e-07,0.0288392595160317,0.840198118053553
duisburg_DE,2050,0.0302165136658723,2.74079190248832,193.744747475276,26.6152509633037,0.000587949566929021,0.00957767665405925,0.129365286787496,1.39563403160971e-08,3.98315584844442e-08,0.12451054482793,22.9655951587383,1.85812250777705e-05,2.54616580387396e-07,3.63888677202045e-07,0.0288392595160317,0.840198118053553
duisburg_DE,2051,0.0302165136658723,2.74079190248832,193.744747475276,26.6152509633037,0.000587949566929021,0.00957767665405925,0.129365286787496,1.39563403160971e-08,3.98315584844442e-08,0.12451054482793,22.9655951587383,1.85812250777705e-05,2.54616580387396e-07,3.63888677202045e-07,0.0288392595160317,0.840198118053553
duisburg_DE,2055,0.0302165136658723,2.74079190248832,193.744747475276,26.6152509633037,0.000587949566929021,0.00957767665405925,0.129365286787496,1.39563403160971e-08,3.98315584844442e-08,0.12451054482793,22.9655951587383,1.85812250777705e-05,2.54616580387396e-07,3.63888677202045e-07,0.0288392595160317,0.840198118053553
duisburg_DE,2053,0.0302165136658723,2.74079190248832,193.744747475276,26.6152509633037,0.000587949566929021,0.00957767665405925,0.129365286787496,1.39563403160971e-08,3.98315584844442e-08,0.12451054482793,22.9655951587383,1.85812250777705e-05,2.54616580387396e-07,3.63888677202045e-07,0.0288392595160317,0.840198118053553
duisburg_DE,2054,0.0302165136658723,2.74079190248832,193.744747475276,26.6152509633037,0.000587949566929021,0.00957767665405925,0.129365286787496,1.39563403160971e-08,3.98315584844442e-08,0.12451054482793,22.9655951587383,1.85812250777705e-05,2.54616580387396e-07,3.63888677202045e-07,0.0288392595160317,0.840198118053553
duisburg_DE,2056,0.0302165136658723,2.74079190248832,193.744747475276,26.6152509633037,0.000587949566929021,0.00957767665405925,0.129365286787496,1.39563403160971e-08,3.98315584844442e-08,0.12451054482793,22.9655951587383,1.85812250777705e-05,2.54616580387396e-07,3.63888677202045e-07,0.0288392595160317,0.840198118053553
duisburg_DE,2057,0.0302165136658723,2.74079190248832,193.744747475276,26.6152509633037,0.000587949566929021,0.00957767665405925,0.129365286787496,1.39563403160971e-08,3.98315584844442e-08,0.12451054482793,22.9655951587383,1.85812250777705e-05,2.54616580387396e-07,3.63888677202045e-07,0.0288392595160317,0.840198118053553
duisburg_DE,2058,0.0302165136658723,2.74079190248832,193.744747475276,26.6152509633037,0.000587949566929021,0.00957767665405925,0.129365286787496,1.39563403160971e-08,3.98315584844442e-08,0.12451054482793,22.9655951587383,1.85812250777705e-05,2.54616580387396e-07,3.63888677202045e-07,0.0288392595160317,0.840198118053553
duisburg_DE,2059,0.0302165136658723,2.74079190248832,193.744747475276,26.6152509633037,0.000587949566929021,0.00957767665405925,0.129365286787496,1.39563403160971e-08,3.98315584844442e-08,0.12451054482793,22.9655951587383,1.85812250777705e-05,2.54616580387396e-07,3.63888677202045e-07,0.0288392595160317,0.840198118053553
duisburg_DE,2044,0.0302165136658723,2.74079190248832,193.744747475276,26.6152509633037,0.000587949566929021,0.00957767665405925,0.129365286787496,1.39563403160971e-08,3.98315584844442e-08,0.12451054482793,22.9655951587383,1.85812250777705e-05,2.54616580387396e-07,3.63888677202045e-07,0.0288392595160317,0.840198118053553
duisburg_DE,2052,0.0302165136658723,2.74079190248832,193.744747475276,26.6152509633037,0.000587949566929021,0.00957767665405925,0.129365286787496,1.39563403160971e-08,3.98315584844442e-08,0.12451054482793,22.9655951587383,1.85812250777705e-05,2.54616580387396e-07,3.63888677202045e-07,0.0288392595160317,0.840198118053553
duisburg_DE,2060,0.0302165136658723,2.74079190248832,193.744747475276,26.6152509633037,0.000587949566929021,0.00957767665405925,0.129365286787496,1.39563403160971e-08,3.98315584844442e-08,0.12451054482793,22.9655951587383,1.85812250777705e-05,2.54616580387396e-07,3.63888677202045e-07,0.0288392595160317,0.840198118053553
duisburg_DE,2043,0.0302165136658723,2.74079190248832,193.744747475276,26.6152509633037,0.000587949566929021,0.00957767665405925,0.129365286787496,1.39563403160971e-08,3.98315584844442e-08,0.12451054482793,22.9655951587383,1.85812250777705e-05,2.54616580387396e-07,3.63888677202045e-07,0.0288392595160317,0.840198118053553
duisburg_DE,2041,0.0302165136658723,2.74079190248832,193.744747475276,26.6152509633037,0.000587949566929021,0.00957767665405925,0.129365286787496,1.39563403160971e-08,3.98315584844442e-08,0.12451054482793,22.9655951587383,1.85812250777705e-05,2.54616580387396e-07,3.63888677202045e-07,0.0288392595160317,0.840198118053553
duisburg_DE,2025,0.0302165136658723,2.74079190248832,193.744747475276,26.6152509633037,0.000587949566929021,0.00957767665405925,0.129365286787496,1.39563403160971e-08,3.98315584844442e-08,0.12451054482793,22.9655951587383,1.85812250777705e-05,2.54616580387396e-07,3.63888677202045e-07,0.0288392595160317,0.840198118053553
duisburg_DE,2026,0.0302165136658723,2.74079190248832,193.744747475276,26.6152509633037,0.000587949566929021,0.00957767665405925,0.129365286787496,1.39563403160971e-08,3.98315584844442e-08,0.12451054482793,22.9655951587383,1.85812250777705e-05,2.54616580387396e-07,3.63888677202045e-07,0.0288392595160317,0.840198118053553
duisburg_DE,2027,0.0302165136658723,2.74079190248832,193.744747475276,26.6152509633037,0.000587949566929021,0.00957767665405925,0.129365286787496,1.39563403160971e-08,3.98315584844442e-08,0.12451054482793,22.9655951587383,1.85812250777705e-05,2.54616580387396e-07,3.63888677202045e-07,0.0288392595160317,0.840198118053553
duisburg_DE,2028,0.0302165136658723,2.74079190248832,193.744747475276,26.6152509633037,0.000587949566929021,0.00957767665405925,0.129365286787496,1.39563403160971e-08,3.98315584844442e-08,0.12451054482793,22.9655951587383,1.85812250777705e-05,2.54616580387396e-07,3.63888677202045e-07,0.0288392595160317,0.840198118053553
duisburg_DE,2029,0.0302165136658723,2.74079190248832,193.744747475276,26.6152509633037,0.000587949566929021,0.00957767665405925,0.129365286787496,1.39563403160971e-08,3.98315584844442e-08,0.12451054482793,22.9655951587383,1.85812250777705e-05,2.54616580387396e-07,3.63888677202045e-07,0.0288392595160317,0.840198118053553
duisburg_DE,2030,0.0302165136658723,2.74079190248832,193.744747475276,26.6152509633037,0.000587949566929021,0.00957767665405925,0.129365286787496,1.39563403160971e-08,3.98315584844442e-08,0.12451054482793,22.9655951587383,1.85812250777705e-05,2.54616580387396e-07,3.63888677202045e-07,0.0288392595160317,0.840198118053553
duisburg_DE,2031,0.0302165136658723,2.74079190248832,193.744747475276,26.6152509633037,0.000587949566929021,0.00957767665405925,0.129365286787496,1.39563403160971e-08,3.98315584844442e-08,0.12451054482793,22.9655951587383,1.85812250777705e-05,2.54616580387396e-07,3.63888677202045e-07,0.0288392595160317,0.840198118053553
duisburg_DE,2032,0.0302165136658723,2.74079190248832,193.744747475276,26.6152509633037,0.000587949566929021,0.00957767665405925,0.129365286787496,1.39563403160971e-08,3.98315584844442e-08,0.12451054482793,22.9655951587383,1.85812250777705e-05,2.54616580387396e-07,3.63888677202045e-07,0.0288392595160317,0.840198118053553
duisburg_DE,2042,0.0302165136658723,2.74079190248832,193.744747475276,26.6152509633037,0.000587949566929021,0.00957767665405925,0.129365286787496,1.39563403160971e-08,3.98315584844442e-08,0.12451054482793,22.9655951587383,1.85812250777705e-05,2.54616580387396e-07,3.63888677202045e-07,0.0288392595160317,0.840198118053553
duisburg_DE,2034,0.0302165136658723,2.74079190248832,193.744747475276,26.6152509633037,0.000587949566929021,0.00957767665405925,0.129365286787496,1.39563403160971e-08,3.98315584844442e-08,0.12451054482793,22.9655951587383,1.85812250777705e-05,2.54616580387396e-07,3.63888677202045e-07,0.0288392595160317,0.840198118053553
duisburg_DE,2035,0.0302165136658723,2.74079190248832,193.744747475276,26.6152509633037,0.000587949566929021,0.00957767665405925,0.129365286787496,1.39563403160971e-08,3.98315584844442e-08,0.12451054482793,22.9655951587383,1.85812250777705e-05,2.54616580387396e-07,3.63888677202045e-07,0.0288392595160317,0.840198118053553
duisburg_DE,2036,0.0302165136658723,2.74079190248832,193.744747475276,26.6152509633037,0.000587949566929021,0.00957767665405925,0.129365286787496,1.39563403160971e-08,3.98315584844442e-08,0.12451054482793,22.9655951587383,1.85812250777705e-05,2.54616580387396e-07,3.63888677202045e-07,0.0288392595160317,0.840198118053553
duisburg_DE,2037,0.0302165136658723,2.74079190248832,193.744747475276,26.6152509633037,0.000587949566929021,0.00957767665405925,0.129365286787496,1.39563403160971e-08,3.98315584844442e-08,0.12451054482793,22.9655951587383,1.85812250777705e-05,2.54616580387396e-07,3.63888677202045e-07,0.0288392595160317,0.840198118053553
duisburg_DE,2038,0.0302165136658723,2.74079190248832,193.744747475276,26.6152509633037,0.000587949566929021,0.00957767665405925,0.129365286787496,1.39563403160971e-08,3.98315584844442e-08,0.12451054482793,22.9655951587383,1.85812250777705e-05,2.54616580387396e-07,3.63888677202045e-07,0.0288392595160317,0.840198118053553
duisburg_DE,2039,0.0302165136658723,2.74079190248832,193.744747475276,26.6152509633037,0.000587949566929021,0.00957767665405925,0.129365286787496,1.39563403160971e-08,3.98315584844442e-08,0.12451054482793,22.9655951587383,1.85812250777705e-05,2.54616580387396e-07,3.63888677202045e-07,0.0288392595160317,0.840198118053553
duisburg_DE,2040,0.0302165136658723,2.74079190248832,193.744747475276,26.6152509633037,0.000587949566929021,0.00957767665405925,0.129365286787496,1.39563403160971e-08,3.98315584844442e-08,0.12451054482793,22.9655951587383,1.85812250777705e-05,2.54616580387396e-07,3.63888677202045e-07,0.0288392595160317,0.840198118053553
duisburg_DE,2033,0.0302165136658723,2.74079190248832,193.744747475276,26.6152509633037,0.000587949566929021,0.00957767665405925,0.129365286787496,1.39563403160971e-08,3.98315584844442e-08,0.12451054482793,22.9655951587383,1.85812250777705e-05,2.54616580387396e-07,3.63888677202045e-07,0.0288392595160317,0.840198118053553
emmerich_DE,2044,0.0302165136658723,2.74079190248832,193.744747475276,26.6152509633037,0.000587949566929021,0.00957767665405925,0.129365286787496,1.39563403160971e-08,3.98315584844442e-08,0.12451054482793,22.9655951587383,1.85812250777705e-05,2.54616580387396e-07,3.63888677202045e-07,0.0288392595160317,0.840198118053553
emmerich_DE,2045,0.0302165136658723,2.74079190248832,193.744747475276,26.6152509633037,0.000587949566929021,0.00957767665405925,0.129365286787496,1.39563403160971e-08,3.98315584844442e-08,0.12451054482793,22.9655951587383,1.85812250777705e-05,2.54616580387396e-07,3.63888677202045e-07,0.0288392595160317,0.840198118053553
emmerich_DE,2046,0.0302165136658723,2.74079190248832,193.744747475276,26.6152509633037,0.000587949566929021,0.00957767665405925,0.129365286787496,1.39563403160971e-08,3.98315584844442e-08,0.12451054482793,22.9655951587383,1.85812250777705e-05,2.54616580387396e-07,3.63888677202045e-07,0.0288392595160317,0.840198118053553
emmerich_DE,2047,0.0302165136658723,2.74079190248832,193.744747475276,26.6152509633037,0.000587949566929021,0.00957767665405925,0.129365286787496,1.39563403160971e-08,3.98315584844442e-08,0.12451054482793,22.9655951587383,1.85812250777705e-05,2.54616580387396e-07,3.63888677202045e-07,0.0288392595160317,0.840198118053553
emmerich_DE,2048,0.0302165136658723,2.74079190248832,193.744747475276,26.6152509633037,0.000587949566929021,0.00957767665405925,0.129365286787496,1.39563403160971e-08,3.98315584844442e-08,0.12451054482793,22.9655951587383,1.85812250777705e-05,2.54616580387396e-07,3.63888677202045e-07,0.0288392595160317,0.840198118053553
emmerich_DE,2049,0.0302165136658723,2.74079190248832,193.744747475276,26.6152509633037,0.000587949566929021,0.00957767665405925,0.129365286787496,1.39563403160971e-08,3.98315584844442e-08,0.12451054482793,22.9655951587383,1.85812250777705e-05,2.54616580387396e-07,3.63888677202045e-07,0.0288392595160317,0.840198118053553
emmerich_DE,2050,0.0302165136658723,2.74079190248832,193.744747475276,26.6152509633037,0.000587949566929021,0.00957767665405925,0.129365286787496,1.39563403160971e-08,3.98315584844442e-08,0.12451054482793,22.9655951587383,1.85812250777705e-05,2.54616580387396e-07,3.63888677202045e-07,0.0288392595160317,0.840198118053553
emmerich_DE,2051,0.0302165136658723,2.74079190248832,193.744747475276,26.6152509633037,0.000587949566929021,0.00957767665405925,0.129365286787496,1.39563403160971e-08,3.98315584844442e-08,0.12451054482793,22.9655951587383,1.85812250777705e-05,2.54616580387396e-07,3.63888677202045e-07,0.0288392595160317,0.840198118053553
emmerich_DE,2055,0.0302165136658723,2.74079190248832,193.744747475276,26.6152509633037,0.000587949566929021,0.00957767665405925,0.129365286787496,1.39563403160971e-08,3.98315584844442e-08,0.12451054482793,22.9655951587383,1.85812250777705e-05,2.54616580387396e-07,3.63888677202045e-07,0.0288392595160317,0.840198118053553
emmerich_DE,2053,0.0302165136658723,2.74079190248832,193.744747475276,26.6152509633037,0.000587949566929021,0.00957767665405925,0.129365286787496,1.39563403160971e-08,3.98315584844442e-08,0.12451054482793,22.9655951587383,1.85812250777705e-05,2.54616580387396e-07,3.63888677202045e-07,0.0288392595160317,0.840198118053553
emmerich_DE,2054,0.0302165136658723,2.74079190248832,193.744747475276,26.6152509633037,0.000587949566929021,0.00957767665405925,0.129365286787496,1.39563403160971e-08,3.98315584844442e-08,0.12451054482793,22.9655951587383,1.85812250777705e-05,2.54616580387396e-07,3.63888677202045e-07,0.0288392595160317,0.840198118053553
emmerich_DE,2056,0.0302165136658723,2.74079190248832,193.744747475276,26.6152509633037,0.000587949566929021,0.00957767665405925,0.129365286787496,1.39563403160971e-08,3.98315584844442e-08,0.12451054482793,22.9655951587383,1.85812250777705e-05,2.54616580387396e-07,3.63888677202045e-07,0.0288392595160317,0.840198118053553
emmerich_DE,2057,0.0302165136658723,2.74079190248832,193.744747475276,26.6152509633037,0.000587949566929021,0.00957767665405925,0.129365286787496,1.39563403160971e-08,3.98315584844442e-08,0.12451054482793,22.9655951587383,1.85812250777705e-05,2.54616580387396e-07,3.63888677202045e-07,0.0288392595160317,0.840198118053553
emmerich_DE,2058,0.0302165136658723,2.74079190248832,193.744747475276,26.6152509633037,0.000587949566929021,0.00957767665405925,0.129365286787496,1.39563403160971e-08,3.98315584844442e-08,0.12451054482793,22.9655951587383,1.85812250777705e-05,2.54616580387396e-07,3.63888677202045e-07,0.0288392595160317,0.840198118053553
emmerich_DE,2059,0.0302165136658723,2.74079190248832,193.744747475276,26.6152509633037,0.000587949566929021,0.00957767665405925,0.129365286787496,1.39563403160971e-08,3.98315584844442e-08,0.12451054482793,22.9655951587383,1.85812250777705e-05,2.54616580387396e-07,3.63888677202045e-07,0.0288392595160317,0.840198118053553
emmerich_DE,2043,0.0302165136658723,2.74079190248832,193.744747475276,26.6152509633037,0.000587949566929021,0.00957767665405925,0.129365286787496,1.39563403160971e-08,3.98315584844442e-08,0.12451054482793,22.9655951587383,1.85812250777705e-05,2.54616580387396e-07,3.63888677202045e-07,0.0288392595160317,0.840198118053553
emmerich_DE,2052,0.0302165136658723,2.74079190248832,193.744747475276,26.6152509633037,0.000587949566929021,0.00957767665405925,0.129365286787496,1.39563403160971e-08,3.98315584844442e-08,0.12451054482793,22.9655951587383,1.85812250777705e-05,2.54616580387396e-07,3.63888677202045e-07,0.0288392595160317,0.840198118053553
emmerich_DE,2060,0.0302165136658723,2.74079190248832,193.744747475276,26.6152509633037,0.000587949566929021,0.00957767665405925,0.129365286787496,1.39563403160971e-08,3.98315584844442e-08,0.12451054482793,22.9655951587383,1.85812250777705e-05,2.54616580387396e-07,3.63888677202045e-07,0.0288392595160317,0.840198118053553
emmerich_DE,2042,0.0302165136658723,2.74079190248832,193.744747475276,26.6152509633037,0.000587949566929021,0.00957767665405925,0.129365286787496,1.39563403160971e-08,3.98315584844442e-08,0.12451054482793,22.9655951587383,1.85812250777705e-05,2.54616580387396e-07,3.63888677202045e-07,0.0288392595160317,0.840198118053553
emmerich_DE,2040,0.0302165136658723,2.74079190248832,193.744747475276,26.6152509633037,0.000587949566929021,0.00957767665405925,0.129365286787496,1.39563403160971e-08,3.98315584844442e-08,0.12451054482793,22.9655951587383,1.85812250777705e-05,2.54616580387396e-07,3.63888677202045e-07,0.0288392595160317,0.840198118053553
emmerich_DE,2041,0.0302165136658723,2.74079190248832,193.744747475276,26.6152509633037,0.000587949566929021,0.00957767665405925,0.129365286787496,1.39563403160971e-08,3.98315584844442e-08,0.12451054482793,22.9655951587383,1.85812250777705e-05,2.54616580387396e-07,3.63888677202045e-07,0.0288392595160317,0.840198118053553
emmerich_DE,2025,0.0302165136658723,2.74079190248832,193.744747475276,26.6152509633037,0.000587949566929021,0.00957767665405925,0.129365286787496,1.39563403160971e-08,3.98315584844442e-08,0.12451054482793,22.9655951587383,1.85812250777705e-05,2.54616580387396e-07,3.63888677202045e-07,0.0288392595160317,0.840198118053553
emmerich_DE,2026,0.0302165136658723,2.74079190248832,193.744747475276,26.6152509633037,0.000587949566929021,0.00957767665405925,0.129365286787496,1.39563403160971e-08,3.98315584844442e-08,0.12451054482793,22.9655951587383,1.85812250777705e-05,2.54616580387396e-07,3.63888677202045e-07,0.0288392595160317,0.840198118053553
emmerich_DE,2027,0.0302165136658723,2.74079190248832,193.744747475276,26.6152509633037,0.000587949566929021,0.00957767665405925,0.129365286787496,1.39563403160971e-08,3.98315584844442e-08,0.12451054482793,22.9655951587383,1.85812250777705e-05,2.54616580387396e-07,3.63888677202045e-07,0.0288392595160317,0.840198118053553
emmerich_DE,2029,0.0302165136658723,2.74079190248832,193.744747475276,26.6152509633037,0.000587949566929021,0.00957767665405925,0.129365286787496,1.39563403160971e-08,3.98315584844442e-08,0.12451054482793,22.9655951587383,1.85812250777705e-05,2.54616580387396e-07,3.63888677202045e-07,0.0288392595160317,0.840198118053553
emmerich_DE,2030,0.0302165136658723,2.74079190248832,193.744747475276,26.6152509633037,0.000587949566929021,0.00957767665405925,0.129365286787496,1.39563403160971e-08,3.98315584844442e-08,0.12451054482793,22.9655951587383,1.85812250777705e-05,2.54616580387396e-07,3.63888677202045e-07,0.0288392595160317,0.840198118053553
emmerich_DE,2031,0.0302165136658723,2.74079190248832,193.744747475276,26.6152509633037,0.000587949566929021,0.00957767665405925,0.129365286787496,1.39563403160971e-08,3.98315584844442e-08,0.12451054482793,22.9655951587383,1.85812250777705e-05,2.54616580387396e-07,3.63888677202045e-07,0.0288392595160317,0.840198118053553
emmerich_DE,2028,0.0302165136658723,2.74079190248832,193.744747475276,26.6152509633037,0.000587949566929021,0.00957767665405925,0.129365286787496,1.39563403160971e-08,3.98315584844442e-08,0.12451054482793,22.9655951587383,1.85812250777705e-05,2.54616580387396e-07,3.63888677202045e-07,0.0288392595160317,0.840198118053553
emmerich_DE,2033,0.0302165136658723,2.74079190248832,193.744747475276,26.6152509633037,0.000587949566929021,0.00957767665405925,0.129365286787496,1.39563403160971e-08,3.98315584844442e-08,0.12451054482793,22.9655951587383,1.85812250777705e-05,2.54616580387396e-07,3.63888677202045e-07,0.0288392595160317,0.840198118053553
emmerich_DE,2034,0.0302165136658723,2.74079190248832,193.744747475276,26.6152509633037,0.000587949566929021,0.00957767665405925,0.129365286787496,1.39563403160971e-08,3.98315584844442e-08,0.12451054482793,22.9655951587383,1.85812250777705e-05,2.54616580387396e-07,3.63888677202045e-07,0.0288392595160317,0.840198118053553
emmerich_DE,2035,0.0302165136658723,2.74079190248832,193.744747475276,26.6152509633037,0.000587949566929021,0.00957767665405925,0.129365286787496,1.39563403160971e-08,3.98315584844442e-08,0.12451054482793,22.9655951587383,1.85812250777705e-05,2.54616580387396e-07,3.63888677202045e-07,0.0288392595160317,0.840198118053553
emmerich_DE,2036,0.0302165136658723,2.74079190248832,193.744747475276,26.6152509633037,0.000587949566929021,0.00957767665405925,0.129365286787496,1.39563403160971e-08,3.98315584844442e-08,0.12451054482793,22.9655951587383,1.85812250777705e-05,2.54616580387396e-07,3.63888677202045e-07,0.0288392595160317,0.840198118053553
emmerich_DE,2037,0.0302165136658723,2.74079190248832,193.744747475276,26.6152509633037,0.000587949566929021,0.00957767665405925,0.129365286787496,1.39563403160971e-08,3.98315584844442e-08,0.12451054482793,22.9655951587383,1.85812250777705e-05,2.54616580387396e-07,3.63888677202045e-07,0.0288392595160317,0.840198118053553
emmerich_DE,2038,0.0302165136658723,2.74079190248832,193.744747475276,26.6152509633037,0.000587949566929021,0.00957767665405925,0.129365286787496,1.39563403160971e-08,3.98315584844442e-08,0.12451054482793,22.9655951587383,1.85812250777705e-05,2.54616580387396e-07,3.63888677202045e-07,0.0288392595160317,0.840198118053553
emmerich_DE,2039,0.0302165136658723,2.74079190248832,193.744747475276,26.6152509633037,0.000587949566929021,0.00957767665405925,0.129365286787496,1.39563403160971e-08,3.98315584844442e-08,0.12451054482793,22.9655951587383,1.85812250777705e-05,2.54616580387396e-07,3.63888677202045e-07,0.0288392595160317,0.840198118053553
emmerich_DE,2032,0.0302165136658723,2.74079190248832,193.744747475276,26.6152509633037,0.000587949566929021,0.00957767665405925,0.129365286787496,1.39563403160971e-08,3.98315584844442e-08,0.12451054482793,22.9655951587383,1.85812250777705e-05,2.54616580387396e-07,3.63888677202045e-07,0.0288392595160317,0.840198118053553
energy_344_CH,2051,0.0302165136658723,2.74079190248832,193.744747475276,26.6152509633037,0.000587949566929021,0.00957767665405925,0.129365286787496,1.39563403160971e-08,3.98315584844442e-08,0.12451054482793,22.9655951587383,1.85812250777705e-05,2.54616580387396e-07,3.63888677202045e-07,0.0288392595160317,0.840198118053553
energy_344_CH,2045,0.0302165136658723,2.74079190248832,193.744747475276,26.6152509633037,0.000587949566929021,0.00957767665405925,0.129365286787496,1.39563403160971e-08,3.98315584844442e-08,0.12451054482793,22.9655951587383,1.85812250777705e-05,2.54616580387396e-07,3.63888677202045e-07,0.0288392595160317,0.840198118053553
energy_344_CH,2046,0.0302165136658723,2.74079190248832,193.744747475276,26.6152509633037,0.000587949566929021,0.00957767665405925,0.129365286787496,1.39563403160971e-08,3.98315584844442e-08,0.12451054482793,22.9655951587383,1.85812250777705e-05,2.54616580387396e-07,3.63888677202045e-07,0.0288392595160317,0.840198118053553
energy_344_CH,2047,0.0302165136658723,2.74079190248832,193.744747475276,26.6152509633037,0.000587949566929021,0.00957767665405925,0.129365286787496,1.39563403160971e-08,3.98315584844442e-08,0.12451054482793,22.9655951587383,1.85812250777705e-05,2.54616580387396e-07,3.63888677202045e-07,0.0288392595160317,0.840198118053553
energy_344_CH,2048,0.0302165136658723,2.74079190248832,193.744747475276,26.6152509633037,0.000587949566929021,0.00957767665405925,0.129365286787496,1.39563403160971e-08,3.98315584844442e-08,0.12451054482793,22.9655951587383,1.85812250777705e-05,2.54616580387396e-07,3.63888677202045e-07,0.0288392595160317,0.840198118053553
energy_344_CH,2049,0.0302165136658723,2.74079190248832,193.744747475276,26.6152509633037,0.000587949566929021,0.00957767665405925,0.129365286787496,1.39563403160971e-08,3.98315584844442e-08,0.12451054482793,22.9655951587383,1.85812250777705e-05,2.54616580387396e-07,3.63888677202045e-07,0.0288392595160317,0.840198118053553
energy_344_CH,2050,0.0302165136658723,2.74079190248832,193.744747475276,26.6152509633037,0.000587949566929021,0.00957767665405925,0.129365286787496,1.39563403160971e-08,3.98315584844442e-08,0.12451054482793,22.9655951587383,1.85812250777705e-05,2.54616580387396e-07,3.63888677202045e-07,0.0288392595160317,0.840198118053553
energy_344_CH,2052,0.0302165136658723,2.74079190248832,193.744747475276,26.6152509633037,0.000587949566929021,0.00957767665405925,0.129365286787496,1.39563403160971e-08,3.98315584844442e-08,0.12451054482793,22.9655951587383,1.85812250777705e-05,2.54616580387396e-07,3.63888677202045e-07,0.0288392595160317,0.840198118053553
energy_344_CH,2060,0.0302165136658723,2.74079190248832,193.744747475276,26.6152509633037,0.000587949566929021,0.00957767665405925,0.129365286787496,1.39563403160971e-08,3.98315584844442e-08,0.12451054482793,22.9655951587383,1.85812250777705e-05,2.54616580387396e-07,3.63888677202045e-07,0.0288392595160317,0.840198118053553
energy_344_CH,2054,0.0302165136658723,2.74079190248832,193.744747475276,26.6152509633037,0.000587949566929021,0.00957767665405925,0.129365286787496,1.39563403160971e-08,3.98315584844442e-08,0.12451054482793,22.9655951587383,1.85812250777705e-05,2.54616580387396e-07,3.63888677202045e-07,0.0288392595160317,0.840198118053553
energy_344_CH,2055,0.0302165136658723,2.74079190248832,193.744747475276,26.6152509633037,0.000587949566929021,0.00957767665405925,0.129365286787496,1.39563403160971e-08,3.98315584844442e-08,0.12451054482793,22.9655951587383,1.85812250777705e-05,2.54616580387396e-07,3.63888677202045e-07,0.0288392595160317,0.840198118053553
energy_344_CH,2056,0.0302165136658723,2.74079190248832,193.744747475276,26.6152509633037,0.000587949566929021,0.00957767665405925,0.129365286787496,1.39563403160971e-08,3.98315584844442e-08,0.12451054482793,22.9655951587383,1.85812250777705e-05,2.54616580387396e-07,3.63888677202045e-07,0.0288392595160317,0.840198118053553
energy_344_CH,2057,0.0302165136658723,2.74079190248832,193.744747475276,26.6152509633037,0.000587949566929021,0.00957767665405925,0.129365286787496,1.39563403160971e-08,3.98315584844442e-08,0.12451054482793,22.9655951587383,1.85812250777705e-05,2.54616580387396e-07,3.63888677202045e-07,0.0288392595160317,0.840198118053553
energy_344_CH,2058,0.0302165136658723,2.74079190248832,193.744747475276,26.6152509633037,0.000587949566929021,0.00957767665405925,0.129365286787496,1.39563403160971e-08,3.98315584844442e-08,0.12451054482793,22.9655951587383,1.85812250777705e-05,2.54616580387396e-07,3.63888677202045e-07,0.0288392595160317,0.840198118053553
energy_344_CH,2059,0.0302165136658723,2.74079190248832,193.744747475276,26.6152509633037,0.000587949566929021,0.00957767665405925,0.129365286787496,1.39563403160971e-08,3.98315584844442e-08,0.12451054482793,22.9655951587383,1.85812250777705e-05,2.54616580387396e-07,3.63888677202045e-07,0.0288392595160317,0.840198118053553
energy_344_CH,2044,0.0302165136658723,2.74079190248832,193.744747475276,26.6152509633037,0.000587949566929021,0.00957767665405925,0.129365286787496,1.39563403160971e-08,3.98315584844442e-08,0.12451054482793,22.9655951587383,1.85812250777705e-05,2.54616580387396e-07,3.63888677202045e-07,0.0288392595160317,0.840198118053553
energy_344_CH,2053,0.0302165136658723,2.74079190248832,193.744747475276,26.6152509633037,0.000587949566929021,0.00957767665405925,0.129365286787496,1.39563403160971e-08,3.98315584844442e-08,0.12451054482793,22.9655951587383,1.85812250777705e-05,2.54616580387396e-07,3.63888677202045e-07,0.0288392595160317,0.840198118053553
energy_344_CH,2043,0.0302165136658723,2.74079190248832,193.744747475276,26.6152509633037,0.000587949566929021,0.00957767665405925,0.129365286787496,1.39563403160971e-08,3.98315584844442e-08,0.12451054482793,22.9655951587383,1.85812250777705e-05,2.54616580387396e-07,3.63888677202045e-07,0.0288392595160317,0.840198118053553
energy_344_CH,2033,0.0302165136658723,2.74079190248832,193.744747475276,26.6152509633037,0.000587949566929021,0.00957767665405925,0.129365286787496,1.39563403160971e-08,3.98315584844442e-08,0.12451054482793,22.9655951587383,1.85812250777705e-05,2.54616580387396e-07,3.63888677202045e-07,0.0288392595160317,0.840198118053553
energy_344_CH,2041,0.0302165136658723,2.74079190248832,193.744747475276,26.6152509633037,0.000587949566929021,0.00957767665405925,0.129365286787496,1.39563403160971e-08,3.98315584844442e-08,0.12451054482793,22.9655951587383,1.85812250777705e-05,2.54616580387396e-07,3.63888677202045e-07,0.0288392595160317,0.840198118053553
energy_344_CH,2026,0.0302165136658723,2.74079190248832,193.744747475276,26.6152509633037,0.000587949566929021,0.00957767665405925,0.129365286787496,1.39563403160971e-08,3.98315584844442e-08,0.12451054482793,22.9655951587383,1.85812250777705e-05,2.54616580387396e-07,3.63888677202045e-07,0.0288392595160317,0.840198118053553
energy_344_CH,2027,0.0302165136658723,2.74079190248832,193.744747475276,26.6152509633037,0.000587949566929021,0.00957767665405925,0.129365286787496,1.39563403160971e-08,3.98315584844442e-08,0.12451054482793,22.9655951587383,1.85812250777705e-05,2.54616580387396e-07,3.63888677202045e-07,0.0288392595160317,0.840198118053553
energy_344_CH,2028,0.0302165136658723,2.74079190248832,193.744747475276,26.6152509633037,0.000587949566929021,0.00957767665405925,0.129365286787496,1.39563403160971e-08,3.98315584844442e-08,0.12451054482793,22.9655951587383,1.85812250777705e-05,2.54616580387396e-07,3.63888677202045e-07,0.0288392595160317,0.840198118053553
energy_344_CH,2029,0.0302165136658723,2.74079190248832,193.744747475276,26.6152509633037,0.000587949566929021,0.00957767665405925,0.129365286787496,1.39563403160971e-08,3.98315584844442e-08,0.12451054482793,22.9655951587383,1.85812250777705e-05,2.54616580387396e-07,3.63888677202045e-07,0.0288392595160317,0.840198118053553
energy_344_CH,2030,0.0302165136658723,2.74079190248832,193.744747475276,26.6152509633037,0.000587949566929021,0.00957767665405925,0.129365286787496,1.39563403160971e-08,3.98315584844442e-08,0.12451054482793,22.9655951587383,1.85812250777705e-05,2.54616580387396e-07,3.63888677202045e-07,0.0288392595160317,0.840198118053553
energy_344_CH,2031,0.0302165136658723,2.74079190248832,193.744747475276,26.6152509633037,0.000587949566929021,0.00957767665405925,0.129365286787496,1.39563403160971e-08,3.98315584844442e-08,0.12451054482793,22.9655951587383,1.85812250777705e-05,2.54616580387396e-07,3.63888677202045e-07,0.0288392595160317,0.840198118053553
energy_344_CH,2032,0.0302165136658723,2.74079190248832,193.744747475276,26.6152509633037,0.000587949566929021,0.00957767665405925,0.129365286787496,1.39563403160971e-08,3.98315584844442e-08,0.12451054482793,22.9655951587383,1.85812250777705e-05,2.54616580387396e-07,3.63888677202045e-07,0.0288392595160317,0.840198118053553
energy_344_CH,2025,0.0302165136658723,2.74079190248832,193.744747475276,26.6152509633037,0.000587949566929021,0.00957767665405925,0.129365286787496,1.39563403160971e-08,3.98315584844442e-08,0.12451054482793,22.9655951587383,1.85812250777705e-05,2.54616580387396e-07,3.63888677202045e-07,0.0288392595160317,0.840198118053553
energy_344_CH,2034,0.0302165136658723,2.74079190248832,193.744747475276,26.6152509633037,0.000587949566929021,0.00957767665405925,0.129365286787496,1.39563403160971e-08,3.98315584844442e-08,0.12451054482793,22.9655951587383,1.85812250777705e-05,2.54616580387396e-07,3.63888677202045e-07,0.0288392595160317,0.840198118053553
energy_344_CH,2035,0.0302165136658723,2.74079190248832,193.744747475276,26.6152509633037,0.000587949566929021,0.00957767665405925,0.129365286787496,1.39563403160971e-08,3.98315584844442e-08,0.12451054482793,22.9655951587383,1.85812250777705e-05,2.54616580387396e-07,3.63888677202045e-07,0.0288392595160317,0.840198118053553
energy_344_CH,2036,0.0302165136658723,2.74079190248832,193.744747475276,26.6152509633037,0.000587949566929021,0.00957767665405925,0.129365286787496,1.39563403160971e-08,3.98315584844442e-08,0.12451054482793,22.9655951587383,1.85812250777705e-05,2.54616580387396e-07,3.63888677202045e-07,0.0288392595160317,0.840198118053553
energy_344_CH,2037,0.0302165136658723,2.74079190248832,193.744747475276,26.6152509633037,0.000587949566929021,0.00957767665405925,0.129365286787496,1.39563403160971e-08,3.98315584844442e-08,0.12451054482793,22.9655951587383,1.85812250777705e-05,2.54616580387396e-07,3.63888677202045e-07,0.0288392595160317,0.840198118053553
energy_344_CH,2038,0.0302165136658723,2.74079190248832,193.744747475276,26.6152509633037,0.000587949566929021,0.00957767665405925,0.129365286787496,1.39563403160971e-08,3.98315584844442e-08,0.12451054482793,22.9655951587383,1.85812250777705e-05,2.54616580387396e-07,3.63888677202045e-07,0.0288392595160317,0.840198118053553
energy_344_CH,2039,0.0302165136658723,2.74079190248832,193.744747475276,26.6152509633037,0.000587949566929021,0.00957767665405925,0.129365286787496,1.39563403160971e-08,3.98315584844442e-08,0.12451054482793,22.9655951587383,1.85812250777705e-05,2.54616580387396e-07,3.63888677202045e-07,0.0288392595160317,0.840198118053553
energy_344_CH,2040,0.0302165136658723,2.74079190248832,193.744747475276,26.6152509633037,0.000587949566929021,0.00957767665405925,0.129365286787496,1.39563403160971e-08,3.98315584844442e-08,0.12451054482793,22.9655951587383,1.85812250777705e-05,2.54616580387396e-07,3.63888677202045e-07,0.0288392595160317,0.840198118053553
energy_344_CH,2042,0.0302165136658723,2.74079190248832,193.744747475276,26.6152509633037,0.000587949566929021,0.00957767665405925,0.129365286787496,1.39563403160971e-08,3.98315584844442e-08,0.12451054482793,22.9655951587383,1.85812250777705e-05,2.54616580387396e-07,3.63888677202045e-07,0.0288392595160317,0.840198118053553
energy_382_CH,2046,0.0302165136658723,2.74079190248832,193.744747475276,26.6152509633037,0.000587949566929021,0.00957767665405925,0.129365286787496,1.39563403160971e-08,3.98315584844442e-08,0.12451054482793,22.9655951587383,1.85812250777705e-05,2.54616580387396e-07,3.63888677202045e-07,0.0288392595160317,0.840198118053553
energy_382_CH,2047,0.0302165136658723,2.74079190248832,193.744747475276,26.6152509633037,0.000587949566929021,0.00957767665405925,0.129365286787496,1.39563403160971e-08,3.98315584844442e-08,0.12451054482793,22.9655951587383,1.85812250777705e-05,2.54616580387396e-07,3.63888677202045e-07,0.0288392595160317,0.840198118053553
energy_382_CH,2048,0.0302165136658723,2.74079190248832,193.744747475276,26.6152509633037,0.000587949566929021,0.00957767665405925,0.129365286787496,1.39563403160971e-08,3.98315584844442e-08,0.12451054482793,22.9655951587383,1.85812250777705e-05,2.54616580387396e-07,3.63888677202045e-07,0.0288392595160317,0.840198118053553
energy_382_CH,2049,0.0302165136658723,2.74079190248832,193.744747475276,26.6152509633037,0.000587949566929021,0.00957767665405925,0.129365286787496,1.39563403160971e-08,3.98315584844442e-08,0.12451054482793,22.9655951587383,1.85812250777705e-05,2.54616580387396e-07,3.63888677202045e-07,0.0288392595160317,0.840198118053553
energy_382_CH,2050,0.0302165136658723,2.74079190248832,193.744747475276,26.6152509633037,0.000587949566929021,0.00957767665405925,0.129365286787496,1.39563403160971e-08,3.98315584844442e-08,0.12451054482793,22.9655951587383,1.85812250777705e-05,2.54616580387396e-07,3.63888677202045e-07,0.0288392595160317,0.840198118053553
energy_382_CH,2051,0.0302165136658723,2.74079190248832,193.744747475276,26.6152509633037,0.000587949566929021,0.00957767665405925,0.129365286787496,1.39563403160971e-08,3.98315584844442e-08,0.12451054482793,22.9655951587383,1.85812250777705e-05,2.54616580387396e-07,3.63888677202045e-07,0.0288392595160317,0.840198118053553
energy_382_CH,2052,0.0302165136658723,2.74079190248832,193.744747475276,26.6152509633037,0.000587949566929021,0.00957767665405925,0.129365286787496,1.39563403160971e-08,3.98315584844442e-08,0.12451054482793,22.9655951587383,1.85812250777705e-05,2.54616580387396e-07,3.63888677202045e-07,0.0288392595160317,0.840198118053553
energy_382_CH,2056,0.0302165136658723,2.74079190248832,193.744747475276,26.6152509633037,0.000587949566929021,0.00957767665405925,0.129365286787496,1.39563403160971e-08,3.98315584844442e-08,0.12451054482793,22.9655951587383,1.85812250777705e-05,2.54616580387396e-07,3.63888677202045e-07,0.0288392595160317,0.840198118053553
energy_382_CH,2054,0.0302165136658723,2.74079190248832,193.744747475276,26.6152509633037,0.000587949566929021,0.00957767665405925,0.129365286787496,1.39563403160971e-08,3.98315584844442e-08,0.12451054482793,22.9655951587383,1.85812250777705e-05,2.54616580387396e-07,3.63888677202045e-07,0.0288392595160317,0.840198118053553
energy_382_CH,2055,0.0302165136658723,2.74079190248832,193.744747475276,26.6152509633037,0.000587949566929021,0.00957767665405925,0.129365286787496,1.39563403160971e-08,3.98315584844442e-08,0.12451054482793,22.9655951587383,1.85812250777705e-05,2.54616580387396e-07,3.63888677202045e-07,0.0288392595160317,0.840198118053553
energy_382_CH,2057,0.0302165136658723,2.74079190248832,193.744747475276,26.6152509633037,0.000587949566929021,0.00957767665405925,0.129365286787496,1.39563403160971e-08,3.98315584844442e-08,0.12451054482793,22.9655951587383,1.85812250777705e-05,2.54616580387396e-07,3.63888677202045e-07,0.0288392595160317,0.840198118053553
energy_382_CH,2058,0.0302165136658723,2.74079190248832,193.744747475276,26.6152509633037,0.000587949566929021,0.00957767665405925,0.129365286787496,1.39563403160971e-08,3.98315584844442e-08,0.12451054482793,22.9655951587383,1.85812250777705e-05,2.54616580387396e-07,3.63888677202045e-07,0.0288392595160317,0.840198118053553
energy_382_CH,2059,0.0302165136658723,2.74079190248832,193.744747475276,26.6152509633037,0.000587949566929021,0.00957767665405925,0.129365286787496,1.39563403160971e-08,3.98315584844442e-08,0.12451054482793,22.9655951587383,1.85812250777705e-05,2.54616580387396e-07,3.63888677202045e-07,0.0288392595160317,0.840198118053553
energy_382_CH,2060,0.0302165136658723,2.74079190248832,193.744747475276,26.6152509633037,0.000587949566929021,0.00957767665405925,0.129365286787496,1.39563403160971e-08,3.98315584844442e-08,0.12451054482793,22.9655951587383,1.85812250777705e-05,2.54616580387396e-07,3.63888677202045e-07,0.0288392595160317,0.840198118053553
energy_382_CH,2045,0.0302165136658723,2.74079190248832,193.744747475276,26.6152509633037,0.000587949566929021,0.00957767665405925,0.129365286787496,1.39563403160971e-08,3.98315584844442e-08,0.12451054482793,22.9655951587383,1.85812250777705e-05,2.54616580387396e-07,3.63888677202045e-07,0.0288392595160317,0.840198118053553
energy_382_CH,2053,0.0302165136658723,2.74079190248832,193.744747475276,26.6152509633037,0.000587949566929021,0.00957767665405925,0.129365286787496,1.39563403160971e-08,3.98315584844442e-08,0.12451054482793,22.9655951587383,1.85812250777705e-05,2.54616580387396e-07,3.63888677202045e-07,0.0288392595160317,0.840198118053553
energy_382_CH,2044,0.0302165136658723,2.74079190248832,193.744747475276,26.6152509633037,0.000587949566929021,0.00957767665405925,0.129365286787496,1.39563403160971e-08,3.98315584844442e-08,0.12451054482793,22.9655951587383,1.85812250777705e-05,2.54616580387396e-07,3.63888677202045e-07,0.0288392595160317,0.840198118053553
energy_382_CH,2043,0.0302165136658723,2.74079190248832,193.744747475276,26.6152509633037,0.000587949566929021,0.00957767665405925,0.129365286787496,1.39563403160971e-08,3.98315584844442e-08,0.12451054482793,22.9655951587383,1.85812250777705e-05,2.54616580387396e-07,3.63888677202045e-07,0.0288392595160317,0.840198118053553
energy_382_CH,2025,0.0302165136658723,2.74079190248832,193.744747475276,26.6152509633037,0.000587949566929021,0.00957767665405925,0.129365286787496,1.39563403160971e-08,3.98315584844442e-08,0.12451054482793,22.9655951587383,1.85812250777705e-05,2.54616580387396e-07,3.63888677202045e-07,0.0288392595160317,0.840198118053553
energy_382_CH,2042,0.0302165136658723,2.74079190248832,193.744747475276,26.6152509633037,0.000587949566929021,0.00957767665405925,0.129365286787496,1.39563403160971e-08,3.98315584844442e-08,0.12451054482793,22.9655951587383,1.85812250777705e-05,2.54616580387396e-07,3.63888677202045e-07,0.0288392595160317,0.840198118053553
energy_382_CH,2026,0.0302165136658723,2.74079190248832,193.744747475276,26.6152509633037,0.000587949566929021,0.00957767665405925,0.129365286787496,1.39563403160971e-08,3.98315584844442e-08,0.12451054482793,22.9655951587383,1.85812250777705e-05,2.54616580387396e-07,3.63888677202045e-07,0.0288392595160317,0.840198118053553
energy_382_CH,2027,0.0302165136658723,2.74079190248832,193.744747475276,26.6152509633037,0.000587949566929021,0.00957767665405925,0.129365286787496,1.39563403160971e-08,3.98315584844442e-08,0.12451054482793,22.9655951587383,1.85812250777705e-05,2.54616580387396e-07,3.63888677202045e-07,0.0288392595160317,0.840198118053553
energy_382_CH,2028,0.0302165136658723,2.74079190248832,193.744747475276,26.6152509633037,0.000587949566929021,0.00957767665405925,0.129365286787496,1.39563403160971e-08,3.98315584844442e-08,0.12451054482793,22.9655951587383,1.85812250777705e-05,2.54616580387396e-07,3.63888677202045e-07,0.0288392595160317,0.840198118053553
energy_382_CH,2029,0.0302165136658723,2.74079190248832,193.744747475276,26.6152509633037,0.000587949566929021,0.00957767665405925,0.129365286787496,1.39563403160971e-08,3.98315584844442e-08,0.12451054482793,22.9655951587383,1.85812250777705e-05,2.54616580387396e-07,3.63888677202045e-07,0.0288392595160317,0.840198118053553
energy_382_CH,2031,0.0302165136658723,2.74079190248832,193.744747475276,26.6152509633037,0.000587949566929021,0.00957767665405925,0.129365286787496,1.39563403160971e-08,3.98315584844442e-08,0.12451054482793,22.9655951587383,1.85812250777705e-05,2.54616580387396e-07,3.63888677202045e-07,0.0288392595160317,0.840198118053553
energy_382_CH,2032,0.0302165136658723,2.74079190248832,193.744747475276,26.6152509633037,0.000587949566929021,0.00957767665405925,0.129365286787496,1.39563403160971e-08,3.98315584844442e-08,0.12451054482793,22.9655951587383,1.85812250777705e-05,2.54616580387396e-07,3.63888677202045e-07,0.0288392595160317,0.840198118053553
energy_382_CH,2033,0.0302165136658723,2.74079190248832,193.744747475276,26.6152509633037,0.000587949566929021,0.00957767665405925,0.129365286787496,1.39563403160971e-08,3.98315584844442e-08,0.12451054482793,22.9655951587383,1.85812250777705e-05,2.54616580387396e-07,3.63888677202045e-07,0.0288392595160317,0.840198118053553
energy_382_CH,2030,0.0302165136658723,2.74079190248832,193.744747475276,26.6152509633037,0.000587949566929021,0.00957767665405925,0.129365286787496,1.39563403160971e-08,3.98315584844442e-08,0.12451054482793,22.9655951587383,1.85812250777705e-05,2.54616580387396e-07,3.63888677202045e-07,0.0288392595160317,0.840198118053553
energy_382_CH,2035,0.0302165136658723,2.74079190248832,193.744747475276,26.6152509633037,0.000587949566929021,0.00957767665405925,0.129365286787496,1.39563403160971e-08,3.98315584844442e-08,0.12451054482793,22.9655951587383,1.85812250777705e-05,2.54616580387396e-07,3.63888677202045e-07,0.0288392595160317,0.840198118053553
energy_382_CH,2036,0.0302165136658723,2.74079190248832,193.744747475276,26.6152509633037,0.000587949566929021,0.00957767665405925,0.129365286787496,1.39563403160971e-08,3.98315584844442e-08,0.12451054482793,22.9655951587383,1.85812250777705e-05,2.54616580387396e-07,3.63888677202045e-07,0.0288392595160317,0.840198118053553
energy_382_CH,2037,0.0302165136658723,2.74079190248832,193.744747475276,26.6152509633037,0.000587949566929021,0.00957767665405925,0.129365286787496,1.39563403160971e-08,3.98315584844442e-08,0.12451054482793,22.9655951587383,1.85812250777705e-05,2.54616580387396e-07,3.63888677202045e-07,0.0288392595160317,0.840198118053553
energy_382_CH,2038,0.0302165136658723,2.74079190248832,193.744747475276,26.6152509633037,0.000587949566929021,0.00957767665405925,0.129365286787496,1.39563403160971e-08,3.98315584844442e-08,0.12451054482793,22.9655951587383,1.85812250777705e-05,2.54616580387396e-07,3.63888677202045e-07,0.0288392595160317,0.840198118053553
energy_382_CH,2039,0.0302165136658723,2.74079190248832,193.744747475276,26.6152509633037,0.000587949566929021,0.00957767665405925,0.129365286787496,1.39563403160971e-08,3.98315584844442e-08,0.12451054482793,22.9655951587383,1.85812250777705e-05,2.54616580387396e-07,3.63888677202045e-07,0.0288392595160317,0.840198118053553
energy_382_CH,2040,0.0302165136658723,2.74079190248832,193.744747475276,26.6152509633037,0.000587949566929021,0.00957767665405925,0.129365286787496,1.39563403160971e-08,3.98315584844442e-08,0.12451054482793,22.9655951587383,1.85812250777705e-05,2.54616580387396e-07,3.63888677202045e-07,0.0288392595160317,0.840198118053553
energy_382_CH,2041,0.0302165136658723,2.74079190248832,193.744747475276,26.6152509633037,0.000587949566929021,0.00957767665405925,0.129365286787496,1.39563403160971e-08,3.98315584844442e-08,0.12451054482793,22.9655951587383,1.85812250777705e-05,2.54616580387396e-07,3.63888677202045e-07,0.0288392595160317,0.840198118053553
energy_382_CH,2034,0.0302165136658723,2.74079190248832,193.744747475276,26.6152509633037,0.000587949566929021,0.00957767665405925,0.129365286787496,1.39563403160971e-08,3.98315584844442e-08,0.12451054482793,22.9655951587383,1.85812250777705e-05,2.54616580387396e-07,3.63888677202045e-07,0.0288392595160317,0.840198118053553
gernsheim_DE,2051,0.0302165136658723,2.74079190248832,193.744747475276,26.6152509633037,0.000587949566929021,0.00957767665405925,0.129365286787496,1.39563403160971e-08,3.98315584844442e-08,0.12451054482793,22.9655951587383,1.85812250777705e-05,2.54616580387396e-07,3.63888677202045e-07,0.0288392595160317,0.840198118053553
gernsheim_DE,2045,0.0302165136658723,2.74079190248832,193.744747475276,26.6152509633037,0.000587949566929021,0.00957767665405925,0.129365286787496,1.39563403160971e-08,3.98315584844442e-08,0.12451054482793,22.9655951587383,1.85812250777705e-05,2.54616580387396e-07,3.63888677202045e-07,0.0288392595160317,0.840198118053553
gernsheim_DE,2046,0.0302165136658723,2.74079190248832,193.744747475276,26.6152509633037,0.000587949566929021,0.00957767665405925,0.129365286787496,1.39563403160971e-08,3.98315584844442e-08,0.12451054482793,22.9655951587383,1.85812250777705e-05,2.54616580387396e-07,3.63888677202045e-07,0.0288392595160317,0.840198118053553
gernsheim_DE,2047,0.0302165136658723,2.74079190248832,193.744747475276,26.6152509633037,0.000587949566929021,0.00957767665405925,0.129365286787496,1.39563403160971e-08,3.98315584844442e-08,0.12451054482793,22.9655951587383,1.85812250777705e-05,2.54616580387396e-07,3.63888677202045e-07,0.0288392595160317,0.840198118053553
gernsheim_DE,2048,0.0302165136658723,2.74079190248832,193.744747475276,26.6152509633037,0.000587949566929021,0.00957767665405925,0.129365286787496,1.39563403160971e-08,3.98315584844442e-08,0.12451054482793,22.9655951587383,1.85812250777705e-05,2.54616580387396e-07,3.63888677202045e-07,0.0288392595160317,0.840198118053553
gernsheim_DE,2049,0.0302165136658723,2.74079190248832,193.744747475276,26.6152509633037,0.000587949566929021,0.00957767665405925,0.129365286787496,1.39563403160971e-08,3.98315584844442e-08,0.12451054482793,22.9655951587383,1.85812250777705e-05,2.54616580387396e-07,3.63888677202045e-07,0.0288392595160317,0.840198118053553
gernsheim_DE,2050,0.0302165136658723,2.74079190248832,193.744747475276,26.6152509633037,0.000587949566929021,0.00957767665405925,0.129365286787496,1.39563403160971e-08,3.98315584844442e-08,0.12451054482793,22.9655951587383,1.85812250777705e-05,2.54616580387396e-07,3.63888677202045e-07,0.0288392595160317,0.840198118053553
gernsheim_DE,2052,0.0302165136658723,2.74079190248832,193.744747475276,26.6152509633037,0.000587949566929021,0.00957767665405925,0.129365286787496,1.39563403160971e-08,3.98315584844442e-08,0.12451054482793,22.9655951587383,1.85812250777705e-05,2.54616580387396e-07,3.63888677202045e-07,0.0288392595160317,0.840198118053553
gernsheim_DE,2044,0.0302165136658723,2.74079190248832,193.744747475276,26.6152509633037,0.000587949566929021,0.00957767665405925,0.129365286787496,1.39563403160971e-08,3.98315584844442e-08,0.12451054482793,22.9655951587383,1.85812250777705e-05,2.54616580387396e-07,3.63888677202045e-07,0.0288392595160317,0.840198118053553
gernsheim_DE,2054,0.0302165136658723,2.74079190248832,193.744747475276,26.6152509633037,0.000587949566929021,0.00957767665405925,0.129365286787496,1.39563403160971e-08,3.98315584844442e-08,0.12451054482793,22.9655951587383,1.85812250777705e-05,2.54616580387396e-07,3.63888677202045e-07,0.0288392595160317,0.840198118053553
gernsheim_DE,2055,0.0302165136658723,2.74079190248832,193.744747475276,26.6152509633037,0.000587949566929021,0.00957767665405925,0.129365286787496,1.39563403160971e-08,3.98315584844442e-08,0.12451054482793,22.9655951587383,1.85812250777705e-05,2.54616580387396e-07,3.63888677202045e-07,0.0288392595160317,0.840198118053553
gernsheim_DE,2056,0.0302165136658723,2.74079190248832,193.744747475276,26.6152509633037,0.000587949566929021,0.00957767665405925,0.129365286787496,1.39563403160971e-08,3.98315584844442e-08,0.12451054482793,22.9655951587383,1.85812250777705e-05,2.54616580387396e-07,3.63888677202045e-07,0.0288392595160317,0.840198118053553
gernsheim_DE,2057,0.0302165136658723,2.74079190248832,193.744747475276,26.6152509633037,0.000587949566929021,0.00957767665405925,0.129365286787496,1.39563403160971e-08,3.98315584844442e-08,0.12451054482793,22.9655951587383,1.85812250777705e-05,2.54616580387396e-07,3.63888677202045e-07,0.0288392595160317,0.840198118053553
gernsheim_DE,2058,0.0302165136658723,2.74079190248832,193.744747475276,26.6152509633037,0.000587949566929021,0.00957767665405925,0.129365286787496,1.39563403160971e-08,3.98315584844442e-08,0.12451054482793,22.9655951587383,1.85812250777705e-05,2.54616580387396e-07,3.63888677202045e-07,0.0288392595160317,0.840198118053553
gernsheim_DE,2059,0.0302165136658723,2.74079190248832,193.744747475276,26.6152509633037,0.000587949566929021,0.00957767665405925,0.129365286787496,1.39563403160971e-08,3.98315584844442e-08,0.12451054482793,22.9655951587383,1.85812250777705e-05,2.54616580387396e-07,3.63888677202045e-07,0.0288392595160317,0.840198118053553
gernsheim_DE,2060,0.0302165136658723,2.74079190248832,193.744747475276,26.6152509633037,0.000587949566929021,0.00957767665405925,0.129365286787496,1.39563403160971e-08,3.98315584844442e-08,0.12451054482793,22.9655951587383,1.85812250777705e-05,2.54616580387396e-07,3.63888677202045e-07,0.0288392595160317,0.840198118053553
gernsheim_DE,2053,0.0302165136658723,2.74079190248832,193.744747475276,26.6152509633037,0.000587949566929021,0.00957767665405925,0.129365286787496,1.39563403160971e-08,3.98315584844442e-08,0.12451054482793,22.9655951587383,1.85812250777705e-05,2.54616580387396e-07,3.63888677202045e-07,0.0288392595160317,0.840198118053553
gernsheim_DE,2043,0.0302165136658723,2.74079190248832,193.744747475276,26.6152509633037,0.000587949566929021,0.00957767665405925,0.129365286787496,1.39563403160971e-08,3.98315584844442e-08,0.12451054482793,22.9655951587383,1.85812250777705e-05,2.54616580387396e-07,3.63888677202045e-07,0.0288392595160317,0.840198118053553
gernsheim_DE,2042,0.0302165136658723,2.74079190248832,193.744747475276,26.6152509633037,0.000587949566929021,0.00957767665405925,0.129365286787496,1.39563403160971e-08,3.98315584844442e-08,0.12451054482793,22.9655951587383,1.85812250777705e-05,2.54616580387396e-07,3.63888677202045e-07,0.0288392595160317,0.840198118053553
gernsheim_DE,2041,0.0302165136658723,2.74079190248832,193.744747475276,26.6152509633037,0.000587949566929021,0.00957767665405925,0.129365286787496,1.39563403160971e-08,3.98315584844442e-08,0.12451054482793,22.9655951587383,1.85812250777705e-05,2.54616580387396e-07,3.63888677202045e-07,0.0288392595160317,0.840198118053553
gernsheim_DE,2025,0.0302165136658723,2.74079190248832,193.744747475276,26.6152509633037,0.000587949566929021,0.00957767665405925,0.129365286787496,1.39563403160971e-08,3.98315584844442e-08,0.12451054482793,22.9655951587383,1.85812250777705e-05,2.54616580387396e-07,3.63888677202045e-07,0.0288392595160317,0.840198118053553
gernsheim_DE,2026,0.0302165136658723,2.74079190248832,193.744747475276,26.6152509633037,0.000587949566929021,0.00957767665405925,0.129365286787496,1.39563403160971e-08,3.98315584844442e-08,0.12451054482793,22.9655951587383,1.85812250777705e-05,2.54616580387396e-07,3.63888677202045e-07,0.0288392595160317,0.840198118053553
gernsheim_DE,2027,0.0302165136658723,2.74079190248832,193.744747475276,26.6152509633037,0.000587949566929021,0.00957767665405925,0.129365286787496,1.39563403160971e-08,3.98315584844442e-08,0.12451054482793,22.9655951587383,1.85812250777705e-05,2.54616580387396e-07,3.63888677202045e-07,0.0288392595160317,0.840198118053553
gernsheim_DE,2028,0.0302165136658723,2.74079190248832,193.744747475276,26.6152509633037,0.000587949566929021,0.00957767665405925,0.129365286787496,1.39563403160971e-08,3.98315584844442e-08,0.12451054482793,22.9655951587383,1.85812250777705e-05,2.54616580387396e-07,3.63888677202045e-07,0.0288392595160317,0.840198118053553
gernsheim_DE,2030,0.0302165136658723,2.74079190248832,193.744747475276,26.6152509633037,0.000587949566929021,0.00957767665405925,0.129365286787496,1.39563403160971e-08,3.98315584844442e-08,0.12451054482793,22.9655951587383,1.85812250777705e-05,2.54616580387396e-07,3.63888677202045e-07,0.0288392595160317,0.840198118053553
gernsheim_DE,2031,0.0302165136658723,2.74079190248832,193.744747475276,26.6152509633037,0.000587949566929021,0.00957767665405925,0.129365286787496,1.39563403160971e-08,3.98315584844442e-08,0.12451054482793,22.9655951587383,1.85812250777705e-05,2.54616580387396e-07,3.63888677202045e-07,0.0288392595160317,0.840198118053553
gernsheim_DE,2032,0.0302165136658723,2.74079190248832,193.744747475276,26.6152509633037,0.000587949566929021,0.00957767665405925,0.129365286787496,1.39563403160971e-08,3.98315584844442e-08,0.12451054482793,22.9655951587383,1.85812250777705e-05,2.54616580387396e-07,3.63888677202045e-07,0.0288392595160317,0.840198118053553
gernsheim_DE,2029,0.0302165136658723,2.74079190248832,193.744747475276,26.6152509633037,0.000587949566929021,0.00957767665405925,0.129365286787496,1.39563403160971e-08,3.98315584844442e-08,0.12451054482793,22.9655951587383,1.85812250777705e-05,2.54616580387396e-07,3.63888677202045e-07,0.0288392595160317,0.840198118053553
gernsheim_DE,2034,0.0302165136658723,2.74079190248832,193.744747475276,26.6152509633037,0.000587949566929021,0.00957767665405925,0.129365286787496,1.39563403160971e-08,3.98315584844442e-08,0.12451054482793,22.9655951587383,1.85812250777705e-05,2.54616580387396e-07,3.63888677202045e-07,0.0288392595160317,0.840198118053553
gernsheim_DE,2035,0.0302165136658723,2.74079190248832,193.744747475276,26.6152509633037,0.000587949566929021,0.00957767665405925,0.129365286787496,1.39563403160971e-08,3.98315584844442e-08,0.12451054482793,22.9655951587383,1.85812250777705e-05,2.54616580387396e-07,3.63888677202045e-07,0.0288392595160317,0.840198118053553
gernsheim_DE,2036,0.0302165136658723,2.74079190248832,193.744747475276,26.6152509633037,0.000587949566929021,0.00957767665405925,0.129365286787496,1.39563403160971e-08,3.98315584844442e-08,0.12451054482793,22.9655951587383,1.85812250777705e-05,2.54616580387396e-07,3.63888677202045e-07,0.0288392595160317,0.840198118053553
gernsheim_DE,2037,0.0302165136658723,2.74079190248832,193.744747475276,26.6152509633037,0.000587949566929021,0.00957767665405925,0.129365286787496,1.39563403160971e-08,3.98315584844442e-08,0.12451054482793,22.9655951587383,1.85812250777705e-05,2.54616580387396e-07,3.63888677202045e-07,0.0288392595160317,0.840198118053553
gernsheim_DE,2038,0.0302165136658723,2.74079190248832,193.744747475276,26.6152509633037,0.000587949566929021,0.00957767665405925,0.129365286787496,1.39563403160971e-08,3.98315584844442e-08,0.12451054482793,22.9655951587383,1.85812250777705e-05,2.54616580387396e-07,3.63888677202045e-07,0.0288392595160317,0.840198118053553
gernsheim_DE,2039,0.0302165136658723,2.74079190248832,193.744747475276,26.6152509633037,0.000587949566929021,0.00957767665405925,0.129365286787496,1.39563403160971e-08,3.98315584844442e-08,0.12451054482793,22.9655951587383,1.85812250777705e-05,2.54616580387396e-07,3.63888677202045e-07,0.0288392595160317,0.840198118053553
gernsheim_DE,2040,0.0302165136658723,2.74079190248832,193.744747475276,26.6152509633037,0.000587949566929021,0.00957767665405925,0.129365286787496,1.39563403160971e-08,3.98315584844442e-08,0.12451054482793,22.9655951587383,1.85812250777705e-05,2.54616580387396e-07,3.63888677202045e-07,0.0288392595160317,0.840198118053553
gernsheim_DE,2033,0.0302165136658723,2.74079190248832,193.744747475276,26.6152509633037,0.000587949566929021,0.00957767665405925,0.129365286787496,1.39563403160971e-08,3.98315584844442e-08,0.12451054482793,22.9655951587383,1.85812250777705e-05,2.54616580387396e-07,3.63888677202045e-07,0.0288392595160317,0.840198118053553
greensand_DK,2051,0.0302165136658723,2.74079190248832,193.744747475276,26.6152509633037,0.000587949566929021,0.00957767665405925,0.129365286787496,1.39563403160971e-08,3.98315584844442e-08,0.12451054482793,22.9655951587383,1.85812250777705e-05,2.54616580387396e-07,3.63888677202045e-07,0.0288392595160317,0.840198118053553
greensand_DK,2045,0.0302165136658723,2.74079190248832,193.744747475276,26.6152509633037,0.000587949566929021,0.00957767665405925,0.129365286787496,1.39563403160971e-08,3.98315584844442e-08,0.12451054482793,22.9655951587383,1.85812250777705e-05,2.54616580387396e-07,3.63888677202045e-07,0.0288392595160317,0.840198118053553
greensand_DK,2046,0.0302165136658723,2.74079190248832,193.744747475276,26.6152509633037,0.000587949566929021,0.00957767665405925,0.129365286787496,1.39563403160971e-08,3.98315584844442e-08,0.12451054482793,22.9655951587383,1.85812250777705e-05,2.54616580387396e-07,3.63888677202045e-07,0.0288392595160317,0.840198118053553
greensand_DK,2047,0.0302165136658723,2.74079190248832,193.744747475276,26.6152509633037,0.000587949566929021,0.00957767665405925,0.129365286787496,1.39563403160971e-08,3.98315584844442e-08,0.12451054482793,22.9655951587383,1.85812250777705e-05,2.54616580387396e-07,3.63888677202045e-07,0.0288392595160317,0.840198118053553
greensand_DK,2048,0.0302165136658723,2.74079190248832,193.744747475276,26.6152509633037,0.000587949566929021,0.00957767665405925,0.129365286787496,1.39563403160971e-08,3.98315584844442e-08,0.12451054482793,22.9655951587383,1.85812250777705e-05,2.54616580387396e-07,3.63888677202045e-07,0.0288392595160317,0.840198118053553
greensand_DK,2049,0.0302165136658723,2.74079190248832,193.744747475276,26.6152509633037,0.000587949566929021,0.00957767665405925,0.129365286787496,1.39563403160971e-08,3.98315584844442e-08,0.12451054482793,22.9655951587383,1.85812250777705e-05,2.54616580387396e-07,3.63888677202045e-07,0.0288392595160317,0.840198118053553
greensand_DK,2050,0.0302165136658723,2.74079190248832,193.744747475276,26.6152509633037,0.000587949566929021,0.00957767665405925,0.129365286787496,1.39563403160971e-08,3.98315584844442e-08,0.12451054482793,22.9655951587383,1.85812250777705e-05,2.54616580387396e-07,3.63888677202045e-07,0.0288392595160317,0.840198118053553
greensand_DK,2052,0.0302165136658723,2.74079190248832,193.744747475276,26.6152509633037,0.000587949566929021,0.00957767665405925,0.129365286787496,1.39563403160971e-08,3.98315584844442e-08,0.12451054482793,22.9655951587383,1.85812250777705e-05,2.54616580387396e-07,3.63888677202045e-07,0.0288392595160317,0.840198118053553
greensand_DK,2060,0.0302165136658723,2.74079190248832,193.744747475276,26.6152509633037,0.000587949566929021,0.00957767665405925,0.129365286787496,1.39563403160971e-08,3.98315584844442e-08,0.12451054482793,22.9655951587383,1.85812250777705e-05,2.54616580387396e-07,3.63888677202045e-07,0.0288392595160317,0.840198118053553
greensand_DK,2054,0.0302165136658723,2.74079190248832,193.744747475276,26.6152509633037,0.000587949566929021,0.00957767665405925,0.129365286787496,1.39563403160971e-08,3.98315584844442e-08,0.12451054482793,22.9655951587383,1.85812250777705e-05,2.54616580387396e-07,3.63888677202045e-07,0.0288392595160317,0.840198118053553
greensand_DK,2055,0.0302165136658723,2.74079190248832,193.744747475276,26.6152509633037,0.000587949566929021,0.00957767665405925,0.129365286787496,1.39563403160971e-08,3.98315584844442e-08,0.12451054482793,22.9655951587383,1.85812250777705e-05,2.54616580387396e-07,3.63888677202045e-07,0.0288392595160317,0.840198118053553
greensand_DK,2056,0.0302165136658723,2.74079190248832,193.744747475276,26.6152509633037,0.000587949566929021,0.00957767665405925,0.129365286787496,1.39563403160971e-08,3.98315584844442e-08,0.12451054482793,22.9655951587383,1.85812250777705e-05,2.54616580387396e-07,3.63888677202045e-07,0.0288392595160317,0.840198118053553
greensand_DK,2057,0.0302165136658723,2.74079190248832,193.744747475276,26.6152509633037,0.000587949566929021,0.00957767665405925,0.129365286787496,1.39563403160971e-08,3.98315584844442e-08,0.12451054482793,22.9655951587383,1.85812250777705e-05,2.54616580387396e-07,3.63888677202045e-07,0.0288392595160317,0.840198118053553
greensand_DK,2058,0.0302165136658723,2.74079190248832,193.744747475276,26.6152509633037,0.000587949566929021,0.00957767665405925,0.129365286787496,1.39563403160971e-08,3.98315584844442e-08,0.12451054482793,22.9655951587383,1.85812250777705e-05,2.54616580387396e-07,3.63888677202045e-07,0.0288392595160317,0.840198118053553
greensand_DK,2059,0.0302165136658723,2.74079190248832,193.744747475276,26.6152509633037,0.000587949566929021,0.00957767665405925,0.129365286787496,1.39563403160971e-08,3.98315584844442e-08,0.12451054482793,22.9655951587383,1.85812250777705e-05,2.54616580387396e-07,3.63888677202045e-07,0.0288392595160317,0.840198118053553
greensand_DK,2044,0.0302165136658723,2.74079190248832,193.744747475276,26.6152509633037,0.000587949566929021,0.00957767665405925,0.129365286787496,1.39563403160971e-08,3.98315584844442e-08,0.12451054482793,22.9655951587383,1.85812250777705e-05,2.54616580387396e-07,3.63888677202045e-07,0.0288392595160317,0.840198118053553
greensand_DK,2053,0.0302165136658723,2.74079190248832,193.744747475276,26.6152509633037,0.000587949566929021,0.00957767665405925,0.129365286787496,1.39563403160971e-08,3.98315584844442e-08,0.12451054482793,22.9655951587383,1.85812250777705e-05,2.54616580387396e-07,3.63888677202045e-07,0.0288392595160317,0.840198118053553
greensand_DK,2043,0.0302165136658723,2.74079190248832,193.744747475276,26.6152509633037,0.000587949566929021,0.00957767665405925,0.129365286787496,1.39563403160971e-08,3.98315584844442e-08,0.12451054482793,22.9655951587383,1.85812250777705e-05,2.54616580387396e-07,3.63888677202045e-07,0.0288392595160317,0.840198118053553
greensand_DK,2042,0.0302165136658723,2.74079190248832,193.744747475276,26.6152509633037,0.000587949566929021,0.00957767665405925,0.129365286787496,1.39563403160971e-08,3.98315584844442e-08,0.12451054482793,22.9655951587383,1.85812250777705e-05,2.54616580387396e-07,3.63888677202045e-07,0.0288392595160317,0.840198118053553
greensand_DK,2041,0.0302165136658723,2.74079190248832,193.744747475276,26.6152509633037,0.000587949566929021,0.00957767665405925,0.129365286787496,1.39563403160971e-08,3.98315584844442e-08,0.12451054482793,22.9655951587383,1.85812250777705e-05,2.54616580387396e-07,3.63888677202045e-07,0.0288392595160317,0.840198118053553
greensand_DK,2026,0.0302165136658723,2.74079190248832,193.744747475276,26.6152509633037,0.000587949566929021,0.00957767665405925,0.129365286787496,1.39563403160971e-08,3.98315584844442e-08,0.12451054482793,22.9655951587383,1.85812250777705e-05,2.54616580387396e-07,3.63888677202045e-07,0.0288392595160317,0.840198118053553
greensand_DK,2027,0.0302165136658723,2.74079190248832,193.744747475276,26.6152509633037,0.000587949566929021,0.00957767665405925,0.129365286787496,1.39563403160971e-08,3.98315584844442e-08,0.12451054482793,22.9655951587383,1.85812250777705e-05,2.54616580387396e-07,3.63888677202045e-07,0.0288392595160317,0.840198118053553
greensand_DK,2028,0.0302165136658723,2.74079190248832,193.744747475276,26.6152509633037,0.000587949566929021,0.00957767665405925,0.129365286787496,1.39563403160971e-08,3.98315584844442e-08,0.12451054482793,22.9655951587383,1.85812250777705e-05,2.54616580387396e-07,3.63888677202045e-07,0.0288392595160317,0.840198118053553
greensand_DK,2029,0.0302165136658723,2.74079190248832,193.744747475276,26.6152509633037,0.000587949566929021,0.00957767665405925,0.129365286787496,1.39563403160971e-08,3.98315584844442e-08,0.12451054482793,22.9655951587383,1.85812250777705e-05,2.54616580387396e-07,3.63888677202045e-07,0.0288392595160317,0.840198118053553
greensand_DK,2030,0.0302165136658723,2.74079190248832,193.744747475276,26.6152509633037,0.000587949566929021,0.00957767665405925,0.129365286787496,1.39563403160971e-08,3.98315584844442e-08,0.12451054482793,22.9655951587383,1.85812250777705e-05,2.54616580387396e-07,3.63888677202045e-07,0.0288392595160317,0.840198118053553
greensand_DK,2031,0.0302165136658723,2.74079190248832,193.744747475276,26.6152509633037,0.000587949566929021,0.00957767665405925,0.129365286787496,1.39563403160971e-08,3.98315584844442e-08,0.12451054482793,22.9655951587383,1.85812250777705e-05,2.54616580387396e-07,3.63888677202045e-07,0.0288392595160317,0.840198118053553
greensand_DK,2032,0.0302165136658723,2.74079190248832,193.744747475276,26.6152509633037,0.000587949566929021,0.00957767665405925,0.129365286787496,1.39563403160971e-08,3.98315584844442e-08,0.12451054482793,22.9655951587383,1.85812250777705e-05,2.54616580387396e-07,3.63888677202045e-07,0.0288392595160317,0.840198118053553
greensand_DK,2025,0.0302165136658723,2.74079190248832,193.744747475276,26.6152509633037,0.000587949566929021,0.00957767665405925,0.129365286787496,1.39563403160971e-08,3.98315584844442e-08,0.12451054482793,22.9655951587383,1.85812250777705e-05,2.54616580387396e-07,3.63888677202045e-07,0.0288392595160317,0.840198118053553
greensand_DK,2034,0.0302165136658723,2.74079190248832,193.744747475276,26.6152509633037,0.000587949566929021,0.00957767665405925,0.129365286787496,1.39563403160971e-08,3.98315584844442e-08,0.12451054482793,22.9655951587383,1.85812250777705e-05,2.54616580387396e-07,3.63888677202045e-07,0.0288392595160317,0.840198118053553
greensand_DK,2035,0.0302165136658723,2.74079190248832,193.744747475276,26.6152509633037,0.000587949566929021,0.00957767665405925,0.129365286787496,1.39563403160971e-08,3.98315584844442e-08,0.12451054482793,22.9655951587383,1.85812250777705e-05,2.54616580387396e-07,3.63888677202045e-07,0.0288392595160317,0.840198118053553
greensand_DK,2036,0.0302165136658723,2.74079190248832,193.744747475276,26.6152509633037,0.000587949566929021,0.00957767665405925,0.129365286787496,1.39563403160971e-08,3.98315584844442e-08,0.12451054482793,22.9655951587383,1.85812250777705e-05,2.54616580387396e-07,3.63888677202045e-07,0.0288392595160317,0.840198118053553
greensand_DK,2037,0.0302165136658723,2.74079190248832,193.744747475276,26.6152509633037,0.000587949566929021,0.00957767665405925,0.129365286787496,1.39563403160971e-08,3.98315584844442e-08,0.12451054482793,22.9655951587383,1.85812250777705e-05,2.54616580387396e-07,3.63888677202045e-07,0.0288392595160317,0.840198118053553
greensand_DK,2038,0.0302165136658723,2.74079190248832,193.744747475276,26.6152509633037,0.000587949566929021,0.00957767665405925,0.129365286787496,1.39563403160971e-08,3.98315584844442e-08,0.12451054482793,22.9655951587383,1.85812250777705e-05,2.54616580387396e-07,3.63888677202045e-07,0.0288392595160317,0.840198118053553
greensand_DK,2039,0.0302165136658723,2.74079190248832,193.744747475276,26.6152509633037,0.000587949566929021,0.00957767665405925,0.129365286787496,1.39563403160971e-08,3.98315584844442e-08,0.12451054482793,22.9655951587383,1.85812250777705e-05,2.54616580387396e-07,3.63888677202045e-07,0.0288392595160317,0.840198118053553
greensand_DK,2040,0.0302165136658723,2.74079190248832,193.744747475276,26.6152509633037,0.000587949566929021,0.00957767665405925,0.129365286787496,1.39563403160971e-08,3.98315584844442e-08,0.12451054482793,22.9655951587383,1.85812250777705e-05,2.54616580387396e-07,3.63888677202045e-07,0.0288392595160317,0.840198118053553
greensand_DK,2033,0.0302165136658723,2.74079190248832,193.744747475276,26.6152509633037,0.000587949566929021,0.00957767665405925,0.129365286787496,1.39563403160971e-08,3.98315584844442e-08,0.12451054482793,22.9655951587383,1.85812250777705e-05,2.54616580387396e-07,3.63888677202045e-07,0.0288392595160317,0.840198118053553
havstjerne_NO,2046,0.0302165136658723,2.74079190248832,193.744747475276,26.6152509633037,0.000587949566929021,0.00957767665405925,0.129365286787496,1.39563403160971e-08,3.98315584844442e-08,0.12451054482793,22.9655951587383,1.85812250777705e-05,2.54616580387396e-07,3.63888677202045e-07,0.0288392595160317,0.840198118053553
havstjerne_NO,2047,0.0302165136658723,2.74079190248832,193.744747475276,26.6152509633037,0.000587949566929021,0.00957767665405925,0.129365286787496,1.39563403160971e-08,3.98315584844442e-08,0.12451054482793,22.9655951587383,1.85812250777705e-05,2.54616580387396e-07,3.63888677202045e-07,0.0288392595160317,0.840198118053553
havstjerne_NO,2048,0.0302165136658723,2.74079190248832,193.744747475276,26.6152509633037,0.000587949566929021,0.00957767665405925,0.129365286787496,1.39563403160971e-08,3.98315584844442e-08,0.12451054482793,22.9655951587383,1.85812250777705e-05,2.54616580387396e-07,3.63888677202045e-07,0.0288392595160317,0.840198118053553
havstjerne_NO,2049,0.0302165136658723,2.74079190248832,193.744747475276,26.6152509633037,0.000587949566929021,0.00957767665405925,0.129365286787496,1.39563403160971e-08,3.98315584844442e-08,0.12451054482793,22.9655951587383,1.85812250777705e-05,2.54616580387396e-07,3.63888677202045e-07,0.0288392595160317,0.840198118053553
havstjerne_NO,2050,0.0302165136658723,2.74079190248832,193.744747475276,26.6152509633037,0.000587949566929021,0.00957767665405925,0.129365286787496,1.39563403160971e-08,3.98315584844442e-08,0.12451054482793,22.9655951587383,1.85812250777705e-05,2.54616580387396e-07,3.63888677202045e-07,0.0288392595160317,0.840198118053553
havstjerne_NO,2051,0.0302165136658723,2.74079190248832,193.744747475276,26.6152509633037,0.000587949566929021,0.00957767665405925,0.129365286787496,1.39563403160971e-08,3.98315584844442e-08,0.12451054482793,22.9655951587383,1.85812250777705e-05,2.54616580387396e-07,3.63888677202045e-07,0.0288392595160317,0.840198118053553
havstjerne_NO,2052,0.0302165136658723,2.74079190248832,193.744747475276,26.6152509633037,0.000587949566929021,0.00957767665405925,0.129365286787496,1.39563403160971e-08,3.98315584844442e-08,0.12451054482793,22.9655951587383,1.85812250777705e-05,2.54616580387396e-07,3.63888677202045e-07,0.0288392595160317,0.840198118053553
havstjerne_NO,2056,0.0302165136658723,2.74079190248832,193.744747475276,26.6152509633037,0.000587949566929021,0.00957767665405925,0.129365286787496,1.39563403160971e-08,3.98315584844442e-08,0.12451054482793,22.9655951587383,1.85812250777705e-05,2.54616580387396e-07,3.63888677202045e-07,0.0288392595160317,0.840198118053553
havstjerne_NO,2054,0.0302165136658723,2.74079190248832,193.744747475276,26.6152509633037,0.000587949566929021,0.00957767665405925,0.129365286787496,1.39563403160971e-08,3.98315584844442e-08,0.12451054482793,22.9655951587383,1.85812250777705e-05,2.54616580387396e-07,3.63888677202045e-07,0.0288392595160317,0.840198118053553
havstjerne_NO,2055,0.0302165136658723,2.74079190248832,193.744747475276,26.6152509633037,0.000587949566929021,0.00957767665405925,0.129365286787496,1.39563403160971e-08,3.98315584844442e-08,0.12451054482793,22.9655951587383,1.85812250777705e-05,2.54616580387396e-07,3.63888677202045e-07,0.0288392595160317,0.840198118053553
havstjerne_NO,2057,0.0302165136658723,2.74079190248832,193.744747475276,26.6152509633037,0.000587949566929021,0.00957767665405925,0.129365286787496,1.39563403160971e-08,3.98315584844442e-08,0.12451054482793,22.9655951587383,1.85812250777705e-05,2.54616580387396e-07,3.63888677202045e-07,0.0288392595160317,0.840198118053553
havstjerne_NO,2058,0.0302165136658723,2.74079190248832,193.744747475276,26.6152509633037,0.000587949566929021,0.00957767665405925,0.129365286787496,1.39563403160971e-08,3.98315584844442e-08,0.12451054482793,22.9655951587383,1.85812250777705e-05,2.54616580387396e-07,3.63888677202045e-07,0.0288392595160317,0.840198118053553
havstjerne_NO,2059,0.0302165136658723,2.74079190248832,193.744747475276,26.6152509633037,0.000587949566929021,0.00957767665405925,0.129365286787496,1.39563403160971e-08,3.98315584844442e-08,0.12451054482793,22.9655951587383,1.85812250777705e-05,2.54616580387396e-07,3.63888677202045e-07,0.0288392595160317,0.840198118053553
havstjerne_NO,2060,0.0302165136658723,2.74079190248832,193.744747475276,26.6152509633037,0.000587949566929021,0.00957767665405925,0.129365286787496,1.39563403160971e-08,3.98315584844442e-08,0.12451054482793,22.9655951587383,1.85812250777705e-05,2.54616580387396e-07,3.63888677202045e-07,0.0288392595160317,0.840198118053553
havstjerne_NO,2045,0.0302165136658723,2.74079190248832,193.744747475276,26.6152509633037,0.000587949566929021,0.00957767665405925,0.129365286787496,1.39563403160971e-08,3.98315584844442e-08,0.12451054482793,22.9655951587383,1.85812250777705e-05,2.54616580387396e-07,3.63888677202045e-07,0.0288392595160317,0.840198118053553
havstjerne_NO,2053,0.0302165136658723,2.74079190248832,193.744747475276,26.6152509633037,0.000587949566929021,0.00957767665405925,0.129365286787496,1.39563403160971e-08,3.98315584844442e-08,0.12451054482793,22.9655951587383,1.85812250777705e-05,2.54616580387396e-07,3.63888677202045e-07,0.0288392595160317,0.840198118053553
havstjerne_NO,2044,0.0302165136658723,2.74079190248832,193.744747475276,26.6152509633037,0.000587949566929021,0.00957767665405925,0.129365286787496,1.39563403160971e-08,3.98315584844442e-08,0.12451054482793,22.9655951587383,1.85812250777705e-05,2.54616580387396e-07,3.63888677202045e-07,0.0288392595160317,0.840198118053553
havstjerne_NO,2043,0.0302165136658723,2.74079190248832,193.744747475276,26.6152509633037,0.000587949566929021,0.00957767665405925,0.129365286787496,1.39563403160971e-08,3.98315584844442e-08,0.12451054482793,22.9655951587383,1.85812250777705e-05,2.54616580387396e-07,3.63888677202045e-07,0.0288392595160317,0.840198118053553
havstjerne_NO,2042,0.0302165136658723,2.74079190248832,193.744747475276,26.6152509633037,0.000587949566929021,0.00957767665405925,0.129365286787496,1.39563403160971e-08,3.98315584844442e-08,0.12451054482793,22.9655951587383,1.85812250777705e-05,2.54616580387396e-07,3.63888677202045e-07,0.0288392595160317,0.840198118053553
havstjerne_NO,2026,0.0302165136658723,2.74079190248832,193.744747475276,26.6152509633037,0.000587949566929021,0.00957767665405925,0.129365286787496,1.39563403160971e-08,3.98315584844442e-08,0.12451054482793,22.9655951587383,1.85812250777705e-05,2.54616580387396e-07,3.63888677202045e-07,0.0288392595160317,0.840198118053553
havstjerne_NO,2027,0.0302165136658723,2.74079190248832,193.744747475276,26.6152509633037,0.000587949566929021,0.00957767665405925,0.129365286787496,1.39563403160971e-08,3.98315584844442e-08,0.12451054482793,22.9655951587383,1.85812250777705e-05,2.54616580387396e-07,3.63888677202045e-07,0.0288392595160317,0.840198118053553
havstjerne_NO,2028,0.0302165136658723,2.74079190248832,193.744747475276,26.6152509633037,0.000587949566929021,0.00957767665405925,0.129365286787496,1.39563403160971e-08,3.98315584844442e-08,0.12451054482793,22.9655951587383,1.85812250777705e-05,2.54616580387396e-07,3.63888677202045e-07,0.0288392595160317,0.840198118053553
havstjerne_NO,2029,0.0302165136658723,2.74079190248832,193.744747475276,26.6152509633037,0.000587949566929021,0.00957767665405925,0.129365286787496,1.39563403160971e-08,3.98315584844442e-08,0.12451054482793,22.9655951587383,1.85812250777705e-05,2.54616580387396e-07,3.63888677202045e-07,0.0288392595160317,0.840198118053553
havstjerne_NO,2030,0.0302165136658723,2.74079190248832,193.744747475276,26.6152509633037,0.000587949566929021,0.00957767665405925,0.129365286787496,1.39563403160971e-08,3.98315584844442e-08,0.12451054482793,22.9655951587383,1.85812250777705e-05,2.54616580387396e-07,3.63888677202045e-07,0.0288392595160317,0.840198118053553
havstjerne_NO,2031,0.0302165136658723,2.74079190248832,193.744747475276,26.6152509633037,0.000587949566929021,0.00957767665405925,0.129365286787496,1.39563403160971e-08,3.98315584844442e-08,0.12451054482793,22.9655951587383,1.85812250777705e-05,2.54616580387396e-07,3.63888677202045e-07,0.0288392595160317,0.840198118053553
havstjerne_NO,2032,0.0302165136658723,2.74079190248832,193.744747475276,26.6152509633037,0.000587949566929021,0.00957767665405925,0.129365286787496,1.39563403160971e-08,3.98315584844442e-08,0.12451054482793,22.9655951587383,1.85812250777705e-05,2.54616580387396e-07,3.63888677202045e-07,0.0288392595160317,0.840198118053553
havstjerne_NO,2033,0.0302165136658723,2.74079190248832,193.744747475276,26.6152509633037,0.000587949566929021,0.00957767665405925,0.129365286787496,1.39563403160971e-08,3.98315584844442e-08,0.12451054482793,22.9655951587383,1.85812250777705e-05,2.54616580387396e-07,3.63888677202045e-07,0.0288392595160317,0.840198118053553
havstjerne_NO,2025,0.0302165136658723,2.74079190248832,193.744747475276,26.6152509633037,0.000587949566929021,0.00957767665405925,0.129365286787496,1.39563403160971e-08,3.98315584844442e-08,0.12451054482793,22.9655951587383,1.85812250777705e-05,2.54616580387396e-07,3.63888677202045e-07,0.0288392595160317,0.840198118053553
havstjerne_NO,2035,0.0302165136658723,2.74079190248832,193.744747475276,26.6152509633037,0.000587949566929021,0.00957767665405925,0.129365286787496,1.39563403160971e-08,3.98315584844442e-08,0.12451054482793,22.9655951587383,1.85812250777705e-05,2.54616580387396e-07,3.63888677202045e-07,0.0288392595160317,0.840198118053553
havstjerne_NO,2036,0.0302165136658723,2.74079190248832,193.744747475276,26.6152509633037,0.000587949566929021,0.00957767665405925,0.129365286787496,1.39563403160971e-08,3.98315584844442e-08,0.12451054482793,22.9655951587383,1.85812250777705e-05,2.54616580387396e-07,3.63888677202045e-07,0.0288392595160317,0.840198118053553
havstjerne_NO,2037,0.0302165136658723,2.74079190248832,193.744747475276,26.6152509633037,0.000587949566929021,0.00957767665405925,0.129365286787496,1.39563403160971e-08,3.98315584844442e-08,0.12451054482793,22.9655951587383,1.85812250777705e-05,2.54616580387396e-07,3.63888677202045e-07,0.0288392595160317,0.840198118053553
havstjerne_NO,2038,0.0302165136658723,2.74079190248832,193.744747475276,26.6152509633037,0.000587949566929021,0.00957767665405925,0.129365286787496,1.39563403160971e-08,3.98315584844442e-08,0.12451054482793,22.9655951587383,1.85812250777705e-05,2.54616580387396e-07,3.63888677202045e-07,0.0288392595160317,0.840198118053553
havstjerne_NO,2039,0.0302165136658723,2.74079190248832,193.744747475276,26.6152509633037,0.000587949566929021,0.00957767665405925,0.129365286787496,1.39563403160971e-08,3.98315584844442e-08,0.12451054482793,22.9655951587383,1.85812250777705e-05,2.54616580387396e-07,3.63888677202045e-07,0.0288392595160317,0.840198118053553
havstjerne_NO,2040,0.0302165136658723,2.74079190248832,193.744747475276,26.6152509633037,0.000587949566929021,0.00957767665405925,0.129365286787496,1.39563403160971e-08,3.98315584844442e-08,0.12451054482793,22.9655951587383,1.85812250777705e-05,2.54616580387396e-07,3.63888677202045e-07,0.0288392595160317,0.840198118053553
havstjerne_NO,2041,0.0302165136658723,2.74079190248832,193.744747475276,26.6152509633037,0.000587949566929021,0.00957767665405925,0.129365286787496,1.39563403160971e-08,3.98315584844442e-08,0.12451054482793,22.9655951587383,1.85812250777705e-05,2.54616580387396e-07,3.63888677202045e-07,0.0288392595160317,0.840198118053553
havstjerne_NO,2034,0.0302165136658723,2.74079190248832,193.744747475276,26.6152509633037,0.000587949566929021,0.00957767665405925,0.129365286787496,1.39563403160971e-08,3.98315584844442e-08,0.12451054482793,22.9655951587383,1.85812250777705e-05,2.54616580387396e-07,3.63888677202045e-07,0.0288392595160317,0.840198118053553
hewett_UK,2045,0.0302165136658723,2.74079190248832,193.744747475276,26.6152509633037,0.000587949566929021,0.00957767665405925,0.129365286787496,1.39563403160971e-08,3.98315584844442e-08,0.12451054482793,22.9655951587383,1.85812250777705e-05,2.54616580387396e-07,3.63888677202045e-07,0.0288392595160317,0.840198118053553
hewett_UK,2046,0.0302165136658723,2.74079190248832,193.744747475276,26.6152509633037,0.000587949566929021,0.00957767665405925,0.129365286787496,1.39563403160971e-08,3.98315584844442e-08,0.12451054482793,22.9655951587383,1.85812250777705e-05,2.54616580387396e-07,3.63888677202045e-07,0.0288392595160317,0.840198118053553
hewett_UK,2047,0.0302165136658723,2.74079190248832,193.744747475276,26.6152509633037,0.000587949566929021,0.00957767665405925,0.129365286787496,1.39563403160971e-08,3.98315584844442e-08,0.12451054482793,22.9655951587383,1.85812250777705e-05,2.54616580387396e-07,3.63888677202045e-07,0.0288392595160317,0.840198118053553
hewett_UK,2048,0.0302165136658723,2.74079190248832,193.744747475276,26.6152509633037,0.000587949566929021,0.00957767665405925,0.129365286787496,1.39563403160971e-08,3.98315584844442e-08,0.12451054482793,22.9655951587383,1.85812250777705e-05,2.54616580387396e-07,3.63888677202045e-07,0.0288392595160317,0.840198118053553
hewett_UK,2049,0.0302165136658723,2.74079190248832,193.744747475276,26.6152509633037,0.000587949566929021,0.00957767665405925,0.129365286787496,1.39563403160971e-08,3.98315584844442e-08,0.12451054482793,22.9655951587383,1.85812250777705e-05,2.54616580387396e-07,3.63888677202045e-07,0.0288392595160317,0.840198118053553
hewett_UK,2050,0.0302165136658723,2.74079190248832,193.744747475276,26.6152509633037,0.000587949566929021,0.00957767665405925,0.129365286787496,1.39563403160971e-08,3.98315584844442e-08,0.12451054482793,22.9655951587383,1.85812250777705e-05,2.54616580387396e-07,3.63888677202045e-07,0.0288392595160317,0.840198118053553
hewett_UK,2051,0.0302165136658723,2.74079190248832,193.744747475276,26.6152509633037,0.000587949566929021,0.00957767665405925,0.129365286787496,1.39563403160971e-08,3.98315584844442e-08,0.12451054482793,22.9655951587383,1.85812250777705e-05,2.54616580387396e-07,3.63888677202045e-07,0.0288392595160317,0.840198118053553
hewett_UK,2052,0.0302165136658723,2.74079190248832,193.744747475276,26.6152509633037,0.000587949566929021,0.00957767665405925,0.129365286787496,1.39563403160971e-08,3.98315584844442e-08,0.12451054482793,22.9655951587383,1.85812250777705e-05,2.54616580387396e-07,3.63888677202045e-07,0.0288392595160317,0.840198118053553
hewett_UK,2056,0.0302165136658723,2.74079190248832,193.744747475276,26.6152509633037,0.000587949566929021,0.00957767665405925,0.129365286787496,1.39563403160971e-08,3.98315584844442e-08,0.12451054482793,22.9655951587383,1.85812250777705e-05,2.54616580387396e-07,3.63888677202045e-07,0.0288392595160317,0.840198118053553
hewett_UK,2054,0.0302165136658723,2.74079190248832,193.744747475276,26.6152509633037,0.000587949566929021,0.00957767665405925,0.129365286787496,1.39563403160971e-08,3.98315584844442e-08,0.12451054482793,22.9655951587383,1.85812250777705e-05,2.54616580387396e-07,3.63888677202045e-07,0.0288392595160317,0.840198118053553
hewett_UK,2055,0.0302165136658723,2.74079190248832,193.744747475276,26.6152509633037,0.000587949566929021,0.00957767665405925,0.129365286787496,1.39563403160971e-08,3.98315584844442e-08,0.12451054482793,22.9655951587383,1.85812250777705e-05,2.54616580387396e-07,3.63888677202045e-07,0.0288392595160317,0.840198118053553
hewett_UK,2057,0.0302165136658723,2.74079190248832,193.744747475276,26.6152509633037,0.000587949566929021,0.00957767665405925,0.129365286787496,1.39563403160971e-08,3.98315584844442e-08,0.12451054482793,22.9655951587383,1.85812250777705e-05,2.54616580387396e-07,3.63888677202045e-07,0.0288392595160317,0.840198118053553
hewett_UK,2058,0.0302165136658723,2.74079190248832,193.744747475276,26.6152509633037,0.000587949566929021,0.00957767665405925,0.129365286787496,1.39563403160971e-08,3.98315584844442e-08,0.12451054482793,22.9655951587383,1.85812250777705e-05,2.54616580387396e-07,3.63888677202045e-07,0.0288392595160317,0.840198118053553
hewett_UK,2059,0.0302165136658723,2.74079190248832,193.744747475276,26.6152509633037,0.000587949566929021,0.00957767665405925,0.129365286787496,1.39563403160971e-08,3.98315584844442e-08,0.12451054482793,22.9655951587383,1.85812250777705e-05,2.54616580387396e-07,3.63888677202045e-07,0.0288392595160317,0.840198118053553
hewett_UK,2060,0.0302165136658723,2.74079190248832,193.744747475276,26.6152509633037,0.000587949566929021,0.00957767665405925,0.129365286787496,1.39563403160971e-08,3.98315584844442e-08,0.12451054482793,22.9655951587383,1.85812250777705e-05,2.54616580387396e-07,3.63888677202045e-07,0.0288392595160317,0.840198118053553
hewett_UK,2044,0.0302165136658723,2.74079190248832,193.744747475276,26.6152509633037,0.000587949566929021,0.00957767665405925,0.129365286787496,1.39563403160971e-08,3.98315584844442e-08,0.12451054482793,22.9655951587383,1.85812250777705e-05,2.54616580387396e-07,3.63888677202045e-07,0.0288392595160317,0.840198118053553
hewett_UK,2053,0.0302165136658723,2.74079190248832,193.744747475276,26.6152509633037,0.000587949566929021,0.00957767665405925,0.129365286787496,1.39563403160971e-08,3.98315584844442e-08,0.12451054482793,22.9655951587383,1.85812250777705e-05,2.54616580387396e-07,3.63888677202045e-07,0.0288392595160317,0.840198118053553
hewett_UK,2043,0.0302165136658723,2.74079190248832,193.744747475276,26.6152509633037,0.000587949566929021,0.00957767665405925,0.129365286787496,1.39563403160971e-08,3.98315584844442e-08,0.12451054482793,22.9655951587383,1.85812250777705e-05,2.54616580387396e-07,3.63888677202045e-07,0.0288392595160317,0.840198118053553
hewett_UK,2042,0.0302165136658723,2.74079190248832,193.744747475276,26.6152509633037,0.000587949566929021,0.00957767665405925,0.129365286787496,1.39563403160971e-08,3.98315584844442e-08,0.12451054482793,22.9655951587383,1.85812250777705e-05,2.54616580387396e-07,3.63888677202045e-07,0.0288392595160317,0.840198118053553
hewett_UK,2041,0.0302165136658723,2.74079190248832,193.744747475276,26.6152509633037,0.000587949566929021,0.00957767665405925,0.129365286787496,1.39563403160971e-08,3.98315584844442e-08,0.12451054482793,22.9655951587383,1.85812250777705e-05,2.54616580387396e-07,3.63888677202045e-07,0.0288392595160317,0.840198118053553
hewett_UK,2025,0.0302165136658723,2.74079190248832,193.744747475276,26.6152509633037,0.000587949566929021,0.00957767665405925,0.129365286787496,1.39563403160971e-08,3.98315584844442e-08,0.12451054482793,22.9655951587383,1.85812250777705e-05,2.54616580387396e-07,3.63888677202045e-07,0.0288392595160317,0.840198118053553
hewett_UK,2026,0.0302165136658723,2.74079190248832,193.744747475276,26.6152509633037,0.000587949566929021,0.00957767665405925,0.129365286787496,1.39563403160971e-08,3.98315584844442e-08,0.12451054482793,22.9655951587383,1.85812250777705e-05,2.54616580387396e-07,3.63888677202045e-07,0.0288392595160317,0.840198118053553
hewett_UK,2027,0.0302165136658723,2.74079190248832,193.744747475276,26.6152509633037,0.000587949566929021,0.00957767665405925,0.129365286787496,1.39563403160971e-08,3.98315584844442e-08,0.12451054482793,22.9655951587383,1.85812250777705e-05,2.54616580387396e-07,3.63888677202045e-07,0.0288392595160317,0.840198118053553
hewett_UK,2028,0.0302165136658723,2.74079190248832,193.744747475276,26.6152509633037,0.000587949566929021,0.00957767665405925,0.129365286787496,1.39563403160971e-08,3.98315584844442e-08,0.12451054482793,22.9655951587383,1.85812250777705e-05,2.54616580387396e-07,3.63888677202045e-07,0.0288392595160317,0.840198118053553
hewett_UK,2030,0.0302165136658723,2.74079190248832,193.744747475276,26.6152509633037,0.000587949566929021,0.00957767665405925,0.129365286787496,1.39563403160971e-08,3.98315584844442e-08,0.12451054482793,22.9655951587383,1.85812250777705e-05,2.54616580387396e-07,3.63888677202045e-07,0.0288392595160317,0.840198118053553
hewett_UK,2031,0.0302165136658723,2.74079190248832,193.744747475276,26.6152509633037,0.000587949566929021,0.00957767665405925,0.129365286787496,1.39563403160971e-08,3.98315584844442e-08,0.12451054482793,22.9655951587383,1.85812250777705e-05,2.54616580387396e-07,3.63888677202045e-07,0.0288392595160317,0.840198118053553
hewett_UK,2032,0.0302165136658723,2.74079190248832,193.744747475276,26.6152509633037,0.000587949566929021,0.00957767665405925,0.129365286787496,1.39563403160971e-08,3.98315584844442e-08,0.12451054482793,22.9655951587383,1.85812250777705e-05,2.54616580387396e-07,3.63888677202045e-07,0.0288392595160317,0.840198118053553
hewett_UK,2029,0.0302165136658723,2.74079190248832,193.744747475276,26.6152509633037,0.000587949566929021,0.00957767665405925,0.129365286787496,1.39563403160971e-08,3.98315584844442e-08,0.12451054482793,22.9655951587383,1.85812250777705e-05,2.54616580387396e-07,3.63888677202045e-07,0.0288392595160317,0.840198118053553
hewett_UK,2034,0.0302165136658723,2.74079190248832,193.744747475276,26.6152509633037,0.000587949566929021,0.00957767665405925,0.129365286787496,1.39563403160971e-08,3.98315584844442e-08,0.12451054482793,22.9655951587383,1.85812250777705e-05,2.54616580387396e-07,3.63888677202045e-07,0.0288392595160317,0.840198118053553
hewett_UK,2035,0.0302165136658723,2.74079190248832,193.744747475276,26.6152509633037,0.000587949566929021,0.00957767665405925,0.129365286787496,1.39563403160971e-08,3.98315584844442e-08,0.12451054482793,22.9655951587383,1.85812250777705e-05,2.54616580387396e-07,3.63888677202045e-07,0.0288392595160317,0.840198118053553
hewett_UK,2036,0.0302165136658723,2.74079190248832,193.744747475276,26.6152509633037,0.000587949566929021,0.00957767665405925,0.129365286787496,1.39563403160971e-08,3.98315584844442e-08,0.12451054482793,22.9655951587383,1.85812250777705e-05,2.54616580387396e-07,3.63888677202045e-07,0.0288392595160317,0.840198118053553
hewett_UK,2037,0.0302165136658723,2.74079190248832,193.744747475276,26.6152509633037,0.000587949566929021,0.00957767665405925,0.129365286787496,1.39563403160971e-08,3.98315584844442e-08,0.12451054482793,22.9655951587383,1.85812250777705e-05,2.54616580387396e-07,3.63888677202045e-07,0.0288392595160317,0.840198118053553
hewett_UK,2038,0.0302165136658723,2.74079190248832,193.744747475276,26.6152509633037,0.000587949566929021,0.00957767665405925,0.129365286787496,1.39563403160971e-08,3.98315584844442e-08,0.12451054482793,22.9655951587383,1.85812250777705e-05,2.54616580387396e-07,3.63888677202045e-07,0.0288392595160317,0.840198118053553
hewett_UK,2039,0.0302165136658723,2.74079190248832,193.744747475276,26.6152509633037,0.000587949566929021,0.00957767665405925,0.129365286787496,1.39563403160971e-08,3.98315584844442e-08,0.12451054482793,22.9655951587383,1.85812250777705e-05,2.54616580387396e-07,3.63888677202045e-07,0.0288392595160317,0.840198118053553
hewett_UK,2040,0.0302165136658723,2.74079190248832,193.744747475276,26.6152509633037,0.000587949566929021,0.00957767665405925,0.129365286787496,1.39563403160971e-08,3.98315584844442e-08,0.12451054482793,22.9655951587383,1.85812250777705e-05,2.54616580387396e-07,3.63888677202045e-07,0.0288392595160317,0.840198118053553
hewett_UK,2033,0.0302165136658723,2.74079190248832,193.744747475276,26.6152509633037,0.000587949566929021,0.00957767665405925,0.129365286787496,1.39563403160971e-08,3.98315584844442e-08,0.12451054482793,22.9655951587383,1.85812250777705e-05,2.54616580387396e-07,3.63888677202045e-07,0.0288392595160317,0.840198118053553
karlsruhe_DE,2051,0.0302165136658723,2.74079190248832,193.744747475276,26.6152509633037,0.000587949566929021,0.00957767665405925,0.129365286787496,1.39563403160971e-08,3.98315584844442e-08,0.12451054482793,22.9655951587383,1.85812250777705e-05,2.54616580387396e-07,3.63888677202045e-07,0.0288392595160317,0.840198118053553
karlsruhe_DE,2045,0.0302165136658723,2.74079190248832,193.744747475276,26.6152509633037,0.000587949566929021,0.00957767665405925,0.129365286787496,1.39563403160971e-08,3.98315584844442e-08,0.12451054482793,22.9655951587383,1.85812250777705e-05,2.54616580387396e-07,3.63888677202045e-07,0.0288392595160317,0.840198118053553
karlsruhe_DE,2046,0.0302165136658723,2.74079190248832,193.744747475276,26.6152509633037,0.000587949566929021,0.00957767665405925,0.129365286787496,1.39563403160971e-08,3.98315584844442e-08,0.12451054482793,22.9655951587383,1.85812250777705e-05,2.54616580387396e-07,3.63888677202045e-07,0.0288392595160317,0.840198118053553
karlsruhe_DE,2047,0.0302165136658723,2.74079190248832,193.744747475276,26.6152509633037,0.000587949566929021,0.00957767665405925,0.129365286787496,1.39563403160971e-08,3.98315584844442e-08,0.12451054482793,22.9655951587383,1.85812250777705e-05,2.54616580387396e-07,3.63888677202045e-07,0.0288392595160317,0.840198118053553
karlsruhe_DE,2048,0.0302165136658723,2.74079190248832,193.744747475276,26.6152509633037,0.000587949566929021,0.00957767665405925,0.129365286787496,1.39563403160971e-08,3.98315584844442e-08,0.12451054482793,22.9655951587383,1.85812250777705e-05,2.54616580387396e-07,3.63888677202045e-07,0.0288392595160317,0.840198118053553
karlsruhe_DE,2049,0.0302165136658723,2.74079190248832,193.744747475276,26.6152509633037,0.000587949566929021,0.00957767665405925,0.129365286787496,1.39563403160971e-08,3.98315584844442e-08,0.12451054482793,22.9655951587383,1.85812250777705e-05,2.54616580387396e-07,3.63888677202045e-07,0.0288392595160317,0.840198118053553
karlsruhe_DE,2050,0.0302165136658723,2.74079190248832,193.744747475276,26.6152509633037,0.000587949566929021,0.00957767665405925,0.129365286787496,1.39563403160971e-08,3.98315584844442e-08,0.12451054482793,22.9655951587383,1.85812250777705e-05,2.54616580387396e-07,3.63888677202045e-07,0.0288392595160317,0.840198118053553
karlsruhe_DE,2052,0.0302165136658723,2.74079190248832,193.744747475276,26.6152509633037,0.000587949566929021,0.00957767665405925,0.129365286787496,1.39563403160971e-08,3.98315584844442e-08,0.12451054482793,22.9655951587383,1.85812250777705e-05,2.54616580387396e-07,3.63888677202045e-07,0.0288392595160317,0.840198118053553
karlsruhe_DE,2060,0.0302165136658723,2.74079190248832,193.744747475276,26.6152509633037,0.000587949566929021,0.00957767665405925,0.129365286787496,1.39563403160971e-08,3.98315584844442e-08,0.12451054482793,22.9655951587383,1.85812250777705e-05,2.54616580387396e-07,3.63888677202045e-07,0.0288392595160317,0.840198118053553
karlsruhe_DE,2054,0.0302165136658723,2.74079190248832,193.744747475276,26.6152509633037,0.000587949566929021,0.00957767665405925,0.129365286787496,1.39563403160971e-08,3.98315584844442e-08,0.12451054482793,22.9655951587383,1.85812250777705e-05,2.54616580387396e-07,3.63888677202045e-07,0.0288392595160317,0.840198118053553
karlsruhe_DE,2055,0.0302165136658723,2.74079190248832,193.744747475276,26.6152509633037,0.000587949566929021,0.00957767665405925,0.129365286787496,1.39563403160971e-08,3.98315584844442e-08,0.12451054482793,22.9655951587383,1.85812250777705e-05,2.54616580387396e-07,3.63888677202045e-07,0.0288392595160317,0.840198118053553
karlsruhe_DE,2056,0.0302165136658723,2.74079190248832,193.744747475276,26.6152509633037,0.000587949566929021,0.00957767665405925,0.129365286787496,1.39563403160971e-08,3.98315584844442e-08,0.12451054482793,22.9655951587383,1.85812250777705e-05,2.54616580387396e-07,3.63888677202045e-07,0.0288392595160317,0.840198118053553
karlsruhe_DE,2057,0.0302165136658723,2.74079190248832,193.744747475276,26.6152509633037,0.000587949566929021,0.00957767665405925,0.129365286787496,1.39563403160971e-08,3.98315584844442e-08,0.12451054482793,22.9655951587383,1.85812250777705e-05,2.54616580387396e-07,3.63888677202045e-07,0.0288392595160317,0.840198118053553
karlsruhe_DE,2058,0.0302165136658723,2.74079190248832,193.744747475276,26.6152509633037,0.000587949566929021,0.00957767665405925,0.129365286787496,1.39563403160971e-08,3.98315584844442e-08,0.12451054482793,22.9655951587383,1.85812250777705e-05,2.54616580387396e-07,3.63888677202045e-07,0.0288392595160317,0.840198118053553
karlsruhe_DE,2059,0.0302165136658723,2.74079190248832,193.744747475276,26.6152509633037,0.000587949566929021,0.00957767665405925,0.129365286787496,1.39563403160971e-08,3.98315584844442e-08,0.12451054482793,22.9655951587383,1.85812250777705e-05,2.54616580387396e-07,3.63888677202045e-07,0.0288392595160317,0.840198118053553
karlsruhe_DE,2044,0.0302165136658723,2.74079190248832,193.744747475276,26.6152509633037,0.000587949566929021,0.00957767665405925,0.129365286787496,1.39563403160971e-08,3.98315584844442e-08,0.12451054482793,22.9655951587383,1.85812250777705e-05,2.54616580387396e-07,3.63888677202045e-07,0.0288392595160317,0.840198118053553
karlsruhe_DE,2053,0.0302165136658723,2.74079190248832,193.744747475276,26.6152509633037,0.000587949566929021,0.00957767665405925,0.129365286787496,1.39563403160971e-08,3.98315584844442e-08,0.12451054482793,22.9655951587383,1.85812250777705e-05,2.54616580387396e-07,3.63888677202045e-07,0.0288392595160317,0.840198118053553
karlsruhe_DE,2042,0.0302165136658723,2.74079190248832,193.744747475276,26.6152509633037,0.000587949566929021,0.00957767665405925,0.129365286787496,1.39563403160971e-08,3.98315584844442e-08,0.12451054482793,22.9655951587383,1.85812250777705e-05,2.54616580387396e-07,3.63888677202045e-07,0.0288392595160317,0.840198118053553
karlsruhe_DE,2037,0.0302165136658723,2.74079190248832,193.744747475276,26.6152509633037,0.000587949566929021,0.00957767665405925,0.129365286787496,1.39563403160971e-08,3.98315584844442e-08,0.12451054482793,22.9655951587383,1.85812250777705e-05,2.54616580387396e-07,3.63888677202045e-07,0.0288392595160317,0.840198118053553
karlsruhe_DE,2041,0.0302165136658723,2.74079190248832,193.744747475276,26.6152509633037,0.000587949566929021,0.00957767665405925,0.129365286787496,1.39563403160971e-08,3.98315584844442e-08,0.12451054482793,22.9655951587383,1.85812250777705e-05,2.54616580387396e-07,3.63888677202045e-07,0.0288392595160317,0.840198118053553
karlsruhe_DE,2043,0.0302165136658723,2.74079190248832,193.744747475276,26.6152509633037,0.000587949566929021,0.00957767665405925,0.129365286787496,1.39563403160971e-08,3.98315584844442e-08,0.12451054482793,22.9655951587383,1.85812250777705e-05,2.54616580387396e-07,3.63888677202045e-07,0.0288392595160317,0.840198118053553
karlsruhe_DE,2025,0.0302165136658723,2.74079190248832,193.744747475276,26.6152509633037,0.000587949566929021,0.00957767665405925,0.129365286787496,1.39563403160971e-08,3.98315584844442e-08,0.12451054482793,22.9655951587383,1.85812250777705e-05,2.54616580387396e-07,3.63888677202045e-07,0.0288392595160317,0.840198118053553
karlsruhe_DE,2026,0.0302165136658723,2.74079190248832,193.744747475276,26.6152509633037,0.000587949566929021,0.00957767665405925,0.129365286787496,1.39563403160971e-08,3.98315584844442e-08,0.12451054482793,22.9655951587383,1.85812250777705e-05,2.54616580387396e-07,3.63888677202045e-07,0.0288392595160317,0.840198118053553
karlsruhe_DE,2027,0.0302165136658723,2.74079190248832,193.744747475276,26.6152509633037,0.000587949566929021,0.00957767665405925,0.129365286787496,1.39563403160971e-08,3.98315584844442e-08,0.12451054482793,22.9655951587383,1.85812250777705e-05,2.54616580387396e-07,3.63888677202045e-07,0.0288392595160317,0.840198118053553
karlsruhe_DE,2028,0.0302165136658723,2.74079190248832,193.744747475276,26.6152509633037,0.000587949566929021,0.00957767665405925,0.129365286787496,1.39563403160971e-08,3.98315584844442e-08,0.12451054482793,22.9655951587383,1.85812250777705e-05,2.54616580387396e-07,3.63888677202045e-07,0.0288392595160317,0.840198118053553
karlsruhe_DE,2029,0.0302165136658723,2.74079190248832,193.744747475276,26.6152509633037,0.000587949566929021,0.00957767665405925,0.129365286787496,1.39563403160971e-08,3.98315584844442e-08,0.12451054482793,22.9655951587383,1.85812250777705e-05,2.54616580387396e-07,3.63888677202045e-07,0.0288392595160317,0.840198118053553
karlsruhe_DE,2031,0.0302165136658723,2.74079190248832,193.744747475276,26.6152509633037,0.000587949566929021,0.00957767665405925,0.129365286787496,1.39563403160971e-08,3.98315584844442e-08,0.12451054482793,22.9655951587383,1.85812250777705e-05,2.54616580387396e-07,3.63888677202045e-07,0.0288392595160317,0.840198118053553
karlsruhe_DE,2032,0.0302165136658723,2.74079190248832,193.744747475276,26.6152509633037,0.000587949566929021,0.00957767665405925,0.129365286787496,1.39563403160971e-08,3.98315584844442e-08,0.12451054482793,22.9655951587383,1.85812250777705e-05,2.54616580387396e-07,3.63888677202045e-07,0.0288392595160317,0.840198118053553
karlsruhe_DE,2030,0.0302165136658723,2.74079190248832,193.744747475276,26.6152509633037,0.000587949566929021,0.00957767665405925,0.129365286787496,1.39563403160971e-08,3.98315584844442e-08,0.12451054482793,22.9655951587383,1.85812250777705e-05,2.54616580387396e-07,3.63888677202045e-07,0.0288392595160317,0.840198118053553
karlsruhe_DE,2034,0.0302165136658723,2.74079190248832,193.744747475276,26.6152509633037,0.000587949566929021,0.00957767665405925,0.129365286787496,1.39563403160971e-08,3.98315584844442e-08,0.12451054482793,22.9655951587383,1.85812250777705e-05,2.54616580387396e-07,3.63888677202045e-07,0.0288392595160317,0.840198118053553
karlsruhe_DE,2035,0.0302165136658723,2.74079190248832,193.744747475276,26.6152509633037,0.000587949566929021,0.00957767665405925,0.129365286787496,1.39563403160971e-08,3.98315584844442e-08,0.12451054482793,22.9655951587383,1.85812250777705e-05,2.54616580387396e-07,3.63888677202045e-07,0.0288392595160317,0.840198118053553
karlsruhe_DE,2036,0.0302165136658723,2.74079190248832,193.744747475276,26.6152509633037,0.000587949566929021,0.00957767665405925,0.129365286787496,1.39563403160971e-08,3.98315584844442e-08,0.12451054482793,22.9655951587383,1.85812250777705e-05,2.54616580387396e-07,3.63888677202045e-07,0.0288392595160317,0.840198118053553
karlsruhe_DE,2038,0.0302165136658723,2.74079190248832,193.744747475276,26.6152509633037,0.000587949566929021,0.00957767665405925,0.129365286787496,1.39563403160971e-08,3.98315584844442e-08,0.12451054482793,22.9655951587383,1.85812250777705e-05,2.54616580387396e-07,3.63888677202045e-07,0.0288392595160317,0.840198118053553
karlsruhe_DE,2039,0.0302165136658723,2.74079190248832,193.744747475276,26.6152509633037,0.000587949566929021,0.00957767665405925,0.129365286787496,1.39563403160971e-08,3.98315584844442e-08,0.12451054482793,22.9655951587383,1.85812250777705e-05,2.54616580387396e-07,3.63888677202045e-07,0.0288392595160317,0.840198118053553
karlsruhe_DE,2040,0.0302165136658723,2.74079190248832,193.744747475276,26.6152509633037,0.000587949566929021,0.00957767665405925,0.129365286787496,1.39563403160971e-08,3.98315584844442e-08,0.12451054482793,22.9655951587383,1.85812250777705e-05,2.54616580387396e-07,3.63888677202045e-07,0.0288392595160317,0.840198118053553
karlsruhe_DE,2033,0.0302165136658723,2.74079190248832,193.744747475276,26.6152509633037,0.000587949566929021,0.00957767665405925,0.129365286787496,1.39563403160971e-08,3.98315584844442e-08,0.12451054482793,22.9655951587383,1.85812250777705e-05,2.54616580387396e-07,3.63888677202045e-07,0.0288392595160317,0.840198118053553
kehl_DE,2050,0.0302165136658723,2.74079190248832,193.744747475276,26.6152509633037,0.000587949566929021,0.00957767665405925,0.129365286787496,1.39563403160971e-08,3.98315584844442e-08,0.12451054482793,22.9655951587383,1.85812250777705e-05,2.54616580387396e-07,3.63888677202045e-07,0.0288392595160317,0.840198118053553
kehl_DE,2045,0.0302165136658723,2.74079190248832,193.744747475276,26.6152509633037,0.000587949566929021,0.00957767665405925,0.129365286787496,1.39563403160971e-08,3.98315584844442e-08,0.12451054482793,22.9655951587383,1.85812250777705e-05,2.54616580387396e-07,3.63888677202045e-07,0.0288392595160317,0.840198118053553
kehl_DE,2046,0.0302165136658723,2.74079190248832,193.744747475276,26.6152509633037,0.000587949566929021,0.00957767665405925,0.129365286787496,1.39563403160971e-08,3.98315584844442e-08,0.12451054482793,22.9655951587383,1.85812250777705e-05,2.54616580387396e-07,3.63888677202045e-07,0.0288392595160317,0.840198118053553
kehl_DE,2047,0.0302165136658723,2.74079190248832,193.744747475276,26.6152509633037,0.000587949566929021,0.00957767665405925,0.129365286787496,1.39563403160971e-08,3.98315584844442e-08,0.12451054482793,22.9655951587383,1.85812250777705e-05,2.54616580387396e-07,3.63888677202045e-07,0.0288392595160317,0.840198118053553
kehl_DE,2048,0.0302165136658723,2.74079190248832,193.744747475276,26.6152509633037,0.000587949566929021,0.00957767665405925,0.129365286787496,1.39563403160971e-08,3.98315584844442e-08,0.12451054482793,22.9655951587383,1.85812250777705e-05,2.54616580387396e-07,3.63888677202045e-07,0.0288392595160317,0.840198118053553
kehl_DE,2049,0.0302165136658723,2.74079190248832,193.744747475276,26.6152509633037,0.000587949566929021,0.00957767665405925,0.129365286787496,1.39563403160971e-08,3.98315584844442e-08,0.12451054482793,22.9655951587383,1.85812250777705e-05,2.54616580387396e-07,3.63888677202045e-07,0.0288392595160317,0.840198118053553
kehl_DE,2051,0.0302165136658723,2.74079190248832,193.744747475276,26.6152509633037,0.000587949566929021,0.00957767665405925,0.129365286787496,1.39563403160971e-08,3.98315584844442e-08,0.12451054482793,22.9655951587383,1.85812250777705e-05,2.54616580387396e-07,3.63888677202045e-07,0.0288392595160317,0.840198118053553
kehl_DE,2059,0.0302165136658723,2.74079190248832,193.744747475276,26.6152509633037,0.000587949566929021,0.00957767665405925,0.129365286787496,1.39563403160971e-08,3.98315584844442e-08,0.12451054482793,22.9655951587383,1.85812250777705e-05,2.54616580387396e-07,3.63888677202045e-07,0.0288392595160317,0.840198118053553
kehl_DE,2053,0.0302165136658723,2.74079190248832,193.744747475276,26.6152509633037,0.000587949566929021,0.00957767665405925,0.129365286787496,1.39563403160971e-08,3.98315584844442e-08,0.12451054482793,22.9655951587383,1.85812250777705e-05,2.54616580387396e-07,3.63888677202045e-07,0.0288392595160317,0.840198118053553
kehl_DE,2054,0.0302165136658723,2.74079190248832,193.744747475276,26.6152509633037,0.000587949566929021,0.00957767665405925,0.129365286787496,1.39563403160971e-08,3.98315584844442e-08,0.12451054482793,22.9655951587383,1.85812250777705e-05,2.54616580387396e-07,3.63888677202045e-07,0.0288392595160317,0.840198118053553
kehl_DE,2055,0.0302165136658723,2.74079190248832,193.744747475276,26.6152509633037,0.000587949566929021,0.00957767665405925,0.129365286787496,1.39563403160971e-08,3.98315584844442e-08,0.12451054482793,22.9655951587383,1.85812250777705e-05,2.54616580387396e-07,3.63888677202045e-07,0.0288392595160317,0.840198118053553
kehl_DE,2056,0.0302165136658723,2.74079190248832,193.744747475276,26.6152509633037,0.000587949566929021,0.00957767665405925,0.129365286787496,1.39563403160971e-08,3.98315584844442e-08,0.12451054482793,22.9655951587383,1.85812250777705e-05,2.54616580387396e-07,3.63888677202045e-07,0.0288392595160317,0.840198118053553
kehl_DE,2057,0.0302165136658723,2.74079190248832,193.744747475276,26.6152509633037,0.000587949566929021,0.00957767665405925,0.129365286787496,1.39563403160971e-08,3.98315584844442e-08,0.12451054482793,22.9655951587383,1.85812250777705e-05,2.54616580387396e-07,3.63888677202045e-07,0.0288392595160317,0.840198118053553
kehl_DE,2058,0.0302165136658723,2.74079190248832,193.744747475276,26.6152509633037,0.000587949566929021,0.00957767665405925,0.129365286787496,1.39563403160971e-08,3.98315584844442e-08,0.12451054482793,22.9655951587383,1.85812250777705e-05,2.54616580387396e-07,3.63888677202045e-07,0.0288392595160317,0.840198118053553
kehl_DE,2044,0.0302165136658723,2.74079190248832,193.744747475276,26.6152509633037,0.000587949566929021,0.00957767665405925,0.129365286787496,1.39563403160971e-08,3.98315584844442e-08,0.12451054482793,22.9655951587383,1.85812250777705e-05,2.54616580387396e-07,3.63888677202045e-07,0.0288392595160317,0.840198118053553
kehl_DE,2060,0.0302165136658723,2.74079190248832,193.744747475276,26.6152509633037,0.000587949566929021,0.00957767665405925,0.129365286787496,1.39563403160971e-08,3.98315584844442e-08,0.12451054482793,22.9655951587383,1.85812250777705e-05,2.54616580387396e-07,3.63888677202045e-07,0.0288392595160317,0.840198118053553
kehl_DE,2052,0.0302165136658723,2.74079190248832,193.744747475276,26.6152509633037,0.000587949566929021,0.00957767665405925,0.129365286787496,1.39563403160971e-08,3.98315584844442e-08,0.12451054482793,22.9655951587383,1.85812250777705e-05,2.54616580387396e-07,3.63888677202045e-07,0.0288392595160317,0.840198118053553
kehl_DE,2043,0.0302165136658723,2.74079190248832,193.744747475276,26.6152509633037,0.000587949566929021,0.00957767665405925,0.129365286787496,1.39563403160971e-08,3.98315584844442e-08,0.12451054482793,22.9655951587383,1.85812250777705e-05,2.54616580387396e-07,3.63888677202045e-07,0.0288392595160317,0.840198118053553
kehl_DE,2038,0.0302165136658723,2.74079190248832,193.744747475276,26.6152509633037,0.000587949566929021,0.00957767665405925,0.129365286787496,1.39563403160971e-08,3.98315584844442e-08,0.12451054482793,22.9655951587383,1.85812250777705e-05,2.54616580387396e-07,3.63888677202045e-07,0.0288392595160317,0.840198118053553
kehl_DE,2041,0.0302165136658723,2.74079190248832,193.744747475276,26.6152509633037,0.000587949566929021,0.00957767665405925,0.129365286787496,1.39563403160971e-08,3.98315584844442e-08,0.12451054482793,22.9655951587383,1.85812250777705e-05,2.54616580387396e-07,3.63888677202045e-07,0.0288392595160317,0.840198118053553
kehl_DE,2025,0.0302165136658723,2.74079190248832,193.744747475276,26.6152509633037,0.000587949566929021,0.00957767665405925,0.129365286787496,1.39563403160971e-08,3.98315584844442e-08,0.12451054482793,22.9655951587383,1.85812250777705e-05,2.54616580387396e-07,3.63888677202045e-07,0.0288392595160317,0.840198118053553
kehl_DE,2026,0.0302165136658723,2.74079190248832,193.744747475276,26.6152509633037,0.000587949566929021,0.00957767665405925,0.129365286787496,1.39563403160971e-08,3.98315584844442e-08,0.12451054482793,22.9655951587383,1.85812250777705e-05,2.54616580387396e-07,3.63888677202045e-07,0.0288392595160317,0.840198118053553
kehl_DE,2027,0.0302165136658723,2.74079190248832,193.744747475276,26.6152509633037,0.000587949566929021,0.00957767665405925,0.129365286787496,1.39563403160971e-08,3.98315584844442e-08,0.12451054482793,22.9655951587383,1.85812250777705e-05,2.54616580387396e-07,3.63888677202045e-07,0.0288392595160317,0.840198118053553
kehl_DE,2042,0.0302165136658723,2.74079190248832,193.744747475276,26.6152509633037,0.000587949566929021,0.00957767665405925,0.129365286787496,1.39563403160971e-08,3.98315584844442e-08,0.12451054482793,22.9655951587383,1.85812250777705e-05,2.54616580387396e-07,3.63888677202045e-07,0.0288392595160317,0.840198118053553
kehl_DE,2029,0.0302165136658723,2.74079190248832,193.744747475276,26.6152509633037,0.000587949566929021,0.00957767665405925,0.129365286787496,1.39563403160971e-08,3.98315584844442e-08,0.12451054482793,22.9655951587383,1.85812250777705e-05,2.54616580387396e-07,3.63888677202045e-07,0.0288392595160317,0.840198118053553
kehl_DE,2030,0.0302165136658723,2.74079190248832,193.744747475276,26.6152509633037,0.000587949566929021,0.00957767665405925,0.129365286787496,1.39563403160971e-08,3.98315584844442e-08,0.12451054482793,22.9655951587383,1.85812250777705e-05,2.54616580387396e-07,3.63888677202045e-07,0.0288392595160317,0.840198118053553
kehl_DE,2031,0.0302165136658723,2.74079190248832,193.744747475276,26.6152509633037,0.000587949566929021,0.00957767665405925,0.129365286787496,1.39563403160971e-08,3.98315584844442e-08,0.12451054482793,22.9655951587383,1.85812250777705e-05,2.54616580387396e-07,3.63888677202045e-07,0.0288392595160317,0.840198118053553
kehl_DE,2028,0.0302165136658723,2.74079190248832,193.744747475276,26.6152509633037,0.000587949566929021,0.00957767665405925,0.129365286787496,1.39563403160971e-08,3.98315584844442e-08,0.12451054482793,22.9655951587383,1.85812250777705e-05,2.54616580387396e-07,3.63888677202045e-07,0.0288392595160317,0.840198118053553
kehl_DE,2033,0.0302165136658723,2.74079190248832,193.744747475276,26.6152509633037,0.000587949566929021,0.00957767665405925,0.129365286787496,1.39563403160971e-08,3.98315584844442e-08,0.12451054482793,22.9655951587383,1.85812250777705e-05,2.54616580387396e-07,3.63888677202045e-07,0.0288392595160317,0.840198118053553
kehl_DE,2034,0.0302165136658723,2.74079190248832,193.744747475276,26.6152509633037,0.000587949566929021,0.00957767665405925,0.129365286787496,1.39563403160971e-08,3.98315584844442e-08,0.12451054482793,22.9655951587383,1.85812250777705e-05,2.54616580387396e-07,3.63888677202045e-07,0.0288392595160317,0.840198118053553
kehl_DE,2035,0.0302165136658723,2.74079190248832,193.744747475276,26.6152509633037,0.000587949566929021,0.00957767665405925,0.129365286787496,1.39563403160971e-08,3.98315584844442e-08,0.12451054482793,22.9655951587383,1.85812250777705e-05,2.54616580387396e-07,3.63888677202045e-07,0.0288392595160317,0.840198118053553
kehl_DE,2036,0.0302165136658723,2.74079190248832,193.744747475276,26.6152509633037,0.000587949566929021,0.00957767665405925,0.129365286787496,1.39563403160971e-08,3.98315584844442e-08,0.12451054482793,22.9655951587383,1.85812250777705e-05,2.54616580387396e-07,3.63888677202045e-07,0.0288392595160317,0.840198118053553
kehl_DE,2037,0.0302165136658723,2.74079190248832,193.744747475276,26.6152509633037,0.000587949566929021,0.00957767665405925,0.129365286787496,1.39563403160971e-08,3.98315584844442e-08,0.12451054482793,22.9655951587383,1.85812250777705e-05,2.54616580387396e-07,3.63888677202045e-07,0.0288392595160317,0.840198118053553
kehl_DE,2039,0.0302165136658723,2.74079190248832,193.744747475276,26.6152509633037,0.000587949566929021,0.00957767665405925,0.129365286787496,1.39563403160971e-08,3.98315584844442e-08,0.12451054482793,22.9655951587383,1.85812250777705e-05,2.54616580387396e-07,3.63888677202045e-07,0.0288392595160317,0.840198118053553
kehl_DE,2040,0.0302165136658723,2.74079190248832,193.744747475276,26.6152509633037,0.000587949566929021,0.00957767665405925,0.129365286787496,1.39563403160971e-08,3.98315584844442e-08,0.12451054482793,22.9655951587383,1.85812250777705e-05,2.54616580387396e-07,3.63888677202045e-07,0.0288392595160317,0.840198118053553
kehl_DE,2032,0.0302165136658723,2.74079190248832,193.744747475276,26.6152509633037,0.000587949566929021,0.00957767665405925,0.129365286787496,1.39563403160971e-08,3.98315584844442e-08,0.12451054482793,22.9655951587383,1.85812250777705e-05,2.54616580387396e-07,3.63888677202045e-07,0.0288392595160317,0.840198118053553
koblenz_DE,2051,0.0302165136658723,2.74079190248832,193.744747475276,26.6152509633037,0.000587949566929021,0.00957767665405925,0.129365286787496,1.39563403160971e-08,3.98315584844442e-08,0.12451054482793,22.9655951587383,1.85812250777705e-05,2.54616580387396e-07,3.63888677202045e-07,0.0288392595160317,0.840198118053553
koblenz_DE,2045,0.0302165136658723,2.74079190248832,193.744747475276,26.6152509633037,0.000587949566929021,0.00957767665405925,0.129365286787496,1.39563403160971e-08,3.98315584844442e-08,0.12451054482793,22.9655951587383,1.85812250777705e-05,2.54616580387396e-07,3.63888677202045e-07,0.0288392595160317,0.840198118053553
koblenz_DE,2046,0.0302165136658723,2.74079190248832,193.744747475276,26.6152509633037,0.000587949566929021,0.00957767665405925,0.129365286787496,1.39563403160971e-08,3.98315584844442e-08,0.12451054482793,22.9655951587383,1.85812250777705e-05,2.54616580387396e-07,3.63888677202045e-07,0.0288392595160317,0.840198118053553
koblenz_DE,2047,0.0302165136658723,2.74079190248832,193.744747475276,26.6152509633037,0.000587949566929021,0.00957767665405925,0.129365286787496,1.39563403160971e-08,3.98315584844442e-08,0.12451054482793,22.9655951587383,1.85812250777705e-05,2.54616580387396e-07,3.63888677202045e-07,0.0288392595160317,0.840198118053553
koblenz_DE,2048,0.0302165136658723,2.74079190248832,193.744747475276,26.6152509633037,0.000587949566929021,0.00957767665405925,0.129365286787496,1.39563403160971e-08,3.98315584844442e-08,0.12451054482793,22.9655951587383,1.85812250777705e-05,2.54616580387396e-07,3.63888677202045e-07,0.0288392595160317,0.840198118053553
koblenz_DE,2049,0.0302165136658723,2.74079190248832,193.744747475276,26.6152509633037,0.000587949566929021,0.00957767665405925,0.129365286787496,1.39563403160971e-08,3.98315584844442e-08,0.12451054482793,22.9655951587383,1.85812250777705e-05,2.54616580387396e-07,3.63888677202045e-07,0.0288392595160317,0.840198118053553
koblenz_DE,2050,0.0302165136658723,2.74079190248832,193.744747475276,26.6152509633037,0.000587949566929021,0.00957767665405925,0.129365286787496,1.39563403160971e-08,3.98315584844442e-08,0.12451054482793,22.9655951587383,1.85812250777705e-05,2.54616580387396e-07,3.63888677202045e-07,0.0288392595160317,0.840198118053553
koblenz_DE,2052,0.0302165136658723,2.74079190248832,193.744747475276,26.6152509633037,0.000587949566929021,0.00957767665405925,0.129365286787496,1.39563403160971e-08,3.98315584844442e-08,0.12451054482793,22.9655951587383,1.85812250777705e-05,2.54616580387396e-07,3.63888677202045e-07,0.0288392595160317,0.840198118053553
koblenz_DE,2044,0.0302165136658723,2.74079190248832,193.744747475276,26.6152509633037,0.000587949566929021,0.00957767665405925,0.129365286787496,1.39563403160971e-08,3.98315584844442e-08,0.12451054482793,22.9655951587383,1.85812250777705e-05,2.54616580387396e-07,3.63888677202045e-07,0.0288392595160317,0.840198118053553
koblenz_DE,2054,0.0302165136658723,2.74079190248832,193.744747475276,26.6152509633037,0.000587949566929021,0.00957767665405925,0.129365286787496,1.39563403160971e-08,3.98315584844442e-08,0.12451054482793,22.9655951587383,1.85812250777705e-05,2.54616580387396e-07,3.63888677202045e-07,0.0288392595160317,0.840198118053553
koblenz_DE,2055,0.0302165136658723,2.74079190248832,193.744747475276,26.6152509633037,0.000587949566929021,0.00957767665405925,0.129365286787496,1.39563403160971e-08,3.98315584844442e-08,0.12451054482793,22.9655951587383,1.85812250777705e-05,2.54616580387396e-07,3.63888677202045e-07,0.0288392595160317,0.840198118053553
koblenz_DE,2056,0.0302165136658723,2.74079190248832,193.744747475276,26.6152509633037,0.000587949566929021,0.00957767665405925,0.129365286787496,1.39563403160971e-08,3.98315584844442e-08,0.12451054482793,22.9655951587383,1.85812250777705e-05,2.54616580387396e-07,3.63888677202045e-07,0.0288392595160317,0.840198118053553
koblenz_DE,2057,0.0302165136658723,2.74079190248832,193.744747475276,26.6152509633037,0.000587949566929021,0.00957767665405925,0.129365286787496,1.39563403160971e-08,3.98315584844442e-08,0.12451054482793,22.9655951587383,1.85812250777705e-05,2.54616580387396e-07,3.63888677202045e-07,0.0288392595160317,0.840198118053553
koblenz_DE,2058,0.0302165136658723,2.74079190248832,193.744747475276,26.6152509633037,0.000587949566929021,0.00957767665405925,0.129365286787496,1.39563403160971e-08,3.98315584844442e-08,0.12451054482793,22.9655951587383,1.85812250777705e-05,2.54616580387396e-07,3.63888677202045e-07,0.0288392595160317,0.840198118053553
koblenz_DE,2059,0.0302165136658723,2.74079190248832,193.744747475276,26.6152509633037,0.000587949566929021,0.00957767665405925,0.129365286787496,1.39563403160971e-08,3.98315584844442e-08,0.12451054482793,22.9655951587383,1.85812250777705e-05,2.54616580387396e-07,3.63888677202045e-07,0.0288392595160317,0.840198118053553
koblenz_DE,2060,0.0302165136658723,2.74079190248832,193.744747475276,26.6152509633037,0.000587949566929021,0.00957767665405925,0.129365286787496,1.39563403160971e-08,3.98315584844442e-08,0.12451054482793,22.9655951587383,1.85812250777705e-05,2.54616580387396e-07,3.63888677202045e-07,0.0288392595160317,0.840198118053553
koblenz_DE,2053,0.0302165136658723,2.74079190248832,193.744747475276,26.6152509633037,0.000587949566929021,0.00957767665405925,0.129365286787496,1.39563403160971e-08,3.98315584844442e-08,0.12451054482793,22.9655951587383,1.85812250777705e-05,2.54616580387396e-07,3.63888677202045e-07,0.0288392595160317,0.840198118053553
koblenz_DE,2043,0.0302165136658723,2.74079190248832,193.744747475276,26.6152509633037,0.000587949566929021,0.00957767665405925,0.129365286787496,1.39563403160971e-08,3.98315584844442e-08,0.12451054482793,22.9655951587383,1.85812250777705e-05,2.54616580387396e-07,3.63888677202045e-07,0.0288392595160317,0.840198118053553
koblenz_DE,2025,0.0302165136658723,2.74079190248832,193.744747475276,26.6152509633037,0.000587949566929021,0.00957767665405925,0.129365286787496,1.39563403160971e-08,3.98315584844442e-08,0.12451054482793,22.9655951587383,1.85812250777705e-05,2.54616580387396e-07,3.63888677202045e-07,0.0288392595160317,0.840198118053553
koblenz_DE,2041,0.0302165136658723,2.74079190248832,193.744747475276,26.6152509633037,0.000587949566929021,0.00957767665405925,0.129365286787496,1.39563403160971e-08,3.98315584844442e-08,0.12451054482793,22.9655951587383,1.85812250777705e-05,2.54616580387396e-07,3.63888677202045e-07,0.0288392595160317,0.840198118053553
koblenz_DE,2042,0.0302165136658723,2.74079190248832,193.744747475276,26.6152509633037,0.000587949566929021,0.00957767665405925,0.129365286787496,1.39563403160971e-08,3.98315584844442e-08,0.12451054482793,22.9655951587383,1.85812250777705e-05,2.54616580387396e-07,3.63888677202045e-07,0.0288392595160317,0.840198118053553
koblenz_DE,2026,0.0302165136658723,2.74079190248832,193.744747475276,26.6152509633037,0.000587949566929021,0.00957767665405925,0.129365286787496,1.39563403160971e-08,3.98315584844442e-08,0.12451054482793,22.9655951587383,1.85812250777705e-05,2.54616580387396e-07,3.63888677202045e-07,0.0288392595160317,0.840198118053553
koblenz_DE,2027,0.0302165136658723,2.74079190248832,193.744747475276,26.6152509633037,0.000587949566929021,0.00957767665405925,0.129365286787496,1.39563403160971e-08,3.98315584844442e-08,0.12451054482793,22.9655951587383,1.85812250777705e-05,2.54616580387396e-07,3.63888677202045e-07,0.0288392595160317,0.840198118053553
koblenz_DE,2028,0.0302165136658723,2.74079190248832,193.744747475276,26.6152509633037,0.000587949566929021,0.00957767665405925,0.129365286787496,1.39563403160971e-08,3.98315584844442e-08,0.12451054482793,22.9655951587383,1.85812250777705e-05,2.54616580387396e-07,3.63888677202045e-07,0.0288392595160317,0.840198118053553
koblenz_DE,2030,0.0302165136658723,2.74079190248832,193.744747475276,26.6152509633037,0.000587949566929021,0.00957767665405925,0.129365286787496,1.39563403160971e-08,3.98315584844442e-08,0.12451054482793,22.9655951587383,1.85812250777705e-05,2.54616580387396e-07,3.63888677202045e-07,0.0288392595160317,0.840198118053553
koblenz_DE,2031,0.0302165136658723,2.74079190248832,193.744747475276,26.6152509633037,0.000587949566929021,0.00957767665405925,0.129365286787496,1.39563403160971e-08,3.98315584844442e-08,0.12451054482793,22.9655951587383,1.85812250777705e-05,2.54616580387396e-07,3.63888677202045e-07,0.0288392595160317,0.840198118053553
koblenz_DE,2032,0.0302165136658723,2.74079190248832,193.744747475276,26.6152509633037,0.000587949566929021,0.00957767665405925,0.129365286787496,1.39563403160971e-08,3.98315584844442e-08,0.12451054482793,22.9655951587383,1.85812250777705e-05,2.54616580387396e-07,3.63888677202045e-07,0.0288392595160317,0.840198118053553
koblenz_DE,2029,0.0302165136658723,2.74079190248832,193.744747475276,26.6152509633037,0.000587949566929021,0.00957767665405925,0.129365286787496,1.39563403160971e-08,3.98315584844442e-08,0.12451054482793,22.9655951587383,1.85812250777705e-05,2.54616580387396e-07,3.63888677202045e-07,0.0288392595160317,0.840198118053553
koblenz_DE,2034,0.0302165136658723,2.74079190248832,193.744747475276,26.6152509633037,0.000587949566929021,0.00957767665405925,0.129365286787496,1.39563403160971e-08,3.98315584844442e-08,0.12451054482793,22.9655951587383,1.85812250777705e-05,2.54616580387396e-07,3.63888677202045e-07,0.0288392595160317,0.840198118053553
koblenz_DE,2035,0.0302165136658723,2.74079190248832,193.744747475276,26.6152509633037,0.000587949566929021,0.00957767665405925,0.129365286787496,1.39563403160971e-08,3.98315584844442e-08,0.12451054482793,22.9655951587383,1.85812250777705e-05,2.54616580387396e-07,3.63888677202045e-07,0.0288392595160317,0.840198118053553
koblenz_DE,2036,0.0302165136658723,2.74079190248832,193.744747475276,26.6152509633037,0.000587949566929021,0.00957767665405925,0.129365286787496,1.39563403160971e-08,3.98315584844442e-08,0.12451054482793,22.9655951587383,1.85812250777705e-05,2.54616580387396e-07,3.63888677202045e-07,0.0288392595160317,0.840198118053553
koblenz_DE,2037,0.0302165136658723,2.74079190248832,193.744747475276,26.6152509633037,0.000587949566929021,0.00957767665405925,0.129365286787496,1.39563403160971e-08,3.98315584844442e-08,0.12451054482793,22.9655951587383,1.85812250777705e-05,2.54616580387396e-07,3.63888677202045e-07,0.0288392595160317,0.840198118053553
koblenz_DE,2038,0.0302165136658723,2.74079190248832,193.744747475276,26.6152509633037,0.000587949566929021,0.00957767665405925,0.129365286787496,1.39563403160971e-08,3.98315584844442e-08,0.12451054482793,22.9655951587383,1.85812250777705e-05,2.54616580387396e-07,3.63888677202045e-07,0.0288392595160317,0.840198118053553
koblenz_DE,2039,0.0302165136658723,2.74079190248832,193.744747475276,26.6152509633037,0.000587949566929021,0.00957767665405925,0.129365286787496,1.39563403160971e-08,3.98315584844442e-08,0.12451054482793,22.9655951587383,1.85812250777705e-05,2.54616580387396e-07,3.63888677202045e-07,0.0288392595160317,0.840198118053553
koblenz_DE,2040,0.0302165136658723,2.74079190248832,193.744747475276,26.6152509633037,0.000587949566929021,0.00957767665405925,0.129365286787496,1.39563403160971e-08,3.98315584844442e-08,0.12451054482793,22.9655951587383,1.85812250777705e-05,2.54616580387396e-07,3.63888677202045e-07,0.0288392595160317,0.840198118053553
koblenz_DE,2033,0.0302165136658723,2.74079190248832,193.744747475276,26.6152509633037,0.000587949566929021,0.00957767665405925,0.129365286787496,1.39563403160971e-08,3.98315584844442e-08,0.12451054482793,22.9655951587383,1.85812250777705e-05,2.54616580387396e-07,3.63888677202045e-07,0.0288392595160317,0.840198118053553
koeln_DE,2051,0.0302165136658723,2.74079190248832,193.744747475276,26.6152509633037,0.000587949566929021,0.00957767665405925,0.129365286787496,1.39563403160971e-08,3.98315584844442e-08,0.12451054482793,22.9655951587383,1.85812250777705e-05,2.54616580387396e-07,3.63888677202045e-07,0.0288392595160317,0.840198118053553
koeln_DE,2045,0.0302165136658723,2.74079190248832,193.744747475276,26.6152509633037,0.000587949566929021,0.00957767665405925,0.129365286787496,1.39563403160971e-08,3.98315584844442e-08,0.12451054482793,22.9655951587383,1.85812250777705e-05,2.54616580387396e-07,3.63888677202045e-07,0.0288392595160317,0.840198118053553
koeln_DE,2046,0.0302165136658723,2.74079190248832,193.744747475276,26.6152509633037,0.000587949566929021,0.00957767665405925,0.129365286787496,1.39563403160971e-08,3.98315584844442e-08,0.12451054482793,22.9655951587383,1.85812250777705e-05,2.54616580387396e-07,3.63888677202045e-07,0.0288392595160317,0.840198118053553
koeln_DE,2047,0.0302165136658723,2.74079190248832,193.744747475276,26.6152509633037,0.000587949566929021,0.00957767665405925,0.129365286787496,1.39563403160971e-08,3.98315584844442e-08,0.12451054482793,22.9655951587383,1.85812250777705e-05,2.54616580387396e-07,3.63888677202045e-07,0.0288392595160317,0.840198118053553
koeln_DE,2048,0.0302165136658723,2.74079190248832,193.744747475276,26.6152509633037,0.000587949566929021,0.00957767665405925,0.129365286787496,1.39563403160971e-08,3.98315584844442e-08,0.12451054482793,22.9655951587383,1.85812250777705e-05,2.54616580387396e-07,3.63888677202045e-07,0.0288392595160317,0.840198118053553
koeln_DE,2049,0.0302165136658723,2.74079190248832,193.744747475276,26.6152509633037,0.000587949566929021,0.00957767665405925,0.129365286787496,1.39563403160971e-08,3.98315584844442e-08,0.12451054482793,22.9655951587383,1.85812250777705e-05,2.54616580387396e-07,3.63888677202045e-07,0.0288392595160317,0.840198118053553
koeln_DE,2050,0.0302165136658723,2.74079190248832,193.744747475276,26.6152509633037,0.000587949566929021,0.00957767665405925,0.129365286787496,1.39563403160971e-08,3.98315584844442e-08,0.12451054482793,22.9655951587383,1.85812250777705e-05,2.54616580387396e-07,3.63888677202045e-07,0.0288392595160317,0.840198118053553
koeln_DE,2052,0.0302165136658723,2.74079190248832,193.744747475276,26.6152509633037,0.000587949566929021,0.00957767665405925,0.129365286787496,1.39563403160971e-08,3.98315584844442e-08,0.12451054482793,22.9655951587383,1.85812250777705e-05,2.54616580387396e-07,3.63888677202045e-07,0.0288392595160317,0.840198118053553
koeln_DE,2060,0.0302165136658723,2.74079190248832,193.744747475276,26.6152509633037,0.000587949566929021,0.00957767665405925,0.129365286787496,1.39563403160971e-08,3.98315584844442e-08,0.12451054482793,22.9655951587383,1.85812250777705e-05,2.54616580387396e-07,3.63888677202045e-07,0.0288392595160317,0.840198118053553
koeln_DE,2054,0.0302165136658723,2.74079190248832,193.744747475276,26.6152509633037,0.000587949566929021,0.00957767665405925,0.129365286787496,1.39563403160971e-08,3.98315584844442e-08,0.12451054482793,22.9655951587383,1.85812250777705e-05,2.54616580387396e-07,3.63888677202045e-07,0.0288392595160317,0.840198118053553
koeln_DE,2055,0.0302165136658723,2.74079190248832,193.744747475276,26.6152509633037,0.000587949566929021,0.00957767665405925,0.129365286787496,1.39563403160971e-08,3.98315584844442e-08,0.12451054482793,22.9655951587383,1.85812250777705e-05,2.54616580387396e-07,3.63888677202045e-07,0.0288392595160317,0.840198118053553
koeln_DE,2056,0.0302165136658723,2.74079190248832,193.744747475276,26.6152509633037,0.000587949566929021,0.00957767665405925,0.129365286787496,1.39563403160971e-08,3.98315584844442e-08,0.12451054482793,22.9655951587383,1.85812250777705e-05,2.54616580387396e-07,3.63888677202045e-07,0.0288392595160317,0.840198118053553
koeln_DE,2057,0.0302165136658723,2.74079190248832,193.744747475276,26.6152509633037,0.000587949566929021,0.00957767665405925,0.129365286787496,1.39563403160971e-08,3.98315584844442e-08,0.12451054482793,22.9655951587383,1.85812250777705e-05,2.54616580387396e-07,3.63888677202045e-07,0.0288392595160317,0.840198118053553
koeln_DE,2058,0.0302165136658723,2.74079190248832,193.744747475276,26.6152509633037,0.000587949566929021,0.00957767665405925,0.129365286787496,1.39563403160971e-08,3.98315584844442e-08,0.12451054482793,22.9655951587383,1.85812250777705e-05,2.54616580387396e-07,3.63888677202045e-07,0.0288392595160317,0.840198118053553
koeln_DE,2059,0.0302165136658723,2.74079190248832,193.744747475276,26.6152509633037,0.000587949566929021,0.00957767665405925,0.129365286787496,1.39563403160971e-08,3.98315584844442e-08,0.12451054482793,22.9655951587383,1.85812250777705e-05,2.54616580387396e-07,3.63888677202045e-07,0.0288392595160317,0.840198118053553
koeln_DE,2044,0.0302165136658723,2.74079190248832,193.744747475276,26.6152509633037,0.000587949566929021,0.00957767665405925,0.129365286787496,1.39563403160971e-08,3.98315584844442e-08,0.12451054482793,22.9655951587383,1.85812250777705e-05,2.54616580387396e-07,3.63888677202045e-07,0.0288392595160317,0.840198118053553
koeln_DE,2053,0.0302165136658723,2.74079190248832,193.744747475276,26.6152509633037,0.000587949566929021,0.00957767665405925,0.129365286787496,1.39563403160971e-08,3.98315584844442e-08,0.12451054482793,22.9655951587383,1.85812250777705e-05,2.54616580387396e-07,3.63888677202045e-07,0.0288392595160317,0.840198118053553
koeln_DE,2043,0.0302165136658723,2.74079190248832,193.744747475276,26.6152509633037,0.000587949566929021,0.00957767665405925,0.129365286787496,1.39563403160971e-08,3.98315584844442e-08,0.12451054482793,22.9655951587383,1.85812250777705e-05,2.54616580387396e-07,3.63888677202045e-07,0.0288392595160317,0.840198118053553
koeln_DE,2042,0.0302165136658723,2.74079190248832,193.744747475276,26.6152509633037,0.000587949566929021,0.00957767665405925,0.129365286787496,1.39563403160971e-08,3.98315584844442e-08,0.12451054482793,22.9655951587383,1.85812250777705e-05,2.54616580387396e-07,3.63888677202045e-07,0.0288392595160317,0.840198118053553
koeln_DE,2041,0.0302165136658723,2.74079190248832,193.744747475276,26.6152509633037,0.000587949566929021,0.00957767665405925,0.129365286787496,1.39563403160971e-08,3.98315584844442e-08,0.12451054482793,22.9655951587383,1.85812250777705e-05,2.54616580387396e-07,3.63888677202045e-07,0.0288392595160317,0.840198118053553
koeln_DE,2026,0.0302165136658723,2.74079190248832,193.744747475276,26.6152509633037,0.000587949566929021,0.00957767665405925,0.129365286787496,1.39563403160971e-08,3.98315584844442e-08,0.12451054482793,22.9655951587383,1.85812250777705e-05,2.54616580387396e-07,3.63888677202045e-07,0.0288392595160317,0.840198118053553
koeln_DE,2027,0.0302165136658723,2.74079190248832,193.744747475276,26.6152509633037,0.000587949566929021,0.00957767665405925,0.129365286787496,1.39563403160971e-08,3.98315584844442e-08,0.12451054482793,22.9655951587383,1.85812250777705e-05,2.54616580387396e-07,3.63888677202045e-07,0.0288392595160317,0.840198118053553
koeln_DE,2028,0.0302165136658723,2.74079190248832,193.744747475276,26.6152509633037,0.000587949566929021,0.00957767665405925,0.129365286787496,1.39563403160971e-08,3.98315584844442e-08,0.12451054482793,22.9655951587383,1.85812250777705e-05,2.54616580387396e-07,3.63888677202045e-07,0.0288392595160317,0.840198118053553
koeln_DE,2029,0.0302165136658723,2.74079190248832,193.744747475276,26.6152509633037,0.000587949566929021,0.00957767665405925,0.129365286787496,1.39563403160971e-08,3.98315584844442e-08,0.12451054482793,22.9655951587383,1.85812250777705e-05,2.54616580387396e-07,3.63888677202045e-07,0.0288392595160317,0.840198118053553
koeln_DE,2030,0.0302165136658723,2.74079190248832,193.744747475276,26.6152509633037,0.000587949566929021,0.00957767665405925,0.129365286787496,1.39563403160971e-08,3.98315584844442e-08,0.12451054482793,22.9655951587383,1.85812250777705e-05,2.54616580387396e-07,3.63888677202045e-07,0.0288392595160317,0.840198118053553
koeln_DE,2031,0.0302165136658723,2.74079190248832,193.744747475276,26.6152509633037,0.000587949566929021,0.00957767665405925,0.129365286787496,1.39563403160971e-08,3.98315584844442e-08,0.12451054482793,22.9655951587383,1.85812250777705e-05,2.54616580387396e-07,3.63888677202045e-07,0.0288392595160317,0.840198118053553
koeln_DE,2032,0.0302165136658723,2.74079190248832,193.744747475276,26.6152509633037,0.000587949566929021,0.00957767665405925,0.129365286787496,1.39563403160971e-08,3.98315584844442e-08,0.12451054482793,22.9655951587383,1.85812250777705e-05,2.54616580387396e-07,3.63888677202045e-07,0.0288392595160317,0.840198118053553
koeln_DE,2025,0.0302165136658723,2.74079190248832,193.744747475276,26.6152509633037,0.000587949566929021,0.00957767665405925,0.129365286787496,1.39563403160971e-08,3.98315584844442e-08,0.12451054482793,22.9655951587383,1.85812250777705e-05,2.54616580387396e-07,3.63888677202045e-07,0.0288392595160317,0.840198118053553
koeln_DE,2034,0.0302165136658723,2.74079190248832,193.744747475276,26.6152509633037,0.000587949566929021,0.00957767665405925,0.129365286787496,1.39563403160971e-08,3.98315584844442e-08,0.12451054482793,22.9655951587383,1.85812250777705e-05,2.54616580387396e-07,3.63888677202045e-07,0.0288392595160317,0.840198118053553
koeln_DE,2035,0.0302165136658723,2.74079190248832,193.744747475276,26.6152509633037,0.000587949566929021,0.00957767665405925,0.129365286787496,1.39563403160971e-08,3.98315584844442e-08,0.12451054482793,22.9655951587383,1.85812250777705e-05,2.54616580387396e-07,3.63888677202045e-07,0.0288392595160317,0.840198118053553
koeln_DE,2036,0.0302165136658723,2.74079190248832,193.744747475276,26.6152509633037,0.000587949566929021,0.00957767665405925,0.129365286787496,1.39563403160971e-08,3.98315584844442e-08,0.12451054482793,22.9655951587383,1.85812250777705e-05,2.54616580387396e-07,3.63888677202045e-07,0.0288392595160317,0.840198118053553
koeln_DE,2037,0.0302165136658723,2.74079190248832,193.744747475276,26.6152509633037,0.000587949566929021,0.00957767665405925,0.129365286787496,1.39563403160971e-08,3.98315584844442e-08,0.12451054482793,22.9655951587383,1.85812250777705e-05,2.54616580387396e-07,3.63888677202045e-07,0.0288392595160317,0.840198118053553
koeln_DE,2038,0.0302165136658723,2.74079190248832,193.744747475276,26.6152509633037,0.000587949566929021,0.00957767665405925,0.129365286787496,1.39563403160971e-08,3.98315584844442e-08,0.12451054482793,22.9655951587383,1.85812250777705e-05,2.54616580387396e-07,3.63888677202045e-07,0.0288392595160317,0.840198118053553
koeln_DE,2039,0.0302165136658723,2.74079190248832,193.744747475276,26.6152509633037,0.000587949566929021,0.00957767665405925,0.129365286787496,1.39563403160971e-08,3.98315584844442e-08,0.12451054482793,22.9655951587383,1.85812250777705e-05,2.54616580387396e-07,3.63888677202045e-07,0.0288392595160317,0.840198118053553
koeln_DE,2040,0.0302165136658723,2.74079190248832,193.744747475276,26.6152509633037,0.000587949566929021,0.00957767665405925,0.129365286787496,1.39563403160971e-08,3.98315584844442e-08,0.12451054482793,22.9655951587383,1.85812250777705e-05,2.54616580387396e-07,3.63888677202045e-07,0.0288392595160317,0.840198118053553
koeln_DE,2033,0.0302165136658723,2.74079190248832,193.744747475276,26.6152509633037,0.000587949566929021,0.00957767665405925,0.129365286787496,1.39563403160971e-08,3.98315584844442e-08,0.12451054482793,22.9655951587383,1.85812250777705e-05,2.54616580387396e-07,3.63888677202045e-07,0.0288392595160317,0.840198118053553
l10_area_NL,2046,0.0302165136658723,2.74079190248832,193.744747475276,26.6152509633037,0.000587949566929021,0.00957767665405925,0.129365286787496,1.39563403160971e-08,3.98315584844442e-08,0.12451054482793,22.9655951587383,1.85812250777705e-05,2.54616580387396e-07,3.63888677202045e-07,0.0288392595160317,0.840198118053553
l10_area_NL,2047,0.0302165136658723,2.74079190248832,193.744747475276,26.6152509633037,0.000587949566929021,0.00957767665405925,0.129365286787496,1.39563403160971e-08,3.98315584844442e-08,0.12451054482793,22.9655951587383,1.85812250777705e-05,2.54616580387396e-07,3.63888677202045e-07,0.0288392595160317,0.840198118053553
l10_area_NL,2048,0.0302165136658723,2.74079190248832,193.744747475276,26.6152509633037,0.000587949566929021,0.00957767665405925,0.129365286787496,1.39563403160971e-08,3.98315584844442e-08,0.12451054482793,22.9655951587383,1.85812250777705e-05,2.54616580387396e-07,3.63888677202045e-07,0.0288392595160317,0.840198118053553
l10_area_NL,2049,0.0302165136658723,2.74079190248832,193.744747475276,26.6152509633037,0.000587949566929021,0.00957767665405925,0.129365286787496,1.39563403160971e-08,3.98315584844442e-08,0.12451054482793,22.9655951587383,1.85812250777705e-05,2.54616580387396e-07,3.63888677202045e-07,0.0288392595160317,0.840198118053553
l10_area_NL,2050,0.0302165136658723,2.74079190248832,193.744747475276,26.6152509633037,0.000587949566929021,0.00957767665405925,0.129365286787496,1.39563403160971e-08,3.98315584844442e-08,0.12451054482793,22.9655951587383,1.85812250777705e-05,2.54616580387396e-07,3.63888677202045e-07,0.0288392595160317,0.840198118053553
l10_area_NL,2051,0.0302165136658723,2.74079190248832,193.744747475276,26.6152509633037,0.000587949566929021,0.00957767665405925,0.129365286787496,1.39563403160971e-08,3.98315584844442e-08,0.12451054482793,22.9655951587383,1.85812250777705e-05,2.54616580387396e-07,3.63888677202045e-07,0.0288392595160317,0.840198118053553
l10_area_NL,2052,0.0302165136658723,2.74079190248832,193.744747475276,26.6152509633037,0.000587949566929021,0.00957767665405925,0.129365286787496,1.39563403160971e-08,3.98315584844442e-08,0.12451054482793,22.9655951587383,1.85812250777705e-05,2.54616580387396e-07,3.63888677202045e-07,0.0288392595160317,0.840198118053553
l10_area_NL,2056,0.0302165136658723,2.74079190248832,193.744747475276,26.6152509633037,0.000587949566929021,0.00957767665405925,0.129365286787496,1.39563403160971e-08,3.98315584844442e-08,0.12451054482793,22.9655951587383,1.85812250777705e-05,2.54616580387396e-07,3.63888677202045e-07,0.0288392595160317,0.840198118053553
l10_area_NL,2054,0.0302165136658723,2.74079190248832,193.744747475276,26.6152509633037,0.000587949566929021,0.00957767665405925,0.129365286787496,1.39563403160971e-08,3.98315584844442e-08,0.12451054482793,22.9655951587383,1.85812250777705e-05,2.54616580387396e-07,3.63888677202045e-07,0.0288392595160317,0.840198118053553
l10_area_NL,2055,0.0302165136658723,2.74079190248832,193.744747475276,26.6152509633037,0.000587949566929021,0.00957767665405925,0.129365286787496,1.39563403160971e-08,3.98315584844442e-08,0.12451054482793,22.9655951587383,1.85812250777705e-05,2.54616580387396e-07,3.63888677202045e-07,0.0288392595160317,0.840198118053553
l10_area_NL,2057,0.0302165136658723,2.74079190248832,193.744747475276,26.6152509633037,0.000587949566929021,0.00957767665405925,0.129365286787496,1.39563403160971e-08,3.98315584844442e-08,0.12451054482793,22.9655951587383,1.85812250777705e-05,2.54616580387396e-07,3.63888677202045e-07,0.0288392595160317,0.840198118053553
l10_area_NL,2058,0.0302165136658723,2.74079190248832,193.744747475276,26.6152509633037,0.000587949566929021,0.00957767665405925,0.129365286787496,1.39563403160971e-08,3.98315584844442e-08,0.12451054482793,22.9655951587383,1.85812250777705e-05,2.54616580387396e-07,3.63888677202045e-07,0.0288392595160317,0.840198118053553
l10_area_NL,2059,0.0302165136658723,2.74079190248832,193.744747475276,26.6152509633037,0.000587949566929021,0.00957767665405925,0.129365286787496,1.39563403160971e-08,3.98315584844442e-08,0.12451054482793,22.9655951587383,1.85812250777705e-05,2.54616580387396e-07,3.63888677202045e-07,0.0288392595160317,0.840198118053553
l10_area_NL,2060,0.0302165136658723,2.74079190248832,193.744747475276,26.6152509633037,0.000587949566929021,0.00957767665405925,0.129365286787496,1.39563403160971e-08,3.98315584844442e-08,0.12451054482793,22.9655951587383,1.85812250777705e-05,2.54616580387396e-07,3.63888677202045e-07,0.0288392595160317,0.840198118053553
l10_area_NL,2045,0.0302165136658723,2.74079190248832,193.744747475276,26.6152509633037,0.000587949566929021,0.00957767665405925,0.129365286787496,1.39563403160971e-08,3.98315584844442e-08,0.12451054482793,22.9655951587383,1.85812250777705e-05,2.54616580387396e-07,3.63888677202045e-07,0.0288392595160317,0.840198118053553
l10_area_NL,2053,0.0302165136658723,2.74079190248832,193.744747475276,26.6152509633037,0.000587949566929021,0.00957767665405925,0.129365286787496,1.39563403160971e-08,3.98315584844442e-08,0.12451054482793,22.9655951587383,1.85812250777705e-05,2.54616580387396e-07,3.63888677202045e-07,0.0288392595160317,0.840198118053553
l10_area_NL,2044,0.0302165136658723,2.74079190248832,193.744747475276,26.6152509633037,0.000587949566929021,0.00957767665405925,0.129365286787496,1.39563403160971e-08,3.98315584844442e-08,0.12451054482793,22.9655951587383,1.85812250777705e-05,2.54616580387396e-07,3.63888677202045e-07,0.0288392595160317,0.840198118053553
l10_area_NL,2043,0.0302165136658723,2.74079190248832,193.744747475276,26.6152509633037,0.000587949566929021,0.00957767665405925,0.129365286787496,1.39563403160971e-08,3.98315584844442e-08,0.12451054482793,22.9655951587383,1.85812250777705e-05,2.54616580387396e-07,3.63888677202045e-07,0.0288392595160317,0.840198118053553
l10_area_NL,2025,0.0302165136658723,2.74079190248832,193.744747475276,26.6152509633037,0.000587949566929021,0.00957767665405925,0.129365286787496,1.39563403160971e-08,3.98315584844442e-08,0.12451054482793,22.9655951587383,1.85812250777705e-05,2.54616580387396e-07,3.63888677202045e-07,0.0288392595160317,0.840198118053553
l10_area_NL,2026,0.0302165136658723,2.74079190248832,193.744747475276,26.6152509633037,0.000587949566929021,0.00957767665405925,0.129365286787496,1.39563403160971e-08,3.98315584844442e-08,0.12451054482793,22.9655951587383,1.85812250777705e-05,2.54616580387396e-07,3.63888677202045e-07,0.0288392595160317,0.840198118053553
l10_area_NL,2027,0.0302165136658723,2.74079190248832,193.744747475276,26.6152509633037,0.000587949566929021,0.00957767665405925,0.129365286787496,1.39563403160971e-08,3.98315584844442e-08,0.12451054482793,22.9655951587383,1.85812250777705e-05,2.54616580387396e-07,3.63888677202045e-07,0.0288392595160317,0.840198118053553
l10_area_NL,2028,0.0302165136658723,2.74079190248832,193.744747475276,26.6152509633037,0.000587949566929021,0.00957767665405925,0.129365286787496,1.39563403160971e-08,3.98315584844442e-08,0.12451054482793,22.9655951587383,1.85812250777705e-05,2.54616580387396e-07,3.63888677202045e-07,0.0288392595160317,0.840198118053553
l10_area_NL,2029,0.0302165136658723,2.74079190248832,193.744747475276,26.6152509633037,0.000587949566929021,0.00957767665405925,0.129365286787496,1.39563403160971e-08,3.98315584844442e-08,0.12451054482793,22.9655951587383,1.85812250777705e-05,2.54616580387396e-07,3.63888677202045e-07,0.0288392595160317,0.840198118053553
l10_area_NL,2030,0.0302165136658723,2.74079190248832,193.744747475276,26.6152509633037,0.000587949566929021,0.00957767665405925,0.129365286787496,1.39563403160971e-08,3.98315584844442e-08,0.12451054482793,22.9655951587383,1.85812250777705e-05,2.54616580387396e-07,3.63888677202045e-07,0.0288392595160317,0.840198118053553
l10_area_NL,2031,0.0302165136658723,2.74079190248832,193.744747475276,26.6152509633037,0.000587949566929021,0.00957767665405925,0.129365286787496,1.39563403160971e-08,3.98315584844442e-08,0.12451054482793,22.9655951587383,1.85812250777705e-05,2.54616580387396e-07,3.63888677202045e-07,0.0288392595160317,0.840198118053553
l10_area_NL,2032,0.0302165136658723,2.74079190248832,193.744747475276,26.6152509633037,0.000587949566929021,0.00957767665405925,0.129365286787496,1.39563403160971e-08,3.98315584844442e-08,0.12451054482793,22.9655951587383,1.85812250777705e-05,2.54616580387396e-07,3.63888677202045e-07,0.0288392595160317,0.840198118053553
l10_area_NL,2033,0.0302165136658723,2.74079190248832,193.744747475276,26.6152509633037,0.000587949566929021,0.00957767665405925,0.129365286787496,1.39563403160971e-08,3.98315584844442e-08,0.12451054482793,22.9655951587383,1.85812250777705e-05,2.54616580387396e-07,3.63888677202045e-07,0.0288392595160317,0.840198118053553
l10_area_NL,2042,0.0302165136658723,2.74079190248832,193.744747475276,26.6152509633037,0.000587949566929021,0.00957767665405925,0.129365286787496,1.39563403160971e-08,3.98315584844442e-08,0.12451054482793,22.9655951587383,1.85812250777705e-05,2.54616580387396e-07,3.63888677202045e-07,0.0288392595160317,0.840198118053553
l10_area_NL,2035,0.0302165136658723,2.74079190248832,193.744747475276,26.6152509633037,0.000587949566929021,0.00957767665405925,0.129365286787496,1.39563403160971e-08,3.98315584844442e-08,0.12451054482793,22.9655951587383,1.85812250777705e-05,2.54616580387396e-07,3.63888677202045e-07,0.0288392595160317,0.840198118053553
l10_area_NL,2036,0.0302165136658723,2.74079190248832,193.744747475276,26.6152509633037,0.000587949566929021,0.00957767665405925,0.129365286787496,1.39563403160971e-08,3.98315584844442e-08,0.12451054482793,22.9655951587383,1.85812250777705e-05,2.54616580387396e-07,3.63888677202045e-07,0.0288392595160317,0.840198118053553
l10_area_NL,2037,0.0302165136658723,2.74079190248832,193.744747475276,26.6152509633037,0.000587949566929021,0.00957767665405925,0.129365286787496,1.39563403160971e-08,3.98315584844442e-08,0.12451054482793,22.9655951587383,1.85812250777705e-05,2.54616580387396e-07,3.63888677202045e-07,0.0288392595160317,0.840198118053553
l10_area_NL,2038,0.0302165136658723,2.74079190248832,193.744747475276,26.6152509633037,0.000587949566929021,0.00957767665405925,0.129365286787496,1.39563403160971e-08,3.98315584844442e-08,0.12451054482793,22.9655951587383,1.85812250777705e-05,2.54616580387396e-07,3.63888677202045e-07,0.0288392595160317,0.840198118053553
l10_area_NL,2039,0.0302165136658723,2.74079190248832,193.744747475276,26.6152509633037,0.000587949566929021,0.00957767665405925,0.129365286787496,1.39563403160971e-08,3.98315584844442e-08,0.12451054482793,22.9655951587383,1.85812250777705e-05,2.54616580387396e-07,3.63888677202045e-07,0.0288392595160317,0.840198118053553
l10_area_NL,2040,0.0302165136658723,2.74079190248832,193.744747475276,26.6152509633037,0.000587949566929021,0.00957767665405925,0.129365286787496,1.39563403160971e-08,3.98315584844442e-08,0.12451054482793,22.9655951587383,1.85812250777705e-05,2.54616580387396e-07,3.63888677202045e-07,0.0288392595160317,0.840198118053553
l10_area_NL,2041,0.0302165136658723,2.74079190248832,193.744747475276,26.6152509633037,0.000587949566929021,0.00957767665405925,0.129365286787496,1.39563403160971e-08,3.98315584844442e-08,0.12451054482793,22.9655951587383,1.85812250777705e-05,2.54616580387396e-07,3.63888677202045e-07,0.0288392595160317,0.840198118053553
l10_area_NL,2034,0.0302165136658723,2.74079190248832,193.744747475276,26.6152509633037,0.000587949566929021,0.00957767665405925,0.129365286787496,1.39563403160971e-08,3.98315584844442e-08,0.12451054482793,22.9655951587383,1.85812250777705e-05,2.54616580387396e-07,3.63888677202045e-07,0.0288392595160317,0.840198118053553
luna_NO,2045,0.0302165136658723,2.74079190248832,193.744747475276,26.6152509633037,0.000587949566929021,0.00957767665405925,0.129365286787496,1.39563403160971e-08,3.98315584844442e-08,0.12451054482793,22.9655951587383,1.85812250777705e-05,2.54616580387396e-07,3.63888677202045e-07,0.0288392595160317,0.840198118053553
luna_NO,2046,0.0302165136658723,2.74079190248832,193.744747475276,26.6152509633037,0.000587949566929021,0.00957767665405925,0.129365286787496,1.39563403160971e-08,3.98315584844442e-08,0.12451054482793,22.9655951587383,1.85812250777705e-05,2.54616580387396e-07,3.63888677202045e-07,0.0288392595160317,0.840198118053553
luna_NO,2047,0.0302165136658723,2.74079190248832,193.744747475276,26.6152509633037,0.000587949566929021,0.00957767665405925,0.129365286787496,1.39563403160971e-08,3.98315584844442e-08,0.12451054482793,22.9655951587383,1.85812250777705e-05,2.54616580387396e-07,3.63888677202045e-07,0.0288392595160317,0.840198118053553
luna_NO,2048,0.0302165136658723,2.74079190248832,193.744747475276,26.6152509633037,0.000587949566929021,0.00957767665405925,0.129365286787496,1.39563403160971e-08,3.98315584844442e-08,0.12451054482793,22.9655951587383,1.85812250777705e-05,2.54616580387396e-07,3.63888677202045e-07,0.0288392595160317,0.840198118053553
luna_NO,2049,0.0302165136658723,2.74079190248832,193.744747475276,26.6152509633037,0.000587949566929021,0.00957767665405925,0.129365286787496,1.39563403160971e-08,3.98315584844442e-08,0.12451054482793,22.9655951587383,1.85812250777705e-05,2.54616580387396e-07,3.63888677202045e-07,0.0288392595160317,0.840198118053553
luna_NO,2050,0.0302165136658723,2.74079190248832,193.744747475276,26.6152509633037,0.000587949566929021,0.00957767665405925,0.129365286787496,1.39563403160971e-08,3.98315584844442e-08,0.12451054482793,22.9655951587383,1.85812250777705e-05,2.54616580387396e-07,3.63888677202045e-07,0.0288392595160317,0.840198118053553
luna_NO,2051,0.0302165136658723,2.74079190248832,193.744747475276,26.6152509633037,0.000587949566929021,0.00957767665405925,0.129365286787496,1.39563403160971e-08,3.98315584844442e-08,0.12451054482793,22.9655951587383,1.85812250777705e-05,2.54616580387396e-07,3.63888677202045e-07,0.0288392595160317,0.840198118053553
luna_NO,2052,0.0302165136658723,2.74079190248832,193.744747475276,26.6152509633037,0.000587949566929021,0.00957767665405925,0.129365286787496,1.39563403160971e-08,3.98315584844442e-08,0.12451054482793,22.9655951587383,1.85812250777705e-05,2.54616580387396e-07,3.63888677202045e-07,0.0288392595160317,0.840198118053553
luna_NO,2056,0.0302165136658723,2.74079190248832,193.744747475276,26.6152509633037,0.000587949566929021,0.00957767665405925,0.129365286787496,1.39563403160971e-08,3.98315584844442e-08,0.12451054482793,22.9655951587383,1.85812250777705e-05,2.54616580387396e-07,3.63888677202045e-07,0.0288392595160317,0.840198118053553
luna_NO,2054,0.0302165136658723,2.74079190248832,193.744747475276,26.6152509633037,0.000587949566929021,0.00957767665405925,0.129365286787496,1.39563403160971e-08,3.98315584844442e-08,0.12451054482793,22.9655951587383,1.85812250777705e-05,2.54616580387396e-07,3.63888677202045e-07,0.0288392595160317,0.840198118053553
luna_NO,2055,0.0302165136658723,2.74079190248832,193.744747475276,26.6152509633037,0.000587949566929021,0.00957767665405925,0.129365286787496,1.39563403160971e-08,3.98315584844442e-08,0.12451054482793,22.9655951587383,1.85812250777705e-05,2.54616580387396e-07,3.63888677202045e-07,0.0288392595160317,0.840198118053553
luna_NO,2057,0.0302165136658723,2.74079190248832,193.744747475276,26.6152509633037,0.000587949566929021,0.00957767665405925,0.129365286787496,1.39563403160971e-08,3.98315584844442e-08,0.12451054482793,22.9655951587383,1.85812250777705e-05,2.54616580387396e-07,3.63888677202045e-07,0.0288392595160317,0.840198118053553
luna_NO,2058,0.0302165136658723,2.74079190248832,193.744747475276,26.6152509633037,0.000587949566929021,0.00957767665405925,0.129365286787496,1.39563403160971e-08,3.98315584844442e-08,0.12451054482793,22.9655951587383,1.85812250777705e-05,2.54616580387396e-07,3.63888677202045e-07,0.0288392595160317,0.840198118053553
luna_NO,2059,0.0302165136658723,2.74079190248832,193.744747475276,26.6152509633037,0.000587949566929021,0.00957767665405925,0.129365286787496,1.39563403160971e-08,3.98315584844442e-08,0.12451054482793,22.9655951587383,1.85812250777705e-05,2.54616580387396e-07,3.63888677202045e-07,0.0288392595160317,0.840198118053553
luna_NO,2060,0.0302165136658723,2.74079190248832,193.744747475276,26.6152509633037,0.000587949566929021,0.00957767665405925,0.129365286787496,1.39563403160971e-08,3.98315584844442e-08,0.12451054482793,22.9655951587383,1.85812250777705e-05,2.54616580387396e-07,3.63888677202045e-07,0.0288392595160317,0.840198118053553
luna_NO,2044,0.0302165136658723,2.74079190248832,193.744747475276,26.6152509633037,0.000587949566929021,0.00957767665405925,0.129365286787496,1.39563403160971e-08,3.98315584844442e-08,0.12451054482793,22.9655951587383,1.85812250777705e-05,2.54616580387396e-07,3.63888677202045e-07,0.0288392595160317,0.840198118053553
luna_NO,2053,0.0302165136658723,2.74079190248832,193.744747475276,26.6152509633037,0.000587949566929021,0.00957767665405925,0.129365286787496,1.39563403160971e-08,3.98315584844442e-08,0.12451054482793,22.9655951587383,1.85812250777705e-05,2.54616580387396e-07,3.63888677202045e-07,0.0288392595160317,0.840198118053553
luna_NO,2042,0.0302165136658723,2.74079190248832,193.744747475276,26.6152509633037,0.000587949566929021,0.00957767665405925,0.129365286787496,1.39563403160971e-08,3.98315584844442e-08,0.12451054482793,22.9655951587383,1.85812250777705e-05,2.54616580387396e-07,3.63888677202045e-07,0.0288392595160317,0.840198118053553
luna_NO,2037,0.0302165136658723,2.74079190248832,193.744747475276,26.6152509633037,0.000587949566929021,0.00957767665405925,0.129365286787496,1.39563403160971e-08,3.98315584844442e-08,0.12451054482793,22.9655951587383,1.85812250777705e-05,2.54616580387396e-07,3.63888677202045e-07,0.0288392595160317,0.840198118053553
luna_NO,2041,0.0302165136658723,2.74079190248832,193.744747475276,26.6152509633037,0.000587949566929021,0.00957767665405925,0.129365286787496,1.39563403160971e-08,3.98315584844442e-08,0.12451054482793,22.9655951587383,1.85812250777705e-05,2.54616580387396e-07,3.63888677202045e-07,0.0288392595160317,0.840198118053553
luna_NO,2025,0.0302165136658723,2.74079190248832,193.744747475276,26.6152509633037,0.000587949566929021,0.00957767665405925,0.129365286787496,1.39563403160971e-08,3.98315584844442e-08,0.12451054482793,22.9655951587383,1.85812250777705e-05,2.54616580387396e-07,3.63888677202045e-07,0.0288392595160317,0.840198118053553
luna_NO,2026,0.0302165136658723,2.74079190248832,193.744747475276,26.6152509633037,0.000587949566929021,0.00957767665405925,0.129365286787496,1.39563403160971e-08,3.98315584844442e-08,0.12451054482793,22.9655951587383,1.85812250777705e-05,2.54616580387396e-07,3.63888677202045e-07,0.0288392595160317,0.840198118053553
luna_NO,2027,0.0302165136658723,2.74079190248832,193.744747475276,26.6152509633037,0.000587949566929021,0.00957767665405925,0.129365286787496,1.39563403160971e-08,3.98315584844442e-08,0.12451054482793,22.9655951587383,1.85812250777705e-05,2.54616580387396e-07,3.63888677202045e-07,0.0288392595160317,0.840198118053553
luna_NO,2028,0.0302165136658723,2.74079190248832,193.744747475276,26.6152509633037,0.000587949566929021,0.00957767665405925,0.129365286787496,1.39563403160971e-08,3.98315584844442e-08,0.12451054482793,22.9655951587383,1.85812250777705e-05,2.54616580387396e-07,3.63888677202045e-07,0.0288392595160317,0.840198118053553
luna_NO,2043,0.0302165136658723,2.74079190248832,193.744747475276,26.6152509633037,0.000587949566929021,0.00957767665405925,0.129365286787496,1.39563403160971e-08,3.98315584844442e-08,0.12451054482793,22.9655951587383,1.85812250777705e-05,2.54616580387396e-07,3.63888677202045e-07,0.0288392595160317,0.840198118053553
luna_NO,2030,0.0302165136658723,2.74079190248832,193.744747475276,26.6152509633037,0.000587949566929021,0.00957767665405925,0.129365286787496,1.39563403160971e-08,3.98315584844442e-08,0.12451054482793,22.9655951587383,1.85812250777705e-05,2.54616580387396e-07,3.63888677202045e-07,0.0288392595160317,0.840198118053553
luna_NO,2031,0.0302165136658723,2.74079190248832,193.744747475276,26.6152509633037,0.000587949566929021,0.00957767665405925,0.129365286787496,1.39563403160971e-08,3.98315584844442e-08,0.12451054482793,22.9655951587383,1.85812250777705e-05,2.54616580387396e-07,3.63888677202045e-07,0.0288392595160317,0.840198118053553
luna_NO,2032,0.0302165136658723,2.74079190248832,193.744747475276,26.6152509633037,0.000587949566929021,0.00957767665405925,0.129365286787496,1.39563403160971e-08,3.98315584844442e-08,0.12451054482793,22.9655951587383,1.85812250777705e-05,2.54616580387396e-07,3.63888677202045e-07,0.0288392595160317,0.840198118053553
luna_NO,2029,0.0302165136658723,2.74079190248832,193.744747475276,26.6152509633037,0.000587949566929021,0.00957767665405925,0.129365286787496,1.39563403160971e-08,3.98315584844442e-08,0.12451054482793,22.9655951587383,1.85812250777705e-05,2.54616580387396e-07,3.63888677202045e-07,0.0288392595160317,0.840198118053553
luna_NO,2034,0.0302165136658723,2.74079190248832,193.744747475276,26.6152509633037,0.000587949566929021,0.00957767665405925,0.129365286787496,1.39563403160971e-08,3.98315584844442e-08,0.12451054482793,22.9655951587383,1.85812250777705e-05,2.54616580387396e-07,3.63888677202045e-07,0.0288392595160317,0.840198118053553
luna_NO,2035,0.0302165136658723,2.74079190248832,193.744747475276,26.6152509633037,0.000587949566929021,0.00957767665405925,0.129365286787496,1.39563403160971e-08,3.98315584844442e-08,0.12451054482793,22.9655951587383,1.85812250777705e-05,2.54616580387396e-07,3.63888677202045e-07,0.0288392595160317,0.840198118053553
luna_NO,2036,0.0302165136658723,2.74079190248832,193.744747475276,26.6152509633037,0.000587949566929021,0.00957767665405925,0.129365286787496,1.39563403160971e-08,3.98315584844442e-08,0.12451054482793,22.9655951587383,1.85812250777705e-05,2.54616580387396e-07,3.63888677202045e-07,0.0288392595160317,0.840198118053553
luna_NO,2038,0.0302165136658723,2.74079190248832,193.744747475276,26.6152509633037,0.000587949566929021,0.00957767665405925,0.129365286787496,1.39563403160971e-08,3.98315584844442e-08,0.12451054482793,22.9655951587383,1.85812250777705e-05,2.54616580387396e-07,3.63888677202045e-07,0.0288392595160317,0.840198118053553
luna_NO,2039,0.0302165136658723,2.74079190248832,193.744747475276,26.6152509633037,0.000587949566929021,0.00957767665405925,0.129365286787496,1.39563403160971e-08,3.98315584844442e-08,0.12451054482793,22.9655951587383,1.85812250777705e-05,2.54616580387396e-07,3.63888677202045e-07,0.0288392595160317,0.840198118053553
luna_NO,2040,0.0302165136658723,2.74079190248832,193.744747475276,26.6152509633037,0.000587949566929021,0.00957767665405925,0.129365286787496,1.39563403160971e-08,3.98315584844442e-08,0.12451054482793,22.9655951587383,1.85812250777705e-05,2.54616580387396e-07,3.63888677202045e-07,0.0288392595160317,0.840198118053553
luna_NO,2033,0.0302165136658723,2.74079190248832,193.744747475276,26.6152509633037,0.000587949566929021,0.00957767665405925,0.129365286787496,1.39563403160971e-08,3.98315584844442e-08,0.12451054482793,22.9655951587383,1.85812250777705e-05,2.54616580387396e-07,3.63888677202045e-07,0.0288392595160317,0.840198118053553
norne_DK,2051,0.0302165136658723,2.74079190248832,193.744747475276,26.6152509633037,0.000587949566929021,0.00957767665405925,0.129365286787496,1.39563403160971e-08,3.98315584844442e-08,0.12451054482793,22.9655951587383,1.85812250777705e-05,2.54616580387396e-07,3.63888677202045e-07,0.0288392595160317,0.840198118053553
norne_DK,2045,0.0302165136658723,2.74079190248832,193.744747475276,26.6152509633037,0.000587949566929021,0.00957767665405925,0.129365286787496,1.39563403160971e-08,3.98315584844442e-08,0.12451054482793,22.9655951587383,1.85812250777705e-05,2.54616580387396e-07,3.63888677202045e-07,0.0288392595160317,0.840198118053553
norne_DK,2046,0.0302165136658723,2.74079190248832,193.744747475276,26.6152509633037,0.000587949566929021,0.00957767665405925,0.129365286787496,1.39563403160971e-08,3.98315584844442e-08,0.12451054482793,22.9655951587383,1.85812250777705e-05,2.54616580387396e-07,3.63888677202045e-07,0.0288392595160317,0.840198118053553
norne_DK,2047,0.0302165136658723,2.74079190248832,193.744747475276,26.6152509633037,0.000587949566929021,0.00957767665405925,0.129365286787496,1.39563403160971e-08,3.98315584844442e-08,0.12451054482793,22.9655951587383,1.85812250777705e-05,2.54616580387396e-07,3.63888677202045e-07,0.0288392595160317,0.840198118053553
norne_DK,2048,0.0302165136658723,2.74079190248832,193.744747475276,26.6152509633037,0.000587949566929021,0.00957767665405925,0.129365286787496,1.39563403160971e-08,3.98315584844442e-08,0.12451054482793,22.9655951587383,1.85812250777705e-05,2.54616580387396e-07,3.63888677202045e-07,0.0288392595160317,0.840198118053553
norne_DK,2049,0.0302165136658723,2.74079190248832,193.744747475276,26.6152509633037,0.000587949566929021,0.00957767665405925,0.129365286787496,1.39563403160971e-08,3.98315584844442e-08,0.12451054482793,22.9655951587383,1.85812250777705e-05,2.54616580387396e-07,3.63888677202045e-07,0.0288392595160317,0.840198118053553
norne_DK,2050,0.0302165136658723,2.74079190248832,193.744747475276,26.6152509633037,0.000587949566929021,0.00957767665405925,0.129365286787496,1.39563403160971e-08,3.98315584844442e-08,0.12451054482793,22.9655951587383,1.85812250777705e-05,2.54616580387396e-07,3.63888677202045e-07,0.0288392595160317,0.840198118053553
norne_DK,2052,0.0302165136658723,2.74079190248832,193.744747475276,26.6152509633037,0.000587949566929021,0.00957767665405925,0.129365286787496,1.39563403160971e-08,3.98315584844442e-08,0.12451054482793,22.9655951587383,1.85812250777705e-05,2.54616580387396e-07,3.63888677202045e-07,0.0288392595160317,0.840198118053553
norne_DK,2044,0.0302165136658723,2.74079190248832,193.744747475276,26.6152509633037,0.000587949566929021,0.00957767665405925,0.129365286787496,1.39563403160971e-08,3.98315584844442e-08,0.12451054482793,22.9655951587383,1.85812250777705e-05,2.54616580387396e-07,3.63888677202045e-07,0.0288392595160317,0.840198118053553
norne_DK,2054,0.0302165136658723,2.74079190248832,193.744747475276,26.6152509633037,0.000587949566929021,0.00957767665405925,0.129365286787496,1.39563403160971e-08,3.98315584844442e-08,0.12451054482793,22.9655951587383,1.85812250777705e-05,2.54616580387396e-07,3.63888677202045e-07,0.0288392595160317,0.840198118053553
norne_DK,2055,0.0302165136658723,2.74079190248832,193.744747475276,26.6152509633037,0.000587949566929021,0.00957767665405925,0.129365286787496,1.39563403160971e-08,3.98315584844442e-08,0.12451054482793,22.9655951587383,1.85812250777705e-05,2.54616580387396e-07,3.63888677202045e-07,0.0288392595160317,0.840198118053553
norne_DK,2056,0.0302165136658723,2.74079190248832,193.744747475276,26.6152509633037,0.000587949566929021,0.00957767665405925,0.129365286787496,1.39563403160971e-08,3.98315584844442e-08,0.12451054482793,22.9655951587383,1.85812250777705e-05,2.54616580387396e-07,3.63888677202045e-07,0.0288392595160317,0.840198118053553
norne_DK,2057,0.0302165136658723,2.74079190248832,193.744747475276,26.6152509633037,0.000587949566929021,0.00957767665405925,0.129365286787496,1.39563403160971e-08,3.98315584844442e-08,0.12451054482793,22.9655951587383,1.85812250777705e-05,2.54616580387396e-07,3.63888677202045e-07,0.0288392595160317,0.840198118053553
norne_DK,2058,0.0302165136658723,2.74079190248832,193.744747475276,26.6152509633037,0.000587949566929021,0.00957767665405925,0.129365286787496,1.39563403160971e-08,3.98315584844442e-08,0.12451054482793,22.9655951587383,1.85812250777705e-05,2.54616580387396e-07,3.63888677202045e-07,0.0288392595160317,0.840198118053553
norne_DK,2059,0.0302165136658723,2.74079190248832,193.744747475276,26.6152509633037,0.000587949566929021,0.00957767665405925,0.129365286787496,1.39563403160971e-08,3.98315584844442e-08,0.12451054482793,22.9655951587383,1.85812250777705e-05,2.54616580387396e-07,3.63888677202045e-07,0.0288392595160317,0.840198118053553
norne_DK,2060,0.0302165136658723,2.74079190248832,193.744747475276,26.6152509633037,0.000587949566929021,0.00957767665405925,0.129365286787496,1.39563403160971e-08,3.98315584844442e-08,0.12451054482793,22.9655951587383,1.85812250777705e-05,2.54616580387396e-07,3.63888677202045e-07,0.0288392595160317,0.840198118053553
norne_DK,2053,0.0302165136658723,2.74079190248832,193.744747475276,26.6152509633037,0.000587949566929021,0.00957767665405925,0.129365286787496,1.39563403160971e-08,3.98315584844442e-08,0.12451054482793,22.9655951587383,1.85812250777705e-05,2.54616580387396e-07,3.63888677202045e-07,0.0288392595160317,0.840198118053553
norne_DK,2043,0.0302165136658723,2.74079190248832,193.744747475276,26.6152509633037,0.000587949566929021,0.00957767665405925,0.129365286787496,1.39563403160971e-08,3.98315584844442e-08,0.12451054482793,22.9655951587383,1.85812250777705e-05,2.54616580387396e-07,3.63888677202045e-07,0.0288392595160317,0.840198118053553
norne_DK,2025,0.0302165136658723,2.74079190248832,193.744747475276,26.6152509633037,0.000587949566929021,0.00957767665405925,0.129365286787496,1.39563403160971e-08,3.98315584844442e-08,0.12451054482793,22.9655951587383,1.85812250777705e-05,2.54616580387396e-07,3.63888677202045e-07,0.0288392595160317,0.840198118053553
norne_DK,2041,0.0302165136658723,2.74079190248832,193.744747475276,26.6152509633037,0.000587949566929021,0.00957767665405925,0.129365286787496,1.39563403160971e-08,3.98315584844442e-08,0.12451054482793,22.9655951587383,1.85812250777705e-05,2.54616580387396e-07,3.63888677202045e-07,0.0288392595160317,0.840198118053553
norne_DK,2026,0.0302165136658723,2.74079190248832,193.744747475276,26.6152509633037,0.000587949566929021,0.00957767665405925,0.129365286787496,1.39563403160971e-08,3.98315584844442e-08,0.12451054482793,22.9655951587383,1.85812250777705e-05,2.54616580387396e-07,3.63888677202045e-07,0.0288392595160317,0.840198118053553
norne_DK,2027,0.0302165136658723,2.74079190248832,193.744747475276,26.6152509633037,0.000587949566929021,0.00957767665405925,0.129365286787496,1.39563403160971e-08,3.98315584844442e-08,0.12451054482793,22.9655951587383,1.85812250777705e-05,2.54616580387396e-07,3.63888677202045e-07,0.0288392595160317,0.840198118053553
norne_DK,2028,0.0302165136658723,2.74079190248832,193.744747475276,26.6152509633037,0.000587949566929021,0.00957767665405925,0.129365286787496,1.39563403160971e-08,3.98315584844442e-08,0.12451054482793,22.9655951587383,1.85812250777705e-05,2.54616580387396e-07,3.63888677202045e-07,0.0288392595160317,0.840198118053553
norne_DK,2029,0.0302165136658723,2.74079190248832,193.744747475276,26.6152509633037,0.000587949566929021,0.00957767665405925,0.129365286787496,1.39563403160971e-08,3.98315584844442e-08,0.12451054482793,22.9655951587383,1.85812250777705e-05,2.54616580387396e-07,3.63888677202045e-07,0.0288392595160317,0.840198118053553
norne_DK,2030,0.0302165136658723,2.74079190248832,193.744747475276,26.6152509633037,0.000587949566929021,0.00957767665405925,0.129365286787496,1.39563403160971e-08,3.98315584844442e-08,0.12451054482793,22.9655951587383,1.85812250777705e-05,2.54616580387396e-07,3.63888677202045e-07,0.0288392595160317,0.840198118053553
norne_DK,2031,0.0302165136658723,2.74079190248832,193.744747475276,26.6152509633037,0.000587949566929021,0.00957767665405925,0.129365286787496,1.39563403160971e-08,3.98315584844442e-08,0.12451054482793,22.9655951587383,1.85812250777705e-05,2.54616580387396e-07,3.63888677202045e-07,0.0288392595160317,0.840198118053553
norne_DK,2032,0.0302165136658723,2.74079190248832,193.744747475276,26.6152509633037,0.000587949566929021,0.00957767665405925,0.129365286787496,1.39563403160971e-08,3.98315584844442e-08,0.12451054482793,22.9655951587383,1.85812250777705e-05,2.54616580387396e-07,3.63888677202045e-07,0.0288392595160317,0.840198118053553
norne_DK,2042,0.0302165136658723,2.74079190248832,193.744747475276,26.6152509633037,0.000587949566929021,0.00957767665405925,0.129365286787496,1.39563403160971e-08,3.98315584844442e-08,0.12451054482793,22.9655951587383,1.85812250777705e-05,2.54616580387396e-07,3.63888677202045e-07,0.0288392595160317,0.840198118053553
norne_DK,2034,0.0302165136658723,2.74079190248832,193.744747475276,26.6152509633037,0.000587949566929021,0.00957767665405925,0.129365286787496,1.39563403160971e-08,3.98315584844442e-08,0.12451054482793,22.9655951587383,1.85812250777705e-05,2.54616580387396e-07,3.63888677202045e-07,0.0288392595160317,0.840198118053553
norne_DK,2035,0.0302165136658723,2.74079190248832,193.744747475276,26.6152509633037,0.000587949566929021,0.00957767665405925,0.129365286787496,1.39563403160971e-08,3.98315584844442e-08,0.12451054482793,22.9655951587383,1.85812250777705e-05,2.54616580387396e-07,3.63888677202045e-07,0.0288392595160317,0.840198118053553
norne_DK,2036,0.0302165136658723,2.74079190248832,193.744747475276,26.6152509633037,0.000587949566929021,0.00957767665405925,0.129365286787496,1.39563403160971e-08,3.98315584844442e-08,0.12451054482793,22.9655951587383,1.85812250777705e-05,2.54616580387396e-07,3.63888677202045e-07,0.0288392595160317,0.840198118053553
norne_DK,2037,0.0302165136658723,2.74079190248832,193.744747475276,26.6152509633037,0.000587949566929021,0.00957767665405925,0.129365286787496,1.39563403160971e-08,3.98315584844442e-08,0.12451054482793,22.9655951587383,1.85812250777705e-05,2.54616580387396e-07,3.63888677202045e-07,0.0288392595160317,0.840198118053553
norne_DK,2038,0.0302165136658723,2.74079190248832,193.744747475276,26.6152509633037,0.000587949566929021,0.00957767665405925,0.129365286787496,1.39563403160971e-08,3.98315584844442e-08,0.12451054482793,22.9655951587383,1.85812250777705e-05,2.54616580387396e-07,3.63888677202045e-07,0.0288392595160317,0.840198118053553
norne_DK,2039,0.0302165136658723,2.74079190248832,193.744747475276,26.6152509633037,0.000587949566929021,0.00957767665405925,0.129365286787496,1.39563403160971e-08,3.98315584844442e-08,0.12451054482793,22.9655951587383,1.85812250777705e-05,2.54616580387396e-07,3.63888677202045e-07,0.0288392595160317,0.840198118053553
norne_DK,2040,0.0302165136658723,2.74079190248832,193.744747475276,26.6152509633037,0.000587949566929021,0.00957767665405925,0.129365286787496,1.39563403160971e-08,3.98315584844442e-08,0.12451054482793,22.9655951587383,1.85812250777705e-05,2.54616580387396e-07,3.63888677202045e-07,0.0288392595160317,0.840198118053553
norne_DK,2033,0.0302165136658723,2.74079190248832,193.744747475276,26.6152509633037,0.000587949566929021,0.00957767665405925,0.129365286787496,1.39563403160971e-08,3.98315584844442e-08,0.12451054482793,22.9655951587383,1.85812250777705e-05,2.54616580387396e-07,3.63888677202045e-07,0.0288392595160317,0.840198118053553
northern_endurance_UK,2046,0.0302165136658723,2.74079190248832,193.744747475276,26.6152509633037,0.000587949566929021,0.00957767665405925,0.129365286787496,1.39563403160971e-08,3.98315584844442e-08,0.12451054482793,22.9655951587383,1.85812250777705e-05,2.54616580387396e-07,3.63888677202045e-07,0.0288392595160317,0.840198118053553
northern_endurance_UK,2047,0.0302165136658723,2.74079190248832,193.744747475276,26.6152509633037,0.000587949566929021,0.00957767665405925,0.129365286787496,1.39563403160971e-08,3.98315584844442e-08,0.12451054482793,22.9655951587383,1.85812250777705e-05,2.54616580387396e-07,3.63888677202045e-07,0.0288392595160317,0.840198118053553
northern_endurance_UK,2048,0.0302165136658723,2.74079190248832,193.744747475276,26.6152509633037,0.000587949566929021,0.00957767665405925,0.129365286787496,1.39563403160971e-08,3.98315584844442e-08,0.12451054482793,22.9655951587383,1.85812250777705e-05,2.54616580387396e-07,3.63888677202045e-07,0.0288392595160317,0.840198118053553
northern_endurance_UK,2049,0.0302165136658723,2.74079190248832,193.744747475276,26.6152509633037,0.000587949566929021,0.00957767665405925,0.129365286787496,1.39563403160971e-08,3.98315584844442e-08,0.12451054482793,22.9655951587383,1.85812250777705e-05,2.54616580387396e-07,3.63888677202045e-07,0.0288392595160317,0.840198118053553
northern_endurance_UK,2050,0.0302165136658723,2.74079190248832,193.744747475276,26.6152509633037,0.000587949566929021,0.00957767665405925,0.129365286787496,1.39563403160971e-08,3.98315584844442e-08,0.12451054482793,22.9655951587383,1.85812250777705e-05,2.54616580387396e-07,3.63888677202045e-07,0.0288392595160317,0.840198118053553
northern_endurance_UK,2051,0.0302165136658723,2.74079190248832,193.744747475276,26.6152509633037,0.000587949566929021,0.00957767665405925,0.129365286787496,1.39563403160971e-08,3.98315584844442e-08,0.12451054482793,22.9655951587383,1.85812250777705e-05,2.54616580387396e-07,3.63888677202045e-07,0.0288392595160317,0.840198118053553
northern_endurance_UK,2052,0.0302165136658723,2.74079190248832,193.744747475276,26.6152509633037,0.000587949566929021,0.00957767665405925,0.129365286787496,1.39563403160971e-08,3.98315584844442e-08,0.12451054482793,22.9655951587383,1.85812250777705e-05,2.54616580387396e-07,3.63888677202045e-07,0.0288392595160317,0.840198118053553
northern_endurance_UK,2056,0.0302165136658723,2.74079190248832,193.744747475276,26.6152509633037,0.000587949566929021,0.00957767665405925,0.129365286787496,1.39563403160971e-08,3.98315584844442e-08,0.12451054482793,22.9655951587383,1.85812250777705e-05,2.54616580387396e-07,3.63888677202045e-07,0.0288392595160317,0.840198118053553
northern_endurance_UK,2054,0.0302165136658723,2.74079190248832,193.744747475276,26.6152509633037,0.000587949566929021,0.00957767665405925,0.129365286787496,1.39563403160971e-08,3.98315584844442e-08,0.12451054482793,22.9655951587383,1.85812250777705e-05,2.54616580387396e-07,3.63888677202045e-07,0.0288392595160317,0.840198118053553
northern_endurance_UK,2055,0.0302165136658723,2.74079190248832,193.744747475276,26.6152509633037,0.000587949566929021,0.00957767665405925,0.129365286787496,1.39563403160971e-08,3.98315584844442e-08,0.12451054482793,22.9655951587383,1.85812250777705e-05,2.54616580387396e-07,3.63888677202045e-07,0.0288392595160317,0.840198118053553
northern_endurance_UK,2057,0.0302165136658723,2.74079190248832,193.744747475276,26.6152509633037,0.000587949566929021,0.00957767665405925,0.129365286787496,1.39563403160971e-08,3.98315584844442e-08,0.12451054482793,22.9655951587383,1.85812250777705e-05,2.54616580387396e-07,3.63888677202045e-07,0.0288392595160317,0.840198118053553
northern_endurance_UK,2058,0.0302165136658723,2.74079190248832,193.744747475276,26.6152509633037,0.000587949566929021,0.00957767665405925,0.129365286787496,1.39563403160971e-08,3.98315584844442e-08,0.12451054482793,22.9655951587383,1.85812250777705e-05,2.54616580387396e-07,3.63888677202045e-07,0.0288392595160317,0.840198118053553
northern_endurance_UK,2059,0.0302165136658723,2.74079190248832,193.744747475276,26.6152509633037,0.000587949566929021,0.00957767665405925,0.129365286787496,1.39563403160971e-08,3.98315584844442e-08,0.12451054482793,22.9655951587383,1.85812250777705e-05,2.54616580387396e-07,3.63888677202045e-07,0.0288392595160317,0.840198118053553
northern_endurance_UK,2060,0.0302165136658723,2.74079190248832,193.744747475276,26.6152509633037,0.000587949566929021,0.00957767665405925,0.129365286787496,1.39563403160971e-08,3.98315584844442e-08,0.12451054482793,22.9655951587383,1.85812250777705e-05,2.54616580387396e-07,3.63888677202045e-07,0.0288392595160317,0.840198118053553
northern_endurance_UK,2045,0.0302165136658723,2.74079190248832,193.744747475276,26.6152509633037,0.000587949566929021,0.00957767665405925,0.129365286787496,1.39563403160971e-08,3.98315584844442e-08,0.12451054482793,22.9655951587383,1.85812250777705e-05,2.54616580387396e-07,3.63888677202045e-07,0.0288392595160317,0.840198118053553
northern_endurance_UK,2053,0.0302165136658723,2.74079190248832,193.744747475276,26.6152509633037,0.000587949566929021,0.00957767665405925,0.129365286787496,1.39563403160971e-08,3.98315584844442e-08,0.12451054482793,22.9655951587383,1.85812250777705e-05,2.54616580387396e-07,3.63888677202045e-07,0.0288392595160317,0.840198118053553
northern_endurance_UK,2044,0.0302165136658723,2.74079190248832,193.744747475276,26.6152509633037,0.000587949566929021,0.00957767665405925,0.129365286787496,1.39563403160971e-08,3.98315584844442e-08,0.12451054482793,22.9655951587383,1.85812250777705e-05,2.54616580387396e-07,3.63888677202045e-07,0.0288392595160317,0.840198118053553
northern_endurance_UK,2043,0.0302165136658723,2.74079190248832,193.744747475276,26.6152509633037,0.000587949566929021,0.00957767665405925,0.129365286787496,1.39563403160971e-08,3.98315584844442e-08,0.12451054482793,22.9655951587383,1.85812250777705e-05,2.54616580387396e-07,3.63888677202045e-07,0.0288392595160317,0.840198118053553
northern_endurance_UK,2025,0.0302165136658723,2.74079190248832,193.744747475276,26.6152509633037,0.000587949566929021,0.00957767665405925,0.129365286787496,1.39563403160971e-08,3.98315584844442e-08,0.12451054482793,22.9655951587383,1.85812250777705e-05,2.54616580387396e-07,3.63888677202045e-07,0.0288392595160317,0.840198118053553
northern_endurance_UK,2042,0.0302165136658723,2.74079190248832,193.744747475276,26.6152509633037,0.000587949566929021,0.00957767665405925,0.129365286787496,1.39563403160971e-08,3.98315584844442e-08,0.12451054482793,22.9655951587383,1.85812250777705e-05,2.54616580387396e-07,3.63888677202045e-07,0.0288392595160317,0.840198118053553
northern_endurance_UK,2026,0.0302165136658723,2.74079190248832,193.744747475276,26.6152509633037,0.000587949566929021,0.00957767665405925,0.129365286787496,1.39563403160971e-08,3.98315584844442e-08,0.12451054482793,22.9655951587383,1.85812250777705e-05,2.54616580387396e-07,3.63888677202045e-07,0.0288392595160317,0.840198118053553
northern_endurance_UK,2027,0.0302165136658723,2.74079190248832,193.744747475276,26.6152509633037,0.000587949566929021,0.00957767665405925,0.129365286787496,1.39563403160971e-08,3.98315584844442e-08,0.12451054482793,22.9655951587383,1.85812250777705e-05,2.54616580387396e-07,3.63888677202045e-07,0.0288392595160317,0.840198118053553
northern_endurance_UK,2028,0.0302165136658723,2.74079190248832,193.744747475276,26.6152509633037,0.000587949566929021,0.00957767665405925,0.129365286787496,1.39563403160971e-08,3.98315584844442e-08,0.12451054482793,22.9655951587383,1.85812250777705e-05,2.54616580387396e-07,3.63888677202045e-07,0.0288392595160317,0.840198118053553
northern_endurance_UK,2029,0.0302165136658723,2.74079190248832,193.744747475276,26.6152509633037,0.000587949566929021,0.00957767665405925,0.129365286787496,1.39563403160971e-08,3.98315584844442e-08,0.12451054482793,22.9655951587383,1.85812250777705e-05,2.54616580387396e-07,3.63888677202045e-07,0.0288392595160317,0.840198118053553
northern_endurance_UK,2031,0.0302165136658723,2.74079190248832,193.744747475276,26.6152509633037,0.000587949566929021,0.00957767665405925,0.129365286787496,1.39563403160971e-08,3.98315584844442e-08,0.12451054482793,22.9655951587383,1.85812250777705e-05,2.54616580387396e-07,3.63888677202045e-07,0.0288392595160317,0.840198118053553
northern_endurance_UK,2032,0.0302165136658723,2.74079190248832,193.744747475276,26.6152509633037,0.000587949566929021,0.00957767665405925,0.129365286787496,1.39563403160971e-08,3.98315584844442e-08,0.12451054482793,22.9655951587383,1.85812250777705e-05,2.54616580387396e-07,3.63888677202045e-07,0.0288392595160317,0.840198118053553
northern_endurance_UK,2033,0.0302165136658723,2.74079190248832,193.744747475276,26.6152509633037,0.000587949566929021,0.00957767665405925,0.129365286787496,1.39563403160971e-08,3.98315584844442e-08,0.12451054482793,22.9655951587383,1.85812250777705e-05,2.54616580387396e-07,3.63888677202045e-07,0.0288392595160317,0.840198118053553
northern_endurance_UK,2030,0.0302165136658723,2.74079190248832,193.744747475276,26.6152509633037,0.000587949566929021,0.00957767665405925,0.129365286787496,1.39563403160971e-08,3.98315584844442e-08,0.12451054482793,22.9655951587383,1.85812250777705e-05,2.54616580387396e-07,3.63888677202045e-07,0.0288392595160317,0.840198118053553
northern_endurance_UK,2035,0.0302165136658723,2.74079190248832,193.744747475276,26.6152509633037,0.000587949566929021,0.00957767665405925,0.129365286787496,1.39563403160971e-08,3.98315584844442e-08,0.12451054482793,22.9655951587383,1.85812250777705e-05,2.54616580387396e-07,3.63888677202045e-07,0.0288392595160317,0.840198118053553
northern_endurance_UK,2036,0.0302165136658723,2.74079190248832,193.744747475276,26.6152509633037,0.000587949566929021,0.00957767665405925,0.129365286787496,1.39563403160971e-08,3.98315584844442e-08,0.12451054482793,22.9655951587383,1.85812250777705e-05,2.54616580387396e-07,3.63888677202045e-07,0.0288392595160317,0.840198118053553
northern_endurance_UK,2037,0.0302165136658723,2.74079190248832,193.744747475276,26.6152509633037,0.000587949566929021,0.00957767665405925,0.129365286787496,1.39563403160971e-08,3.98315584844442e-08,0.12451054482793,22.9655951587383,1.85812250777705e-05,2.54616580387396e-07,3.63888677202045e-07,0.0288392595160317,0.840198118053553
northern_endurance_UK,2038,0.0302165136658723,2.74079190248832,193.744747475276,26.6152509633037,0.000587949566929021,0.00957767665405925,0.129365286787496,1.39563403160971e-08,3.98315584844442e-08,0.12451054482793,22.9655951587383,1.85812250777705e-05,2.54616580387396e-07,3.63888677202045e-07,0.0288392595160317,0.840198118053553
northern_endurance_UK,2039,0.0302165136658723,2.74079190248832,193.744747475276,26.6152509633037,0.000587949566929021,0.00957767665405925,0.129365286787496,1.39563403160971e-08,3.98315584844442e-08,0.12451054482793,22.9655951587383,1.85812250777705e-05,2.54616580387396e-07,3.63888677202045e-07,0.0288392595160317,0.840198118053553
northern_endurance_UK,2040,0.0302165136658723,2.74079190248832,193.744747475276,26.6152509633037,0.000587949566929021,0.00957767665405925,0.129365286787496,1.39563403160971e-08,3.98315584844442e-08,0.12451054482793,22.9655951587383,1.85812250777705e-05,2.54616580387396e-07,3.63888677202045e-07,0.0288392595160317,0.840198118053553
northern_endurance_UK,2041,0.0302165136658723,2.74079190248832,193.744747475276,26.6152509633037,0.000587949566929021,0.00957767665405925,0.129365286787496,1.39563403160971e-08,3.98315584844442e-08,0.12451054482793,22.9655951587383,1.85812250777705e-05,2.54616580387396e-07,3.63888677202045e-07,0.0288392595160317,0.840198118053553
northern_endurance_UK,2034,0.0302165136658723,2.74079190248832,193.744747475276,26.6152509633037,0.000587949566929021,0.00957767665405925,0.129365286787496,1.39563403160971e-08,3.98315584844442e-08,0.12451054482793,22.9655951587383,1.85812250777705e-05,2.54616580387396e-07,3.63888677202045e-07,0.0288392595160317,0.840198118053553
northern_lights_NO,2051,0.0302165136658723,2.74079190248832,193.744747475276,26.6152509633037,0.000587949566929021,0.00957767665405925,0.129365286787496,1.39563403160971e-08,3.98315584844442e-08,0.12451054482793,22.9655951587383,1.85812250777705e-05,2.54616580387396e-07,3.63888677202045e-07,0.0288392595160317,0.840198118053553
northern_lights_NO,2045,0.0302165136658723,2.74079190248832,193.744747475276,26.6152509633037,0.000587949566929021,0.00957767665405925,0.129365286787496,1.39563403160971e-08,3.98315584844442e-08,0.12451054482793,22.9655951587383,1.85812250777705e-05,2.54616580387396e-07,3.63888677202045e-07,0.0288392595160317,0.840198118053553
northern_lights_NO,2046,0.0302165136658723,2.74079190248832,193.744747475276,26.6152509633037,0.000587949566929021,0.00957767665405925,0.129365286787496,1.39563403160971e-08,3.98315584844442e-08,0.12451054482793,22.9655951587383,1.85812250777705e-05,2.54616580387396e-07,3.63888677202045e-07,0.0288392595160317,0.840198118053553
northern_lights_NO,2047,0.0302165136658723,2.74079190248832,193.744747475276,26.6152509633037,0.000587949566929021,0.00957767665405925,0.129365286787496,1.39563403160971e-08,3.98315584844442e-08,0.12451054482793,22.9655951587383,1.85812250777705e-05,2.54616580387396e-07,3.63888677202045e-07,0.0288392595160317,0.840198118053553
northern_lights_NO,2048,0.0302165136658723,2.74079190248832,193.744747475276,26.6152509633037,0.000587949566929021,0.00957767665405925,0.129365286787496,1.39563403160971e-08,3.98315584844442e-08,0.12451054482793,22.9655951587383,1.85812250777705e-05,2.54616580387396e-07,3.63888677202045e-07,0.0288392595160317,0.840198118053553
northern_lights_NO,2049,0.0302165136658723,2.74079190248832,193.744747475276,26.6152509633037,0.000587949566929021,0.00957767665405925,0.129365286787496,1.39563403160971e-08,3.98315584844442e-08,0.12451054482793,22.9655951587383,1.85812250777705e-05,2.54616580387396e-07,3.63888677202045e-07,0.0288392595160317,0.840198118053553
northern_lights_NO,2050,0.0302165136658723,2.74079190248832,193.744747475276,26.6152509633037,0.000587949566929021,0.00957767665405925,0.129365286787496,1.39563403160971e-08,3.98315584844442e-08,0.12451054482793,22.9655951587383,1.85812250777705e-05,2.54616580387396e-07,3.63888677202045e-07,0.0288392595160317,0.840198118053553
northern_lights_NO,2052,0.0302165136658723,2.74079190248832,193.744747475276,26.6152509633037,0.000587949566929021,0.00957767665405925,0.129365286787496,1.39563403160971e-08,3.98315584844442e-08,0.12451054482793,22.9655951587383,1.85812250777705e-05,2.54616580387396e-07,3.63888677202045e-07,0.0288392595160317,0.840198118053553
northern_lights_NO,2044,0.0302165136658723,2.74079190248832,193.744747475276,26.6152509633037,0.000587949566929021,0.00957767665405925,0.129365286787496,1.39563403160971e-08,3.98315584844442e-08,0.12451054482793,22.9655951587383,1.85812250777705e-05,2.54616580387396e-07,3.63888677202045e-07,0.0288392595160317,0.840198118053553
northern_lights_NO,2054,0.0302165136658723,2.74079190248832,193.744747475276,26.6152509633037,0.000587949566929021,0.00957767665405925,0.129365286787496,1.39563403160971e-08,3.98315584844442e-08,0.12451054482793,22.9655951587383,1.85812250777705e-05,2.54616580387396e-07,3.63888677202045e-07,0.0288392595160317,0.840198118053553
northern_lights_NO,2055,0.0302165136658723,2.74079190248832,193.744747475276,26.6152509633037,0.000587949566929021,0.00957767665405925,0.129365286787496,1.39563403160971e-08,3.98315584844442e-08,0.12451054482793,22.9655951587383,1.85812250777705e-05,2.54616580387396e-07,3.63888677202045e-07,0.0288392595160317,0.840198118053553
northern_lights_NO,2056,0.0302165136658723,2.74079190248832,193.744747475276,26.6152509633037,0.000587949566929021,0.00957767665405925,0.129365286787496,1.39563403160971e-08,3.98315584844442e-08,0.12451054482793,22.9655951587383,1.85812250777705e-05,2.54616580387396e-07,3.63888677202045e-07,0.0288392595160317,0.840198118053553
northern_lights_NO,2057,0.0302165136658723,2.74079190248832,193.744747475276,26.6152509633037,0.000587949566929021,0.00957767665405925,0.129365286787496,1.39563403160971e-08,3.98315584844442e-08,0.12451054482793,22.9655951587383,1.85812250777705e-05,2.54616580387396e-07,3.63888677202045e-07,0.0288392595160317,0.840198118053553
northern_lights_NO,2058,0.0302165136658723,2.74079190248832,193.744747475276,26.6152509633037,0.000587949566929021,0.00957767665405925,0.129365286787496,1.39563403160971e-08,3.98315584844442e-08,0.12451054482793,22.9655951587383,1.85812250777705e-05,2.54616580387396e-07,3.63888677202045e-07,0.0288392595160317,0.840198118053553
northern_lights_NO,2059,0.0302165136658723,2.74079190248832,193.744747475276,26.6152509633037,0.000587949566929021,0.00957767665405925,0.129365286787496,1.39563403160971e-08,3.98315584844442e-08,0.12451054482793,22.9655951587383,1.85812250777705e-05,2.54616580387396e-07,3.63888677202045e-07,0.0288392595160317,0.840198118053553
northern_lights_NO,2060,0.0302165136658723,2.74079190248832,193.744747475276,26.6152509633037,0.000587949566929021,0.00957767665405925,0.129365286787496,1.39563403160971e-08,3.98315584844442e-08,0.12451054482793,22.9655951587383,1.85812250777705e-05,2.54616580387396e-07,3.63888677202045e-07,0.0288392595160317,0.840198118053553
northern_lights_NO,2053,0.0302165136658723,2.74079190248832,193.744747475276,26.6152509633037,0.000587949566929021,0.00957767665405925,0.129365286787496,1.39563403160971e-08,3.98315584844442e-08,0.12451054482793,22.9655951587383,1.85812250777705e-05,2.54616580387396e-07,3.63888677202045e-07,0.0288392595160317,0.840198118053553
northern_lights_NO,2043,0.0302165136658723,2.74079190248832,193.744747475276,26.6152509633037,0.000587949566929021,0.00957767665405925,0.129365286787496,1.39563403160971e-08,3.98315584844442e-08,0.12451054482793,22.9655951587383,1.85812250777705e-05,2.54616580387396e-07,3.63888677202045e-07,0.0288392595160317,0.840198118053553
northern_lights_NO,2025,0.0302165136658723,2.74079190248832,193.744747475276,26.6152509633037,0.000587949566929021,0.00957767665405925,0.129365286787496,1.39563403160971e-08,3.98315584844442e-08,0.12451054482793,22.9655951587383,1.85812250777705e-05,2.54616580387396e-07,3.63888677202045e-07,0.0288392595160317,0.840198118053553
northern_lights_NO,2041,0.0302165136658723,2.74079190248832,193.744747475276,26.6152509633037,0.000587949566929021,0.00957767665405925,0.129365286787496,1.39563403160971e-08,3.98315584844442e-08,0.12451054482793,22.9655951587383,1.85812250777705e-05,2.54616580387396e-07,3.63888677202045e-07,0.0288392595160317,0.840198118053553
northern_lights_NO,2042,0.0302165136658723,2.74079190248832,193.744747475276,26.6152509633037,0.000587949566929021,0.00957767665405925,0.129365286787496,1.39563403160971e-08,3.98315584844442e-08,0.12451054482793,22.9655951587383,1.85812250777705e-05,2.54616580387396e-07,3.63888677202045e-07,0.0288392595160317,0.840198118053553
northern_lights_NO,2026,0.0302165136658723,2.74079190248832,193.744747475276,26.6152509633037,0.000587949566929021,0.00957767665405925,0.129365286787496,1.39563403160971e-08,3.98315584844442e-08,0.12451054482793,22.9655951587383,1.85812250777705e-05,2.54616580387396e-07,3.63888677202045e-07,0.0288392595160317,0.840198118053553
northern_lights_NO,2027,0.0302165136658723,2.74079190248832,193.744747475276,26.6152509633037,0.000587949566929021,0.00957767665405925,0.129365286787496,1.39563403160971e-08,3.98315584844442e-08,0.12451054482793,22.9655951587383,1.85812250777705e-05,2.54616580387396e-07,3.63888677202045e-07,0.0288392595160317,0.840198118053553
northern_lights_NO,2028,0.0302165136658723,2.74079190248832,193.744747475276,26.6152509633037,0.000587949566929021,0.00957767665405925,0.129365286787496,1.39563403160971e-08,3.98315584844442e-08,0.12451054482793,22.9655951587383,1.85812250777705e-05,2.54616580387396e-07,3.63888677202045e-07,0.0288392595160317,0.840198118053553
northern_lights_NO,2030,0.0302165136658723,2.74079190248832,193.744747475276,26.6152509633037,0.000587949566929021,0.00957767665405925,0.129365286787496,1.39563403160971e-08,3.98315584844442e-08,0.12451054482793,22.9655951587383,1.85812250777705e-05,2.54616580387396e-07,3.63888677202045e-07,0.0288392595160317,0.840198118053553
northern_lights_NO,2031,0.0302165136658723,2.74079190248832,193.744747475276,26.6152509633037,0.000587949566929021,0.00957767665405925,0.129365286787496,1.39563403160971e-08,3.98315584844442e-08,0.12451054482793,22.9655951587383,1.85812250777705e-05,2.54616580387396e-07,3.63888677202045e-07,0.0288392595160317,0.840198118053553
northern_lights_NO,2032,0.0302165136658723,2.74079190248832,193.744747475276,26.6152509633037,0.000587949566929021,0.00957767665405925,0.129365286787496,1.39563403160971e-08,3.98315584844442e-08,0.12451054482793,22.9655951587383,1.85812250777705e-05,2.54616580387396e-07,3.63888677202045e-07,0.0288392595160317,0.840198118053553
northern_lights_NO,2029,0.0302165136658723,2.74079190248832,193.744747475276,26.6152509633037,0.000587949566929021,0.00957767665405925,0.129365286787496,1.39563403160971e-08,3.98315584844442e-08,0.12451054482793,22.9655951587383,1.85812250777705e-05,2.54616580387396e-07,3.63888677202045e-07,0.0288392595160317,0.840198118053553
northern_lights_NO,2034,0.0302165136658723,2.74079190248832,193.744747475276,26.6152509633037,0.000587949566929021,0.00957767665405925,0.129365286787496,1.39563403160971e-08,3.98315584844442e-08,0.12451054482793,22.9655951587383,1.85812250777705e-05,2.54616580387396e-07,3.63888677202045e-07,0.0288392595160317,0.840198118053553
northern_lights_NO,2035,0.0302165136658723,2.74079190248832,193.744747475276,26.6152509633037,0.000587949566929021,0.00957767665405925,0.129365286787496,1.39563403160971e-08,3.98315584844442e-08,0.12451054482793,22.9655951587383,1.85812250777705e-05,2.54616580387396e-07,3.63888677202045e-07,0.0288392595160317,0.840198118053553
northern_lights_NO,2036,0.0302165136658723,2.74079190248832,193.744747475276,26.6152509633037,0.000587949566929021,0.00957767665405925,0.129365286787496,1.39563403160971e-08,3.98315584844442e-08,0.12451054482793,22.9655951587383,1.85812250777705e-05,2.54616580387396e-07,3.63888677202045e-07,0.0288392595160317,0.840198118053553
northern_lights_NO,2037,0.0302165136658723,2.74079190248832,193.744747475276,26.6152509633037,0.000587949566929021,0.00957767665405925,0.129365286787496,1.39563403160971e-08,3.98315584844442e-08,0.12451054482793,22.9655951587383,1.85812250777705e-05,2.54616580387396e-07,3.63888677202045e-07,0.0288392595160317,0.840198118053553
northern_lights_NO,2038,0.0302165136658723,2.74079190248832,193.744747475276,26.6152509633037,0.000587949566929021,0.00957767665405925,0.129365286787496,1.39563403160971e-08,3.98315584844442e-08,0.12451054482793,22.9655951587383,1.85812250777705e-05,2.54616580387396e-07,3.63888677202045e-07,0.0288392595160317,0.840198118053553
northern_lights_NO,2039,0.0302165136658723,2.74079190248832,193.744747475276,26.6152509633037,0.000587949566929021,0.00957767665405925,0.129365286787496,1.39563403160971e-08,3.98315584844442e-08,0.12451054482793,22.9655951587383,1.85812250777705e-05,2.54616580387396e-07,3.63888677202045e-07,0.0288392595160317,0.840198118053553
northern_lights_NO,2040,0.0302165136658723,2.74079190248832,193.744747475276,26.6152509633037,0.000587949566929021,0.00957767665405925,0.129365286787496,1.39563403160971e-08,3.98315584844442e-08,0.12451054482793,22.9655951587383,1.85812250777705e-05,2.54616580387396e-07,3.63888677202045e-07,0.0288392595160317,0.840198118053553
northern_lights_NO,2033,0.0302165136658723,2.74079190248832,193.744747475276,26.6152509633037,0.000587949566929021,0.00957767665405925,0.129365286787496,1.39563403160971e-08,3.98315584844442e-08,0.12451054482793,22.9655951587383,1.85812250777705e-05,2.54616580387396e-07,3.63888677202045e-07,0.0288392595160317,0.840198118053553
orion_UK,2051,0.0302165136658723,2.74079190248832,193.744747475276,26.6152509633037,0.000587949566929021,0.00957767665405925,0.129365286787496,1.39563403160971e-08,3.98315584844442e-08,0.12451054482793,22.9655951587383,1.85812250777705e-05,2.54616580387396e-07,3.63888677202045e-07,0.0288392595160317,0.840198118053553
orion_UK,2045,0.0302165136658723,2.74079190248832,193.744747475276,26.6152509633037,0.000587949566929021,0.00957767665405925,0.129365286787496,1.39563403160971e-08,3.98315584844442e-08,0.12451054482793,22.9655951587383,1.85812250777705e-05,2.54616580387396e-07,3.63888677202045e-07,0.0288392595160317,0.840198118053553
orion_UK,2046,0.0302165136658723,2.74079190248832,193.744747475276,26.6152509633037,0.000587949566929021,0.00957767665405925,0.129365286787496,1.39563403160971e-08,3.98315584844442e-08,0.12451054482793,22.9655951587383,1.85812250777705e-05,2.54616580387396e-07,3.63888677202045e-07,0.0288392595160317,0.840198118053553
orion_UK,2047,0.0302165136658723,2.74079190248832,193.744747475276,26.6152509633037,0.000587949566929021,0.00957767665405925,0.129365286787496,1.39563403160971e-08,3.98315584844442e-08,0.12451054482793,22.9655951587383,1.85812250777705e-05,2.54616580387396e-07,3.63888677202045e-07,0.0288392595160317,0.840198118053553
orion_UK,2048,0.0302165136658723,2.74079190248832,193.744747475276,26.6152509633037,0.000587949566929021,0.00957767665405925,0.129365286787496,1.39563403160971e-08,3.98315584844442e-08,0.12451054482793,22.9655951587383,1.85812250777705e-05,2.54616580387396e-07,3.63888677202045e-07,0.0288392595160317,0.840198118053553
orion_UK,2049,0.0302165136658723,2.74079190248832,193.744747475276,26.6152509633037,0.000587949566929021,0.00957767665405925,0.129365286787496,1.39563403160971e-08,3.98315584844442e-08,0.12451054482793,22.9655951587383,1.85812250777705e-05,2.54616580387396e-07,3.63888677202045e-07,0.0288392595160317,0.840198118053553
orion_UK,2050,0.0302165136658723,2.74079190248832,193.744747475276,26.6152509633037,0.000587949566929021,0.00957767665405925,0.129365286787496,1.39563403160971e-08,3.98315584844442e-08,0.12451054482793,22.9655951587383,1.85812250777705e-05,2.54616580387396e-07,3.63888677202045e-07,0.0288392595160317,0.840198118053553
orion_UK,2052,0.0302165136658723,2.74079190248832,193.744747475276,26.6152509633037,0.000587949566929021,0.00957767665405925,0.129365286787496,1.39563403160971e-08,3.98315584844442e-08,0.12451054482793,22.9655951587383,1.85812250777705e-05,2.54616580387396e-07,3.63888677202045e-07,0.0288392595160317,0.840198118053553
orion_UK,2060,0.0302165136658723,2.74079190248832,193.744747475276,26.6152509633037,0.000587949566929021,0.00957767665405925,0.129365286787496,1.39563403160971e-08,3.98315584844442e-08,0.12451054482793,22.9655951587383,1.85812250777705e-05,2.54616580387396e-07,3.63888677202045e-07,0.0288392595160317,0.840198118053553
orion_UK,2054,0.0302165136658723,2.74079190248832,193.744747475276,26.6152509633037,0.000587949566929021,0.00957767665405925,0.129365286787496,1.39563403160971e-08,3.98315584844442e-08,0.12451054482793,22.9655951587383,1.85812250777705e-05,2.54616580387396e-07,3.63888677202045e-07,0.0288392595160317,0.840198118053553
orion_UK,2055,0.0302165136658723,2.74079190248832,193.744747475276,26.6152509633037,0.000587949566929021,0.00957767665405925,0.129365286787496,1.39563403160971e-08,3.98315584844442e-08,0.12451054482793,22.9655951587383,1.85812250777705e-05,2.54616580387396e-07,3.63888677202045e-07,0.0288392595160317,0.840198118053553
orion_UK,2056,0.0302165136658723,2.74079190248832,193.744747475276,26.6152509633037,0.000587949566929021,0.00957767665405925,0.129365286787496,1.39563403160971e-08,3.98315584844442e-08,0.12451054482793,22.9655951587383,1.85812250777705e-05,2.54616580387396e-07,3.63888677202045e-07,0.0288392595160317,0.840198118053553
orion_UK,2057,0.0302165136658723,2.74079190248832,193.744747475276,26.6152509633037,0.000587949566929021,0.00957767665405925,0.129365286787496,1.39563403160971e-08,3.98315584844442e-08,0.12451054482793,22.9655951587383,1.85812250777705e-05,2.54616580387396e-07,3.63888677202045e-07,0.0288392595160317,0.840198118053553
orion_UK,2058,0.0302165136658723,2.74079190248832,193.744747475276,26.6152509633037,0.000587949566929021,0.00957767665405925,0.129365286787496,1.39563403160971e-08,3.98315584844442e-08,0.12451054482793,22.9655951587383,1.85812250777705e-05,2.54616580387396e-07,3.63888677202045e-07,0.0288392595160317,0.840198118053553
orion_UK,2059,0.0302165136658723,2.74079190248832,193.744747475276,26.6152509633037,0.000587949566929021,0.00957767665405925,0.129365286787496,1.39563403160971e-08,3.98315584844442e-08,0.12451054482793,22.9655951587383,1.85812250777705e-05,2.54616580387396e-07,3.63888677202045e-07,0.0288392595160317,0.840198118053553
orion_UK,2044,0.0302165136658723,2.74079190248832,193.744747475276,26.6152509633037,0.000587949566929021,0.00957767665405925,0.129365286787496,1.39563403160971e-08,3.98315584844442e-08,0.12451054482793,22.9655951587383,1.85812250777705e-05,2.54616580387396e-07,3.63888677202045e-07,0.0288392595160317,0.840198118053553
orion_UK,2053,0.0302165136658723,2.74079190248832,193.744747475276,26.6152509633037,0.000587949566929021,0.00957767665405925,0.129365286787496,1.39563403160971e-08,3.98315584844442e-08,0.12451054482793,22.9655951587383,1.85812250777705e-05,2.54616580387396e-07,3.63888677202045e-07,0.0288392595160317,0.840198118053553
orion_UK,2043,0.0302165136658723,2.74079190248832,193.744747475276,26.6152509633037,0.000587949566929021,0.00957767665405925,0.129365286787496,1.39563403160971e-08,3.98315584844442e-08,0.12451054482793,22.9655951587383,1.85812250777705e-05,2.54616580387396e-07,3.63888677202045e-07,0.0288392595160317,0.840198118053553
orion_UK,2042,0.0302165136658723,2.74079190248832,193.744747475276,26.6152509633037,0.000587949566929021,0.00957767665405925,0.129365286787496,1.39563403160971e-08,3.98315584844442e-08,0.12451054482793,22.9655951587383,1.85812250777705e-05,2.54616580387396e-07,3.63888677202045e-07,0.0288392595160317,0.840198118053553
orion_UK,2041,0.0302165136658723,2.74079190248832,193.744747475276,26.6152509633037,0.000587949566929021,0.00957767665405925,0.129365286787496,1.39563403160971e-08,3.98315584844442e-08,0.12451054482793,22.9655951587383,1.85812250777705e-05,2.54616580387396e-07,3.63888677202045e-07,0.0288392595160317,0.840198118053553
orion_UK,2026,0.0302165136658723,2.74079190248832,193.744747475276,26.6152509633037,0.000587949566929021,0.00957767665405925,0.129365286787496,1.39563403160971e-08,3.98315584844442e-08,0.12451054482793,22.9655951587383,1.85812250777705e-05,2.54616580387396e-07,3.63888677202045e-07,0.0288392595160317,0.840198118053553
orion_UK,2027,0.0302165136658723,2.74079190248832,193.744747475276,26.6152509633037,0.000587949566929021,0.00957767665405925,0.129365286787496,1.39563403160971e-08,3.98315584844442e-08,0.12451054482793,22.9655951587383,1.85812250777705e-05,2.54616580387396e-07,3.63888677202045e-07,0.0288392595160317,0.840198118053553
orion_UK,2028,0.0302165136658723,2.74079190248832,193.744747475276,26.6152509633037,0.000587949566929021,0.00957767665405925,0.129365286787496,1.39563403160971e-08,3.98315584844442e-08,0.12451054482793,22.9655951587383,1.85812250777705e-05,2.54616580387396e-07,3.63888677202045e-07,0.0288392595160317,0.840198118053553
orion_UK,2029,0.0302165136658723,2.74079190248832,193.744747475276,26.6152509633037,0.000587949566929021,0.00957767665405925,0.129365286787496,1.39563403160971e-08,3.98315584844442e-08,0.12451054482793,22.9655951587383,1.85812250777705e-05,2.54616580387396e-07,3.63888677202045e-07,0.0288392595160317,0.840198118053553
orion_UK,2030,0.0302165136658723,2.74079190248832,193.744747475276,26.6152509633037,0.000587949566929021,0.00957767665405925,0.129365286787496,1.39563403160971e-08,3.98315584844442e-08,0.12451054482793,22.9655951587383,1.85812250777705e-05,2.54616580387396e-07,3.63888677202045e-07,0.0288392595160317,0.840198118053553
orion_UK,2031,0.0302165136658723,2.74079190248832,193.744747475276,26.6152509633037,0.000587949566929021,0.00957767665405925,0.129365286787496,1.39563403160971e-08,3.98315584844442e-08,0.12451054482793,22.9655951587383,1.85812250777705e-05,2.54616580387396e-07,3.63888677202045e-07,0.0288392595160317,0.840198118053553
orion_UK,2032,0.0302165136658723,2.74079190248832,193.744747475276,26.6152509633037,0.000587949566929021,0.00957767665405925,0.129365286787496,1.39563403160971e-08,3.98315584844442e-08,0.12451054482793,22.9655951587383,1.85812250777705e-05,2.54616580387396e-07,3.63888677202045e-07,0.0288392595160317,0.840198118053553
orion_UK,2025,0.0302165136658723,2.74079190248832,193.744747475276,26.6152509633037,0.000587949566929021,0.00957767665405925,0.129365286787496,1.39563403160971e-08,3.98315584844442e-08,0.12451054482793,22.9655951587383,1.85812250777705e-05,2.54616580387396e-07,3.63888677202045e-07,0.0288392595160317,0.840198118053553
orion_UK,2034,0.0302165136658723,2.74079190248832,193.744747475276,26.6152509633037,0.000587949566929021,0.00957767665405925,0.129365286787496,1.39563403160971e-08,3.98315584844442e-08,0.12451054482793,22.9655951587383,1.85812250777705e-05,2.54616580387396e-07,3.63888677202045e-07,0.0288392595160317,0.840198118053553
orion_UK,2035,0.0302165136658723,2.74079190248832,193.744747475276,26.6152509633037,0.000587949566929021,0.00957767665405925,0.129365286787496,1.39563403160971e-08,3.98315584844442e-08,0.12451054482793,22.9655951587383,1.85812250777705e-05,2.54616580387396e-07,3.63888677202045e-07,0.0288392595160317,0.840198118053553
orion_UK,2036,0.0302165136658723,2.74079190248832,193.744747475276,26.6152509633037,0.000587949566929021,0.00957767665405925,0.129365286787496,1.39563403160971e-08,3.98315584844442e-08,0.12451054482793,22.9655951587383,1.85812250777705e-05,2.54616580387396e-07,3.63888677202045e-07,0.0288392595160317,0.840198118053553
orion_UK,2037,0.0302165136658723,2.74079190248832,193.744747475276,26.6152509633037,0.000587949566929021,0.00957767665405925,0.129365286787496,1.39563403160971e-08,3.98315584844442e-08,0.12451054482793,22.9655951587383,1.85812250777705e-05,2.54616580387396e-07,3.63888677202045e-07,0.0288392595160317,0.840198118053553
orion_UK,2038,0.0302165136658723,2.74079190248832,193.744747475276,26.6152509633037,0.000587949566929021,0.00957767665405925,0.129365286787496,1.39563403160971e-08,3.98315584844442e-08,0.12451054482793,22.9655951587383,1.85812250777705e-05,2.54616580387396e-07,3.63888677202045e-07,0.0288392595160317,0.840198118053553
orion_UK,2039,0.0302165136658723,2.74079190248832,193.744747475276,26.6152509633037,0.000587949566929021,0.00957767665405925,0.129365286787496,1.39563403160971e-08,3.98315584844442e-08,0.12451054482793,22.9655951587383,1.85812250777705e-05,2.54616580387396e-07,3.63888677202045e-07,0.0288392595160317,0.840198118053553
orion_UK,2040,0.0302165136658723,2.74079190248832,193.744747475276,26.6152509633037,0.000587949566929021,0.00957767665405925,0.129365286787496,1.39563403160971e-08,3.98315584844442e-08,0.12451054482793,22.9655951587383,1.85812250777705e-05,2.54616580387396e-07,3.63888677202045e-07,0.0288392595160317,0.840198118053553
orion_UK,2033,0.0302165136658723,2.74079190248832,193.744747475276,26.6152509633037,0.000587949566929021,0.00957767665405925,0.129365286787496,1.39563403160971e-08,3.98315584844442e-08,0.12451054482793,22.9655951587383,1.85812250777705e-05,2.54616580387396e-07,3.63888677202045e-07,0.0288392595160317,0.840198118053553
porthos_NL,2045,0.0302165136658723,2.74079190248832,193.744747475276,26.6152509633037,0.000587949566929021,0.00957767665405925,0.129365286787496,1.39563403160971e-08,3.98315584844442e-08,0.12451054482793,22.9655951587383,1.85812250777705e-05,2.54616580387396e-07,3.63888677202045e-07,0.0288392595160317,0.840198118053553
porthos_NL,2046,0.0302165136658723,2.74079190248832,193.744747475276,26.6152509633037,0.000587949566929021,0.00957767665405925,0.129365286787496,1.39563403160971e-08,3.98315584844442e-08,0.12451054482793,22.9655951587383,1.85812250777705e-05,2.54616580387396e-07,3.63888677202045e-07,0.0288392595160317,0.840198118053553
porthos_NL,2047,0.0302165136658723,2.74079190248832,193.744747475276,26.6152509633037,0.000587949566929021,0.00957767665405925,0.129365286787496,1.39563403160971e-08,3.98315584844442e-08,0.12451054482793,22.9655951587383,1.85812250777705e-05,2.54616580387396e-07,3.63888677202045e-07,0.0288392595160317,0.840198118053553
porthos_NL,2048,0.0302165136658723,2.74079190248832,193.744747475276,26.6152509633037,0.000587949566929021,0.00957767665405925,0.129365286787496,1.39563403160971e-08,3.98315584844442e-08,0.12451054482793,22.9655951587383,1.85812250777705e-05,2.54616580387396e-07,3.63888677202045e-07,0.0288392595160317,0.840198118053553
porthos_NL,2049,0.0302165136658723,2.74079190248832,193.744747475276,26.6152509633037,0.000587949566929021,0.00957767665405925,0.129365286787496,1.39563403160971e-08,3.98315584844442e-08,0.12451054482793,22.9655951587383,1.85812250777705e-05,2.54616580387396e-07,3.63888677202045e-07,0.0288392595160317,0.840198118053553
porthos_NL,2050,0.0302165136658723,2.74079190248832,193.744747475276,26.6152509633037,0.000587949566929021,0.00957767665405925,0.129365286787496,1.39563403160971e-08,3.98315584844442e-08,0.12451054482793,22.9655951587383,1.85812250777705e-05,2.54616580387396e-07,3.63888677202045e-07,0.0288392595160317,0.840198118053553
porthos_NL,2051,0.0302165136658723,2.74079190248832,193.744747475276,26.6152509633037,0.000587949566929021,0.00957767665405925,0.129365286787496,1.39563403160971e-08,3.98315584844442e-08,0.12451054482793,22.9655951587383,1.85812250777705e-05,2.54616580387396e-07,3.63888677202045e-07,0.0288392595160317,0.840198118053553
porthos_NL,2055,0.0302165136658723,2.74079190248832,193.744747475276,26.6152509633037,0.000587949566929021,0.00957767665405925,0.129365286787496,1.39563403160971e-08,3.98315584844442e-08,0.12451054482793,22.9655951587383,1.85812250777705e-05,2.54616580387396e-07,3.63888677202045e-07,0.0288392595160317,0.840198118053553
porthos_NL,2053,0.0302165136658723,2.74079190248832,193.744747475276,26.6152509633037,0.000587949566929021,0.00957767665405925,0.129365286787496,1.39563403160971e-08,3.98315584844442e-08,0.12451054482793,22.9655951587383,1.85812250777705e-05,2.54616580387396e-07,3.63888677202045e-07,0.0288392595160317,0.840198118053553
porthos_NL,2054,0.0302165136658723,2.74079190248832,193.744747475276,26.6152509633037,0.000587949566929021,0.00957767665405925,0.129365286787496,1.39563403160971e-08,3.98315584844442e-08,0.12451054482793,22.9655951587383,1.85812250777705e-05,2.54616580387396e-07,3.63888677202045e-07,0.0288392595160317,0.840198118053553
porthos_NL,2056,0.0302165136658723,2.74079190248832,193.744747475276,26.6152509633037,0.000587949566929021,0.00957767665405925,0.129365286787496,1.39563403160971e-08,3.98315584844442e-08,0.12451054482793,22.9655951587383,1.85812250777705e-05,2.54616580387396e-07,3.63888677202045e-07,0.0288392595160317,0.840198118053553
porthos_NL,2057,0.0302165136658723,2.74079190248832,193.744747475276,26.6152509633037,0.000587949566929021,0.00957767665405925,0.129365286787496,1.39563403160971e-08,3.98315584844442e-08,0.12451054482793,22.9655951587383,1.85812250777705e-05,2.54616580387396e-07,3.63888677202045e-07,0.0288392595160317,0.840198118053553
porthos_NL,2058,0.0302165136658723,2.74079190248832,193.744747475276,26.6152509633037,0.000587949566929021,0.00957767665405925,0.129365286787496,1.39563403160971e-08,3.98315584844442e-08,0.12451054482793,22.9655951587383,1.85812250777705e-05,2.54616580387396e-07,3.63888677202045e-07,0.0288392595160317,0.840198118053553
porthos_NL,2059,0.0302165136658723,2.74079190248832,193.744747475276,26.6152509633037,0.000587949566929021,0.00957767665405925,0.129365286787496,1.39563403160971e-08,3.98315584844442e-08,0.12451054482793,22.9655951587383,1.85812250777705e-05,2.54616580387396e-07,3.63888677202045e-07,0.0288392595160317,0.840198118053553
porthos_NL,2044,0.0302165136658723,2.74079190248832,193.744747475276,26.6152509633037,0.000587949566929021,0.00957767665405925,0.129365286787496,1.39563403160971e-08,3.98315584844442e-08,0.12451054482793,22.9655951587383,1.85812250777705e-05,2.54616580387396e-07,3.63888677202045e-07,0.0288392595160317,0.840198118053553
porthos_NL,2052,0.0302165136658723,2.74079190248832,193.744747475276,26.6152509633037,0.000587949566929021,0.00957767665405925,0.129365286787496,1.39563403160971e-08,3.98315584844442e-08,0.12451054482793,22.9655951587383,1.85812250777705e-05,2.54616580387396e-07,3.63888677202045e-07,0.0288392595160317,0.840198118053553
porthos_NL,2043,0.0302165136658723,2.74079190248832,193.744747475276,26.6152509633037,0.000587949566929021,0.00957767665405925,0.129365286787496,1.39563403160971e-08,3.98315584844442e-08,0.12451054482793,22.9655951587383,1.85812250777705e-05,2.54616580387396e-07,3.63888677202045e-07,0.0288392595160317,0.840198118053553
porthos_NL,2060,0.0302165136658723,2.74079190248832,193.744747475276,26.6152509633037,0.000587949566929021,0.00957767665405925,0.129365286787496,1.39563403160971e-08,3.98315584844442e-08,0.12451054482793,22.9655951587383,1.85812250777705e-05,2.54616580387396e-07,3.63888677202045e-07,0.0288392595160317,0.840198118053553
porthos_NL,2041,0.0302165136658723,2.74079190248832,193.744747475276,26.6152509633037,0.000587949566929021,0.00957767665405925,0.129365286787496,1.39563403160971e-08,3.98315584844442e-08,0.12451054482793,22.9655951587383,1.85812250777705e-05,2.54616580387396e-07,3.63888677202045e-07,0.0288392595160317,0.840198118053553
porthos_NL,2025,0.0302165136658723,2.74079190248832,193.744747475276,26.6152509633037,0.000587949566929021,0.00957767665405925,0.129365286787496,1.39563403160971e-08,3.98315584844442e-08,0.12451054482793,22.9655951587383,1.85812250777705e-05,2.54616580387396e-07,3.63888677202045e-07,0.0288392595160317,0.840198118053553
porthos_NL,2026,0.0302165136658723,2.74079190248832,193.744747475276,26.6152509633037,0.000587949566929021,0.00957767665405925,0.129365286787496,1.39563403160971e-08,3.98315584844442e-08,0.12451054482793,22.9655951587383,1.85812250777705e-05,2.54616580387396e-07,3.63888677202045e-07,0.0288392595160317,0.840198118053553
porthos_NL,2027,0.0302165136658723,2.74079190248832,193.744747475276,26.6152509633037,0.000587949566929021,0.00957767665405925,0.129365286787496,1.39563403160971e-08,3.98315584844442e-08,0.12451054482793,22.9655951587383,1.85812250777705e-05,2.54616580387396e-07,3.63888677202045e-07,0.0288392595160317,0.840198118053553
porthos_NL,2028,0.0302165136658723,2.74079190248832,193.744747475276,26.6152509633037,0.000587949566929021,0.00957767665405925,0.129365286787496,1.39563403160971e-08,3.98315584844442e-08,0.12451054482793,22.9655951587383,1.85812250777705e-05,2.54616580387396e-07,3.63888677202045e-07,0.0288392595160317,0.840198118053553
porthos_NL,2029,0.0302165136658723,2.74079190248832,193.744747475276,26.6152509633037,0.000587949566929021,0.00957767665405925,0.129365286787496,1.39563403160971e-08,3.98315584844442e-08,0.12451054482793,22.9655951587383,1.85812250777705e-05,2.54616580387396e-07,3.63888677202045e-07,0.0288392595160317,0.840198118053553
porthos_NL,2030,0.0302165136658723,2.74079190248832,193.744747475276,26.6152509633037,0.000587949566929021,0.00957767665405925,0.129365286787496,1.39563403160971e-08,3.98315584844442e-08,0.12451054482793,22.9655951587383,1.85812250777705e-05,2.54616580387396e-07,3.63888677202045e-07,0.0288392595160317,0.840198118053553
porthos_NL,2031,0.0302165136658723,2.74079190248832,193.744747475276,26.6152509633037,0.000587949566929021,0.00957767665405925,0.129365286787496,1.39563403160971e-08,3.98315584844442e-08,0.12451054482793,22.9655951587383,1.85812250777705e-05,2.54616580387396e-07,3.63888677202045e-07,0.0288392595160317,0.840198118053553
porthos_NL,2032,0.0302165136658723,2.74079190248832,193.744747475276,26.6152509633037,0.000587949566929021,0.00957767665405925,0.129365286787496,1.39563403160971e-08,3.98315584844442e-08,0.12451054482793,22.9655951587383,1.85812250777705e-05,2.54616580387396e-07,3.63888677202045e-07,0.0288392595160317,0.840198118053553
porthos_NL,2042,0.0302165136658723,2.74079190248832,193.744747475276,26.6152509633037,0.000587949566929021,0.00957767665405925,0.129365286787496,1.39563403160971e-08,3.98315584844442e-08,0.12451054482793,22.9655951587383,1.85812250777705e-05,2.54616580387396e-07,3.63888677202045e-07,0.0288392595160317,0.840198118053553
porthos_NL,2034,0.0302165136658723,2.74079190248832,193.744747475276,26.6152509633037,0.000587949566929021,0.00957767665405925,0.129365286787496,1.39563403160971e-08,3.98315584844442e-08,0.12451054482793,22.9655951587383,1.85812250777705e-05,2.54616580387396e-07,3.63888677202045e-07,0.0288392595160317,0.840198118053553
porthos_NL,2035,0.0302165136658723,2.74079190248832,193.744747475276,26.6152509633037,0.000587949566929021,0.00957767665405925,0.129365286787496,1.39563403160971e-08,3.98315584844442e-08,0.12451054482793,22.9655951587383,1.85812250777705e-05,2.54616580387396e-07,3.63888677202045e-07,0.0288392595160317,0.840198118053553
porthos_NL,2036,0.0302165136658723,2.74079190248832,193.744747475276,26.6152509633037,0.000587949566929021,0.00957767665405925,0.129365286787496,1.39563403160971e-08,3.98315584844442e-08,0.12451054482793,22.9655951587383,1.85812250777705e-05,2.54616580387396e-07,3.63888677202045e-07,0.0288392595160317,0.840198118053553
porthos_NL,2037,0.0302165136658723,2.74079190248832,193.744747475276,26.6152509633037,0.000587949566929021,0.00957767665405925,0.129365286787496,1.39563403160971e-08,3.98315584844442e-08,0.12451054482793,22.9655951587383,1.85812250777705e-05,2.54616580387396e-07,3.63888677202045e-07,0.0288392595160317,0.840198118053553
porthos_NL,2038,0.0302165136658723,2.74079190248832,193.744747475276,26.6152509633037,0.000587949566929021,0.00957767665405925,0.129365286787496,1.39563403160971e-08,3.98315584844442e-08,0.12451054482793,22.9655951587383,1.85812250777705e-05,2.54616580387396e-07,3.63888677202045e-07,0.0288392595160317,0.840198118053553
porthos_NL,2039,0.0302165136658723,2.74079190248832,193.744747475276,26.6152509633037,0.000587949566929021,0.00957767665405925,0.129365286787496,1.39563403160971e-08,3.98315584844442e-08,0.12451054482793,22.9655951587383,1.85812250777705e-05,2.54616580387396e-07,3.63888677202045e-07,0.0288392595160317,0.840198118053553
porthos_NL,2040,0.0302165136658723,2.74079190248832,193.744747475276,26.6152509633037,0.000587949566929021,0.00957767665405925,0.129365286787496,1.39563403160971e-08,3.98315584844442e-08,0.12451054482793,22.9655951587383,1.85812250777705e-05,2.54616580387396e-07,3.63888677202045e-07,0.0288392595160317,0.840198118053553
porthos_NL,2033,0.0302165136658723,2.74079190248832,193.744747475276,26.6152509633037,0.000587949566929021,0.00957767665405925,0.129365286787496,1.39563403160971e-08,3.98315584844442e-08,0.12451054482793,22.9655951587383,1.85812250777705e-05,2.54616580387396e-07,3.63888677202045e-07,0.0288392595160317,0.840198118053553
poseidon_NO,2044,0.0302165136658723,2.74079190248832,193.744747475276,26.6152509633037,0.000587949566929021,0.00957767665405925,0.129365286787496,1.39563403160971e-08,3.98315584844442e-08,0.12451054482793,22.9655951587383,1.85812250777705e-05,2.54616580387396e-07,3.63888677202045e-07,0.0288392595160317,0.840198118053553
poseidon_NO,2045,0.0302165136658723,2.74079190248832,193.744747475276,26.6152509633037,0.000587949566929021,0.00957767665405925,0.129365286787496,1.39563403160971e-08,3.98315584844442e-08,0.12451054482793,22.9655951587383,1.85812250777705e-05,2.54616580387396e-07,3.63888677202045e-07,0.0288392595160317,0.840198118053553
poseidon_NO,2046,0.0302165136658723,2.74079190248832,193.744747475276,26.6152509633037,0.000587949566929021,0.00957767665405925,0.129365286787496,1.39563403160971e-08,3.98315584844442e-08,0.12451054482793,22.9655951587383,1.85812250777705e-05,2.54616580387396e-07,3.63888677202045e-07,0.0288392595160317,0.840198118053553
poseidon_NO,2047,0.0302165136658723,2.74079190248832,193.744747475276,26.6152509633037,0.000587949566929021,0.00957767665405925,0.129365286787496,1.39563403160971e-08,3.98315584844442e-08,0.12451054482793,22.9655951587383,1.85812250777705e-05,2.54616580387396e-07,3.63888677202045e-07,0.0288392595160317,0.840198118053553
poseidon_NO,2048,0.0302165136658723,2.74079190248832,193.744747475276,26.6152509633037,0.000587949566929021,0.00957767665405925,0.129365286787496,1.39563403160971e-08,3.98315584844442e-08,0.12451054482793,22.9655951587383,1.85812250777705e-05,2.54616580387396e-07,3.63888677202045e-07,0.0288392595160317,0.840198118053553
poseidon_NO,2049,0.0302165136658723,2.74079190248832,193.744747475276,26.6152509633037,0.000587949566929021,0.00957767665405925,0.129365286787496,1.39563403160971e-08,3.98315584844442e-08,0.12451054482793,22.9655951587383,1.85812250777705e-05,2.54616580387396e-07,3.63888677202045e-07,0.0288392595160317,0.840198118053553
poseidon_NO,2050,0.0302165136658723,2.74079190248832,193.744747475276,26.6152509633037,0.000587949566929021,0.00957767665405925,0.129365286787496,1.39563403160971e-08,3.98315584844442e-08,0.12451054482793,22.9655951587383,1.85812250777705e-05,2.54616580387396e-07,3.63888677202045e-07,0.0288392595160317,0.840198118053553
poseidon_NO,2051,0.0302165136658723,2.74079190248832,193.744747475276,26.6152509633037,0.000587949566929021,0.00957767665405925,0.129365286787496,1.39563403160971e-08,3.98315584844442e-08,0.12451054482793,22.9655951587383,1.85812250777705e-05,2.54616580387396e-07,3.63888677202045e-07,0.0288392595160317,0.840198118053553
poseidon_NO,2055,0.0302165136658723,2.74079190248832,193.744747475276,26.6152509633037,0.000587949566929021,0.00957767665405925,0.129365286787496,1.39563403160971e-08,3.98315584844442e-08,0.12451054482793,22.9655951587383,1.85812250777705e-05,2.54616580387396e-07,3.63888677202045e-07,0.0288392595160317,0.840198118053553
poseidon_NO,2053,0.0302165136658723,2.74079190248832,193.744747475276,26.6152509633037,0.000587949566929021,0.00957767665405925,0.129365286787496,1.39563403160971e-08,3.98315584844442e-08,0.12451054482793,22.9655951587383,1.85812250777705e-05,2.54616580387396e-07,3.63888677202045e-07,0.0288392595160317,0.840198118053553
poseidon_NO,2054,0.0302165136658723,2.74079190248832,193.744747475276,26.6152509633037,0.000587949566929021,0.00957767665405925,0.129365286787496,1.39563403160971e-08,3.98315584844442e-08,0.12451054482793,22.9655951587383,1.85812250777705e-05,2.54616580387396e-07,3.63888677202045e-07,0.0288392595160317,0.840198118053553
poseidon_NO,2056,0.0302165136658723,2.74079190248832,193.744747475276,26.6152509633037,0.000587949566929021,0.00957767665405925,0.129365286787496,1.39563403160971e-08,3.98315584844442e-08,0.12451054482793,22.9655951587383,1.85812250777705e-05,2.54616580387396e-07,3.63888677202045e-07,0.0288392595160317,0.840198118053553
poseidon_NO,2057,0.0302165136658723,2.74079190248832,193.744747475276,26.6152509633037,0.000587949566929021,0.00957767665405925,0.129365286787496,1.39563403160971e-08,3.98315584844442e-08,0.12451054482793,22.9655951587383,1.85812250777705e-05,2.54616580387396e-07,3.63888677202045e-07,0.0288392595160317,0.840198118053553
poseidon_NO,2058,0.0302165136658723,2.74079190248832,193.744747475276,26.6152509633037,0.000587949566929021,0.00957767665405925,0.129365286787496,1.39563403160971e-08,3.98315584844442e-08,0.12451054482793,22.9655951587383,1.85812250777705e-05,2.54616580387396e-07,3.63888677202045e-07,0.0288392595160317,0.840198118053553
poseidon_NO,2059,0.0302165136658723,2.74079190248832,193.744747475276,26.6152509633037,0.000587949566929021,0.00957767665405925,0.129365286787496,1.39563403160971e-08,3.98315584844442e-08,0.12451054482793,22.9655951587383,1.85812250777705e-05,2.54616580387396e-07,3.63888677202045e-07,0.0288392595160317,0.840198118053553
poseidon_NO,2043,0.0302165136658723,2.74079190248832,193.744747475276,26.6152509633037,0.000587949566929021,0.00957767665405925,0.129365286787496,1.39563403160971e-08,3.98315584844442e-08,0.12451054482793,22.9655951587383,1.85812250777705e-05,2.54616580387396e-07,3.63888677202045e-07,0.0288392595160317,0.840198118053553
poseidon_NO,2052,0.0302165136658723,2.74079190248832,193.744747475276,26.6152509633037,0.000587949566929021,0.00957767665405925,0.129365286787496,1.39563403160971e-08,3.98315584844442e-08,0.12451054482793,22.9655951587383,1.85812250777705e-05,2.54616580387396e-07,3.63888677202045e-07,0.0288392595160317,0.840198118053553
poseidon_NO,2060,0.0302165136658723,2.74079190248832,193.744747475276,26.6152509633037,0.000587949566929021,0.00957767665405925,0.129365286787496,1.39563403160971e-08,3.98315584844442e-08,0.12451054482793,22.9655951587383,1.85812250777705e-05,2.54616580387396e-07,3.63888677202045e-07,0.0288392595160317,0.840198118053553
poseidon_NO,2042,0.0302165136658723,2.74079190248832,193.744747475276,26.6152509633037,0.000587949566929021,0.00957767665405925,0.129365286787496,1.39563403160971e-08,3.98315584844442e-08,0.12451054482793,22.9655951587383,1.85812250777705e-05,2.54616580387396e-07,3.63888677202045e-07,0.0288392595160317,0.840198118053553
poseidon_NO,2040,0.0302165136658723,2.74079190248832,193.744747475276,26.6152509633037,0.000587949566929021,0.00957767665405925,0.129365286787496,1.39563403160971e-08,3.98315584844442e-08,0.12451054482793,22.9655951587383,1.85812250777705e-05,2.54616580387396e-07,3.63888677202045e-07,0.0288392595160317,0.840198118053553
poseidon_NO,2041,0.0302165136658723,2.74079190248832,193.744747475276,26.6152509633037,0.000587949566929021,0.00957767665405925,0.129365286787496,1.39563403160971e-08,3.98315584844442e-08,0.12451054482793,22.9655951587383,1.85812250777705e-05,2.54616580387396e-07,3.63888677202045e-07,0.0288392595160317,0.840198118053553
poseidon_NO,2025,0.0302165136658723,2.74079190248832,193.744747475276,26.6152509633037,0.000587949566929021,0.00957767665405925,0.129365286787496,1.39563403160971e-08,3.98315584844442e-08,0.12451054482793,22.9655951587383,1.85812250777705e-05,2.54616580387396e-07,3.63888677202045e-07,0.0288392595160317,0.840198118053553
poseidon_NO,2026,0.0302165136658723,2.74079190248832,193.744747475276,26.6152509633037,0.000587949566929021,0.00957767665405925,0.129365286787496,1.39563403160971e-08,3.98315584844442e-08,0.12451054482793,22.9655951587383,1.85812250777705e-05,2.54616580387396e-07,3.63888677202045e-07,0.0288392595160317,0.840198118053553
poseidon_NO,2027,0.0302165136658723,2.74079190248832,193.744747475276,26.6152509633037,0.000587949566929021,0.00957767665405925,0.129365286787496,1.39563403160971e-08,3.98315584844442e-08,0.12451054482793,22.9655951587383,1.85812250777705e-05,2.54616580387396e-07,3.63888677202045e-07,0.0288392595160317,0.840198118053553
poseidon_NO,2028,0.0302165136658723,2.74079190248832,193.744747475276,26.6152509633037,0.000587949566929021,0.00957767665405925,0.129365286787496,1.39563403160971e-08,3.98315584844442e-08,0.12451054482793,22.9655951587383,1.85812250777705e-05,2.54616580387396e-07,3.63888677202045e-07,0.0288392595160317,0.840198118053553
poseidon_NO,2030,0.0302165136658723,2.74079190248832,193.744747475276,26.6152509633037,0.000587949566929021,0.00957767665405925,0.129365286787496,1.39563403160971e-08,3.98315584844442e-08,0.12451054482793,22.9655951587383,1.85812250777705e-05,2.54616580387396e-07,3.63888677202045e-07,0.0288392595160317,0.840198118053553
poseidon_NO,2031,0.0302165136658723,2.74079190248832,193.744747475276,26.6152509633037,0.000587949566929021,0.00957767665405925,0.129365286787496,1.39563403160971e-08,3.98315584844442e-08,0.12451054482793,22.9655951587383,1.85812250777705e-05,2.54616580387396e-07,3.63888677202045e-07,0.0288392595160317,0.840198118053553
poseidon_NO,2029,0.0302165136658723,2.74079190248832,193.744747475276,26.6152509633037,0.000587949566929021,0.00957767665405925,0.129365286787496,1.39563403160971e-08,3.98315584844442e-08,0.12451054482793,22.9655951587383,1.85812250777705e-05,2.54616580387396e-07,3.63888677202045e-07,0.0288392595160317,0.840198118053553
poseidon_NO,2033,0.0302165136658723,2.74079190248832,193.744747475276,26.6152509633037,0.000587949566929021,0.00957767665405925,0.129365286787496,1.39563403160971e-08,3.98315584844442e-08,0.12451054482793,22.9655951587383,1.85812250777705e-05,2.54616580387396e-07,3.63888677202045e-07,0.0288392595160317,0.840198118053553
poseidon_NO,2034,0.0302165136658723,2.74079190248832,193.744747475276,26.6152509633037,0.000587949566929021,0.00957767665405925,0.129365286787496,1.39563403160971e-08,3.98315584844442e-08,0.12451054482793,22.9655951587383,1.85812250777705e-05,2.54616580387396e-07,3.63888677202045e-07,0.0288392595160317,0.840198118053553
poseidon_NO,2035,0.0302165136658723,2.74079190248832,193.744747475276,26.6152509633037,0.000587949566929021,0.00957767665405925,0.129365286787496,1.39563403160971e-08,3.98315584844442e-08,0.12451054482793,22.9655951587383,1.85812250777705e-05,2.54616580387396e-07,3.63888677202045e-07,0.0288392595160317,0.840198118053553
poseidon_NO,2036,0.0302165136658723,2.74079190248832,193.744747475276,26.6152509633037,0.000587949566929021,0.00957767665405925,0.129365286787496,1.39563403160971e-08,3.98315584844442e-08,0.12451054482793,22.9655951587383,1.85812250777705e-05,2.54616580387396e-07,3.63888677202045e-07,0.0288392595160317,0.840198118053553
poseidon_NO,2037,0.0302165136658723,2.74079190248832,193.744747475276,26.6152509633037,0.000587949566929021,0.00957767665405925,0.129365286787496,1.39563403160971e-08,3.98315584844442e-08,0.12451054482793,22.9655951587383,1.85812250777705e-05,2.54616580387396e-07,3.63888677202045e-07,0.0288392595160317,0.840198118053553
poseidon_NO,2038,0.0302165136658723,2.74079190248832,193.744747475276,26.6152509633037,0.000587949566929021,0.00957767665405925,0.129365286787496,1.39563403160971e-08,3.98315584844442e-08,0.12451054482793,22.9655951587383,1.85812250777705e-05,2.54616580387396e-07,3.63888677202045e-07,0.0288392595160317,0.840198118053553
poseidon_NO,2039,0.0302165136658723,2.74079190248832,193.744747475276,26.6152509633037,0.000587949566929021,0.00957767665405925,0.129365286787496,1.39563403160971e-08,3.98315584844442e-08,0.12451054482793,22.9655951587383,1.85812250777705e-05,2.54616580387396e-07,3.63888677202045e-07,0.0288392595160317,0.840198118053553
poseidon_NO,2032,0.0302165136658723,2.74079190248832,193.744747475276,26.6152509633037,0.000587949566929021,0.00957767665405925,0.129365286787496,1.39563403160971e-08,3.98315584844442e-08,0.12451054482793,22.9655951587383,1.85812250777705e-05,2.54616580387396e-07,3.63888677202045e-07,0.0288392595160317,0.840198118053553
poseidon_UK,2050,0.0302165136658723,2.74079190248832,193.744747475276,26.6152509633037,0.000587949566929021,0.00957767665405925,0.129365286787496,1.39563403160971e-08,3.98315584844442e-08,0.12451054482793,22.9655951587383,1.85812250777705e-05,2.54616580387396e-07,3.63888677202045e-07,0.0288392595160317,0.840198118053553
poseidon_UK,2045,0.0302165136658723,2.74079190248832,193.744747475276,26.6152509633037,0.000587949566929021,0.00957767665405925,0.129365286787496,1.39563403160971e-08,3.98315584844442e-08,0.12451054482793,22.9655951587383,1.85812250777705e-05,2.54616580387396e-07,3.63888677202045e-07,0.0288392595160317,0.840198118053553
poseidon_UK,2046,0.0302165136658723,2.74079190248832,193.744747475276,26.6152509633037,0.000587949566929021,0.00957767665405925,0.129365286787496,1.39563403160971e-08,3.98315584844442e-08,0.12451054482793,22.9655951587383,1.85812250777705e-05,2.54616580387396e-07,3.63888677202045e-07,0.0288392595160317,0.840198118053553
poseidon_UK,2047,0.0302165136658723,2.74079190248832,193.744747475276,26.6152509633037,0.000587949566929021,0.00957767665405925,0.129365286787496,1.39563403160971e-08,3.98315584844442e-08,0.12451054482793,22.9655951587383,1.85812250777705e-05,2.54616580387396e-07,3.63888677202045e-07,0.0288392595160317,0.840198118053553
poseidon_UK,2048,0.0302165136658723,2.74079190248832,193.744747475276,26.6152509633037,0.000587949566929021,0.00957767665405925,0.129365286787496,1.39563403160971e-08,3.98315584844442e-08,0.12451054482793,22.9655951587383,1.85812250777705e-05,2.54616580387396e-07,3.63888677202045e-07,0.0288392595160317,0.840198118053553
poseidon_UK,2049,0.0302165136658723,2.74079190248832,193.744747475276,26.6152509633037,0.000587949566929021,0.00957767665405925,0.129365286787496,1.39563403160971e-08,3.98315584844442e-08,0.12451054482793,22.9655951587383,1.85812250777705e-05,2.54616580387396e-07,3.63888677202045e-07,0.0288392595160317,0.840198118053553
poseidon_UK,2051,0.0302165136658723,2.74079190248832,193.744747475276,26.6152509633037,0.000587949566929021,0.00957767665405925,0.129365286787496,1.39563403160971e-08,3.98315584844442e-08,0.12451054482793,22.9655951587383,1.85812250777705e-05,2.54616580387396e-07,3.63888677202045e-07,0.0288392595160317,0.840198118053553
poseidon_UK,2044,0.0302165136658723,2.74079190248832,193.744747475276,26.6152509633037,0.000587949566929021,0.00957767665405925,0.129365286787496,1.39563403160971e-08,3.98315584844442e-08,0.12451054482793,22.9655951587383,1.85812250777705e-05,2.54616580387396e-07,3.63888677202045e-07,0.0288392595160317,0.840198118053553
poseidon_UK,2053,0.0302165136658723,2.74079190248832,193.744747475276,26.6152509633037,0.000587949566929021,0.00957767665405925,0.129365286787496,1.39563403160971e-08,3.98315584844442e-08,0.12451054482793,22.9655951587383,1.85812250777705e-05,2.54616580387396e-07,3.63888677202045e-07,0.0288392595160317,0.840198118053553
poseidon_UK,2054,0.0302165136658723,2.74079190248832,193.744747475276,26.6152509633037,0.000587949566929021,0.00957767665405925,0.129365286787496,1.39563403160971e-08,3.98315584844442e-08,0.12451054482793,22.9655951587383,1.85812250777705e-05,2.54616580387396e-07,3.63888677202045e-07,0.0288392595160317,0.840198118053553
poseidon_UK,2055,0.0302165136658723,2.74079190248832,193.744747475276,26.6152509633037,0.000587949566929021,0.00957767665405925,0.129365286787496,1.39563403160971e-08,3.98315584844442e-08,0.12451054482793,22.9655951587383,1.85812250777705e-05,2.54616580387396e-07,3.63888677202045e-07,0.0288392595160317,0.840198118053553
poseidon_UK,2056,0.0302165136658723,2.74079190248832,193.744747475276,26.6152509633037,0.000587949566929021,0.00957767665405925,0.129365286787496,1.39563403160971e-08,3.98315584844442e-08,0.12451054482793,22.9655951587383,1.85812250777705e-05,2.54616580387396e-07,3.63888677202045e-07,0.0288392595160317,0.840198118053553
poseidon_UK,2057,0.0302165136658723,2.74079190248832,193.744747475276,26.6152509633037,0.000587949566929021,0.00957767665405925,0.129365286787496,1.39563403160971e-08,3.98315584844442e-08,0.12451054482793,22.9655951587383,1.85812250777705e-05,2.54616580387396e-07,3.63888677202045e-07,0.0288392595160317,0.840198118053553
poseidon_UK,2058,0.0302165136658723,2.74079190248832,193.744747475276,26.6152509633037,0.000587949566929021,0.00957767665405925,0.129365286787496,1.39563403160971e-08,3.98315584844442e-08,0.12451054482793,22.9655951587383,1.85812250777705e-05,2.54616580387396e-07,3.63888677202045e-07,0.0288392595160317,0.840198118053553
poseidon_UK,2059,0.0302165136658723,2.74079190248832,193.744747475276,26.6152509633037,0.000587949566929021,0.00957767665405925,0.129365286787496,1.39563403160971e-08,3.98315584844442e-08,0.12451054482793,22.9655951587383,1.85812250777705e-05,2.54616580387396e-07,3.63888677202045e-07,0.0288392595160317,0.840198118053553
poseidon_UK,2052,0.0302165136658723,2.74079190248832,193.744747475276,26.6152509633037,0.000587949566929021,0.00957767665405925,0.129365286787496,1.39563403160971e-08,3.98315584844442e-08,0.12451054482793,22.9655951587383,1.85812250777705e-05,2.54616580387396e-07,3.63888677202045e-07,0.0288392595160317,0.840198118053553
poseidon_UK,2043,0.0302165136658723,2.74079190248832,193.744747475276,26.6152509633037,0.000587949566929021,0.00957767665405925,0.129365286787496,1.39563403160971e-08,3.98315584844442e-08,0.12451054482793,22.9655951587383,1.85812250777705e-05,2.54616580387396e-07,3.63888677202045e-07,0.0288392595160317,0.840198118053553
poseidon_UK,2060,0.0302165136658723,2.74079190248832,193.744747475276,26.6152509633037,0.000587949566929021,0.00957767665405925,0.129365286787496,1.39563403160971e-08,3.98315584844442e-08,0.12451054482793,22.9655951587383,1.85812250777705e-05,2.54616580387396e-07,3.63888677202045e-07,0.0288392595160317,0.840198118053553
poseidon_UK,2041,0.0302165136658723,2.74079190248832,193.744747475276,26.6152509633037,0.000587949566929021,0.00957767665405925,0.129365286787496,1.39563403160971e-08,3.98315584844442e-08,0.12451054482793,22.9655951587383,1.85812250777705e-05,2.54616580387396e-07,3.63888677202045e-07,0.0288392595160317,0.840198118053553
poseidon_UK,2025,0.0302165136658723,2.74079190248832,193.744747475276,26.6152509633037,0.000587949566929021,0.00957767665405925,0.129365286787496,1.39563403160971e-08,3.98315584844442e-08,0.12451054482793,22.9655951587383,1.85812250777705e-05,2.54616580387396e-07,3.63888677202045e-07,0.0288392595160317,0.840198118053553
poseidon_UK,2026,0.0302165136658723,2.74079190248832,193.744747475276,26.6152509633037,0.000587949566929021,0.00957767665405925,0.129365286787496,1.39563403160971e-08,3.98315584844442e-08,0.12451054482793,22.9655951587383,1.85812250777705e-05,2.54616580387396e-07,3.63888677202045e-07,0.0288392595160317,0.840198118053553
poseidon_UK,2027,0.0302165136658723,2.74079190248832,193.744747475276,26.6152509633037,0.000587949566929021,0.00957767665405925,0.129365286787496,1.39563403160971e-08,3.98315584844442e-08,0.12451054482793,22.9655951587383,1.85812250777705e-05,2.54616580387396e-07,3.63888677202045e-07,0.0288392595160317,0.840198118053553
poseidon_UK,2028,0.0302165136658723,2.74079190248832,193.744747475276,26.6152509633037,0.000587949566929021,0.00957767665405925,0.129365286787496,1.39563403160971e-08,3.98315584844442e-08,0.12451054482793,22.9655951587383,1.85812250777705e-05,2.54616580387396e-07,3.63888677202045e-07,0.0288392595160317,0.840198118053553
poseidon_UK,2029,0.0302165136658723,2.74079190248832,193.744747475276,26.6152509633037,0.000587949566929021,0.00957767665405925,0.129365286787496,1.39563403160971e-08,3.98315584844442e-08,0.12451054482793,22.9655951587383,1.85812250777705e-05,2.54616580387396e-07,3.63888677202045e-07,0.0288392595160317,0.840198118053553
poseidon_UK,2030,0.0302165136658723,2.74079190248832,193.744747475276,26.6152509633037,0.000587949566929021,0.00957767665405925,0.129365286787496,1.39563403160971e-08,3.98315584844442e-08,0.12451054482793,22.9655951587383,1.85812250777705e-05,2.54616580387396e-07,3.63888677202045e-07,0.0288392595160317,0.840198118053553
poseidon_UK,2031,0.0302165136658723,2.74079190248832,193.744747475276,26.6152509633037,0.000587949566929021,0.00957767665405925,0.129365286787496,1.39563403160971e-08,3.98315584844442e-08,0.12451054482793,22.9655951587383,1.85812250777705e-05,2.54616580387396e-07,3.63888677202045e-07,0.0288392595160317,0.840198118053553
poseidon_UK,2032,0.0302165136658723,2.74079190248832,193.744747475276,26.6152509633037,0.000587949566929021,0.00957767665405925,0.129365286787496,1.39563403160971e-08,3.98315584844442e-08,0.12451054482793,22.9655951587383,1.85812250777705e-05,2.54616580387396e-07,3.63888677202045e-07,0.0288392595160317,0.840198118053553
poseidon_UK,2042,0.0302165136658723,2.74079190248832,193.744747475276,26.6152509633037,0.000587949566929021,0.00957767665405925,0.129365286787496,1.39563403160971e-08,3.98315584844442e-08,0.12451054482793,22.9655951587383,1.85812250777705e-05,2.54616580387396e-07,3.63888677202045e-07,0.0288392595160317,0.840198118053553
poseidon_UK,2034,0.0302165136658723,2.74079190248832,193.744747475276,26.6152509633037,0.000587949566929021,0.00957767665405925,0.129365286787496,1.39563403160971e-08,3.98315584844442e-08,0.12451054482793,22.9655951587383,1.85812250777705e-05,2.54616580387396e-07,3.63888677202045e-07,0.0288392595160317,0.840198118053553
poseidon_UK,2035,0.0302165136658723,2.74079190248832,193.744747475276,26.6152509633037,0.000587949566929021,0.00957767665405925,0.129365286787496,1.39563403160971e-08,3.98315584844442e-08,0.12451054482793,22.9655951587383,1.85812250777705e-05,2.54616580387396e-07,3.63888677202045e-07,0.0288392595160317,0.840198118053553
poseidon_UK,2036,0.0302165136658723,2.74079190248832,193.744747475276,26.6152509633037,0.000587949566929021,0.00957767665405925,0.129365286787496,1.39563403160971e-08,3.98315584844442e-08,0.12451054482793,22.9655951587383,1.85812250777705e-05,2.54616580387396e-07,3.63888677202045e-07,0.0288392595160317,0.840198118053553
poseidon_UK,2037,0.0302165136658723,2.74079190248832,193.744747475276,26.6152509633037,0.000587949566929021,0.00957767665405925,0.129365286787496,1.39563403160971e-08,3.98315584844442e-08,0.12451054482793,22.9655951587383,1.85812250777705e-05,2.54616580387396e-07,3.63888677202045e-07,0.0288392595160317,0.840198118053553
poseidon_UK,2038,0.0302165136658723,2.74079190248832,193.744747475276,26.6152509633037,0.000587949566929021,0.00957767665405925,0.129365286787496,1.39563403160971e-08,3.98315584844442e-08,0.12451054482793,22.9655951587383,1.85812250777705e-05,2.54616580387396e-07,3.63888677202045e-07,0.0288392595160317,0.840198118053553
poseidon_UK,2039,0.0302165136658723,2.74079190248832,193.744747475276,26.6152509633037,0.000587949566929021,0.00957767665405925,0.129365286787496,1.39563403160971e-08,3.98315584844442e-08,0.12451054482793,22.9655951587383,1.85812250777705e-05,2.54616580387396e-07,3.63888677202045e-07,0.0288392595160317,0.840198118053553
poseidon_UK,2040,0.0302165136658723,2.74079190248832,193.744747475276,26.6152509633037,0.000587949566929021,0.00957767665405925,0.129365286787496,1.39563403160971e-08,3.98315584844442e-08,0.12451054482793,22.9655951587383,1.85812250777705e-05,2.54616580387396e-07,3.63888677202045e-07,0.0288392595160317,0.840198118053553
poseidon_UK,2033,0.0302165136658723,2.74079190248832,193.744747475276,26.6152509633037,0.000587949566929021,0.00957767665405925,0.129365286787496,1.39563403160971e-08,3.98315584844442e-08,0.12451054482793,22.9655951587383,1.85812250777705e-05,2.54616580387396e-07,3.63888677202045e-07,0.0288392595160317,0.840198118053553
rotterdam_NL,2045,0.0302165136658723,2.74079190248832,193.744747475276,26.6152509633037,0.000587949566929021,0.00957767665405925,0.129365286787496,1.39563403160971e-08,3.98315584844442e-08,0.12451054482793,22.9655951587383,1.85812250777705e-05,2.54616580387396e-07,3.63888677202045e-07,0.0288392595160317,0.840198118053553
rotterdam_NL,2046,0.0302165136658723,2.74079190248832,193.744747475276,26.6152509633037,0.000587949566929021,0.00957767665405925,0.129365286787496,1.39563403160971e-08,3.98315584844442e-08,0.12451054482793,22.9655951587383,1.85812250777705e-05,2.54616580387396e-07,3.63888677202045e-07,0.0288392595160317,0.840198118053553
rotterdam_NL,2048,0.0302165136658723,2.74079190248832,193.744747475276,26.6152509633037,0.000587949566929021,0.00957767665405925,0.129365286787496,1.39563403160971e-08,3.98315584844442e-08,0.12451054482793,22.9655951587383,1.85812250777705e-05,2.54616580387396e-07,3.63888677202045e-07,0.0288392595160317,0.840198118053553
rotterdam_NL,2049,0.0302165136658723,2.74079190248832,193.744747475276,26.6152509633037,0.000587949566929021,0.00957767665405925,0.129365286787496,1.39563403160971e-08,3.98315584844442e-08,0.12451054482793,22.9655951587383,1.85812250777705e-05,2.54616580387396e-07,3.63888677202045e-07,0.0288392595160317,0.840198118053553
rotterdam_NL,2050,0.0302165136658723,2.74079190248832,193.744747475276,26.6152509633037,0.000587949566929021,0.00957767665405925,0.129365286787496,1.39563403160971e-08,3.98315584844442e-08,0.12451054482793,22.9655951587383,1.85812250777705e-05,2.54616580387396e-07,3.63888677202045e-07,0.0288392595160317,0.840198118053553
rotterdam_NL,2051,0.0302165136658723,2.74079190248832,193.744747475276,26.6152509633037,0.000587949566929021,0.00957767665405925,0.129365286787496,1.39563403160971e-08,3.98315584844442e-08,0.12451054482793,22.9655951587383,1.85812250777705e-05,2.54616580387396e-07,3.63888677202045e-07,0.0288392595160317,0.840198118053553
rotterdam_NL,2052,0.0302165136658723,2.74079190248832,193.744747475276,26.6152509633037,0.000587949566929021,0.00957767665405925,0.129365286787496,1.39563403160971e-08,3.98315584844442e-08,0.12451054482793,22.9655951587383,1.85812250777705e-05,2.54616580387396e-07,3.63888677202045e-07,0.0288392595160317,0.840198118053553
rotterdam_NL,2055,0.0302165136658723,2.74079190248832,193.744747475276,26.6152509633037,0.000587949566929021,0.00957767665405925,0.129365286787496,1.39563403160971e-08,3.98315584844442e-08,0.12451054482793,22.9655951587383,1.85812250777705e-05,2.54616580387396e-07,3.63888677202045e-07,0.0288392595160317,0.840198118053553
rotterdam_NL,2054,0.0302165136658723,2.74079190248832,193.744747475276,26.6152509633037,0.000587949566929021,0.00957767665405925,0.129365286787496,1.39563403160971e-08,3.98315584844442e-08,0.12451054482793,22.9655951587383,1.85812250777705e-05,2.54616580387396e-07,3.63888677202045e-07,0.0288392595160317,0.840198118053553
rotterdam_NL,2044,0.0302165136658723,2.74079190248832,193.744747475276,26.6152509633037,0.000587949566929021,0.00957767665405925,0.129365286787496,1.39563403160971e-08,3.98315584844442e-08,0.12451054482793,22.9655951587383,1.85812250777705e-05,2.54616580387396e-07,3.63888677202045e-07,0.0288392595160317,0.840198118053553
rotterdam_NL,2056,0.0302165136658723,2.74079190248832,193.744747475276,26.6152509633037,0.000587949566929021,0.00957767665405925,0.129365286787496,1.39563403160971e-08,3.98315584844442e-08,0.12451054482793,22.9655951587383,1.85812250777705e-05,2.54616580387396e-07,3.63888677202045e-07,0.0288392595160317,0.840198118053553
rotterdam_NL,2057,0.0302165136658723,2.74079190248832,193.744747475276,26.6152509633037,0.000587949566929021,0.00957767665405925,0.129365286787496,1.39563403160971e-08,3.98315584844442e-08,0.12451054482793,22.9655951587383,1.85812250777705e-05,2.54616580387396e-07,3.63888677202045e-07,0.0288392595160317,0.840198118053553
rotterdam_NL,2058,0.0302165136658723,2.74079190248832,193.744747475276,26.6152509633037,0.000587949566929021,0.00957767665405925,0.129365286787496,1.39563403160971e-08,3.98315584844442e-08,0.12451054482793,22.9655951587383,1.85812250777705e-05,2.54616580387396e-07,3.63888677202045e-07,0.0288392595160317,0.840198118053553
rotterdam_NL,2059,0.0302165136658723,2.74079190248832,193.744747475276,26.6152509633037,0.000587949566929021,0.00957767665405925,0.129365286787496,1.39563403160971e-08,3.98315584844442e-08,0.12451054482793,22.9655951587383,1.85812250777705e-05,2.54616580387396e-07,3.63888677202045e-07,0.0288392595160317,0.840198118053553
rotterdam_NL,2060,0.0302165136658723,2.74079190248832,193.744747475276,26.6152509633037,0.000587949566929021,0.00957767665405925,0.129365286787496,1.39563403160971e-08,3.98315584844442e-08,0.12451054482793,22.9655951587383,1.85812250777705e-05,2.54616580387396e-07,3.63888677202045e-07,0.0288392595160317,0.840198118053553
rotterdam_NL,2053,0.0302165136658723,2.74079190248832,193.744747475276,26.6152509633037,0.000587949566929021,0.00957767665405925,0.129365286787496,1.39563403160971e-08,3.98315584844442e-08,0.12451054482793,22.9655951587383,1.85812250777705e-05,2.54616580387396e-07,3.63888677202045e-07,0.0288392595160317,0.840198118053553
rotterdam_NL,2043,0.0302165136658723,2.74079190248832,193.744747475276,26.6152509633037,0.000587949566929021,0.00957767665405925,0.129365286787496,1.39563403160971e-08,3.98315584844442e-08,0.12451054482793,22.9655951587383,1.85812250777705e-05,2.54616580387396e-07,3.63888677202045e-07,0.0288392595160317,0.840198118053553
rotterdam_NL,2047,0.0302165136658723,2.74079190248832,193.744747475276,26.6152509633037,0.000587949566929021,0.00957767665405925,0.129365286787496,1.39563403160971e-08,3.98315584844442e-08,0.12451054482793,22.9655951587383,1.85812250777705e-05,2.54616580387396e-07,3.63888677202045e-07,0.0288392595160317,0.840198118053553
rotterdam_NL,2041,0.0302165136658723,2.74079190248832,193.744747475276,26.6152509633037,0.000587949566929021,0.00957767665405925,0.129365286787496,1.39563403160971e-08,3.98315584844442e-08,0.12451054482793,22.9655951587383,1.85812250777705e-05,2.54616580387396e-07,3.63888677202045e-07,0.0288392595160317,0.840198118053553
rotterdam_NL,2025,0.0302165136658723,2.74079190248832,193.744747475276,26.6152509633037,0.000587949566929021,0.00957767665405925,0.129365286787496,1.39563403160971e-08,3.98315584844442e-08,0.12451054482793,22.9655951587383,1.85812250777705e-05,2.54616580387396e-07,3.63888677202045e-07,0.0288392595160317,0.840198118053553
rotterdam_NL,2026,0.0302165136658723,2.74079190248832,193.744747475276,26.6152509633037,0.000587949566929021,0.00957767665405925,0.129365286787496,1.39563403160971e-08,3.98315584844442e-08,0.12451054482793,22.9655951587383,1.85812250777705e-05,2.54616580387396e-07,3.63888677202045e-07,0.0288392595160317,0.840198118053553
rotterdam_NL,2027,0.0302165136658723,2.74079190248832,193.744747475276,26.6152509633037,0.000587949566929021,0.00957767665405925,0.129365286787496,1.39563403160971e-08,3.98315584844442e-08,0.12451054482793,22.9655951587383,1.85812250777705e-05,2.54616580387396e-07,3.63888677202045e-07,0.0288392595160317,0.840198118053553
rotterdam_NL,2028,0.0302165136658723,2.74079190248832,193.744747475276,26.6152509633037,0.000587949566929021,0.00957767665405925,0.129365286787496,1.39563403160971e-08,3.98315584844442e-08,0.12451054482793,22.9655951587383,1.85812250777705e-05,2.54616580387396e-07,3.63888677202045e-07,0.0288392595160317,0.840198118053553
rotterdam_NL,2029,0.0302165136658723,2.74079190248832,193.744747475276,26.6152509633037,0.000587949566929021,0.00957767665405925,0.129365286787496,1.39563403160971e-08,3.98315584844442e-08,0.12451054482793,22.9655951587383,1.85812250777705e-05,2.54616580387396e-07,3.63888677202045e-07,0.0288392595160317,0.840198118053553
rotterdam_NL,2030,0.0302165136658723,2.74079190248832,193.744747475276,26.6152509633037,0.000587949566929021,0.00957767665405925,0.129365286787496,1.39563403160971e-08,3.98315584844442e-08,0.12451054482793,22.9655951587383,1.85812250777705e-05,2.54616580387396e-07,3.63888677202045e-07,0.0288392595160317,0.840198118053553
rotterdam_NL,2031,0.0302165136658723,2.74079190248832,193.744747475276,26.6152509633037,0.000587949566929021,0.00957767665405925,0.129365286787496,1.39563403160971e-08,3.98315584844442e-08,0.12451054482793,22.9655951587383,1.85812250777705e-05,2.54616580387396e-07,3.63888677202045e-07,0.0288392595160317,0.840198118053553
rotterdam_NL,2032,0.0302165136658723,2.74079190248832,193.744747475276,26.6152509633037,0.000587949566929021,0.00957767665405925,0.129365286787496,1.39563403160971e-08,3.98315584844442e-08,0.12451054482793,22.9655951587383,1.85812250777705e-05,2.54616580387396e-07,3.63888677202045e-07,0.0288392595160317,0.840198118053553
rotterdam_NL,2042,0.0302165136658723,2.74079190248832,193.744747475276,26.6152509633037,0.000587949566929021,0.00957767665405925,0.129365286787496,1.39563403160971e-08,3.98315584844442e-08,0.12451054482793,22.9655951587383,1.85812250777705e-05,2.54616580387396e-07,3.63888677202045e-07,0.0288392595160317,0.840198118053553
rotterdam_NL,2034,0.0302165136658723,2.74079190248832,193.744747475276,26.6152509633037,0.000587949566929021,0.00957767665405925,0.129365286787496,1.39563403160971e-08,3.98315584844442e-08,0.12451054482793,22.9655951587383,1.85812250777705e-05,2.54616580387396e-07,3.63888677202045e-07,0.0288392595160317,0.840198118053553
rotterdam_NL,2035,0.0302165136658723,2.74079190248832,193.744747475276,26.6152509633037,0.000587949566929021,0.00957767665405925,0.129365286787496,1.39563403160971e-08,3.98315584844442e-08,0.12451054482793,22.9655951587383,1.85812250777705e-05,2.54616580387396e-07,3.63888677202045e-07,0.0288392595160317,0.840198118053553
rotterdam_NL,2036,0.0302165136658723,2.74079190248832,193.744747475276,26.6152509633037,0.000587949566929021,0.00957767665405925,0.129365286787496,1.39563403160971e-08,3.98315584844442e-08,0.12451054482793,22.9655951587383,1.85812250777705e-05,2.54616580387396e-07,3.63888677202045e-07,0.0288392595160317,0.840198118053553
rotterdam_NL,2037,0.0302165136658723,2.74079190248832,193.744747475276,26.6152509633037,0.000587949566929021,0.00957767665405925,0.129365286787496,1.39563403160971e-08,3.98315584844442e-08,0.12451054482793,22.9655951587383,1.85812250777705e-05,2.54616580387396e-07,3.63888677202045e-07,0.0288392595160317,0.840198118053553
rotterdam_NL,2038,0.0302165136658723,2.74079190248832,193.744747475276,26.6152509633037,0.000587949566929021,0.00957767665405925,0.129365286787496,1.39563403160971e-08,3.98315584844442e-08,0.12451054482793,22.9655951587383,1.85812250777705e-05,2.54616580387396e-07,3.63888677202045e-07,0.0288392595160317,0.840198118053553
rotterdam_NL,2039,0.0302165136658723,2.74079190248832,193.744747475276,26.6152509633037,0.000587949566929021,0.00957767665405925,0.129365286787496,1.39563403160971e-08,3.98315584844442e-08,0.12451054482793,22.9655951587383,1.85812250777705e-05,2.54616580387396e-07,3.63888677202045e-07,0.0288392595160317,0.840198118053553
rotterdam_NL,2040,0.0302165136658723,2.74079190248832,193.744747475276,26.6152509633037,0.000587949566929021,0.00957767665405925,0.129365286787496,1.39563403160971e-08,3.98315584844442e-08,0.12451054482793,22.9655951587383,1.85812250777705e-05,2.54616580387396e-07,3.63888677202045e-07,0.0288392595160317,0.840198118053553
rotterdam_NL,2033,0.0302165136658723,2.74079190248832,193.744747475276,26.6152509633037,0.000587949566929021,0.00957767665405925,0.129365286787496,1.39563403160971e-08,3.98315584844442e-08,0.12451054482793,22.9655951587383,1.85812250777705e-05,2.54616580387396e-07,3.63888677202045e-07,0.0288392595160317,0.840198118053553
ruby_DK,2044,0.0302165136658723,2.74079190248832,193.744747475276,26.6152509633037,0.000587949566929021,0.00957767665405925,0.129365286787496,1.39563403160971e-08,3.98315584844442e-08,0.12451054482793,22.9655951587383,1.85812250777705e-05,2.54616580387396e-07,3.63888677202045e-07,0.0288392595160317,0.840198118053553
ruby_DK,2045,0.0302165136658723,2.74079190248832,193.744747475276,26.6152509633037,0.000587949566929021,0.00957767665405925,0.129365286787496,1.39563403160971e-08,3.98315584844442e-08,0.12451054482793,22.9655951587383,1.85812250777705e-05,2.54616580387396e-07,3.63888677202045e-07,0.0288392595160317,0.840198118053553
ruby_DK,2046,0.0302165136658723,2.74079190248832,193.744747475276,26.6152509633037,0.000587949566929021,0.00957767665405925,0.129365286787496,1.39563403160971e-08,3.98315584844442e-08,0.12451054482793,22.9655951587383,1.85812250777705e-05,2.54616580387396e-07,3.63888677202045e-07,0.0288392595160317,0.840198118053553
ruby_DK,2047,0.0302165136658723,2.74079190248832,193.744747475276,26.6152509633037,0.000587949566929021,0.00957767665405925,0.129365286787496,1.39563403160971e-08,3.98315584844442e-08,0.12451054482793,22.9655951587383,1.85812250777705e-05,2.54616580387396e-07,3.63888677202045e-07,0.0288392595160317,0.840198118053553
ruby_DK,2048,0.0302165136658723,2.74079190248832,193.744747475276,26.6152509633037,0.000587949566929021,0.00957767665405925,0.129365286787496,1.39563403160971e-08,3.98315584844442e-08,0.12451054482793,22.9655951587383,1.85812250777705e-05,2.54616580387396e-07,3.63888677202045e-07,0.0288392595160317,0.840198118053553
ruby_DK,2049,0.0302165136658723,2.74079190248832,193.744747475276,26.6152509633037,0.000587949566929021,0.00957767665405925,0.129365286787496,1.39563403160971e-08,3.98315584844442e-08,0.12451054482793,22.9655951587383,1.85812250777705e-05,2.54616580387396e-07,3.63888677202045e-07,0.0288392595160317,0.840198118053553
ruby_DK,2050,0.0302165136658723,2.74079190248832,193.744747475276,26.6152509633037,0.000587949566929021,0.00957767665405925,0.129365286787496,1.39563403160971e-08,3.98315584844442e-08,0.12451054482793,22.9655951587383,1.85812250777705e-05,2.54616580387396e-07,3.63888677202045e-07,0.0288392595160317,0.840198118053553
ruby_DK,2051,0.0302165136658723,2.74079190248832,193.744747475276,26.6152509633037,0.000587949566929021,0.00957767665405925,0.129365286787496,1.39563403160971e-08,3.98315584844442e-08,0.12451054482793,22.9655951587383,1.85812250777705e-05,2.54616580387396e-07,3.63888677202045e-07,0.0288392595160317,0.840198118053553
ruby_DK,2055,0.0302165136658723,2.74079190248832,193.744747475276,26.6152509633037,0.000587949566929021,0.00957767665405925,0.129365286787496,1.39563403160971e-08,3.98315584844442e-08,0.12451054482793,22.9655951587383,1.85812250777705e-05,2.54616580387396e-07,3.63888677202045e-07,0.0288392595160317,0.840198118053553
ruby_DK,2053,0.0302165136658723,2.74079190248832,193.744747475276,26.6152509633037,0.000587949566929021,0.00957767665405925,0.129365286787496,1.39563403160971e-08,3.98315584844442e-08,0.12451054482793,22.9655951587383,1.85812250777705e-05,2.54616580387396e-07,3.63888677202045e-07,0.0288392595160317,0.840198118053553
ruby_DK,2054,0.0302165136658723,2.74079190248832,193.744747475276,26.6152509633037,0.000587949566929021,0.00957767665405925,0.129365286787496,1.39563403160971e-08,3.98315584844442e-08,0.12451054482793,22.9655951587383,1.85812250777705e-05,2.54616580387396e-07,3.63888677202045e-07,0.0288392595160317,0.840198118053553
ruby_DK,2056,0.0302165136658723,2.74079190248832,193.744747475276,26.6152509633037,0.000587949566929021,0.00957767665405925,0.129365286787496,1.39563403160971e-08,3.98315584844442e-08,0.12451054482793,22.9655951587383,1.85812250777705e-05,2.54616580387396e-07,3.63888677202045e-07,0.0288392595160317,0.840198118053553
ruby_DK,2057,0.0302165136658723,2.74079190248832,193.744747475276,26.6152509633037,0.000587949566929021,0.00957767665405925,0.129365286787496,1.39563403160971e-08,3.98315584844442e-08,0.12451054482793,22.9655951587383,1.85812250777705e-05,2.54616580387396e-07,3.63888677202045e-07,0.0288392595160317,0.840198118053553
ruby_DK,2058,0.0302165136658723,2.74079190248832,193.744747475276,26.6152509633037,0.000587949566929021,0.00957767665405925,0.129365286787496,1.39563403160971e-08,3.98315584844442e-08,0.12451054482793,22.9655951587383,1.85812250777705e-05,2.54616580387396e-07,3.63888677202045e-07,0.0288392595160317,0.840198118053553
ruby_DK,2059,0.0302165136658723,2.74079190248832,193.744747475276,26.6152509633037,0.000587949566929021,0.00957767665405925,0.129365286787496,1.39563403160971e-08,3.98315584844442e-08,0.12451054482793,22.9655951587383,1.85812250777705e-05,2.54616580387396e-07,3.63888677202045e-07,0.0288392595160317,0.840198118053553
ruby_DK,2043,0.0302165136658723,2.74079190248832,193.744747475276,26.6152509633037,0.000587949566929021,0.00957767665405925,0.129365286787496,1.39563403160971e-08,3.98315584844442e-08,0.12451054482793,22.9655951587383,1.85812250777705e-05,2.54616580387396e-07,3.63888677202045e-07,0.0288392595160317,0.840198118053553
ruby_DK,2052,0.0302165136658723,2.74079190248832,193.744747475276,26.6152509633037,0.000587949566929021,0.00957767665405925,0.129365286787496,1.39563403160971e-08,3.98315584844442e-08,0.12451054482793,22.9655951587383,1.85812250777705e-05,2.54616580387396e-07,3.63888677202045e-07,0.0288392595160317,0.840198118053553
ruby_DK,2060,0.0302165136658723,2.74079190248832,193.744747475276,26.6152509633037,0.000587949566929021,0.00957767665405925,0.129365286787496,1.39563403160971e-08,3.98315584844442e-08,0.12451054482793,22.9655951587383,1.85812250777705e-05,2.54616580387396e-07,3.63888677202045e-07,0.0288392595160317,0.840198118053553
ruby_DK,2042,0.0302165136658723,2.74079190248832,193.744747475276,26.6152509633037,0.000587949566929021,0.00957767665405925,0.129365286787496,1.39563403160971e-08,3.98315584844442e-08,0.12451054482793,22.9655951587383,1.85812250777705e-05,2.54616580387396e-07,3.63888677202045e-07,0.0288392595160317,0.840198118053553
ruby_DK,2040,0.0302165136658723,2.74079190248832,193.744747475276,26.6152509633037,0.000587949566929021,0.00957767665405925,0.129365286787496,1.39563403160971e-08,3.98315584844442e-08,0.12451054482793,22.9655951587383,1.85812250777705e-05,2.54616580387396e-07,3.63888677202045e-07,0.0288392595160317,0.840198118053553
ruby_DK,2025,0.0302165136658723,2.74079190248832,193.744747475276,26.6152509633037,0.000587949566929021,0.00957767665405925,0.129365286787496,1.39563403160971e-08,3.98315584844442e-08,0.12451054482793,22.9655951587383,1.85812250777705e-05,2.54616580387396e-07,3.63888677202045e-07,0.0288392595160317,0.840198118053553
ruby_DK,2026,0.0302165136658723,2.74079190248832,193.744747475276,26.6152509633037,0.000587949566929021,0.00957767665405925,0.129365286787496,1.39563403160971e-08,3.98315584844442e-08,0.12451054482793,22.9655951587383,1.85812250777705e-05,2.54616580387396e-07,3.63888677202045e-07,0.0288392595160317,0.840198118053553
ruby_DK,2027,0.0302165136658723,2.74079190248832,193.744747475276,26.6152509633037,0.000587949566929021,0.00957767665405925,0.129365286787496,1.39563403160971e-08,3.98315584844442e-08,0.12451054482793,22.9655951587383,1.85812250777705e-05,2.54616580387396e-07,3.63888677202045e-07,0.0288392595160317,0.840198118053553
ruby_DK,2028,0.0302165136658723,2.74079190248832,193.744747475276,26.6152509633037,0.000587949566929021,0.00957767665405925,0.129365286787496,1.39563403160971e-08,3.98315584844442e-08,0.12451054482793,22.9655951587383,1.85812250777705e-05,2.54616580387396e-07,3.63888677202045e-07,0.0288392595160317,0.840198118053553
ruby_DK,2029,0.0302165136658723,2.74079190248832,193.744747475276,26.6152509633037,0.000587949566929021,0.00957767665405925,0.129365286787496,1.39563403160971e-08,3.98315584844442e-08,0.12451054482793,22.9655951587383,1.85812250777705e-05,2.54616580387396e-07,3.63888677202045e-07,0.0288392595160317,0.840198118053553
ruby_DK,2030,0.0302165136658723,2.74079190248832,193.744747475276,26.6152509633037,0.000587949566929021,0.00957767665405925,0.129365286787496,1.39563403160971e-08,3.98315584844442e-08,0.12451054482793,22.9655951587383,1.85812250777705e-05,2.54616580387396e-07,3.63888677202045e-07,0.0288392595160317,0.840198118053553
ruby_DK,2031,0.0302165136658723,2.74079190248832,193.744747475276,26.6152509633037,0.000587949566929021,0.00957767665405925,0.129365286787496,1.39563403160971e-08,3.98315584844442e-08,0.12451054482793,22.9655951587383,1.85812250777705e-05,2.54616580387396e-07,3.63888677202045e-07,0.0288392595160317,0.840198118053553
ruby_DK,2041,0.0302165136658723,2.74079190248832,193.744747475276,26.6152509633037,0.000587949566929021,0.00957767665405925,0.129365286787496,1.39563403160971e-08,3.98315584844442e-08,0.12451054482793,22.9655951587383,1.85812250777705e-05,2.54616580387396e-07,3.63888677202045e-07,0.0288392595160317,0.840198118053553
ruby_DK,2033,0.0302165136658723,2.74079190248832,193.744747475276,26.6152509633037,0.000587949566929021,0.00957767665405925,0.129365286787496,1.39563403160971e-08,3.98315584844442e-08,0.12451054482793,22.9655951587383,1.85812250777705e-05,2.54616580387396e-07,3.63888677202045e-07,0.0288392595160317,0.840198118053553
ruby_DK,2034,0.0302165136658723,2.74079190248832,193.744747475276,26.6152509633037,0.000587949566929021,0.00957767665405925,0.129365286787496,1.39563403160971e-08,3.98315584844442e-08,0.12451054482793,22.9655951587383,1.85812250777705e-05,2.54616580387396e-07,3.63888677202045e-07,0.0288392595160317,0.840198118053553
ruby_DK,2035,0.0302165136658723,2.74079190248832,193.744747475276,26.6152509633037,0.000587949566929021,0.00957767665405925,0.129365286787496,1.39563403160971e-08,3.98315584844442e-08,0.12451054482793,22.9655951587383,1.85812250777705e-05,2.54616580387396e-07,3.63888677202045e-07,0.0288392595160317,0.840198118053553
ruby_DK,2036,0.0302165136658723,2.74079190248832,193.744747475276,26.6152509633037,0.000587949566929021,0.00957767665405925,0.129365286787496,1.39563403160971e-08,3.98315584844442e-08,0.12451054482793,22.9655951587383,1.85812250777705e-05,2.54616580387396e-07,3.63888677202045e-07,0.0288392595160317,0.840198118053553
ruby_DK,2037,0.0302165136658723,2.74079190248832,193.744747475276,26.6152509633037,0.000587949566929021,0.00957767665405925,0.129365286787496,1.39563403160971e-08,3.98315584844442e-08,0.12451054482793,22.9655951587383,1.85812250777705e-05,2.54616580387396e-07,3.63888677202045e-07,0.0288392595160317,0.840198118053553
ruby_DK,2038,0.0302165136658723,2.74079190248832,193.744747475276,26.6152509633037,0.000587949566929021,0.00957767665405925,0.129365286787496,1.39563403160971e-08,3.98315584844442e-08,0.12451054482793,22.9655951587383,1.85812250777705e-05,2.54616580387396e-07,3.63888677202045e-07,0.0288392595160317,0.840198118053553
ruby_DK,2039,0.0302165136658723,2.74079190248832,193.744747475276,26.6152509633037,0.000587949566929021,0.00957767665405925,0.129365286787496,1.39563403160971e-08,3.98315584844442e-08,0.12451054482793,22.9655951587383,1.85812250777705e-05,2.54616580387396e-07,3.63888677202045e-07,0.0288392595160317,0.840198118053553
ruby_DK,2032,0.0302165136658723,2.74079190248832,193.744747475276,26.6152509633037,0.000587949566929021,0.00957767665405925,0.129365286787496,1.39563403160971e-08,3.98315584844442e-08,0.12451054482793,22.9655951587383,1.85812250777705e-05,2.54616580387396e-07,3.63888677202045e-07,0.0288392595160317,0.840198118053553
smeaheia_NO,2044,0.0302165136658723,2.74079190248832,193.744747475276,26.6152509633037,0.000587949566929021,0.00957767665405925,0.129365286787496,1.39563403160971e-08,3.98315584844442e-08,0.12451054482793,22.9655951587383,1.85812250777705e-05,2.54616580387396e-07,3.63888677202045e-07,0.0288392595160317,0.840198118053553
smeaheia_NO,2045,0.0302165136658723,2.74079190248832,193.744747475276,26.6152509633037,0.000587949566929021,0.00957767665405925,0.129365286787496,1.39563403160971e-08,3.98315584844442e-08,0.12451054482793,22.9655951587383,1.85812250777705e-05,2.54616580387396e-07,3.63888677202045e-07,0.0288392595160317,0.840198118053553
smeaheia_NO,2046,0.0302165136658723,2.74079190248832,193.744747475276,26.6152509633037,0.000587949566929021,0.00957767665405925,0.129365286787496,1.39563403160971e-08,3.98315584844442e-08,0.12451054482793,22.9655951587383,1.85812250777705e-05,2.54616580387396e-07,3.63888677202045e-07,0.0288392595160317,0.840198118053553
smeaheia_NO,2047,0.0302165136658723,2.74079190248832,193.744747475276,26.6152509633037,0.000587949566929021,0.00957767665405925,0.129365286787496,1.39563403160971e-08,3.98315584844442e-08,0.12451054482793,22.9655951587383,1.85812250777705e-05,2.54616580387396e-07,3.63888677202045e-07,0.0288392595160317,0.840198118053553
smeaheia_NO,2048,0.0302165136658723,2.74079190248832,193.744747475276,26.6152509633037,0.000587949566929021,0.00957767665405925,0.129365286787496,1.39563403160971e-08,3.98315584844442e-08,0.12451054482793,22.9655951587383,1.85812250777705e-05,2.54616580387396e-07,3.63888677202045e-07,0.0288392595160317,0.840198118053553
smeaheia_NO,2049,0.0302165136658723,2.74079190248832,193.744747475276,26.6152509633037,0.000587949566929021,0.00957767665405925,0.129365286787496,1.39563403160971e-08,3.98315584844442e-08,0.12451054482793,22.9655951587383,1.85812250777705e-05,2.54616580387396e-07,3.63888677202045e-07,0.0288392595160317,0.840198118053553
smeaheia_NO,2050,0.0302165136658723,2.74079190248832,193.744747475276,26.6152509633037,0.000587949566929021,0.00957767665405925,0.129365286787496,1.39563403160971e-08,3.98315584844442e-08,0.12451054482793,22.9655951587383,1.85812250777705e-05,2.54616580387396e-07,3.63888677202045e-07,0.0288392595160317,0.840198118053553
smeaheia_NO,2051,0.0302165136658723,2.74079190248832,193.744747475276,26.6152509633037,0.000587949566929021,0.00957767665405925,0.129365286787496,1.39563403160971e-08,3.98315584844442e-08,0.12451054482793,22.9655951587383,1.85812250777705e-05,2.54616580387396e-07,3.63888677202045e-07,0.0288392595160317,0.840198118053553
smeaheia_NO,2055,0.0302165136658723,2.74079190248832,193.744747475276,26.6152509633037,0.000587949566929021,0.00957767665405925,0.129365286787496,1.39563403160971e-08,3.98315584844442e-08,0.12451054482793,22.9655951587383,1.85812250777705e-05,2.54616580387396e-07,3.63888677202045e-07,0.0288392595160317,0.840198118053553
smeaheia_NO,2053,0.0302165136658723,2.74079190248832,193.744747475276,26.6152509633037,0.000587949566929021,0.00957767665405925,0.129365286787496,1.39563403160971e-08,3.98315584844442e-08,0.12451054482793,22.9655951587383,1.85812250777705e-05,2.54616580387396e-07,3.63888677202045e-07,0.0288392595160317,0.840198118053553
smeaheia_NO,2054,0.0302165136658723,2.74079190248832,193.744747475276,26.6152509633037,0.000587949566929021,0.00957767665405925,0.129365286787496,1.39563403160971e-08,3.98315584844442e-08,0.12451054482793,22.9655951587383,1.85812250777705e-05,2.54616580387396e-07,3.63888677202045e-07,0.0288392595160317,0.840198118053553
smeaheia_NO,2056,0.0302165136658723,2.74079190248832,193.744747475276,26.6152509633037,0.000587949566929021,0.00957767665405925,0.129365286787496,1.39563403160971e-08,3.98315584844442e-08,0.12451054482793,22.9655951587383,1.85812250777705e-05,2.54616580387396e-07,3.63888677202045e-07,0.0288392595160317,0.840198118053553
smeaheia_NO,2057,0.0302165136658723,2.74079190248832,193.744747475276,26.6152509633037,0.000587949566929021,0.00957767665405925,0.129365286787496,1.39563403160971e-08,3.98315584844442e-08,0.12451054482793,22.9655951587383,1.85812250777705e-05,2.54616580387396e-07,3.63888677202045e-07,0.0288392595160317,0.840198118053553
smeaheia_NO,2058,0.0302165136658723,2.74079190248832,193.744747475276,26.6152509633037,0.000587949566929021,0.00957767665405925,0.129365286787496,1.39563403160971e-08,3.98315584844442e-08,0.12451054482793,22.9655951587383,1.85812250777705e-05,2.54616580387396e-07,3.63888677202045e-07,0.0288392595160317,0.840198118053553
smeaheia_NO,2043,0.0302165136658723,2.74079190248832,193.744747475276,26.6152509633037,0.000587949566929021,0.00957767665405925,0.129365286787496,1.39563403160971e-08,3.98315584844442e-08,0.12451054482793,22.9655951587383,1.85812250777705e-05,2.54616580387396e-07,3.63888677202045e-07,0.0288392595160317,0.840198118053553
smeaheia_NO,2060,0.0302165136658723,2.74079190248832,193.744747475276,26.6152509633037,0.000587949566929021,0.00957767665405925,0.129365286787496,1.39563403160971e-08,3.98315584844442e-08,0.12451054482793,22.9655951587383,1.85812250777705e-05,2.54616580387396e-07,3.63888677202045e-07,0.0288392595160317,0.840198118053553
smeaheia_NO,2052,0.0302165136658723,2.74079190248832,193.744747475276,26.6152509633037,0.000587949566929021,0.00957767665405925,0.129365286787496,1.39563403160971e-08,3.98315584844442e-08,0.12451054482793,22.9655951587383,1.85812250777705e-05,2.54616580387396e-07,3.63888677202045e-07,0.0288392595160317,0.840198118053553
smeaheia_NO,2059,0.0302165136658723,2.74079190248832,193.744747475276,26.6152509633037,0.000587949566929021,0.00957767665405925,0.129365286787496,1.39563403160971e-08,3.98315584844442e-08,0.12451054482793,22.9655951587383,1.85812250777705e-05,2.54616580387396e-07,3.63888677202045e-07,0.0288392595160317,0.840198118053553
smeaheia_NO,2042,0.0302165136658723,2.74079190248832,193.744747475276,26.6152509633037,0.000587949566929021,0.00957767665405925,0.129365286787496,1.39563403160971e-08,3.98315584844442e-08,0.12451054482793,22.9655951587383,1.85812250777705e-05,2.54616580387396e-07,3.63888677202045e-07,0.0288392595160317,0.840198118053553
smeaheia_NO,2040,0.0302165136658723,2.74079190248832,193.744747475276,26.6152509633037,0.000587949566929021,0.00957767665405925,0.129365286787496,1.39563403160971e-08,3.98315584844442e-08,0.12451054482793,22.9655951587383,1.85812250777705e-05,2.54616580387396e-07,3.63888677202045e-07,0.0288392595160317,0.840198118053553
smeaheia_NO,2041,0.0302165136658723,2.74079190248832,193.744747475276,26.6152509633037,0.000587949566929021,0.00957767665405925,0.129365286787496,1.39563403160971e-08,3.98315584844442e-08,0.12451054482793,22.9655951587383,1.85812250777705e-05,2.54616580387396e-07,3.63888677202045e-07,0.0288392595160317,0.840198118053553
smeaheia_NO,2025,0.0302165136658723,2.74079190248832,193.744747475276,26.6152509633037,0.000587949566929021,0.00957767665405925,0.129365286787496,1.39563403160971e-08,3.98315584844442e-08,0.12451054482793,22.9655951587383,1.85812250777705e-05,2.54616580387396e-07,3.63888677202045e-07,0.0288392595160317,0.840198118053553
smeaheia_NO,2026,0.0302165136658723,2.74079190248832,193.744747475276,26.6152509633037,0.000587949566929021,0.00957767665405925,0.129365286787496,1.39563403160971e-08,3.98315584844442e-08,0.12451054482793,22.9655951587383,1.85812250777705e-05,2.54616580387396e-07,3.63888677202045e-07,0.0288392595160317,0.840198118053553
smeaheia_NO,2027,0.0302165136658723,2.74079190248832,193.744747475276,26.6152509633037,0.000587949566929021,0.00957767665405925,0.129365286787496,1.39563403160971e-08,3.98315584844442e-08,0.12451054482793,22.9655951587383,1.85812250777705e-05,2.54616580387396e-07,3.63888677202045e-07,0.0288392595160317,0.840198118053553
smeaheia_NO,2028,0.0302165136658723,2.74079190248832,193.744747475276,26.6152509633037,0.000587949566929021,0.00957767665405925,0.129365286787496,1.39563403160971e-08,3.98315584844442e-08,0.12451054482793,22.9655951587383,1.85812250777705e-05,2.54616580387396e-07,3.63888677202045e-07,0.0288392595160317,0.840198118053553
smeaheia_NO,2030,0.0302165136658723,2.74079190248832,193.744747475276,26.6152509633037,0.000587949566929021,0.00957767665405925,0.129365286787496,1.39563403160971e-08,3.98315584844442e-08,0.12451054482793,22.9655951587383,1.85812250777705e-05,2.54616580387396e-07,3.63888677202045e-07,0.0288392595160317,0.840198118053553
smeaheia_NO,2031,0.0302165136658723,2.74079190248832,193.744747475276,26.6152509633037,0.000587949566929021,0.00957767665405925,0.129365286787496,1.39563403160971e-08,3.98315584844442e-08,0.12451054482793,22.9655951587383,1.85812250777705e-05,2.54616580387396e-07,3.63888677202045e-07,0.0288392595160317,0.840198118053553
smeaheia_NO,2029,0.0302165136658723,2.74079190248832,193.744747475276,26.6152509633037,0.000587949566929021,0.00957767665405925,0.129365286787496,1.39563403160971e-08,3.98315584844442e-08,0.12451054482793,22.9655951587383,1.85812250777705e-05,2.54616580387396e-07,3.63888677202045e-07,0.0288392595160317,0.840198118053553
smeaheia_NO,2033,0.0302165136658723,2.74079190248832,193.744747475276,26.6152509633037,0.000587949566929021,0.00957767665405925,0.129365286787496,1.39563403160971e-08,3.98315584844442e-08,0.12451054482793,22.9655951587383,1.85812250777705e-05,2.54616580387396e-07,3.63888677202045e-07,0.0288392595160317,0.840198118053553
smeaheia_NO,2034,0.0302165136658723,2.74079190248832,193.744747475276,26.6152509633037,0.000587949566929021,0.00957767665405925,0.129365286787496,1.39563403160971e-08,3.98315584844442e-08,0.12451054482793,22.9655951587383,1.85812250777705e-05,2.54616580387396e-07,3.63888677202045e-07,0.0288392595160317,0.840198118053553
smeaheia_NO,2035,0.0302165136658723,2.74079190248832,193.744747475276,26.6152509633037,0.000587949566929021,0.00957767665405925,0.129365286787496,1.39563403160971e-08,3.98315584844442e-08,0.12451054482793,22.9655951587383,1.85812250777705e-05,2.54616580387396e-07,3.63888677202045e-07,0.0288392595160317,0.840198118053553
smeaheia_NO,2036,0.0302165136658723,2.74079190248832,193.744747475276,26.6152509633037,0.000587949566929021,0.00957767665405925,0.129365286787496,1.39563403160971e-08,3.98315584844442e-08,0.12451054482793,22.9655951587383,1.85812250777705e-05,2.54616580387396e-07,3.63888677202045e-07,0.0288392595160317,0.840198118053553
smeaheia_NO,2037,0.0302165136658723,2.74079190248832,193.744747475276,26.6152509633037,0.000587949566929021,0.00957767665405925,0.129365286787496,1.39563403160971e-08,3.98315584844442e-08,0.12451054482793,22.9655951587383,1.85812250777705e-05,2.54616580387396e-07,3.63888677202045e-07,0.0288392595160317,0.840198118053553
smeaheia_NO,2038,0.0302165136658723,2.74079190248832,193.744747475276,26.6152509633037,0.000587949566929021,0.00957767665405925,0.129365286787496,1.39563403160971e-08,3.98315584844442e-08,0.12451054482793,22.9655951587383,1.85812250777705e-05,2.54616580387396e-07,3.63888677202045e-07,0.0288392595160317,0.840198118053553
smeaheia_NO,2039,0.0302165136658723,2.74079190248832,193.744747475276,26.6152509633037,0.000587949566929021,0.00957767665405925,0.129365286787496,1.39563403160971e-08,3.98315584844442e-08,0.12451054482793,22.9655951587383,1.85812250777705e-05,2.54616580387396e-07,3.63888677202045e-07,0.0288392595160317,0.840198118053553
smeaheia_NO,2032,0.0302165136658723,2.74079190248832,193.744747475276,26.6152509633037,0.000587949566929021,0.00957767665405925,0.129365286787496,1.39563403160971e-08,3.98315584844442e-08,0.12451054482793,22.9655951587383,1.85812250777705e-05,2.54616580387396e-07,3.63888677202045e-07,0.0288392595160317,0.840198118053553
stenlille_DK,2050,0.0302165136658723,2.74079190248832,193.744747475276,26.6152509633037,0.000587949566929021,0.00957767665405925,0.129365286787496,1.39563403160971e-08,3.98315584844442e-08,0.12451054482793,22.9655951587383,1.85812250777705e-05,2.54616580387396e-07,3.63888677202045e-07,0.0288392595160317,0.840198118053553
stenlille_DK,2045,0.0302165136658723,2.74079190248832,193.744747475276,26.6152509633037,0.000587949566929021,0.00957767665405925,0.129365286787496,1.39563403160971e-08,3.98315584844442e-08,0.12451054482793,22.9655951587383,1.85812250777705e-05,2.54616580387396e-07,3.63888677202045e-07,0.0288392595160317,0.840198118053553
stenlille_DK,2046,0.0302165136658723,2.74079190248832,193.744747475276,26.6152509633037,0.000587949566929021,0.00957767665405925,0.129365286787496,1.39563403160971e-08,3.98315584844442e-08,0.12451054482793,22.9655951587383,1.85812250777705e-05,2.54616580387396e-07,3.63888677202045e-07,0.0288392595160317,0.840198118053553
stenlille_DK,2047,0.0302165136658723,2.74079190248832,193.744747475276,26.6152509633037,0.000587949566929021,0.00957767665405925,0.129365286787496,1.39563403160971e-08,3.98315584844442e-08,0.12451054482793,22.9655951587383,1.85812250777705e-05,2.54616580387396e-07,3.63888677202045e-07,0.0288392595160317,0.840198118053553
stenlille_DK,2048,0.0302165136658723,2.74079190248832,193.744747475276,26.6152509633037,0.000587949566929021,0.00957767665405925,0.129365286787496,1.39563403160971e-08,3.98315584844442e-08,0.12451054482793,22.9655951587383,1.85812250777705e-05,2.54616580387396e-07,3.63888677202045e-07,0.0288392595160317,0.840198118053553
stenlille_DK,2049,0.0302165136658723,2.74079190248832,193.744747475276,26.6152509633037,0.000587949566929021,0.00957767665405925,0.129365286787496,1.39563403160971e-08,3.98315584844442e-08,0.12451054482793,22.9655951587383,1.85812250777705e-05,2.54616580387396e-07,3.63888677202045e-07,0.0288392595160317,0.840198118053553
stenlille_DK,2051,0.0302165136658723,2.74079190248832,193.744747475276,26.6152509633037,0.000587949566929021,0.00957767665405925,0.129365286787496,1.39563403160971e-08,3.98315584844442e-08,0.12451054482793,22.9655951587383,1.85812250777705e-05,2.54616580387396e-07,3.63888677202045e-07,0.0288392595160317,0.840198118053553
stenlille_DK,2044,0.0302165136658723,2.74079190248832,193.744747475276,26.6152509633037,0.000587949566929021,0.00957767665405925,0.129365286787496,1.39563403160971e-08,3.98315584844442e-08,0.12451054482793,22.9655951587383,1.85812250777705e-05,2.54616580387396e-07,3.63888677202045e-07,0.0288392595160317,0.840198118053553
stenlille_DK,2053,0.0302165136658723,2.74079190248832,193.744747475276,26.6152509633037,0.000587949566929021,0.00957767665405925,0.129365286787496,1.39563403160971e-08,3.98315584844442e-08,0.12451054482793,22.9655951587383,1.85812250777705e-05,2.54616580387396e-07,3.63888677202045e-07,0.0288392595160317,0.840198118053553
stenlille_DK,2054,0.0302165136658723,2.74079190248832,193.744747475276,26.6152509633037,0.000587949566929021,0.00957767665405925,0.129365286787496,1.39563403160971e-08,3.98315584844442e-08,0.12451054482793,22.9655951587383,1.85812250777705e-05,2.54616580387396e-07,3.63888677202045e-07,0.0288392595160317,0.840198118053553
stenlille_DK,2055,0.0302165136658723,2.74079190248832,193.744747475276,26.6152509633037,0.000587949566929021,0.00957767665405925,0.129365286787496,1.39563403160971e-08,3.98315584844442e-08,0.12451054482793,22.9655951587383,1.85812250777705e-05,2.54616580387396e-07,3.63888677202045e-07,0.0288392595160317,0.840198118053553
stenlille_DK,2056,0.0302165136658723,2.74079190248832,193.744747475276,26.6152509633037,0.000587949566929021,0.00957767665405925,0.129365286787496,1.39563403160971e-08,3.98315584844442e-08,0.12451054482793,22.9655951587383,1.85812250777705e-05,2.54616580387396e-07,3.63888677202045e-07,0.0288392595160317,0.840198118053553
stenlille_DK,2057,0.0302165136658723,2.74079190248832,193.744747475276,26.6152509633037,0.000587949566929021,0.00957767665405925,0.129365286787496,1.39563403160971e-08,3.98315584844442e-08,0.12451054482793,22.9655951587383,1.85812250777705e-05,2.54616580387396e-07,3.63888677202045e-07,0.0288392595160317,0.840198118053553
stenlille_DK,2058,0.0302165136658723,2.74079190248832,193.744747475276,26.6152509633037,0.000587949566929021,0.00957767665405925,0.129365286787496,1.39563403160971e-08,3.98315584844442e-08,0.12451054482793,22.9655951587383,1.85812250777705e-05,2.54616580387396e-07,3.63888677202045e-07,0.0288392595160317,0.840198118053553
stenlille_DK,2059,0.0302165136658723,2.74079190248832,193.744747475276,26.6152509633037,0.000587949566929021,0.00957767665405925,0.129365286787496,1.39563403160971e-08,3.98315584844442e-08,0.12451054482793,22.9655951587383,1.85812250777705e-05,2.54616580387396e-07,3.63888677202045e-07,0.0288392595160317,0.840198118053553
stenlille_DK,2052,0.0302165136658723,2.74079190248832,193.744747475276,26.6152509633037,0.000587949566929021,0.00957767665405925,0.129365286787496,1.39563403160971e-08,3.98315584844442e-08,0.12451054482793,22.9655951587383,1.85812250777705e-05,2.54616580387396e-07,3.63888677202045e-07,0.0288392595160317,0.840198118053553
stenlille_DK,2043,0.0302165136658723,2.74079190248832,193.744747475276,26.6152509633037,0.000587949566929021,0.00957767665405925,0.129365286787496,1.39563403160971e-08,3.98315584844442e-08,0.12451054482793,22.9655951587383,1.85812250777705e-05,2.54616580387396e-07,3.63888677202045e-07,0.0288392595160317,0.840198118053553
stenlille_DK,2060,0.0302165136658723,2.74079190248832,193.744747475276,26.6152509633037,0.000587949566929021,0.00957767665405925,0.129365286787496,1.39563403160971e-08,3.98315584844442e-08,0.12451054482793,22.9655951587383,1.85812250777705e-05,2.54616580387396e-07,3.63888677202045e-07,0.0288392595160317,0.840198118053553
stenlille_DK,2041,0.0302165136658723,2.74079190248832,193.744747475276,26.6152509633037,0.000587949566929021,0.00957767665405925,0.129365286787496,1.39563403160971e-08,3.98315584844442e-08,0.12451054482793,22.9655951587383,1.85812250777705e-05,2.54616580387396e-07,3.63888677202045e-07,0.0288392595160317,0.840198118053553
stenlille_DK,2025,0.0302165136658723,2.74079190248832,193.744747475276,26.6152509633037,0.000587949566929021,0.00957767665405925,0.129365286787496,1.39563403160971e-08,3.98315584844442e-08,0.12451054482793,22.9655951587383,1.85812250777705e-05,2.54616580387396e-07,3.63888677202045e-07,0.0288392595160317,0.840198118053553
stenlille_DK,2026,0.0302165136658723,2.74079190248832,193.744747475276,26.6152509633037,0.000587949566929021,0.00957767665405925,0.129365286787496,1.39563403160971e-08,3.98315584844442e-08,0.12451054482793,22.9655951587383,1.85812250777705e-05,2.54616580387396e-07,3.63888677202045e-07,0.0288392595160317,0.840198118053553
stenlille_DK,2027,0.0302165136658723,2.74079190248832,193.744747475276,26.6152509633037,0.000587949566929021,0.00957767665405925,0.129365286787496,1.39563403160971e-08,3.98315584844442e-08,0.12451054482793,22.9655951587383,1.85812250777705e-05,2.54616580387396e-07,3.63888677202045e-07,0.0288392595160317,0.840198118053553
stenlille_DK,2028,0.0302165136658723,2.74079190248832,193.744747475276,26.6152509633037,0.000587949566929021,0.00957767665405925,0.129365286787496,1.39563403160971e-08,3.98315584844442e-08,0.12451054482793,22.9655951587383,1.85812250777705e-05,2.54616580387396e-07,3.63888677202045e-07,0.0288392595160317,0.840198118053553
stenlille_DK,2029,0.0302165136658723,2.74079190248832,193.744747475276,26.6152509633037,0.000587949566929021,0.00957767665405925,0.129365286787496,1.39563403160971e-08,3.98315584844442e-08,0.12451054482793,22.9655951587383,1.85812250777705e-05,2.54616580387396e-07,3.63888677202045e-07,0.0288392595160317,0.840198118053553
stenlille_DK,2030,0.0302165136658723,2.74079190248832,193.744747475276,26.6152509633037,0.000587949566929021,0.00957767665405925,0.129365286787496,1.39563403160971e-08,3.98315584844442e-08,0.12451054482793,22.9655951587383,1.85812250777705e-05,2.54616580387396e-07,3.63888677202045e-07,0.0288392595160317,0.840198118053553
stenlille_DK,2031,0.0302165136658723,2.74079190248832,193.744747475276,26.6152509633037,0.000587949566929021,0.00957767665405925,0.129365286787496,1.39563403160971e-08,3.98315584844442e-08,0.12451054482793,22.9655951587383,1.85812250777705e-05,2.54616580387396e-07,3.63888677202045e-07,0.0288392595160317,0.840198118053553
stenlille_DK,2032,0.0302165136658723,2.74079190248832,193.744747475276,26.6152509633037,0.000587949566929021,0.00957767665405925,0.129365286787496,1.39563403160971e-08,3.98315584844442e-08,0.12451054482793,22.9655951587383,1.85812250777705e-05,2.54616580387396e-07,3.63888677202045e-07,0.0288392595160317,0.840198118053553
stenlille_DK,2042,0.0302165136658723,2.74079190248832,193.744747475276,26.6152509633037,0.000587949566929021,0.00957767665405925,0.129365286787496,1.39563403160971e-08,3.98315584844442e-08,0.12451054482793,22.9655951587383,1.85812250777705e-05,2.54616580387396e-07,3.63888677202045e-07,0.0288392595160317,0.840198118053553
stenlille_DK,2034,0.0302165136658723,2.74079190248832,193.744747475276,26.6152509633037,0.000587949566929021,0.00957767665405925,0.129365286787496,1.39563403160971e-08,3.98315584844442e-08,0.12451054482793,22.9655951587383,1.85812250777705e-05,2.54616580387396e-07,3.63888677202045e-07,0.0288392595160317,0.840198118053553
stenlille_DK,2035,0.0302165136658723,2.74079190248832,193.744747475276,26.6152509633037,0.000587949566929021,0.00957767665405925,0.129365286787496,1.39563403160971e-08,3.98315584844442e-08,0.12451054482793,22.9655951587383,1.85812250777705e-05,2.54616580387396e-07,3.63888677202045e-07,0.0288392595160317,0.840198118053553
stenlille_DK,2036,0.0302165136658723,2.74079190248832,193.744747475276,26.6152509633037,0.000587949566929021,0.00957767665405925,0.129365286787496,1.39563403160971e-08,3.98315584844442e-08,0.12451054482793,22.9655951587383,1.85812250777705e-05,2.54616580387396e-07,3.63888677202045e-07,0.0288392595160317,0.840198118053553
stenlille_DK,2037,0.0302165136658723,2.74079190248832,193.744747475276,26.6152509633037,0.000587949566929021,0.00957767665405925,0.129365286787496,1.39563403160971e-08,3.98315584844442e-08,0.12451054482793,22.9655951587383,1.85812250777705e-05,2.54616580387396e-07,3.63888677202045e-07,0.0288392595160317,0.840198118053553
stenlille_DK,2038,0.0302165136658723,2.74079190248832,193.744747475276,26.6152509633037,0.000587949566929021,0.00957767665405925,0.129365286787496,1.39563403160971e-08,3.98315584844442e-08,0.12451054482793,22.9655951587383,1.85812250777705e-05,2.54616580387396e-07,3.63888677202045e-07,0.0288392595160317,0.840198118053553
stenlille_DK,2039,0.0302165136658723,2.74079190248832,193.744747475276,26.6152509633037,0.000587949566929021,0.00957767665405925,0.129365286787496,1.39563403160971e-08,3.98315584844442e-08,0.12451054482793,22.9655951587383,1.85812250777705e-05,2.54616580387396e-07,3.63888677202045e-07,0.0288392595160317,0.840198118053553
stenlille_DK,2040,0.0302165136658723,2.74079190248832,193.744747475276,26.6152509633037,0.000587949566929021,0.00957767665405925,0.129365286787496,1.39563403160971e-08,3.98315584844442e-08,0.12451054482793,22.9655951587383,1.85812250777705e-05,2.54616580387396e-07,3.63888677202045e-07,0.0288392595160317,0.840198118053553
stenlille_DK,2033,0.0302165136658723,2.74079190248832,193.744747475276,26.6152509633037,0.000587949566929021,0.00957767665405925,0.129365286787496,1.39563403160971e-08,3.98315584844442e-08,0.12451054482793,22.9655951587383,1.85812250777705e-05,2.54616580387396e-07,3.63888677202045e-07,0.0288392595160317,0.840198118053553
trudvang_NO,2045,0.0302165136658723,2.74079190248832,193.744747475276,26.6152509633037,0.000587949566929021,0.00957767665405925,0.129365286787496,1.39563403160971e-08,3.98315584844442e-08,0.12451054482793,22.9655951587383,1.85812250777705e-05,2.54616580387396e-07,3.63888677202045e-07,0.0288392595160317,0.840198118053553
trudvang_NO,2046,0.0302165136658723,2.74079190248832,193.744747475276,26.6152509633037,0.000587949566929021,0.00957767665405925,0.129365286787496,1.39563403160971e-08,3.98315584844442e-08,0.12451054482793,22.9655951587383,1.85812250777705e-05,2.54616580387396e-07,3.63888677202045e-07,0.0288392595160317,0.840198118053553
trudvang_NO,2048,0.0302165136658723,2.74079190248832,193.744747475276,26.6152509633037,0.000587949566929021,0.00957767665405925,0.129365286787496,1.39563403160971e-08,3.98315584844442e-08,0.12451054482793,22.9655951587383,1.85812250777705e-05,2.54616580387396e-07,3.63888677202045e-07,0.0288392595160317,0.840198118053553
trudvang_NO,2049,0.0302165136658723,2.74079190248832,193.744747475276,26.6152509633037,0.000587949566929021,0.00957767665405925,0.129365286787496,1.39563403160971e-08,3.98315584844442e-08,0.12451054482793,22.9655951587383,1.85812250777705e-05,2.54616580387396e-07,3.63888677202045e-07,0.0288392595160317,0.840198118053553
trudvang_NO,2050,0.0302165136658723,2.74079190248832,193.744747475276,26.6152509633037,0.000587949566929021,0.00957767665405925,0.129365286787496,1.39563403160971e-08,3.98315584844442e-08,0.12451054482793,22.9655951587383,1.85812250777705e-05,2.54616580387396e-07,3.63888677202045e-07,0.0288392595160317,0.840198118053553
trudvang_NO,2051,0.0302165136658723,2.74079190248832,193.744747475276,26.6152509633037,0.000587949566929021,0.00957767665405925,0.129365286787496,1.39563403160971e-08,3.98315584844442e-08,0.12451054482793,22.9655951587383,1.85812250777705e-05,2.54616580387396e-07,3.63888677202045e-07,0.0288392595160317,0.840198118053553
trudvang_NO,2052,0.0302165136658723,2.74079190248832,193.744747475276,26.6152509633037,0.000587949566929021,0.00957767665405925,0.129365286787496,1.39563403160971e-08,3.98315584844442e-08,0.12451054482793,22.9655951587383,1.85812250777705e-05,2.54616580387396e-07,3.63888677202045e-07,0.0288392595160317,0.840198118053553
trudvang_NO,2056,0.0302165136658723,2.74079190248832,193.744747475276,26.6152509633037,0.000587949566929021,0.00957767665405925,0.129365286787496,1.39563403160971e-08,3.98315584844442e-08,0.12451054482793,22.9655951587383,1.85812250777705e-05,2.54616580387396e-07,3.63888677202045e-07,0.0288392595160317,0.840198118053553
trudvang_NO,2054,0.0302165136658723,2.74079190248832,193.744747475276,26.6152509633037,0.000587949566929021,0.00957767665405925,0.129365286787496,1.39563403160971e-08,3.98315584844442e-08,0.12451054482793,22.9655951587383,1.85812250777705e-05,2.54616580387396e-07,3.63888677202045e-07,0.0288392595160317,0.840198118053553
trudvang_NO,2055,0.0302165136658723,2.74079190248832,193.744747475276,26.6152509633037,0.000587949566929021,0.00957767665405925,0.129365286787496,1.39563403160971e-08,3.98315584844442e-08,0.12451054482793,22.9655951587383,1.85812250777705e-05,2.54616580387396e-07,3.63888677202045e-07,0.0288392595160317,0.840198118053553
trudvang_NO,2044,0.0302165136658723,2.74079190248832,193.744747475276,26.6152509633037,0.000587949566929021,0.00957767665405925,0.129365286787496,1.39563403160971e-08,3.98315584844442e-08,0.12451054482793,22.9655951587383,1.85812250777705e-05,2.54616580387396e-07,3.63888677202045e-07,0.0288392595160317,0.840198118053553
trudvang_NO,2057,0.0302165136658723,2.74079190248832,193.744747475276,26.6152509633037,0.000587949566929021,0.00957767665405925,0.129365286787496,1.39563403160971e-08,3.98315584844442e-08,0.12451054482793,22.9655951587383,1.85812250777705e-05,2.54616580387396e-07,3.63888677202045e-07,0.0288392595160317,0.840198118053553
trudvang_NO,2058,0.0302165136658723,2.74079190248832,193.744747475276,26.6152509633037,0.000587949566929021,0.00957767665405925,0.129365286787496,1.39563403160971e-08,3.98315584844442e-08,0.12451054482793,22.9655951587383,1.85812250777705e-05,2.54616580387396e-07,3.63888677202045e-07,0.0288392595160317,0.840198118053553
trudvang_NO,2059,0.0302165136658723,2.74079190248832,193.744747475276,26.6152509633037,0.000587949566929021,0.00957767665405925,0.129365286787496,1.39563403160971e-08,3.98315584844442e-08,0.12451054482793,22.9655951587383,1.85812250777705e-05,2.54616580387396e-07,3.63888677202045e-07,0.0288392595160317,0.840198118053553
trudvang_NO,2060,0.0302165136658723,2.74079190248832,193.744747475276,26.6152509633037,0.000587949566929021,0.00957767665405925,0.129365286787496,1.39563403160971e-08,3.98315584844442e-08,0.12451054482793,22.9655951587383,1.85812250777705e-05,2.54616580387396e-07,3.63888677202045e-07,0.0288392595160317,0.840198118053553
trudvang_NO,2053,0.0302165136658723,2.74079190248832,193.744747475276,26.6152509633037,0.000587949566929021,0.00957767665405925,0.129365286787496,1.39563403160971e-08,3.98315584844442e-08,0.12451054482793,22.9655951587383,1.85812250777705e-05,2.54616580387396e-07,3.63888677202045e-07,0.0288392595160317,0.840198118053553
trudvang_NO,2043,0.0302165136658723,2.74079190248832,193.744747475276,26.6152509633037,0.000587949566929021,0.00957767665405925,0.129365286787496,1.39563403160971e-08,3.98315584844442e-08,0.12451054482793,22.9655951587383,1.85812250777705e-05,2.54616580387396e-07,3.63888677202045e-07,0.0288392595160317,0.840198118053553
trudvang_NO,2047,0.0302165136658723,2.74079190248832,193.744747475276,26.6152509633037,0.000587949566929021,0.00957767665405925,0.129365286787496,1.39563403160971e-08,3.98315584844442e-08,0.12451054482793,22.9655951587383,1.85812250777705e-05,2.54616580387396e-07,3.63888677202045e-07,0.0288392595160317,0.840198118053553
trudvang_NO,2041,0.0302165136658723,2.74079190248832,193.744747475276,26.6152509633037,0.000587949566929021,0.00957767665405925,0.129365286787496,1.39563403160971e-08,3.98315584844442e-08,0.12451054482793,22.9655951587383,1.85812250777705e-05,2.54616580387396e-07,3.63888677202045e-07,0.0288392595160317,0.840198118053553
trudvang_NO,2042,0.0302165136658723,2.74079190248832,193.744747475276,26.6152509633037,0.000587949566929021,0.00957767665405925,0.129365286787496,1.39563403160971e-08,3.98315584844442e-08,0.12451054482793,22.9655951587383,1.85812250777705e-05,2.54616580387396e-07,3.63888677202045e-07,0.0288392595160317,0.840198118053553
trudvang_NO,2026,0.0302165136658723,2.74079190248832,193.744747475276,26.6152509633037,0.000587949566929021,0.00957767665405925,0.129365286787496,1.39563403160971e-08,3.98315584844442e-08,0.12451054482793,22.9655951587383,1.85812250777705e-05,2.54616580387396e-07,3.63888677202045e-07,0.0288392595160317,0.840198118053553
trudvang_NO,2027,0.0302165136658723,2.74079190248832,193.744747475276,26.6152509633037,0.000587949566929021,0.00957767665405925,0.129365286787496,1.39563403160971e-08,3.98315584844442e-08,0.12451054482793,22.9655951587383,1.85812250777705e-05,2.54616580387396e-07,3.63888677202045e-07,0.0288392595160317,0.840198118053553
trudvang_NO,2028,0.0302165136658723,2.74079190248832,193.744747475276,26.6152509633037,0.000587949566929021,0.00957767665405925,0.129365286787496,1.39563403160971e-08,3.98315584844442e-08,0.12451054482793,22.9655951587383,1.85812250777705e-05,2.54616580387396e-07,3.63888677202045e-07,0.0288392595160317,0.840198118053553
trudvang_NO,2029,0.0302165136658723,2.74079190248832,193.744747475276,26.6152509633037,0.000587949566929021,0.00957767665405925,0.129365286787496,1.39563403160971e-08,3.98315584844442e-08,0.12451054482793,22.9655951587383,1.85812250777705e-05,2.54616580387396e-07,3.63888677202045e-07,0.0288392595160317,0.840198118053553
trudvang_NO,2030,0.0302165136658723,2.74079190248832,193.744747475276,26.6152509633037,0.000587949566929021,0.00957767665405925,0.129365286787496,1.39563403160971e-08,3.98315584844442e-08,0.12451054482793,22.9655951587383,1.85812250777705e-05,2.54616580387396e-07,3.63888677202045e-07,0.0288392595160317,0.840198118053553
trudvang_NO,2031,0.0302165136658723,2.74079190248832,193.744747475276,26.6152509633037,0.000587949566929021,0.00957767665405925,0.129365286787496,1.39563403160971e-08,3.98315584844442e-08,0.12451054482793,22.9655951587383,1.85812250777705e-05,2.54616580387396e-07,3.63888677202045e-07,0.0288392595160317,0.840198118053553
trudvang_NO,2032,0.0302165136658723,2.74079190248832,193.744747475276,26.6152509633037,0.000587949566929021,0.00957767665405925,0.129365286787496,1.39563403160971e-08,3.98315584844442e-08,0.12451054482793,22.9655951587383,1.85812250777705e-05,2.54616580387396e-07,3.63888677202045e-07,0.0288392595160317,0.840198118053553
trudvang_NO,2025,0.0302165136658723,2.74079190248832,193.744747475276,26.6152509633037,0.000587949566929021,0.00957767665405925,0.129365286787496,1.39563403160971e-08,3.98315584844442e-08,0.12451054482793,22.9655951587383,1.85812250777705e-05,2.54616580387396e-07,3.63888677202045e-07,0.0288392595160317,0.840198118053553
trudvang_NO,2034,0.0302165136658723,2.74079190248832,193.744747475276,26.6152509633037,0.000587949566929021,0.00957767665405925,0.129365286787496,1.39563403160971e-08,3.98315584844442e-08,0.12451054482793,22.9655951587383,1.85812250777705e-05,2.54616580387396e-07,3.63888677202045e-07,0.0288392595160317,0.840198118053553
trudvang_NO,2035,0.0302165136658723,2.74079190248832,193.744747475276,26.6152509633037,0.000587949566929021,0.00957767665405925,0.129365286787496,1.39563403160971e-08,3.98315584844442e-08,0.12451054482793,22.9655951587383,1.85812250777705e-05,2.54616580387396e-07,3.63888677202045e-07,0.0288392595160317,0.840198118053553
trudvang_NO,2036,0.0302165136658723,2.74079190248832,193.744747475276,26.6152509633037,0.000587949566929021,0.00957767665405925,0.129365286787496,1.39563403160971e-08,3.98315584844442e-08,0.12451054482793,22.9655951587383,1.85812250777705e-05,2.54616580387396e-07,3.63888677202045e-07,0.0288392595160317,0.840198118053553
trudvang_NO,2037,0.0302165136658723,2.74079190248832,193.744747475276,26.6152509633037,0.000587949566929021,0.00957767665405925,0.129365286787496,1.39563403160971e-08,3.98315584844442e-08,0.12451054482793,22.9655951587383,1.85812250777705e-05,2.54616580387396e-07,3.63888677202045e-07,0.0288392595160317,0.840198118053553
trudvang_NO,2038,0.0302165136658723,2.74079190248832,193.744747475276,26.6152509633037,0.000587949566929021,0.00957767665405925,0.129365286787496,1.39563403160971e-08,3.98315584844442e-08,0.12451054482793,22.9655951587383,1.85812250777705e-05,2.54616580387396e-07,3.63888677202045e-07,0.0288392595160317,0.840198118053553
trudvang_NO,2039,0.0302165136658723,2.74079190248832,193.744747475276,26.6152509633037,0.000587949566929021,0.00957767665405925,0.129365286787496,1.39563403160971e-08,3.98315584844442e-08,0.12451054482793,22.9655951587383,1.85812250777705e-05,2.54616580387396e-07,3.63888677202045e-07,0.0288392595160317,0.840198118053553
trudvang_NO,2040,0.0302165136658723,2.74079190248832,193.744747475276,26.6152509633037,0.000587949566929021,0.00957767665405925,0.129365286787496,1.39563403160971e-08,3.98315584844442e-08,0.12451054482793,22.9655951587383,1.85812250777705e-05,2.54616580387396e-07,3.63888677202045e-07,0.0288392595160317,0.840198118053553
trudvang_NO,2033,0.0302165136658723,2.74079190248832,193.744747475276,26.6152509633037,0.000587949566929021,0.00957767665405925,0.129365286787496,1.39563403160971e-08,3.98315584844442e-08,0.12451054482793,22.9655951587383,1.85812250777705e-05,2.54616580387396e-07,3.63888677202045e-07,0.0288392595160317,0.840198118053553
trullikon_CH,2045,0.0302165136658723,2.74079190248832,193.744747475276,26.6152509633037,0.000587949566929021,0.00957767665405925,0.129365286787496,1.39563403160971e-08,3.98315584844442e-08,0.12451054482793,22.9655951587383,1.85812250777705e-05,2.54616580387396e-07,3.63888677202045e-07,0.0288392595160317,0.840198118053553
trullikon_CH,2046,0.0302165136658723,2.74079190248832,193.744747475276,26.6152509633037,0.000587949566929021,0.00957767665405925,0.129365286787496,1.39563403160971e-08,3.98315584844442e-08,0.12451054482793,22.9655951587383,1.85812250777705e-05,2.54616580387396e-07,3.63888677202045e-07,0.0288392595160317,0.840198118053553
trullikon_CH,2060,0.0302165136658723,2.74079190248832,193.744747475276,26.6152509633037,0.000587949566929021,0.00957767665405925,0.129365286787496,1.39563403160971e-08,3.98315584844442e-08,0.12451054482793,22.9655951587383,1.85812250777705e-05,2.54616580387396e-07,3.63888677202045e-07,0.0288392595160317,0.840198118053553
trullikon_CH,2048,0.0302165136658723,2.74079190248832,193.744747475276,26.6152509633037,0.000587949566929021,0.00957767665405925,0.129365286787496,1.39563403160971e-08,3.98315584844442e-08,0.12451054482793,22.9655951587383,1.85812250777705e-05,2.54616580387396e-07,3.63888677202045e-07,0.0288392595160317,0.840198118053553
trullikon_CH,2049,0.0302165136658723,2.74079190248832,193.744747475276,26.6152509633037,0.000587949566929021,0.00957767665405925,0.129365286787496,1.39563403160971e-08,3.98315584844442e-08,0.12451054482793,22.9655951587383,1.85812250777705e-05,2.54616580387396e-07,3.63888677202045e-07,0.0288392595160317,0.840198118053553
trullikon_CH,2050,0.0302165136658723,2.74079190248832,193.744747475276,26.6152509633037,0.000587949566929021,0.00957767665405925,0.129365286787496,1.39563403160971e-08,3.98315584844442e-08,0.12451054482793,22.9655951587383,1.85812250777705e-05,2.54616580387396e-07,3.63888677202045e-07,0.0288392595160317,0.840198118053553
trullikon_CH,2051,0.0302165136658723,2.74079190248832,193.744747475276,26.6152509633037,0.000587949566929021,0.00957767665405925,0.129365286787496,1.39563403160971e-08,3.98315584844442e-08,0.12451054482793,22.9655951587383,1.85812250777705e-05,2.54616580387396e-07,3.63888677202045e-07,0.0288392595160317,0.840198118053553
trullikon_CH,2055,0.0302165136658723,2.74079190248832,193.744747475276,26.6152509633037,0.000587949566929021,0.00957767665405925,0.129365286787496,1.39563403160971e-08,3.98315584844442e-08,0.12451054482793,22.9655951587383,1.85812250777705e-05,2.54616580387396e-07,3.63888677202045e-07,0.0288392595160317,0.840198118053553
trullikon_CH,2053,0.0302165136658723,2.74079190248832,193.744747475276,26.6152509633037,0.000587949566929021,0.00957767665405925,0.129365286787496,1.39563403160971e-08,3.98315584844442e-08,0.12451054482793,22.9655951587383,1.85812250777705e-05,2.54616580387396e-07,3.63888677202045e-07,0.0288392595160317,0.840198118053553
trullikon_CH,2054,0.0302165136658723,2.74079190248832,193.744747475276,26.6152509633037,0.000587949566929021,0.00957767665405925,0.129365286787496,1.39563403160971e-08,3.98315584844442e-08,0.12451054482793,22.9655951587383,1.85812250777705e-05,2.54616580387396e-07,3.63888677202045e-07,0.0288392595160317,0.840198118053553
trullikon_CH,2056,0.0302165136658723,2.74079190248832,193.744747475276,26.6152509633037,0.000587949566929021,0.00957767665405925,0.129365286787496,1.39563403160971e-08,3.98315584844442e-08,0.12451054482793,22.9655951587383,1.85812250777705e-05,2.54616580387396e-07,3.63888677202045e-07,0.0288392595160317,0.840198118053553
trullikon_CH,2057,0.0302165136658723,2.74079190248832,193.744747475276,26.6152509633037,0.000587949566929021,0.00957767665405925,0.129365286787496,1.39563403160971e-08,3.98315584844442e-08,0.12451054482793,22.9655951587383,1.85812250777705e-05,2.54616580387396e-07,3.63888677202045e-07,0.0288392595160317,0.840198118053553
trullikon_CH,2058,0.0302165136658723,2.74079190248832,193.744747475276,26.6152509633037,0.000587949566929021,0.00957767665405925,0.129365286787496,1.39563403160971e-08,3.98315584844442e-08,0.12451054482793,22.9655951587383,1.85812250777705e-05,2.54616580387396e-07,3.63888677202045e-07,0.0288392595160317,0.840198118053553
trullikon_CH,2059,0.0302165136658723,2.74079190248832,193.744747475276,26.6152509633037,0.000587949566929021,0.00957767665405925,0.129365286787496,1.39563403160971e-08,3.98315584844442e-08,0.12451054482793,22.9655951587383,1.85812250777705e-05,2.54616580387396e-07,3.63888677202045e-07,0.0288392595160317,0.840198118053553
trullikon_CH,2044,0.0302165136658723,2.74079190248832,193.744747475276,26.6152509633037,0.000587949566929021,0.00957767665405925,0.129365286787496,1.39563403160971e-08,3.98315584844442e-08,0.12451054482793,22.9655951587383,1.85812250777705e-05,2.54616580387396e-07,3.63888677202045e-07,0.0288392595160317,0.840198118053553
trullikon_CH,2052,0.0302165136658723,2.74079190248832,193.744747475276,26.6152509633037,0.000587949566929021,0.00957767665405925,0.129365286787496,1.39563403160971e-08,3.98315584844442e-08,0.12451054482793,22.9655951587383,1.85812250777705e-05,2.54616580387396e-07,3.63888677202045e-07,0.0288392595160317,0.840198118053553
trullikon_CH,2043,0.0302165136658723,2.74079190248832,193.744747475276,26.6152509633037,0.000587949566929021,0.00957767665405925,0.129365286787496,1.39563403160971e-08,3.98315584844442e-08,0.12451054482793,22.9655951587383,1.85812250777705e-05,2.54616580387396e-07,3.63888677202045e-07,0.0288392595160317,0.840198118053553
trullikon_CH,2047,0.0302165136658723,2.74079190248832,193.744747475276,26.6152509633037,0.000587949566929021,0.00957767665405925,0.129365286787496,1.39563403160971e-08,3.98315584844442e-08,0.12451054482793,22.9655951587383,1.85812250777705e-05,2.54616580387396e-07,3.63888677202045e-07,0.0288392595160317,0.840198118053553
trullikon_CH,2041,0.0302165136658723,2.74079190248832,193.744747475276,26.6152509633037,0.000587949566929021,0.00957767665405925,0.129365286787496,1.39563403160971e-08,3.98315584844442e-08,0.12451054482793,22.9655951587383,1.85812250777705e-05,2.54616580387396e-07,3.63888677202045e-07,0.0288392595160317,0.840198118053553
trullikon_CH,2025,0.0302165136658723,2.74079190248832,193.744747475276,26.6152509633037,0.000587949566929021,0.00957767665405925,0.129365286787496,1.39563403160971e-08,3.98315584844442e-08,0.12451054482793,22.9655951587383,1.85812250777705e-05,2.54616580387396e-07,3.63888677202045e-07,0.0288392595160317,0.840198118053553
trullikon_CH,2026,0.0302165136658723,2.74079190248832,193.744747475276,26.6152509633037,0.000587949566929021,0.00957767665405925,0.129365286787496,1.39563403160971e-08,3.98315584844442e-08,0.12451054482793,22.9655951587383,1.85812250777705e-05,2.54616580387396e-07,3.63888677202045e-07,0.0288392595160317,0.840198118053553
trullikon_CH,2027,0.0302165136658723,2.74079190248832,193.744747475276,26.6152509633037,0.000587949566929021,0.00957767665405925,0.129365286787496,1.39563403160971e-08,3.98315584844442e-08,0.12451054482793,22.9655951587383,1.85812250777705e-05,2.54616580387396e-07,3.63888677202045e-07,0.0288392595160317,0.840198118053553
trullikon_CH,2028,0.0302165136658723,2.74079190248832,193.744747475276,26.6152509633037,0.000587949566929021,0.00957767665405925,0.129365286787496,1.39563403160971e-08,3.98315584844442e-08,0.12451054482793,22.9655951587383,1.85812250777705e-05,2.54616580387396e-07,3.63888677202045e-07,0.0288392595160317,0.840198118053553
trullikon_CH,2029,0.0302165136658723,2.74079190248832,193.744747475276,26.6152509633037,0.000587949566929021,0.00957767665405925,0.129365286787496,1.39563403160971e-08,3.98315584844442e-08,0.12451054482793,22.9655951587383,1.85812250777705e-05,2.54616580387396e-07,3.63888677202045e-07,0.0288392595160317,0.840198118053553
trullikon_CH,2030,0.0302165136658723,2.74079190248832,193.744747475276,26.6152509633037,0.000587949566929021,0.00957767665405925,0.129365286787496,1.39563403160971e-08,3.98315584844442e-08,0.12451054482793,22.9655951587383,1.85812250777705e-05,2.54616580387396e-07,3.63888677202045e-07,0.0288392595160317,0.840198118053553
trullikon_CH,2031,0.0302165136658723,2.74079190248832,193.744747475276,26.6152509633037,0.000587949566929021,0.00957767665405925,0.129365286787496,1.39563403160971e-08,3.98315584844442e-08,0.12451054482793,22.9655951587383,1.85812250777705e-05,2.54616580387396e-07,3.63888677202045e-07,0.0288392595160317,0.840198118053553
trullikon_CH,2032,0.0302165136658723,2.74079190248832,193.744747475276,26.6152509633037,0.000587949566929021,0.00957767665405925,0.129365286787496,1.39563403160971e-08,3.98315584844442e-08,0.12451054482793,22.9655951587383,1.85812250777705e-05,2.54616580387396e-07,3.63888677202045e-07,0.0288392595160317,0.840198118053553
trullikon_CH,2042,0.0302165136658723,2.74079190248832,193.744747475276,26.6152509633037,0.000587949566929021,0.00957767665405925,0.129365286787496,1.39563403160971e-08,3.98315584844442e-08,0.12451054482793,22.9655951587383,1.85812250777705e-05,2.54616580387396e-07,3.63888677202045e-07,0.0288392595160317,0.840198118053553
trullikon_CH,2034,0.0302165136658723,2.74079190248832,193.744747475276,26.6152509633037,0.000587949566929021,0.00957767665405925,0.129365286787496,1.39563403160971e-08,3.98315584844442e-08,0.12451054482793,22.9655951587383,1.85812250777705e-05,2.54616580387396e-07,3.63888677202045e-07,0.0288392595160317,0.840198118053553
trullikon_CH,2035,0.0302165136658723,2.74079190248832,193.744747475276,26.6152509633037,0.000587949566929021,0.00957767665405925,0.129365286787496,1.39563403160971e-08,3.98315584844442e-08,0.12451054482793,22.9655951587383,1.85812250777705e-05,2.54616580387396e-07,3.63888677202045e-07,0.0288392595160317,0.840198118053553
trullikon_CH,2036,0.0302165136658723,2.74079190248832,193.744747475276,26.6152509633037,0.000587949566929021,0.00957767665405925,0.129365286787496,1.39563403160971e-08,3.98315584844442e-08,0.12451054482793,22.9655951587383,1.85812250777705e-05,2.54616580387396e-07,3.63888677202045e-07,0.0288392595160317,0.840198118053553
trullikon_CH,2037,0.0302165136658723,2.74079190248832,193.744747475276,26.6152509633037,0.000587949566929021,0.00957767665405925,0.129365286787496,1.39563403160971e-08,3.98315584844442e-08,0.12451054482793,22.9655951587383,1.85812250777705e-05,2.54616580387396e-07,3.63888677202045e-07,0.0288392595160317,0.840198118053553
trullikon_CH,2038,0.0302165136658723,2.74079190248832,193.744747475276,26.6152509633037,0.000587949566929021,0.00957767665405925,0.129365286787496,1.39563403160971e-08,3.98315584844442e-08,0.12451054482793,22.9655951587383,1.85812250777705e-05,2.54616580387396e-07,3.63888677202045e-07,0.0288392595160317,0.840198118053553
trullikon_CH,2039,0.0302165136658723,2.74079190248832,193.744747475276,26.6152509633037,0.000587949566929021,0.00957767665405925,0.129365286787496,1.39563403160971e-08,3.98315584844442e-08,0.12451054482793,22.9655951587383,1.85812250777705e-05,2.54616580387396e-07,3.63888677202045e-07,0.0288392595160317,0.840198118053553
trullikon_CH,2040,0.0302165136658723,2.74079190248832,193.744747475276,26.6152509633037,0.000587949566929021,0.00957767665405925,0.129365286787496,1.39563403160971e-08,3.98315584844442e-08,0.12451054482793,22.9655951587383,1.85812250777705e-05,2.54616580387396e-07,3.63888677202045e-07,0.0288392595160317,0.840198118053553
trullikon_CH,2033,0.0302165136658723,2.74079190248832,193.744747475276,26.6152509633037,0.000587949566929021,0.00957767665405925,0.129365286787496,1.39563403160971e-08,3.98315584844442e-08,0.12451054482793,22.9655951587383,1.85812250777705e-05,2.54616580387396e-07,3.63888677202045e-07,0.0288392595160317,0.840198118053553
viking_UK,2045,0.0302165136658723,2.74079190248832,193.744747475276,26.6152509633037,0.000587949566929021,0.00957767665405925,0.129365286787496,1.39563403160971e-08,3.98315584844442e-08,0.12451054482793,22.9655951587383,1.85812250777705e-05,2.54616580387396e-07,3.63888677202045e-07,0.0288392595160317,0.840198118053553
viking_UK,2046,0.0302165136658723,2.74079190248832,193.744747475276,26.6152509633037,0.000587949566929021,0.00957767665405925,0.129365286787496,1.39563403160971e-08,3.98315584844442e-08,0.12451054482793,22.9655951587383,1.85812250777705e-05,2.54616580387396e-07,3.63888677202045e-07,0.0288392595160317,0.840198118053553
viking_UK,2048,0.0302165136658723,2.74079190248832,193.744747475276,26.6152509633037,0.000587949566929021,0.00957767665405925,0.129365286787496,1.39563403160971e-08,3.98315584844442e-08,0.12451054482793,22.9655951587383,1.85812250777705e-05,2.54616580387396e-07,3.63888677202045e-07,0.0288392595160317,0.840198118053553
viking_UK,2049,0.0302165136658723,2.74079190248832,193.744747475276,26.6152509633037,0.000587949566929021,0.00957767665405925,0.129365286787496,1.39563403160971e-08,3.98315584844442e-08,0.12451054482793,22.9655951587383,1.85812250777705e-05,2.54616580387396e-07,3.63888677202045e-07,0.0288392595160317,0.840198118053553
viking_UK,2050,0.0302165136658723,2.74079190248832,193.744747475276,26.6152509633037,0.000587949566929021,0.00957767665405925,0.129365286787496,1.39563403160971e-08,3.98315584844442e-08,0.12451054482793,22.9655951587383,1.85812250777705e-05,2.54616580387396e-07,3.63888677202045e-07,0.0288392595160317,0.840198118053553
viking_UK,2051,0.0302165136658723,2.74079190248832,193.744747475276,26.6152509633037,0.000587949566929021,0.00957767665405925,0.129365286787496,1.39563403160971e-08,3.98315584844442e-08,0.12451054482793,22.9655951587383,1.85812250777705e-05,2.54616580387396e-07,3.63888677202045e-07,0.0288392595160317,0.840198118053553
viking_UK,2052,0.0302165136658723,2.74079190248832,193.744747475276,26.6152509633037,0.000587949566929021,0.00957767665405925,0.129365286787496,1.39563403160971e-08,3.98315584844442e-08,0.12451054482793,22.9655951587383,1.85812250777705e-05,2.54616580387396e-07,3.63888677202045e-07,0.0288392595160317,0.840198118053553
viking_UK,2055,0.0302165136658723,2.74079190248832,193.744747475276,26.6152509633037,0.000587949566929021,0.00957767665405925,0.129365286787496,1.39563403160971e-08,3.98315584844442e-08,0.12451054482793,22.9655951587383,1.85812250777705e-05,2.54616580387396e-07,3.63888677202045e-07,0.0288392595160317,0.840198118053553
viking_UK,2054,0.0302165136658723,2.74079190248832,193.744747475276,26.6152509633037,0.000587949566929021,0.00957767665405925,0.129365286787496,1.39563403160971e-08,3.98315584844442e-08,0.12451054482793,22.9655951587383,1.85812250777705e-05,2.54616580387396e-07,3.63888677202045e-07,0.0288392595160317,0.840198118053553
viking_UK,2044,0.0302165136658723,2.74079190248832,193.744747475276,26.6152509633037,0.000587949566929021,0.00957767665405925,0.129365286787496,1.39563403160971e-08,3.98315584844442e-08,0.12451054482793,22.9655951587383,1.85812250777705e-05,2.54616580387396e-07,3.63888677202045e-07,0.0288392595160317,0.840198118053553
viking_UK,2056,0.0302165136658723,2.74079190248832,193.744747475276,26.6152509633037,0.000587949566929021,0.00957767665405925,0.129365286787496,1.39563403160971e-08,3.98315584844442e-08,0.12451054482793,22.9655951587383,1.85812250777705e-05,2.54616580387396e-07,3.63888677202045e-07,0.0288392595160317,0.840198118053553
viking_UK,2057,0.0302165136658723,2.74079190248832,193.744747475276,26.6152509633037,0.000587949566929021,0.00957767665405925,0.129365286787496,1.39563403160971e-08,3.98315584844442e-08,0.12451054482793,22.9655951587383,1.85812250777705e-05,2.54616580387396e-07,3.63888677202045e-07,0.0288392595160317,0.840198118053553
viking_UK,2058,0.0302165136658723,2.74079190248832,193.744747475276,26.6152509633037,0.000587949566929021,0.00957767665405925,0.129365286787496,1.39563403160971e-08,3.98315584844442e-08,0.12451054482793,22.9655951587383,1.85812250777705e-05,2.54616580387396e-07,3.63888677202045e-07,0.0288392595160317,0.840198118053553
viking_UK,2059,0.0302165136658723,2.74079190248832,193.744747475276,26.6152509633037,0.000587949566929021,0.00957767665405925,0.129365286787496,1.39563403160971e-08,3.98315584844442e-08,0.12451054482793,22.9655951587383,1.85812250777705e-05,2.54616580387396e-07,3.63888677202045e-07,0.0288392595160317,0.840198118053553
viking_UK,2060,0.0302165136658723,2.74079190248832,193.744747475276,26.6152509633037,0.000587949566929021,0.00957767665405925,0.129365286787496,1.39563403160971e-08,3.98315584844442e-08,0.12451054482793,22.9655951587383,1.85812250777705e-05,2.54616580387396e-07,3.63888677202045e-07,0.0288392595160317,0.840198118053553
viking_UK,2053,0.0302165136658723,2.74079190248832,193.744747475276,26.6152509633037,0.000587949566929021,0.00957767665405925,0.129365286787496,1.39563403160971e-08,3.98315584844442e-08,0.12451054482793,22.9655951587383,1.85812250777705e-05,2.54616580387396e-07,3.63888677202045e-07,0.0288392595160317,0.840198118053553
viking_UK,2043,0.0302165136658723,2.74079190248832,193.744747475276,26.6152509633037,0.000587949566929021,0.00957767665405925,0.129365286787496,1.39563403160971e-08,3.98315584844442e-08,0.12451054482793,22.9655951587383,1.85812250777705e-05,2.54616580387396e-07,3.63888677202045e-07,0.0288392595160317,0.840198118053553
viking_UK,2047,0.0302165136658723,2.74079190248832,193.744747475276,26.6152509633037,0.000587949566929021,0.00957767665405925,0.129365286787496,1.39563403160971e-08,3.98315584844442e-08,0.12451054482793,22.9655951587383,1.85812250777705e-05,2.54616580387396e-07,3.63888677202045e-07,0.0288392595160317,0.840198118053553
viking_UK,2041,0.0302165136658723,2.74079190248832,193.744747475276,26.6152509633037,0.000587949566929021,0.00957767665405925,0.129365286787496,1.39563403160971e-08,3.98315584844442e-08,0.12451054482793,22.9655951587383,1.85812250777705e-05,2.54616580387396e-07,3.63888677202045e-07,0.0288392595160317,0.840198118053553
viking_UK,2025,0.0302165136658723,2.74079190248832,193.744747475276,26.6152509633037,0.000587949566929021,0.00957767665405925,0.129365286787496,1.39563403160971e-08,3.98315584844442e-08,0.12451054482793,22.9655951587383,1.85812250777705e-05,2.54616580387396e-07,3.63888677202045e-07,0.0288392595160317,0.840198118053553
viking_UK,2026,0.0302165136658723,2.74079190248832,193.744747475276,26.6152509633037,0.000587949566929021,0.00957767665405925,0.129365286787496,1.39563403160971e-08,3.98315584844442e-08,0.12451054482793,22.9655951587383,1.85812250777705e-05,2.54616580387396e-07,3.63888677202045e-07,0.0288392595160317,0.840198118053553
viking_UK,2027,0.0302165136658723,2.74079190248832,193.744747475276,26.6152509633037,0.000587949566929021,0.00957767665405925,0.129365286787496,1.39563403160971e-08,3.98315584844442e-08,0.12451054482793,22.9655951587383,1.85812250777705e-05,2.54616580387396e-07,3.63888677202045e-07,0.0288392595160317,0.840198118053553
viking_UK,2028,0.0302165136658723,2.74079190248832,193.744747475276,26.6152509633037,0.000587949566929021,0.00957767665405925,0.129365286787496,1.39563403160971e-08,3.98315584844442e-08,0.12451054482793,22.9655951587383,1.85812250777705e-05,2.54616580387396e-07,3.63888677202045e-07,0.0288392595160317,0.840198118053553
viking_UK,2029,0.0302165136658723,2.74079190248832,193.744747475276,26.6152509633037,0.000587949566929021,0.00957767665405925,0.129365286787496,1.39563403160971e-08,3.98315584844442e-08,0.12451054482793,22.9655951587383,1.85812250777705e-05,2.54616580387396e-07,3.63888677202045e-07,0.0288392595160317,0.840198118053553
viking_UK,2030,0.0302165136658723,2.74079190248832,193.744747475276,26.6152509633037,0.000587949566929021,0.00957767665405925,0.129365286787496,1.39563403160971e-08,3.98315584844442e-08,0.12451054482793,22.9655951587383,1.85812250777705e-05,2.54616580387396e-07,3.63888677202045e-07,0.0288392595160317,0.840198118053553
viking_UK,2031,0.0302165136658723,2.74079190248832,193.744747475276,26.6152509633037,0.000587949566929021,0.00957767665405925,0.129365286787496,1.39563403160971e-08,3.98315584844442e-08,0.12451054482793,22.9655951587383,1.85812250777705e-05,2.54616580387396e-07,3.63888677202045e-07,0.0288392595160317,0.840198118053553
viking_UK,2032,0.0302165136658723,2.74079190248832,193.744747475276,26.6152509633037,0.000587949566929021,0.00957767665405925,0.129365286787496,1.39563403160971e-08,3.98315584844442e-08,0.12451054482793,22.9655951587383,1.85812250777705e-05,2.54616580387396e-07,3.63888677202045e-07,0.0288392595160317,0.840198118053553
viking_UK,2042,0.0302165136658723,2.74079190248832,193.744747475276,26.6152509633037,0.000587949566929021,0.00957767665405925,0.129365286787496,1.39563403160971e-08,3.98315584844442e-08,0.12451054482793,22.9655951587383,1.85812250777705e-05,2.54616580387396e-07,3.63888677202045e-07,0.0288392595160317,0.840198118053553
viking_UK,2034,0.0302165136658723,2.74079190248832,193.744747475276,26.6152509633037,0.000587949566929021,0.00957767665405925,0.129365286787496,1.39563403160971e-08,3.98315584844442e-08,0.12451054482793,22.9655951587383,1.85812250777705e-05,2.54616580387396e-07,3.63888677202045e-07,0.0288392595160317,0.840198118053553
viking_UK,2035,0.0302165136658723,2.74079190248832,193.744747475276,26.6152509633037,0.000587949566929021,0.00957767665405925,0.129365286787496,1.39563403160971e-08,3.98315584844442e-08,0.12451054482793,22.9655951587383,1.85812250777705e-05,2.54616580387396e-07,3.63888677202045e-07,0.0288392595160317,0.840198118053553
viking_UK,2036,0.0302165136658723,2.74079190248832,193.744747475276,26.6152509633037,0.000587949566929021,0.00957767665405925,0.129365286787496,1.39563403160971e-08,3.98315584844442e-08,0.12451054482793,22.9655951587383,1.85812250777705e-05,2.54616580387396e-07,3.63888677202045e-07,0.0288392595160317,0.840198118053553
viking_UK,2037,0.0302165136658723,2.74079190248832,193.744747475276,26.6152509633037,0.000587949566929021,0.00957767665405925,0.129365286787496,1.39563403160971e-08,3.98315584844442e-08,0.12451054482793,22.9655951587383,1.85812250777705e-05,2.54616580387396e-07,3.63888677202045e-07,0.0288392595160317,0.840198118053553
viking_UK,2038,0.0302165136658723,2.74079190248832,193.744747475276,26.6152509633037,0.000587949566929021,0.00957767665405925,0.129365286787496,1.39563403160971e-08,3.98315584844442e-08,0.12451054482793,22.9655951587383,1.85812250777705e-05,2.54616580387396e-07,3.63888677202045e-07,0.0288392595160317,0.840198118053553
viking_UK,2039,0.0302165136658723,2.74079190248832,193.744747475276,26.6152509633037,0.000587949566929021,0.00957767665405925,0.129365286787496,1.39563403160971e-08,3.98315584844442e-08,0.12451054482793,22.9655951587383,1.85812250777705e-05,2.54616580387396e-07,3.63888677202045e-07,0.0288392595160317,0.840198118053553
viking_UK,2040,0.0302165136658723,2.74079190248832,193.744747475276,26.6152509633037,0.000587949566929021,0.00957767665405925,0.129365286787496,1.39563403160971e-08,3.98315584844442e-08,0.12451054482793,22.9655951587383,1.85812250777705e-05,2.54616580387396e-07,3.63888677202045e-07,0.0288392595160317,0.840198118053553
viking_UK,2033,0.0302165136658723,2.74079190248832,193.744747475276,26.6152509633037,0.000587949566929021,0.00957767665405925,0.129365286787496,1.39563403160971e-08,3.98315584844442e-08,0.12451054482793,22.9655951587383,1.85812250777705e-05,2.54616580387396e-07,3.63888677202045e-07,0.0288392595160317,0.840198118053553
waste_110_CH,2044,0.0302165136658723,2.74079190248832,193.744747475276,26.6152509633037,0.000587949566929021,0.00957767665405925,0.129365286787496,1.39563403160971e-08,3.98315584844442e-08,0.12451054482793,22.9655951587383,1.85812250777705e-05,2.54616580387396e-07,3.63888677202045e-07,0.0288392595160317,0.840198118053553
waste_110_CH,2045,0.0302165136658723,2.74079190248832,193.744747475276,26.6152509633037,0.000587949566929021,0.00957767665405925,0.129365286787496,1.39563403160971e-08,3.98315584844442e-08,0.12451054482793,22.9655951587383,1.85812250777705e-05,2.54616580387396e-07,3.63888677202045e-07,0.0288392595160317,0.840198118053553
waste_110_CH,2046,0.0302165136658723,2.74079190248832,193.744747475276,26.6152509633037,0.000587949566929021,0.00957767665405925,0.129365286787496,1.39563403160971e-08,3.98315584844442e-08,0.12451054482793,22.9655951587383,1.85812250777705e-05,2.54616580387396e-07,3.63888677202045e-07,0.0288392595160317,0.840198118053553
waste_110_CH,2047,0.0302165136658723,2.74079190248832,193.744747475276,26.6152509633037,0.000587949566929021,0.00957767665405925,0.129365286787496,1.39563403160971e-08,3.98315584844442e-08,0.12451054482793,22.9655951587383,1.85812250777705e-05,2.54616580387396e-07,3.63888677202045e-07,0.0288392595160317,0.840198118053553
waste_110_CH,2048,0.0302165136658723,2.74079190248832,193.744747475276,26.6152509633037,0.000587949566929021,0.00957767665405925,0.129365286787496,1.39563403160971e-08,3.98315584844442e-08,0.12451054482793,22.9655951587383,1.85812250777705e-05,2.54616580387396e-07,3.63888677202045e-07,0.0288392595160317,0.840198118053553
waste_110_CH,2049,0.0302165136658723,2.74079190248832,193.744747475276,26.6152509633037,0.000587949566929021,0.00957767665405925,0.129365286787496,1.39563403160971e-08,3.98315584844442e-08,0.12451054482793,22.9655951587383,1.85812250777705e-05,2.54616580387396e-07,3.63888677202045e-07,0.0288392595160317,0.840198118053553
waste_110_CH,2050,0.0302165136658723,2.74079190248832,193.744747475276,26.6152509633037,0.000587949566929021,0.00957767665405925,0.129365286787496,1.39563403160971e-08,3.98315584844442e-08,0.12451054482793,22.9655951587383,1.85812250777705e-05,2.54616580387396e-07,3.63888677202045e-07,0.0288392595160317,0.840198118053553
waste_110_CH,2051,0.0302165136658723,2.74079190248832,193.744747475276,26.6152509633037,0.000587949566929021,0.00957767665405925,0.129365286787496,1.39563403160971e-08,3.98315584844442e-08,0.12451054482793,22.9655951587383,1.85812250777705e-05,2.54616580387396e-07,3.63888677202045e-07,0.0288392595160317,0.840198118053553
waste_110_CH,2055,0.0302165136658723,2.74079190248832,193.744747475276,26.6152509633037,0.000587949566929021,0.00957767665405925,0.129365286787496,1.39563403160971e-08,3.98315584844442e-08,0.12451054482793,22.9655951587383,1.85812250777705e-05,2.54616580387396e-07,3.63888677202045e-07,0.0288392595160317,0.840198118053553
waste_110_CH,2053,0.0302165136658723,2.74079190248832,193.744747475276,26.6152509633037,0.000587949566929021,0.00957767665405925,0.129365286787496,1.39563403160971e-08,3.98315584844442e-08,0.12451054482793,22.9655951587383,1.85812250777705e-05,2.54616580387396e-07,3.63888677202045e-07,0.0288392595160317,0.840198118053553
waste_110_CH,2054,0.0302165136658723,2.74079190248832,193.744747475276,26.6152509633037,0.000587949566929021,0.00957767665405925,0.129365286787496,1.39563403160971e-08,3.98315584844442e-08,0.12451054482793,22.9655951587383,1.85812250777705e-05,2.54616580387396e-07,3.63888677202045e-07,0.0288392595160317,0.840198118053553
waste_110_CH,2056,0.0302165136658723,2.74079190248832,193.744747475276,26.6152509633037,0.000587949566929021,0.00957767665405925,0.129365286787496,1.39563403160971e-08,3.98315584844442e-08,0.12451054482793,22.9655951587383,1.85812250777705e-05,2.54616580387396e-07,3.63888677202045e-07,0.0288392595160317,0.840198118053553
waste_110_CH,2057,0.0302165136658723,2.74079190248832,193.744747475276,26.6152509633037,0.000587949566929021,0.00957767665405925,0.129365286787496,1.39563403160971e-08,3.98315584844442e-08,0.12451054482793,22.9655951587383,1.85812250777705e-05,2.54616580387396e-07,3.63888677202045e-07,0.0288392595160317,0.840198118053553
waste_110_CH,2058,0.0302165136658723,2.74079190248832,193.744747475276,26.6152509633037,0.000587949566929021,0.00957767665405925,0.129365286787496,1.39563403160971e-08,3.98315584844442e-08,0.12451054482793,22.9655951587383,1.85812250777705e-05,2.54616580387396e-07,3.63888677202045e-07,0.0288392595160317,0.840198118053553
waste_110_CH,2059,0.0302165136658723,2.74079190248832,193.744747475276,26.6152509633037,0.000587949566929021,0.00957767665405925,0.129365286787496,1.39563403160971e-08,3.98315584844442e-08,0.12451054482793,22.9655951587383,1.85812250777705e-05,2.54616580387396e-07,3.63888677202045e-07,0.0288392595160317,0.840198118053553
waste_110_CH,2043,0.0302165136658723,2.74079190248832,193.744747475276,26.6152509633037,0.000587949566929021,0.00957767665405925,0.129365286787496,1.39563403160971e-08,3.98315584844442e-08,0.12451054482793,22.9655951587383,1.85812250777705e-05,2.54616580387396e-07,3.63888677202045e-07,0.0288392595160317,0.840198118053553
waste_110_CH,2052,0.0302165136658723,2.74079190248832,193.744747475276,26.6152509633037,0.000587949566929021,0.00957767665405925,0.129365286787496,1.39563403160971e-08,3.98315584844442e-08,0.12451054482793,22.9655951587383,1.85812250777705e-05,2.54616580387396e-07,3.63888677202045e-07,0.0288392595160317,0.840198118053553
waste_110_CH,2060,0.0302165136658723,2.74079190248832,193.744747475276,26.6152509633037,0.000587949566929021,0.00957767665405925,0.129365286787496,1.39563403160971e-08,3.98315584844442e-08,0.12451054482793,22.9655951587383,1.85812250777705e-05,2.54616580387396e-07,3.63888677202045e-07,0.0288392595160317,0.840198118053553
waste_110_CH,2042,0.0302165136658723,2.74079190248832,193.744747475276,26.6152509633037,0.000587949566929021,0.00957767665405925,0.129365286787496,1.39563403160971e-08,3.98315584844442e-08,0.12451054482793,22.9655951587383,1.85812250777705e-05,2.54616580387396e-07,3.63888677202045e-07,0.0288392595160317,0.840198118053553
waste_110_CH,2040,0.0302165136658723,2.74079190248832,193.744747475276,26.6152509633037,0.000587949566929021,0.00957767665405925,0.129365286787496,1.39563403160971e-08,3.98315584844442e-08,0.12451054482793,22.9655951587383,1.85812250777705e-05,2.54616580387396e-07,3.63888677202045e-07,0.0288392595160317,0.840198118053553
waste_110_CH,2025,0.0302165136658723,2.74079190248832,193.744747475276,26.6152509633037,0.000587949566929021,0.00957767665405925,0.129365286787496,1.39563403160971e-08,3.98315584844442e-08,0.12451054482793,22.9655951587383,1.85812250777705e-05,2.54616580387396e-07,3.63888677202045e-07,0.0288392595160317,0.840198118053553
waste_110_CH,2026,0.0302165136658723,2.74079190248832,193.744747475276,26.6152509633037,0.000587949566929021,0.00957767665405925,0.129365286787496,1.39563403160971e-08,3.98315584844442e-08,0.12451054482793,22.9655951587383,1.85812250777705e-05,2.54616580387396e-07,3.63888677202045e-07,0.0288392595160317,0.840198118053553
waste_110_CH,2027,0.0302165136658723,2.74079190248832,193.744747475276,26.6152509633037,0.000587949566929021,0.00957767665405925,0.129365286787496,1.39563403160971e-08,3.98315584844442e-08,0.12451054482793,22.9655951587383,1.85812250777705e-05,2.54616580387396e-07,3.63888677202045e-07,0.0288392595160317,0.840198118053553
waste_110_CH,2028,0.0302165136658723,2.74079190248832,193.744747475276,26.6152509633037,0.000587949566929021,0.00957767665405925,0.129365286787496,1.39563403160971e-08,3.98315584844442e-08,0.12451054482793,22.9655951587383,1.85812250777705e-05,2.54616580387396e-07,3.63888677202045e-07,0.0288392595160317,0.840198118053553
waste_110_CH,2029,0.0302165136658723,2.74079190248832,193.744747475276,26.6152509633037,0.000587949566929021,0.00957767665405925,0.129365286787496,1.39563403160971e-08,3.98315584844442e-08,0.12451054482793,22.9655951587383,1.85812250777705e-05,2.54616580387396e-07,3.63888677202045e-07,0.0288392595160317,0.840198118053553
waste_110_CH,2030,0.0302165136658723,2.74079190248832,193.744747475276,26.6152509633037,0.000587949566929021,0.00957767665405925,0.129365286787496,1.39563403160971e-08,3.98315584844442e-08,0.12451054482793,22.9655951587383,1.85812250777705e-05,2.54616580387396e-07,3.63888677202045e-07,0.0288392595160317,0.840198118053553
waste_110_CH,2031,0.0302165136658723,2.74079190248832,193.744747475276,26.6152509633037,0.000587949566929021,0.00957767665405925,0.129365286787496,1.39563403160971e-08,3.98315584844442e-08,0.12451054482793,22.9655951587383,1.85812250777705e-05,2.54616580387396e-07,3.63888677202045e-07,0.0288392595160317,0.840198118053553
waste_110_CH,2041,0.0302165136658723,2.74079190248832,193.744747475276,26.6152509633037,0.000587949566929021,0.00957767665405925,0.129365286787496,1.39563403160971e-08,3.98315584844442e-08,0.12451054482793,22.9655951587383,1.85812250777705e-05,2.54616580387396e-07,3.63888677202045e-07,0.0288392595160317,0.840198118053553
waste_110_CH,2033,0.0302165136658723,2.74079190248832,193.744747475276,26.6152509633037,0.000587949566929021,0.00957767665405925,0.129365286787496,1.39563403160971e-08,3.98315584844442e-08,0.12451054482793,22.9655951587383,1.85812250777705e-05,2.54616580387396e-07,3.63888677202045e-07,0.0288392595160317,0.840198118053553
waste_110_CH,2034,0.0302165136658723,2.74079190248832,193.744747475276,26.6152509633037,0.000587949566929021,0.00957767665405925,0.129365286787496,1.39563403160971e-08,3.98315584844442e-08,0.12451054482793,22.9655951587383,1.85812250777705e-05,2.54616580387396e-07,3.63888677202045e-07,0.0288392595160317,0.840198118053553
waste_110_CH,2035,0.0302165136658723,2.74079190248832,193.744747475276,26.6152509633037,0.000587949566929021,0.00957767665405925,0.129365286787496,1.39563403160971e-08,3.98315584844442e-08,0.12451054482793,22.9655951587383,1.85812250777705e-05,2.54616580387396e-07,3.63888677202045e-07,0.0288392595160317,0.840198118053553
waste_110_CH,2036,0.0302165136658723,2.74079190248832,193.744747475276,26.6152509633037,0.000587949566929021,0.00957767665405925,0.129365286787496,1.39563403160971e-08,3.98315584844442e-08,0.12451054482793,22.9655951587383,1.85812250777705e-05,2.54616580387396e-07,3.63888677202045e-07,0.0288392595160317,0.840198118053553
waste_110_CH,2037,0.0302165136658723,2.74079190248832,193.744747475276,26.6152509633037,0.000587949566929021,0.00957767665405925,0.129365286787496,1.39563403160971e-08,3.98315584844442e-08,0.12451054482793,22.9655951587383,1.85812250777705e-05,2.54616580387396e-07,3.63888677202045e-07,0.0288392595160317,0.840198118053553
waste_110_CH,2038,0.0302165136658723,2.74079190248832,193.744747475276,26.6152509633037,0.000587949566929021,0.00957767665405925,0.129365286787496,1.39563403160971e-08,3.98315584844442e-08,0.12451054482793,22.9655951587383,1.85812250777705e-05,2.54616580387396e-07,3.63888677202045e-07,0.0288392595160317,0.840198118053553
waste_110_CH,2039,0.0302165136658723,2.74079190248832,193.744747475276,26.6152509633037,0.000587949566929021,0.00957767665405925,0.129365286787496,1.39563403160971e-08,3.98315584844442e-08,0.12451054482793,22.9655951587383,1.85812250777705e-05,2.54616580387396e-07,3.63888677202045e-07,0.0288392595160317,0.840198118053553
waste_110_CH,2032,0.0302165136658723,2.74079190248832,193.744747475276,26.6152509633037,0.000587949566929021,0.00957767665405925,0.129365286787496,1.39563403160971e-08,3.98315584844442e-08,0.12451054482793,22.9655951587383,1.85812250777705e-05,2.54616580387396e-07,3.63888677202045e-07,0.0288392595160317,0.840198118053553
waste_206_CH,2045,0.0302165136658723,2.74079190248832,193.744747475276,26.6152509633037,0.000587949566929021,0.00957767665405925,0.129365286787496,1.39563403160971e-08,3.98315584844442e-08,0.12451054482793,22.9655951587383,1.85812250777705e-05,2.54616580387396e-07,3.63888677202045e-07,0.0288392595160317,0.840198118053553
waste_206_CH,2046,0.0302165136658723,2.74079190248832,193.744747475276,26.6152509633037,0.000587949566929021,0.00957767665405925,0.129365286787496,1.39563403160971e-08,3.98315584844442e-08,0.12451054482793,22.9655951587383,1.85812250777705e-05,2.54616580387396e-07,3.63888677202045e-07,0.0288392595160317,0.840198118053553
waste_206_CH,2048,0.0302165136658723,2.74079190248832,193.744747475276,26.6152509633037,0.000587949566929021,0.00957767665405925,0.129365286787496,1.39563403160971e-08,3.98315584844442e-08,0.12451054482793,22.9655951587383,1.85812250777705e-05,2.54616580387396e-07,3.63888677202045e-07,0.0288392595160317,0.840198118053553
waste_206_CH,2049,0.0302165136658723,2.74079190248832,193.744747475276,26.6152509633037,0.000587949566929021,0.00957767665405925,0.129365286787496,1.39563403160971e-08,3.98315584844442e-08,0.12451054482793,22.9655951587383,1.85812250777705e-05,2.54616580387396e-07,3.63888677202045e-07,0.0288392595160317,0.840198118053553
waste_206_CH,2050,0.0302165136658723,2.74079190248832,193.744747475276,26.6152509633037,0.000587949566929021,0.00957767665405925,0.129365286787496,1.39563403160971e-08,3.98315584844442e-08,0.12451054482793,22.9655951587383,1.85812250777705e-05,2.54616580387396e-07,3.63888677202045e-07,0.0288392595160317,0.840198118053553
waste_206_CH,2051,0.0302165136658723,2.74079190248832,193.744747475276,26.6152509633037,0.000587949566929021,0.00957767665405925,0.129365286787496,1.39563403160971e-08,3.98315584844442e-08,0.12451054482793,22.9655951587383,1.85812250777705e-05,2.54616580387396e-07,3.63888677202045e-07,0.0288392595160317,0.840198118053553
waste_206_CH,2052,0.0302165136658723,2.74079190248832,193.744747475276,26.6152509633037,0.000587949566929021,0.00957767665405925,0.129365286787496,1.39563403160971e-08,3.98315584844442e-08,0.12451054482793,22.9655951587383,1.85812250777705e-05,2.54616580387396e-07,3.63888677202045e-07,0.0288392595160317,0.840198118053553
waste_206_CH,2055,0.0302165136658723,2.74079190248832,193.744747475276,26.6152509633037,0.000587949566929021,0.00957767665405925,0.129365286787496,1.39563403160971e-08,3.98315584844442e-08,0.12451054482793,22.9655951587383,1.85812250777705e-05,2.54616580387396e-07,3.63888677202045e-07,0.0288392595160317,0.840198118053553
waste_206_CH,2054,0.0302165136658723,2.74079190248832,193.744747475276,26.6152509633037,0.000587949566929021,0.00957767665405925,0.129365286787496,1.39563403160971e-08,3.98315584844442e-08,0.12451054482793,22.9655951587383,1.85812250777705e-05,2.54616580387396e-07,3.63888677202045e-07,0.0288392595160317,0.840198118053553
waste_206_CH,2044,0.0302165136658723,2.74079190248832,193.744747475276,26.6152509633037,0.000587949566929021,0.00957767665405925,0.129365286787496,1.39563403160971e-08,3.98315584844442e-08,0.12451054482793,22.9655951587383,1.85812250777705e-05,2.54616580387396e-07,3.63888677202045e-07,0.0288392595160317,0.840198118053553
waste_206_CH,2056,0.0302165136658723,2.74079190248832,193.744747475276,26.6152509633037,0.000587949566929021,0.00957767665405925,0.129365286787496,1.39563403160971e-08,3.98315584844442e-08,0.12451054482793,22.9655951587383,1.85812250777705e-05,2.54616580387396e-07,3.63888677202045e-07,0.0288392595160317,0.840198118053553
waste_206_CH,2057,0.0302165136658723,2.74079190248832,193.744747475276,26.6152509633037,0.000587949566929021,0.00957767665405925,0.129365286787496,1.39563403160971e-08,3.98315584844442e-08,0.12451054482793,22.9655951587383,1.85812250777705e-05,2.54616580387396e-07,3.63888677202045e-07,0.0288392595160317,0.840198118053553
waste_206_CH,2058,0.0302165136658723,2.74079190248832,193.744747475276,26.6152509633037,0.000587949566929021,0.00957767665405925,0.129365286787496,1.39563403160971e-08,3.98315584844442e-08,0.12451054482793,22.9655951587383,1.85812250777705e-05,2.54616580387396e-07,3.63888677202045e-07,0.0288392595160317,0.840198118053553
waste_206_CH,2059,0.0302165136658723,2.74079190248832,193.744747475276,26.6152509633037,0.000587949566929021,0.00957767665405925,0.129365286787496,1.39563403160971e-08,3.98315584844442e-08,0.12451054482793,22.9655951587383,1.85812250777705e-05,2.54616580387396e-07,3.63888677202045e-07,0.0288392595160317,0.840198118053553
waste_206_CH,2060,0.0302165136658723,2.74079190248832,193.744747475276,26.6152509633037,0.000587949566929021,0.00957767665405925,0.129365286787496,1.39563403160971e-08,3.98315584844442e-08,0.12451054482793,22.9655951587383,1.85812250777705e-05,2.54616580387396e-07,3.63888677202045e-07,0.0288392595160317,0.840198118053553
waste_206_CH,2053,0.0302165136658723,2.74079190248832,193.744747475276,26.6152509633037,0.000587949566929021,0.00957767665405925,0.129365286787496,1.39563403160971e-08,3.98315584844442e-08,0.12451054482793,22.9655951587383,1.85812250777705e-05,2.54616580387396e-07,3.63888677202045e-07,0.0288392595160317,0.840198118053553
waste_206_CH,2042,0.0302165136658723,2.74079190248832,193.744747475276,26.6152509633037,0.000587949566929021,0.00957767665405925,0.129365286787496,1.39563403160971e-08,3.98315584844442e-08,0.12451054482793,22.9655951587383,1.85812250777705e-05,2.54616580387396e-07,3.63888677202045e-07,0.0288392595160317,0.840198118053553
waste_206_CH,2047,0.0302165136658723,2.74079190248832,193.744747475276,26.6152509633037,0.000587949566929021,0.00957767665405925,0.129365286787496,1.39563403160971e-08,3.98315584844442e-08,0.12451054482793,22.9655951587383,1.85812250777705e-05,2.54616580387396e-07,3.63888677202045e-07,0.0288392595160317,0.840198118053553
waste_206_CH,2043,0.0302165136658723,2.74079190248832,193.744747475276,26.6152509633037,0.000587949566929021,0.00957767665405925,0.129365286787496,1.39563403160971e-08,3.98315584844442e-08,0.12451054482793,22.9655951587383,1.85812250777705e-05,2.54616580387396e-07,3.63888677202045e-07,0.0288392595160317,0.840198118053553
waste_206_CH,2041,0.0302165136658723,2.74079190248832,193.744747475276,26.6152509633037,0.000587949566929021,0.00957767665405925,0.129365286787496,1.39563403160971e-08,3.98315584844442e-08,0.12451054482793,22.9655951587383,1.85812250777705e-05,2.54616580387396e-07,3.63888677202045e-07,0.0288392595160317,0.840198118053553
waste_206_CH,2025,0.0302165136658723,2.74079190248832,193.744747475276,26.6152509633037,0.000587949566929021,0.00957767665405925,0.129365286787496,1.39563403160971e-08,3.98315584844442e-08,0.12451054482793,22.9655951587383,1.85812250777705e-05,2.54616580387396e-07,3.63888677202045e-07,0.0288392595160317,0.840198118053553
waste_206_CH,2026,0.0302165136658723,2.74079190248832,193.744747475276,26.6152509633037,0.000587949566929021,0.00957767665405925,0.129365286787496,1.39563403160971e-08,3.98315584844442e-08,0.12451054482793,22.9655951587383,1.85812250777705e-05,2.54616580387396e-07,3.63888677202045e-07,0.0288392595160317,0.840198118053553
waste_206_CH,2027,0.0302165136658723,2.74079190248832,193.744747475276,26.6152509633037,0.000587949566929021,0.00957767665405925,0.129365286787496,1.39563403160971e-08,3.98315584844442e-08,0.12451054482793,22.9655951587383,1.85812250777705e-05,2.54616580387396e-07,3.63888677202045e-07,0.0288392595160317,0.840198118053553
waste_206_CH,2028,0.0302165136658723,2.74079190248832,193.744747475276,26.6152509633037,0.000587949566929021,0.00957767665405925,0.129365286787496,1.39563403160971e-08,3.98315584844442e-08,0.12451054482793,22.9655951587383,1.85812250777705e-05,2.54616580387396e-07,3.63888677202045e-07,0.0288392595160317,0.840198118053553
waste_206_CH,2030,0.0302165136658723,2.74079190248832,193.744747475276,26.6152509633037,0.000587949566929021,0.00957767665405925,0.129365286787496,1.39563403160971e-08,3.98315584844442e-08,0.12451054482793,22.9655951587383,1.85812250777705e-05,2.54616580387396e-07,3.63888677202045e-07,0.0288392595160317,0.840198118053553
waste_206_CH,2031,0.0302165136658723,2.74079190248832,193.744747475276,26.6152509633037,0.000587949566929021,0.00957767665405925,0.129365286787496,1.39563403160971e-08,3.98315584844442e-08,0.12451054482793,22.9655951587383,1.85812250777705e-05,2.54616580387396e-07,3.63888677202045e-07,0.0288392595160317,0.840198118053553
waste_206_CH,2032,0.0302165136658723,2.74079190248832,193.744747475276,26.6152509633037,0.000587949566929021,0.00957767665405925,0.129365286787496,1.39563403160971e-08,3.98315584844442e-08,0.12451054482793,22.9655951587383,1.85812250777705e-05,2.54616580387396e-07,3.63888677202045e-07,0.0288392595160317,0.840198118053553
waste_206_CH,2029,0.0302165136658723,2.74079190248832,193.744747475276,26.6152509633037,0.000587949566929021,0.00957767665405925,0.129365286787496,1.39563403160971e-08,3.98315584844442e-08,0.12451054482793,22.9655951587383,1.85812250777705e-05,2.54616580387396e-07,3.63888677202045e-07,0.0288392595160317,0.840198118053553
waste_206_CH,2034,0.0302165136658723,2.74079190248832,193.744747475276,26.6152509633037,0.000587949566929021,0.00957767665405925,0.129365286787496,1.39563403160971e-08,3.98315584844442e-08,0.12451054482793,22.9655951587383,1.85812250777705e-05,2.54616580387396e-07,3.63888677202045e-07,0.0288392595160317,0.840198118053553
waste_206_CH,2035,0.0302165136658723,2.74079190248832,193.744747475276,26.6152509633037,0.000587949566929021,0.00957767665405925,0.129365286787496,1.39563403160971e-08,3.98315584844442e-08,0.12451054482793,22.9655951587383,1.85812250777705e-05,2.54616580387396e-07,3.63888677202045e-07,0.0288392595160317,0.840198118053553
waste_206_CH,2036,0.0302165136658723,2.74079190248832,193.744747475276,26.6152509633037,0.000587949566929021,0.00957767665405925,0.129365286787496,1.39563403160971e-08,3.98315584844442e-08,0.12451054482793,22.9655951587383,1.85812250777705e-05,2.54616580387396e-07,3.63888677202045e-07,0.0288392595160317,0.840198118053553
waste_206_CH,2037,0.0302165136658723,2.74079190248832,193.744747475276,26.6152509633037,0.000587949566929021,0.00957767665405925,0.129365286787496,1.39563403160971e-08,3.98315584844442e-08,0.12451054482793,22.9655951587383,1.85812250777705e-05,2.54616580387396e-07,3.63888677202045e-07,0.0288392595160317,0.840198118053553
waste_206_CH,2038,0.0302165136658723,2.74079190248832,193.744747475276,26.6152509633037,0.000587949566929021,0.00957767665405925,0.129365286787496,1.39563403160971e-08,3.98315584844442e-08,0.12451054482793,22.9655951587383,1.85812250777705e-05,2.54616580387396e-07,3.63888677202045e-07,0.0288392595160317,0.840198118053553
waste_206_CH,2039,0.0302165136658723,2.74079190248832,193.744747475276,26.6152509633037,0.000587949566929021,0.00957767665405925,0.129365286787496,1.39563403160971e-08,3.98315584844442e-08,0.12451054482793,22.9655951587383,1.85812250777705e-05,2.54616580387396e-07,3.63888677202045e-07,0.0288392595160317,0.840198118053553
waste_206_CH,2040,0.0302165136658723,2.74079190248832,193.744747475276,26.6152509633037,0.000587949566929021,0.00957767665405925,0.129365286787496,1.39563403160971e-08,3.98315584844442e-08,0.12451054482793,22.9655951587383,1.85812250777705e-05,2.54616580387396e-07,3.63888677202045e-07,0.0288392595160317,0.840198118053553
waste_206_CH,2033,0.0302165136658723,2.74079190248832,193.744747475276,26.6152509633037,0.000587949566929021,0.00957767665405925,0.129365286787496,1.39563403160971e-08,3.98315584844442e-08,0.12451054482793,22.9655951587383,1.85812250777705e-05,2.54616580387396e-07,3.63888677202045e-07,0.0288392595160317,0.840198118053553
waste_223_CH,2050,0.0302165136658723,2.74079190248832,193.744747475276,26.6152509633037,0.000587949566929021,0.00957767665405925,0.129365286787496,1.39563403160971e-08,3.98315584844442e-08,0.12451054482793,22.9655951587383,1.85812250777705e-05,2.54616580387396e-07,3.63888677202045e-07,0.0288392595160317,0.840198118053553
waste_223_CH,2044,0.0302165136658723,2.74079190248832,193.744747475276,26.6152509633037,0.000587949566929021,0.00957767665405925,0.129365286787496,1.39563403160971e-08,3.98315584844442e-08,0.12451054482793,22.9655951587383,1.85812250777705e-05,2.54616580387396e-07,3.63888677202045e-07,0.0288392595160317,0.840198118053553
waste_223_CH,2045,0.0302165136658723,2.74079190248832,193.744747475276,26.6152509633037,0.000587949566929021,0.00957767665405925,0.129365286787496,1.39563403160971e-08,3.98315584844442e-08,0.12451054482793,22.9655951587383,1.85812250777705e-05,2.54616580387396e-07,3.63888677202045e-07,0.0288392595160317,0.840198118053553
waste_223_CH,2046,0.0302165136658723,2.74079190248832,193.744747475276,26.6152509633037,0.000587949566929021,0.00957767665405925,0.129365286787496,1.39563403160971e-08,3.98315584844442e-08,0.12451054482793,22.9655951587383,1.85812250777705e-05,2.54616580387396e-07,3.63888677202045e-07,0.0288392595160317,0.840198118053553
waste_223_CH,2047,0.0302165136658723,2.74079190248832,193.744747475276,26.6152509633037,0.000587949566929021,0.00957767665405925,0.129365286787496,1.39563403160971e-08,3.98315584844442e-08,0.12451054482793,22.9655951587383,1.85812250777705e-05,2.54616580387396e-07,3.63888677202045e-07,0.0288392595160317,0.840198118053553
waste_223_CH,2048,0.0302165136658723,2.74079190248832,193.744747475276,26.6152509633037,0.000587949566929021,0.00957767665405925,0.129365286787496,1.39563403160971e-08,3.98315584844442e-08,0.12451054482793,22.9655951587383,1.85812250777705e-05,2.54616580387396e-07,3.63888677202045e-07,0.0288392595160317,0.840198118053553
waste_223_CH,2049,0.0302165136658723,2.74079190248832,193.744747475276,26.6152509633037,0.000587949566929021,0.00957767665405925,0.129365286787496,1.39563403160971e-08,3.98315584844442e-08,0.12451054482793,22.9655951587383,1.85812250777705e-05,2.54616580387396e-07,3.63888677202045e-07,0.0288392595160317,0.840198118053553
waste_223_CH,2051,0.0302165136658723,2.74079190248832,193.744747475276,26.6152509633037,0.000587949566929021,0.00957767665405925,0.129365286787496,1.39563403160971e-08,3.98315584844442e-08,0.12451054482793,22.9655951587383,1.85812250777705e-05,2.54616580387396e-07,3.63888677202045e-07,0.0288392595160317,0.840198118053553
waste_223_CH,2043,0.0302165136658723,2.74079190248832,193.744747475276,26.6152509633037,0.000587949566929021,0.00957767665405925,0.129365286787496,1.39563403160971e-08,3.98315584844442e-08,0.12451054482793,22.9655951587383,1.85812250777705e-05,2.54616580387396e-07,3.63888677202045e-07,0.0288392595160317,0.840198118053553
waste_223_CH,2053,0.0302165136658723,2.74079190248832,193.744747475276,26.6152509633037,0.000587949566929021,0.00957767665405925,0.129365286787496,1.39563403160971e-08,3.98315584844442e-08,0.12451054482793,22.9655951587383,1.85812250777705e-05,2.54616580387396e-07,3.63888677202045e-07,0.0288392595160317,0.840198118053553
waste_223_CH,2054,0.0302165136658723,2.74079190248832,193.744747475276,26.6152509633037,0.000587949566929021,0.00957767665405925,0.129365286787496,1.39563403160971e-08,3.98315584844442e-08,0.12451054482793,22.9655951587383,1.85812250777705e-05,2.54616580387396e-07,3.63888677202045e-07,0.0288392595160317,0.840198118053553
waste_223_CH,2055,0.0302165136658723,2.74079190248832,193.744747475276,26.6152509633037,0.000587949566929021,0.00957767665405925,0.129365286787496,1.39563403160971e-08,3.98315584844442e-08,0.12451054482793,22.9655951587383,1.85812250777705e-05,2.54616580387396e-07,3.63888677202045e-07,0.0288392595160317,0.840198118053553
waste_223_CH,2056,0.0302165136658723,2.74079190248832,193.744747475276,26.6152509633037,0.000587949566929021,0.00957767665405925,0.129365286787496,1.39563403160971e-08,3.98315584844442e-08,0.12451054482793,22.9655951587383,1.85812250777705e-05,2.54616580387396e-07,3.63888677202045e-07,0.0288392595160317,0.840198118053553
waste_223_CH,2057,0.0302165136658723,2.74079190248832,193.744747475276,26.6152509633037,0.000587949566929021,0.00957767665405925,0.129365286787496,1.39563403160971e-08,3.98315584844442e-08,0.12451054482793,22.9655951587383,1.85812250777705e-05,2.54616580387396e-07,3.63888677202045e-07,0.0288392595160317,0.840198118053553
waste_223_CH,2058,0.0302165136658723,2.74079190248832,193.744747475276,26.6152509633037,0.000587949566929021,0.00957767665405925,0.129365286787496,1.39563403160971e-08,3.98315584844442e-08,0.12451054482793,22.9655951587383,1.85812250777705e-05,2.54616580387396e-07,3.63888677202045e-07,0.0288392595160317,0.840198118053553
waste_223_CH,2059,0.0302165136658723,2.74079190248832,193.744747475276,26.6152509633037,0.000587949566929021,0.00957767665405925,0.129365286787496,1.39563403160971e-08,3.98315584844442e-08,0.12451054482793,22.9655951587383,1.85812250777705e-05,2.54616580387396e-07,3.63888677202045e-07,0.0288392595160317,0.840198118053553
waste_223_CH,2052,0.0302165136658723,2.74079190248832,193.744747475276,26.6152509633037,0.000587949566929021,0.00957767665405925,0.129365286787496,1.39563403160971e-08,3.98315584844442e-08,0.12451054482793,22.9655951587383,1.85812250777705e-05,2.54616580387396e-07,3.63888677202045e-07,0.0288392595160317,0.840198118053553
waste_223_CH,2060,0.0302165136658723,2.74079190248832,193.744747475276,26.6152509633037,0.000587949566929021,0.00957767665405925,0.129365286787496,1.39563403160971e-08,3.98315584844442e-08,0.12451054482793,22.9655951587383,1.85812250777705e-05,2.54616580387396e-07,3.63888677202045e-07,0.0288392595160317,0.840198118053553
waste_223_CH,2042,0.0302165136658723,2.74079190248832,193.744747475276,26.6152509633037,0.000587949566929021,0.00957767665405925,0.129365286787496,1.39563403160971e-08,3.98315584844442e-08,0.12451054482793,22.9655951587383,1.85812250777705e-05,2.54616580387396e-07,3.63888677202045e-07,0.0288392595160317,0.840198118053553
waste_223_CH,2040,0.0302165136658723,2.74079190248832,193.744747475276,26.6152509633037,0.000587949566929021,0.00957767665405925,0.129365286787496,1.39563403160971e-08,3.98315584844442e-08,0.12451054482793,22.9655951587383,1.85812250777705e-05,2.54616580387396e-07,3.63888677202045e-07,0.0288392595160317,0.840198118053553
waste_223_CH,2025,0.0302165136658723,2.74079190248832,193.744747475276,26.6152509633037,0.000587949566929021,0.00957767665405925,0.129365286787496,1.39563403160971e-08,3.98315584844442e-08,0.12451054482793,22.9655951587383,1.85812250777705e-05,2.54616580387396e-07,3.63888677202045e-07,0.0288392595160317,0.840198118053553
waste_223_CH,2026,0.0302165136658723,2.74079190248832,193.744747475276,26.6152509633037,0.000587949566929021,0.00957767665405925,0.129365286787496,1.39563403160971e-08,3.98315584844442e-08,0.12451054482793,22.9655951587383,1.85812250777705e-05,2.54616580387396e-07,3.63888677202045e-07,0.0288392595160317,0.840198118053553
waste_223_CH,2027,0.0302165136658723,2.74079190248832,193.744747475276,26.6152509633037,0.000587949566929021,0.00957767665405925,0.129365286787496,1.39563403160971e-08,3.98315584844442e-08,0.12451054482793,22.9655951587383,1.85812250777705e-05,2.54616580387396e-07,3.63888677202045e-07,0.0288392595160317,0.840198118053553
waste_223_CH,2028,0.0302165136658723,2.74079190248832,193.744747475276,26.6152509633037,0.000587949566929021,0.00957767665405925,0.129365286787496,1.39563403160971e-08,3.98315584844442e-08,0.12451054482793,22.9655951587383,1.85812250777705e-05,2.54616580387396e-07,3.63888677202045e-07,0.0288392595160317,0.840198118053553
waste_223_CH,2029,0.0302165136658723,2.74079190248832,193.744747475276,26.6152509633037,0.000587949566929021,0.00957767665405925,0.129365286787496,1.39563403160971e-08,3.98315584844442e-08,0.12451054482793,22.9655951587383,1.85812250777705e-05,2.54616580387396e-07,3.63888677202045e-07,0.0288392595160317,0.840198118053553
waste_223_CH,2030,0.0302165136658723,2.74079190248832,193.744747475276,26.6152509633037,0.000587949566929021,0.00957767665405925,0.129365286787496,1.39563403160971e-08,3.98315584844442e-08,0.12451054482793,22.9655951587383,1.85812250777705e-05,2.54616580387396e-07,3.63888677202045e-07,0.0288392595160317,0.840198118053553
waste_223_CH,2031,0.0302165136658723,2.74079190248832,193.744747475276,26.6152509633037,0.000587949566929021,0.00957767665405925,0.129365286787496,1.39563403160971e-08,3.98315584844442e-08,0.12451054482793,22.9655951587383,1.85812250777705e-05,2.54616580387396e-07,3.63888677202045e-07,0.0288392595160317,0.840198118053553
waste_223_CH,2041,0.0302165136658723,2.74079190248832,193.744747475276,26.6152509633037,0.000587949566929021,0.00957767665405925,0.129365286787496,1.39563403160971e-08,3.98315584844442e-08,0.12451054482793,22.9655951587383,1.85812250777705e-05,2.54616580387396e-07,3.63888677202045e-07,0.0288392595160317,0.840198118053553
waste_223_CH,2033,0.0302165136658723,2.74079190248832,193.744747475276,26.6152509633037,0.000587949566929021,0.00957767665405925,0.129365286787496,1.39563403160971e-08,3.98315584844442e-08,0.12451054482793,22.9655951587383,1.85812250777705e-05,2.54616580387396e-07,3.63888677202045e-07,0.0288392595160317,0.840198118053553
waste_223_CH,2034,0.0302165136658723,2.74079190248832,193.744747475276,26.6152509633037,0.000587949566929021,0.00957767665405925,0.129365286787496,1.39563403160971e-08,3.98315584844442e-08,0.12451054482793,22.9655951587383,1.85812250777705e-05,2.54616580387396e-07,3.63888677202045e-07,0.0288392595160317,0.840198118053553
waste_223_CH,2035,0.0302165136658723,2.74079190248832,193.744747475276,26.6152509633037,0.000587949566929021,0.00957767665405925,0.129365286787496,1.39563403160971e-08,3.98315584844442e-08,0.12451054482793,22.9655951587383,1.85812250777705e-05,2.54616580387396e-07,3.63888677202045e-07,0.0288392595160317,0.840198118053553
waste_223_CH,2036,0.0302165136658723,2.74079190248832,193.744747475276,26.6152509633037,0.000587949566929021,0.00957767665405925,0.129365286787496,1.39563403160971e-08,3.98315584844442e-08,0.12451054482793,22.9655951587383,1.85812250777705e-05,2.54616580387396e-07,3.63888677202045e-07,0.0288392595160317,0.840198118053553
waste_223_CH,2037,0.0302165136658723,2.74079190248832,193.744747475276,26.6152509633037,0.000587949566929021,0.00957767665405925,0.129365286787496,1.39563403160971e-08,3.98315584844442e-08,0.12451054482793,22.9655951587383,1.85812250777705e-05,2.54616580387396e-07,3.63888677202045e-07,0.0288392595160317,0.840198118053553
waste_223_CH,2038,0.0302165136658723,2.74079190248832,193.744747475276,26.6152509633037,0.000587949566929021,0.00957767665405925,0.129365286787496,1.39563403160971e-08,3.98315584844442e-08,0.12451054482793,22.9655951587383,1.85812250777705e-05,2.54616580387396e-07,3.63888677202045e-07,0.0288392595160317,0.840198118053553
waste_223_CH,2039,0.0302165136658723,2.74079190248832,193.744747475276,26.6152509633037,0.000587949566929021,0.00957767665405925,0.129365286787496,1.39563403160971e-08,3.98315584844442e-08,0.12451054482793,22.9655951587383,1.85812250777705e-05,2.54616580387396e-07,3.63888677202045e-07,0.0288392595160317,0.840198118053553
waste_223_CH,2032,0.0302165136658723,2.74079190248832,193.744747475276,26.6152509633037,0.000587949566929021,0.00957767665405925,0.129365286787496,1.39563403160971e-08,3.98315584844442e-08,0.12451054482793,22.9655951587383,1.85812250777705e-05,2.54616580387396e-07,3.63888677202045e-07,0.0288392595160317,0.840198118053553
waste_227_CH,2044,0.0302165136658723,2.74079190248832,193.744747475276,26.6152509633037,0.000587949566929021,0.00957767665405925,0.129365286787496,1.39563403160971e-08,3.98315584844442e-08,0.12451054482793,22.9655951587383,1.85812250777705e-05,2.54616580387396e-07,3.63888677202045e-07,0.0288392595160317,0.840198118053553
waste_227_CH,2045,0.0302165136658723,2.74079190248832,193.744747475276,26.6152509633037,0.000587949566929021,0.00957767665405925,0.129365286787496,1.39563403160971e-08,3.98315584844442e-08,0.12451054482793,22.9655951587383,1.85812250777705e-05,2.54616580387396e-07,3.63888677202045e-07,0.0288392595160317,0.840198118053553
waste_227_CH,2046,0.0302165136658723,2.74079190248832,193.744747475276,26.6152509633037,0.000587949566929021,0.00957767665405925,0.129365286787496,1.39563403160971e-08,3.98315584844442e-08,0.12451054482793,22.9655951587383,1.85812250777705e-05,2.54616580387396e-07,3.63888677202045e-07,0.0288392595160317,0.840198118053553
waste_227_CH,2047,0.0302165136658723,2.74079190248832,193.744747475276,26.6152509633037,0.000587949566929021,0.00957767665405925,0.129365286787496,1.39563403160971e-08,3.98315584844442e-08,0.12451054482793,22.9655951587383,1.85812250777705e-05,2.54616580387396e-07,3.63888677202045e-07,0.0288392595160317,0.840198118053553
waste_227_CH,2048,0.0302165136658723,2.74079190248832,193.744747475276,26.6152509633037,0.000587949566929021,0.00957767665405925,0.129365286787496,1.39563403160971e-08,3.98315584844442e-08,0.12451054482793,22.9655951587383,1.85812250777705e-05,2.54616580387396e-07,3.63888677202045e-07,0.0288392595160317,0.840198118053553
waste_227_CH,2049,0.0302165136658723,2.74079190248832,193.744747475276,26.6152509633037,0.000587949566929021,0.00957767665405925,0.129365286787496,1.39563403160971e-08,3.98315584844442e-08,0.12451054482793,22.9655951587383,1.85812250777705e-05,2.54616580387396e-07,3.63888677202045e-07,0.0288392595160317,0.840198118053553
waste_227_CH,2050,0.0302165136658723,2.74079190248832,193.744747475276,26.6152509633037,0.000587949566929021,0.00957767665405925,0.129365286787496,1.39563403160971e-08,3.98315584844442e-08,0.12451054482793,22.9655951587383,1.85812250777705e-05,2.54616580387396e-07,3.63888677202045e-07,0.0288392595160317,0.840198118053553
waste_227_CH,2051,0.0302165136658723,2.74079190248832,193.744747475276,26.6152509633037,0.000587949566929021,0.00957767665405925,0.129365286787496,1.39563403160971e-08,3.98315584844442e-08,0.12451054482793,22.9655951587383,1.85812250777705e-05,2.54616580387396e-07,3.63888677202045e-07,0.0288392595160317,0.840198118053553
waste_227_CH,2055,0.0302165136658723,2.74079190248832,193.744747475276,26.6152509633037,0.000587949566929021,0.00957767665405925,0.129365286787496,1.39563403160971e-08,3.98315584844442e-08,0.12451054482793,22.9655951587383,1.85812250777705e-05,2.54616580387396e-07,3.63888677202045e-07,0.0288392595160317,0.840198118053553
waste_227_CH,2053,0.0302165136658723,2.74079190248832,193.744747475276,26.6152509633037,0.000587949566929021,0.00957767665405925,0.129365286787496,1.39563403160971e-08,3.98315584844442e-08,0.12451054482793,22.9655951587383,1.85812250777705e-05,2.54616580387396e-07,3.63888677202045e-07,0.0288392595160317,0.840198118053553
waste_227_CH,2054,0.0302165136658723,2.74079190248832,193.744747475276,26.6152509633037,0.000587949566929021,0.00957767665405925,0.129365286787496,1.39563403160971e-08,3.98315584844442e-08,0.12451054482793,22.9655951587383,1.85812250777705e-05,2.54616580387396e-07,3.63888677202045e-07,0.0288392595160317,0.840198118053553
waste_227_CH,2056,0.0302165136658723,2.74079190248832,193.744747475276,26.6152509633037,0.000587949566929021,0.00957767665405925,0.129365286787496,1.39563403160971e-08,3.98315584844442e-08,0.12451054482793,22.9655951587383,1.85812250777705e-05,2.54616580387396e-07,3.63888677202045e-07,0.0288392595160317,0.840198118053553
waste_227_CH,2057,0.0302165136658723,2.74079190248832,193.744747475276,26.6152509633037,0.000587949566929021,0.00957767665405925,0.129365286787496,1.39563403160971e-08,3.98315584844442e-08,0.12451054482793,22.9655951587383,1.85812250777705e-05,2.54616580387396e-07,3.63888677202045e-07,0.0288392595160317,0.840198118053553
waste_227_CH,2058,0.0302165136658723,2.74079190248832,193.744747475276,26.6152509633037,0.000587949566929021,0.00957767665405925,0.129365286787496,1.39563403160971e-08,3.98315584844442e-08,0.12451054482793,22.9655951587383,1.85812250777705e-05,2.54616580387396e-07,3.63888677202045e-07,0.0288392595160317,0.840198118053553
waste_227_CH,2043,0.0302165136658723,2.74079190248832,193.744747475276,26.6152509633037,0.000587949566929021,0.00957767665405925,0.129365286787496,1.39563403160971e-08,3.98315584844442e-08,0.12451054482793,22.9655951587383,1.85812250777705e-05,2.54616580387396e-07,3.63888677202045e-07,0.0288392595160317,0.840198118053553
waste_227_CH,2060,0.0302165136658723,2.74079190248832,193.744747475276,26.6152509633037,0.000587949566929021,0.00957767665405925,0.129365286787496,1.39563403160971e-08,3.98315584844442e-08,0.12451054482793,22.9655951587383,1.85812250777705e-05,2.54616580387396e-07,3.63888677202045e-07,0.0288392595160317,0.840198118053553
waste_227_CH,2052,0.0302165136658723,2.74079190248832,193.744747475276,26.6152509633037,0.000587949566929021,0.00957767665405925,0.129365286787496,1.39563403160971e-08,3.98315584844442e-08,0.12451054482793,22.9655951587383,1.85812250777705e-05,2.54616580387396e-07,3.63888677202045e-07,0.0288392595160317,0.840198118053553
waste_227_CH,2059,0.0302165136658723,2.74079190248832,193.744747475276,26.6152509633037,0.000587949566929021,0.00957767665405925,0.129365286787496,1.39563403160971e-08,3.98315584844442e-08,0.12451054482793,22.9655951587383,1.85812250777705e-05,2.54616580387396e-07,3.63888677202045e-07,0.0288392595160317,0.840198118053553
waste_227_CH,2042,0.0302165136658723,2.74079190248832,193.744747475276,26.6152509633037,0.000587949566929021,0.00957767665405925,0.129365286787496,1.39563403160971e-08,3.98315584844442e-08,0.12451054482793,22.9655951587383,1.85812250777705e-05,2.54616580387396e-07,3.63888677202045e-07,0.0288392595160317,0.840198118053553
waste_227_CH,2040,0.0302165136658723,2.74079190248832,193.744747475276,26.6152509633037,0.000587949566929021,0.00957767665405925,0.129365286787496,1.39563403160971e-08,3.98315584844442e-08,0.12451054482793,22.9655951587383,1.85812250777705e-05,2.54616580387396e-07,3.63888677202045e-07,0.0288392595160317,0.840198118053553
waste_227_CH,2041,0.0302165136658723,2.74079190248832,193.744747475276,26.6152509633037,0.000587949566929021,0.00957767665405925,0.129365286787496,1.39563403160971e-08,3.98315584844442e-08,0.12451054482793,22.9655951587383,1.85812250777705e-05,2.54616580387396e-07,3.63888677202045e-07,0.0288392595160317,0.840198118053553
waste_227_CH,2025,0.0302165136658723,2.74079190248832,193.744747475276,26.6152509633037,0.000587949566929021,0.00957767665405925,0.129365286787496,1.39563403160971e-08,3.98315584844442e-08,0.12451054482793,22.9655951587383,1.85812250777705e-05,2.54616580387396e-07,3.63888677202045e-07,0.0288392595160317,0.840198118053553
waste_227_CH,2026,0.0302165136658723,2.74079190248832,193.744747475276,26.6152509633037,0.000587949566929021,0.00957767665405925,0.129365286787496,1.39563403160971e-08,3.98315584844442e-08,0.12451054482793,22.9655951587383,1.85812250777705e-05,2.54616580387396e-07,3.63888677202045e-07,0.0288392595160317,0.840198118053553
waste_227_CH,2027,0.0302165136658723,2.74079190248832,193.744747475276,26.6152509633037,0.000587949566929021,0.00957767665405925,0.129365286787496,1.39563403160971e-08,3.98315584844442e-08,0.12451054482793,22.9655951587383,1.85812250777705e-05,2.54616580387396e-07,3.63888677202045e-07,0.0288392595160317,0.840198118053553
waste_227_CH,2028,0.0302165136658723,2.74079190248832,193.744747475276,26.6152509633037,0.000587949566929021,0.00957767665405925,0.129365286787496,1.39563403160971e-08,3.98315584844442e-08,0.12451054482793,22.9655951587383,1.85812250777705e-05,2.54616580387396e-07,3.63888677202045e-07,0.0288392595160317,0.840198118053553
waste_227_CH,2030,0.0302165136658723,2.74079190248832,193.744747475276,26.6152509633037,0.000587949566929021,0.00957767665405925,0.129365286787496,1.39563403160971e-08,3.98315584844442e-08,0.12451054482793,22.9655951587383,1.85812250777705e-05,2.54616580387396e-07,3.63888677202045e-07,0.0288392595160317,0.840198118053553
waste_227_CH,2031,0.0302165136658723,2.74079190248832,193.744747475276,26.6152509633037,0.000587949566929021,0.00957767665405925,0.129365286787496,1.39563403160971e-08,3.98315584844442e-08,0.12451054482793,22.9655951587383,1.85812250777705e-05,2.54616580387396e-07,3.63888677202045e-07,0.0288392595160317,0.840198118053553
waste_227_CH,2029,0.0302165136658723,2.74079190248832,193.744747475276,26.6152509633037,0.000587949566929021,0.00957767665405925,0.129365286787496,1.39563403160971e-08,3.98315584844442e-08,0.12451054482793,22.9655951587383,1.85812250777705e-05,2.54616580387396e-07,3.63888677202045e-07,0.0288392595160317,0.840198118053553
waste_227_CH,2033,0.0302165136658723,2.74079190248832,193.744747475276,26.6152509633037,0.000587949566929021,0.00957767665405925,0.129365286787496,1.39563403160971e-08,3.98315584844442e-08,0.12451054482793,22.9655951587383,1.85812250777705e-05,2.54616580387396e-07,3.63888677202045e-07,0.0288392595160317,0.840198118053553
waste_227_CH,2034,0.0302165136658723,2.74079190248832,193.744747475276,26.6152509633037,0.000587949566929021,0.00957767665405925,0.129365286787496,1.39563403160971e-08,3.98315584844442e-08,0.12451054482793,22.9655951587383,1.85812250777705e-05,2.54616580387396e-07,3.63888677202045e-07,0.0288392595160317,0.840198118053553
waste_227_CH,2035,0.0302165136658723,2.74079190248832,193.744747475276,26.6152509633037,0.000587949566929021,0.00957767665405925,0.129365286787496,1.39563403160971e-08,3.98315584844442e-08,0.12451054482793,22.9655951587383,1.85812250777705e-05,2.54616580387396e-07,3.63888677202045e-07,0.0288392595160317,0.840198118053553
waste_227_CH,2036,0.0302165136658723,2.74079190248832,193.744747475276,26.6152509633037,0.000587949566929021,0.00957767665405925,0.129365286787496,1.39563403160971e-08,3.98315584844442e-08,0.12451054482793,22.9655951587383,1.85812250777705e-05,2.54616580387396e-07,3.63888677202045e-07,0.0288392595160317,0.840198118053553
waste_227_CH,2037,0.0302165136658723,2.74079190248832,193.744747475276,26.6152509633037,0.000587949566929021,0.00957767665405925,0.129365286787496,1.39563403160971e-08,3.98315584844442e-08,0.12451054482793,22.9655951587383,1.85812250777705e-05,2.54616580387396e-07,3.63888677202045e-07,0.0288392595160317,0.840198118053553
waste_227_CH,2038,0.0302165136658723,2.74079190248832,193.744747475276,26.6152509633037,0.000587949566929021,0.00957767665405925,0.129365286787496,1.39563403160971e-08,3.98315584844442e-08,0.12451054482793,22.9655951587383,1.85812250777705e-05,2.54616580387396e-07,3.63888677202045e-07,0.0288392595160317,0.840198118053553
waste_227_CH,2039,0.0302165136658723,2.74079190248832,193.744747475276,26.6152509633037,0.000587949566929021,0.00957767665405925,0.129365286787496,1.39563403160971e-08,3.98315584844442e-08,0.12451054482793,22.9655951587383,1.85812250777705e-05,2.54616580387396e-07,3.63888677202045e-07,0.0288392595160317,0.840198118053553
waste_227_CH,2032,0.0302165136658723,2.74079190248832,193.744747475276,26.6152509633037,0.000587949566929021,0.00957767665405925,0.129365286787496,1.39563403160971e-08,3.98315584844442e-08,0.12451054482793,22.9655951587383,1.85812250777705e-05,2.54616580387396e-07,3.63888677202045e-07,0.0288392595160317,0.840198118053553
waste_230_CH,2050,0.0302165136658723,2.74079190248832,193.744747475276,26.6152509633037,0.000587949566929021,0.00957767665405925,0.129365286787496,1.39563403160971e-08,3.98315584844442e-08,0.12451054482793,22.9655951587383,1.85812250777705e-05,2.54616580387396e-07,3.63888677202045e-07,0.0288392595160317,0.840198118053553
waste_230_CH,2045,0.0302165136658723,2.74079190248832,193.744747475276,26.6152509633037,0.000587949566929021,0.00957767665405925,0.129365286787496,1.39563403160971e-08,3.98315584844442e-08,0.12451054482793,22.9655951587383,1.85812250777705e-05,2.54616580387396e-07,3.63888677202045e-07,0.0288392595160317,0.840198118053553
waste_230_CH,2046,0.0302165136658723,2.74079190248832,193.744747475276,26.6152509633037,0.000587949566929021,0.00957767665405925,0.129365286787496,1.39563403160971e-08,3.98315584844442e-08,0.12451054482793,22.9655951587383,1.85812250777705e-05,2.54616580387396e-07,3.63888677202045e-07,0.0288392595160317,0.840198118053553
waste_230_CH,2047,0.0302165136658723,2.74079190248832,193.744747475276,26.6152509633037,0.000587949566929021,0.00957767665405925,0.129365286787496,1.39563403160971e-08,3.98315584844442e-08,0.12451054482793,22.9655951587383,1.85812250777705e-05,2.54616580387396e-07,3.63888677202045e-07,0.0288392595160317,0.840198118053553
waste_230_CH,2048,0.0302165136658723,2.74079190248832,193.744747475276,26.6152509633037,0.000587949566929021,0.00957767665405925,0.129365286787496,1.39563403160971e-08,3.98315584844442e-08,0.12451054482793,22.9655951587383,1.85812250777705e-05,2.54616580387396e-07,3.63888677202045e-07,0.0288392595160317,0.840198118053553
waste_230_CH,2049,0.0302165136658723,2.74079190248832,193.744747475276,26.6152509633037,0.000587949566929021,0.00957767665405925,0.129365286787496,1.39563403160971e-08,3.98315584844442e-08,0.12451054482793,22.9655951587383,1.85812250777705e-05,2.54616580387396e-07,3.63888677202045e-07,0.0288392595160317,0.840198118053553
waste_230_CH,2051,0.0302165136658723,2.74079190248832,193.744747475276,26.6152509633037,0.000587949566929021,0.00957767665405925,0.129365286787496,1.39563403160971e-08,3.98315584844442e-08,0.12451054482793,22.9655951587383,1.85812250777705e-05,2.54616580387396e-07,3.63888677202045e-07,0.0288392595160317,0.840198118053553
waste_230_CH,2044,0.0302165136658723,2.74079190248832,193.744747475276,26.6152509633037,0.000587949566929021,0.00957767665405925,0.129365286787496,1.39563403160971e-08,3.98315584844442e-08,0.12451054482793,22.9655951587383,1.85812250777705e-05,2.54616580387396e-07,3.63888677202045e-07,0.0288392595160317,0.840198118053553
waste_230_CH,2054,0.0302165136658723,2.74079190248832,193.744747475276,26.6152509633037,0.000587949566929021,0.00957767665405925,0.129365286787496,1.39563403160971e-08,3.98315584844442e-08,0.12451054482793,22.9655951587383,1.85812250777705e-05,2.54616580387396e-07,3.63888677202045e-07,0.0288392595160317,0.840198118053553
waste_230_CH,2055,0.0302165136658723,2.74079190248832,193.744747475276,26.6152509633037,0.000587949566929021,0.00957767665405925,0.129365286787496,1.39563403160971e-08,3.98315584844442e-08,0.12451054482793,22.9655951587383,1.85812250777705e-05,2.54616580387396e-07,3.63888677202045e-07,0.0288392595160317,0.840198118053553
waste_230_CH,2056,0.0302165136658723,2.74079190248832,193.744747475276,26.6152509633037,0.000587949566929021,0.00957767665405925,0.129365286787496,1.39563403160971e-08,3.98315584844442e-08,0.12451054482793,22.9655951587383,1.85812250777705e-05,2.54616580387396e-07,3.63888677202045e-07,0.0288392595160317,0.840198118053553
waste_230_CH,2057,0.0302165136658723,2.74079190248832,193.744747475276,26.6152509633037,0.000587949566929021,0.00957767665405925,0.129365286787496,1.39563403160971e-08,3.98315584844442e-08,0.12451054482793,22.9655951587383,1.85812250777705e-05,2.54616580387396e-07,3.63888677202045e-07,0.0288392595160317,0.840198118053553
waste_230_CH,2058,0.0302165136658723,2.74079190248832,193.744747475276,26.6152509633037,0.000587949566929021,0.00957767665405925,0.129365286787496,1.39563403160971e-08,3.98315584844442e-08,0.12451054482793,22.9655951587383,1.85812250777705e-05,2.54616580387396e-07,3.63888677202045e-07,0.0288392595160317,0.840198118053553
waste_230_CH,2059,0.0302165136658723,2.74079190248832,193.744747475276,26.6152509633037,0.000587949566929021,0.00957767665405925,0.129365286787496,1.39563403160971e-08,3.98315584844442e-08,0.12451054482793,22.9655951587383,1.85812250777705e-05,2.54616580387396e-07,3.63888677202045e-07,0.0288392595160317,0.840198118053553
waste_230_CH,2060,0.0302165136658723,2.74079190248832,193.744747475276,26.6152509633037,0.000587949566929021,0.00957767665405925,0.129365286787496,1.39563403160971e-08,3.98315584844442e-08,0.12451054482793,22.9655951587383,1.85812250777705e-05,2.54616580387396e-07,3.63888677202045e-07,0.0288392595160317,0.840198118053553
waste_230_CH,2053,0.0302165136658723,2.74079190248832,193.744747475276,26.6152509633037,0.000587949566929021,0.00957767665405925,0.129365286787496,1.39563403160971e-08,3.98315584844442e-08,0.12451054482793,22.9655951587383,1.85812250777705e-05,2.54616580387396e-07,3.63888677202045e-07,0.0288392595160317,0.840198118053553
waste_230_CH,2043,0.0302165136658723,2.74079190248832,193.744747475276,26.6152509633037,0.000587949566929021,0.00957767665405925,0.129365286787496,1.39563403160971e-08,3.98315584844442e-08,0.12451054482793,22.9655951587383,1.85812250777705e-05,2.54616580387396e-07,3.63888677202045e-07,0.0288392595160317,0.840198118053553
waste_230_CH,2052,0.0302165136658723,2.74079190248832,193.744747475276,26.6152509633037,0.000587949566929021,0.00957767665405925,0.129365286787496,1.39563403160971e-08,3.98315584844442e-08,0.12451054482793,22.9655951587383,1.85812250777705e-05,2.54616580387396e-07,3.63888677202045e-07,0.0288392595160317,0.840198118053553
waste_230_CH,2041,0.0302165136658723,2.74079190248832,193.744747475276,26.6152509633037,0.000587949566929021,0.00957767665405925,0.129365286787496,1.39563403160971e-08,3.98315584844442e-08,0.12451054482793,22.9655951587383,1.85812250777705e-05,2.54616580387396e-07,3.63888677202045e-07,0.0288392595160317,0.840198118053553
waste_230_CH,2026,0.0302165136658723,2.74079190248832,193.744747475276,26.6152509633037,0.000587949566929021,0.00957767665405925,0.129365286787496,1.39563403160971e-08,3.98315584844442e-08,0.12451054482793,22.9655951587383,1.85812250777705e-05,2.54616580387396e-07,3.63888677202045e-07,0.0288392595160317,0.840198118053553
waste_230_CH,2027,0.0302165136658723,2.74079190248832,193.744747475276,26.6152509633037,0.000587949566929021,0.00957767665405925,0.129365286787496,1.39563403160971e-08,3.98315584844442e-08,0.12451054482793,22.9655951587383,1.85812250777705e-05,2.54616580387396e-07,3.63888677202045e-07,0.0288392595160317,0.840198118053553
waste_230_CH,2028,0.0302165136658723,2.74079190248832,193.744747475276,26.6152509633037,0.000587949566929021,0.00957767665405925,0.129365286787496,1.39563403160971e-08,3.98315584844442e-08,0.12451054482793,22.9655951587383,1.85812250777705e-05,2.54616580387396e-07,3.63888677202045e-07,0.0288392595160317,0.840198118053553
waste_230_CH,2029,0.0302165136658723,2.74079190248832,193.744747475276,26.6152509633037,0.000587949566929021,0.00957767665405925,0.129365286787496,1.39563403160971e-08,3.98315584844442e-08,0.12451054482793,22.9655951587383,1.85812250777705e-05,2.54616580387396e-07,3.63888677202045e-07,0.0288392595160317,0.840198118053553
waste_230_CH,2030,0.0302165136658723,2.74079190248832,193.744747475276,26.6152509633037,0.000587949566929021,0.00957767665405925,0.129365286787496,1.39563403160971e-08,3.98315584844442e-08,0.12451054482793,22.9655951587383,1.85812250777705e-05,2.54616580387396e-07,3.63888677202045e-07,0.0288392595160317,0.840198118053553
waste_230_CH,2031,0.0302165136658723,2.74079190248832,193.744747475276,26.6152509633037,0.000587949566929021,0.00957767665405925,0.129365286787496,1.39563403160971e-08,3.98315584844442e-08,0.12451054482793,22.9655951587383,1.85812250777705e-05,2.54616580387396e-07,3.63888677202045e-07,0.0288392595160317,0.840198118053553
waste_230_CH,2032,0.0302165136658723,2.74079190248832,193.744747475276,26.6152509633037,0.000587949566929021,0.00957767665405925,0.129365286787496,1.39563403160971e-08,3.98315584844442e-08,0.12451054482793,22.9655951587383,1.85812250777705e-05,2.54616580387396e-07,3.63888677202045e-07,0.0288392595160317,0.840198118053553
waste_230_CH,2042,0.0302165136658723,2.74079190248832,193.744747475276,26.6152509633037,0.000587949566929021,0.00957767665405925,0.129365286787496,1.39563403160971e-08,3.98315584844442e-08,0.12451054482793,22.9655951587383,1.85812250777705e-05,2.54616580387396e-07,3.63888677202045e-07,0.0288392595160317,0.840198118053553
waste_230_CH,2025,0.0302165136658723,2.74079190248832,193.744747475276,26.6152509633037,0.000587949566929021,0.00957767665405925,0.129365286787496,1.39563403160971e-08,3.98315584844442e-08,0.12451054482793,22.9655951587383,1.85812250777705e-05,2.54616580387396e-07,3.63888677202045e-07,0.0288392595160317,0.840198118053553
waste_230_CH,2034,0.0302165136658723,2.74079190248832,193.744747475276,26.6152509633037,0.000587949566929021,0.00957767665405925,0.129365286787496,1.39563403160971e-08,3.98315584844442e-08,0.12451054482793,22.9655951587383,1.85812250777705e-05,2.54616580387396e-07,3.63888677202045e-07,0.0288392595160317,0.840198118053553
waste_230_CH,2035,0.0302165136658723,2.74079190248832,193.744747475276,26.6152509633037,0.000587949566929021,0.00957767665405925,0.129365286787496,1.39563403160971e-08,3.98315584844442e-08,0.12451054482793,22.9655951587383,1.85812250777705e-05,2.54616580387396e-07,3.63888677202045e-07,0.0288392595160317,0.840198118053553
waste_230_CH,2036,0.0302165136658723,2.74079190248832,193.744747475276,26.6152509633037,0.000587949566929021,0.00957767665405925,0.129365286787496,1.39563403160971e-08,3.98315584844442e-08,0.12451054482793,22.9655951587383,1.85812250777705e-05,2.54616580387396e-07,3.63888677202045e-07,0.0288392595160317,0.840198118053553
waste_230_CH,2037,0.0302165136658723,2.74079190248832,193.744747475276,26.6152509633037,0.000587949566929021,0.00957767665405925,0.129365286787496,1.39563403160971e-08,3.98315584844442e-08,0.12451054482793,22.9655951587383,1.85812250777705e-05,2.54616580387396e-07,3.63888677202045e-07,0.0288392595160317,0.840198118053553
waste_230_CH,2038,0.0302165136658723,2.74079190248832,193.744747475276,26.6152509633037,0.000587949566929021,0.00957767665405925,0.129365286787496,1.39563403160971e-08,3.98315584844442e-08,0.12451054482793,22.9655951587383,1.85812250777705e-05,2.54616580387396e-07,3.63888677202045e-07,0.0288392595160317,0.840198118053553
waste_230_CH,2039,0.0302165136658723,2.74079190248832,193.744747475276,26.6152509633037,0.000587949566929021,0.00957767665405925,0.129365286787496,1.39563403160971e-08,3.98315584844442e-08,0.12451054482793,22.9655951587383,1.85812250777705e-05,2.54616580387396e-07,3.63888677202045e-07,0.0288392595160317,0.840198118053553
waste_230_CH,2040,0.0302165136658723,2.74079190248832,193.744747475276,26.6152509633037,0.000587949566929021,0.00957767665405925,0.129365286787496,1.39563403160971e-08,3.98315584844442e-08,0.12451054482793,22.9655951587383,1.85812250777705e-05,2.54616580387396e-07,3.63888677202045e-07,0.0288392595160317,0.840198118053553
waste_230_CH,2033,0.0302165136658723,2.74079190248832,193.744747475276,26.6152509633037,0.000587949566929021,0.00957767665405925,0.129365286787496,1.39563403160971e-08,3.98315584844442e-08,0.12451054482793,22.9655951587383,1.85812250777705e-05,2.54616580387396e-07,3.63888677202045e-07,0.0288392595160317,0.840198118053553
waste_274_CH,2045,0.0302165136658723,2.74079190248832,193.744747475276,26.6152509633037,0.000587949566929021,0.00957767665405925,0.129365286787496,1.39563403160971e-08,3.98315584844442e-08,0.12451054482793,22.9655951587383,1.85812250777705e-05,2.54616580387396e-07,3.63888677202045e-07,0.0288392595160317,0.840198118053553
waste_274_CH,2046,0.0302165136658723,2.74079190248832,193.744747475276,26.6152509633037,0.000587949566929021,0.00957767665405925,0.129365286787496,1.39563403160971e-08,3.98315584844442e-08,0.12451054482793,22.9655951587383,1.85812250777705e-05,2.54616580387396e-07,3.63888677202045e-07,0.0288392595160317,0.840198118053553
waste_274_CH,2047,0.0302165136658723,2.74079190248832,193.744747475276,26.6152509633037,0.000587949566929021,0.00957767665405925,0.129365286787496,1.39563403160971e-08,3.98315584844442e-08,0.12451054482793,22.9655951587383,1.85812250777705e-05,2.54616580387396e-07,3.63888677202045e-07,0.0288392595160317,0.840198118053553
waste_274_CH,2048,0.0302165136658723,2.74079190248832,193.744747475276,26.6152509633037,0.000587949566929021,0.00957767665405925,0.129365286787496,1.39563403160971e-08,3.98315584844442e-08,0.12451054482793,22.9655951587383,1.85812250777705e-05,2.54616580387396e-07,3.63888677202045e-07,0.0288392595160317,0.840198118053553
waste_274_CH,2049,0.0302165136658723,2.74079190248832,193.744747475276,26.6152509633037,0.000587949566929021,0.00957767665405925,0.129365286787496,1.39563403160971e-08,3.98315584844442e-08,0.12451054482793,22.9655951587383,1.85812250777705e-05,2.54616580387396e-07,3.63888677202045e-07,0.0288392595160317,0.840198118053553
waste_274_CH,2050,0.0302165136658723,2.74079190248832,193.744747475276,26.6152509633037,0.000587949566929021,0.00957767665405925,0.129365286787496,1.39563403160971e-08,3.98315584844442e-08,0.12451054482793,22.9655951587383,1.85812250777705e-05,2.54616580387396e-07,3.63888677202045e-07,0.0288392595160317,0.840198118053553
waste_274_CH,2051,0.0302165136658723,2.74079190248832,193.744747475276,26.6152509633037,0.000587949566929021,0.00957767665405925,0.129365286787496,1.39563403160971e-08,3.98315584844442e-08,0.12451054482793,22.9655951587383,1.85812250777705e-05,2.54616580387396e-07,3.63888677202045e-07,0.0288392595160317,0.840198118053553
waste_274_CH,2052,0.0302165136658723,2.74079190248832,193.744747475276,26.6152509633037,0.000587949566929021,0.00957767665405925,0.129365286787496,1.39563403160971e-08,3.98315584844442e-08,0.12451054482793,22.9655951587383,1.85812250777705e-05,2.54616580387396e-07,3.63888677202045e-07,0.0288392595160317,0.840198118053553
waste_274_CH,2056,0.0302165136658723,2.74079190248832,193.744747475276,26.6152509633037,0.000587949566929021,0.00957767665405925,0.129365286787496,1.39563403160971e-08,3.98315584844442e-08,0.12451054482793,22.9655951587383,1.85812250777705e-05,2.54616580387396e-07,3.63888677202045e-07,0.0288392595160317,0.840198118053553
waste_274_CH,2054,0.0302165136658723,2.74079190248832,193.744747475276,26.6152509633037,0.000587949566929021,0.00957767665405925,0.129365286787496,1.39563403160971e-08,3.98315584844442e-08,0.12451054482793,22.9655951587383,1.85812250777705e-05,2.54616580387396e-07,3.63888677202045e-07,0.0288392595160317,0.840198118053553
waste_274_CH,2055,0.0302165136658723,2.74079190248832,193.744747475276,26.6152509633037,0.000587949566929021,0.00957767665405925,0.129365286787496,1.39563403160971e-08,3.98315584844442e-08,0.12451054482793,22.9655951587383,1.85812250777705e-05,2.54616580387396e-07,3.63888677202045e-07,0.0288392595160317,0.840198118053553
waste_274_CH,2057,0.0302165136658723,2.74079190248832,193.744747475276,26.6152509633037,0.000587949566929021,0.00957767665405925,0.129365286787496,1.39563403160971e-08,3.98315584844442e-08,0.12451054482793,22.9655951587383,1.85812250777705e-05,2.54616580387396e-07,3.63888677202045e-07,0.0288392595160317,0.840198118053553
waste_274_CH,2058,0.0302165136658723,2.74079190248832,193.744747475276,26.6152509633037,0.000587949566929021,0.00957767665405925,0.129365286787496,1.39563403160971e-08,3.98315584844442e-08,0.12451054482793,22.9655951587383,1.85812250777705e-05,2.54616580387396e-07,3.63888677202045e-07,0.0288392595160317,0.840198118053553
waste_274_CH,2059,0.0302165136658723,2.74079190248832,193.744747475276,26.6152509633037,0.000587949566929021,0.00957767665405925,0.129365286787496,1.39563403160971e-08,3.98315584844442e-08,0.12451054482793,22.9655951587383,1.85812250777705e-05,2.54616580387396e-07,3.63888677202045e-07,0.0288392595160317,0.840198118053553
waste_274_CH,2060,0.0302165136658723,2.74079190248832,193.744747475276,26.6152509633037,0.000587949566929021,0.00957767665405925,0.129365286787496,1.39563403160971e-08,3.98315584844442e-08,0.12451054482793,22.9655951587383,1.85812250777705e-05,2.54616580387396e-07,3.63888677202045e-07,0.0288392595160317,0.840198118053553
waste_274_CH,2044,0.0302165136658723,2.74079190248832,193.744747475276,26.6152509633037,0.000587949566929021,0.00957767665405925,0.129365286787496,1.39563403160971e-08,3.98315584844442e-08,0.12451054482793,22.9655951587383,1.85812250777705e-05,2.54616580387396e-07,3.63888677202045e-07,0.0288392595160317,0.840198118053553
waste_274_CH,2053,0.0302165136658723,2.74079190248832,193.744747475276,26.6152509633037,0.000587949566929021,0.00957767665405925,0.129365286787496,1.39563403160971e-08,3.98315584844442e-08,0.12451054482793,22.9655951587383,1.85812250777705e-05,2.54616580387396e-07,3.63888677202045e-07,0.0288392595160317,0.840198118053553
waste_274_CH,2043,0.0302165136658723,2.74079190248832,193.744747475276,26.6152509633037,0.000587949566929021,0.00957767665405925,0.129365286787496,1.39563403160971e-08,3.98315584844442e-08,0.12451054482793,22.9655951587383,1.85812250777705e-05,2.54616580387396e-07,3.63888677202045e-07,0.0288392595160317,0.840198118053553
waste_274_CH,2042,0.0302165136658723,2.74079190248832,193.744747475276,26.6152509633037,0.000587949566929021,0.00957767665405925,0.129365286787496,1.39563403160971e-08,3.98315584844442e-08,0.12451054482793,22.9655951587383,1.85812250777705e-05,2.54616580387396e-07,3.63888677202045e-07,0.0288392595160317,0.840198118053553
waste_274_CH,2041,0.0302165136658723,2.74079190248832,193.744747475276,26.6152509633037,0.000587949566929021,0.00957767665405925,0.129365286787496,1.39563403160971e-08,3.98315584844442e-08,0.12451054482793,22.9655951587383,1.85812250777705e-05,2.54616580387396e-07,3.63888677202045e-07,0.0288392595160317,0.840198118053553
waste_274_CH,2025,0.0302165136658723,2.74079190248832,193.744747475276,26.6152509633037,0.000587949566929021,0.00957767665405925,0.129365286787496,1.39563403160971e-08,3.98315584844442e-08,0.12451054482793,22.9655951587383,1.85812250777705e-05,2.54616580387396e-07,3.63888677202045e-07,0.0288392595160317,0.840198118053553
waste_274_CH,2026,0.0302165136658723,2.74079190248832,193.744747475276,26.6152509633037,0.000587949566929021,0.00957767665405925,0.129365286787496,1.39563403160971e-08,3.98315584844442e-08,0.12451054482793,22.9655951587383,1.85812250777705e-05,2.54616580387396e-07,3.63888677202045e-07,0.0288392595160317,0.840198118053553
waste_274_CH,2027,0.0302165136658723,2.74079190248832,193.744747475276,26.6152509633037,0.000587949566929021,0.00957767665405925,0.129365286787496,1.39563403160971e-08,3.98315584844442e-08,0.12451054482793,22.9655951587383,1.85812250777705e-05,2.54616580387396e-07,3.63888677202045e-07,0.0288392595160317,0.840198118053553
waste_274_CH,2028,0.0302165136658723,2.74079190248832,193.744747475276,26.6152509633037,0.000587949566929021,0.00957767665405925,0.129365286787496,1.39563403160971e-08,3.98315584844442e-08,0.12451054482793,22.9655951587383,1.85812250777705e-05,2.54616580387396e-07,3.63888677202045e-07,0.0288392595160317,0.840198118053553
waste_274_CH,2030,0.0302165136658723,2.74079190248832,193.744747475276,26.6152509633037,0.000587949566929021,0.00957767665405925,0.129365286787496,1.39563403160971e-08,3.98315584844442e-08,0.12451054482793,22.9655951587383,1.85812250777705e-05,2.54616580387396e-07,3.63888677202045e-07,0.0288392595160317,0.840198118053553
waste_274_CH,2031,0.0302165136658723,2.74079190248832,193.744747475276,26.6152509633037,0.000587949566929021,0.00957767665405925,0.129365286787496,1.39563403160971e-08,3.98315584844442e-08,0.12451054482793,22.9655951587383,1.85812250777705e-05,2.54616580387396e-07,3.63888677202045e-07,0.0288392595160317,0.840198118053553
waste_274_CH,2032,0.0302165136658723,2.74079190248832,193.744747475276,26.6152509633037,0.000587949566929021,0.00957767665405925,0.129365286787496,1.39563403160971e-08,3.98315584844442e-08,0.12451054482793,22.9655951587383,1.85812250777705e-05,2.54616580387396e-07,3.63888677202045e-07,0.0288392595160317,0.840198118053553
waste_274_CH,2029,0.0302165136658723,2.74079190248832,193.744747475276,26.6152509633037,0.000587949566929021,0.00957767665405925,0.129365286787496,1.39563403160971e-08,3.98315584844442e-08,0.12451054482793,22.9655951587383,1.85812250777705e-05,2.54616580387396e-07,3.63888677202045e-07,0.0288392595160317,0.840198118053553
waste_274_CH,2034,0.0302165136658723,2.74079190248832,193.744747475276,26.6152509633037,0.000587949566929021,0.00957767665405925,0.129365286787496,1.39563403160971e-08,3.98315584844442e-08,0.12451054482793,22.9655951587383,1.85812250777705e-05,2.54616580387396e-07,3.63888677202045e-07,0.0288392595160317,0.840198118053553
waste_274_CH,2035,0.0302165136658723,2.74079190248832,193.744747475276,26.6152509633037,0.000587949566929021,0.00957767665405925,0.129365286787496,1.39563403160971e-08,3.98315584844442e-08,0.12451054482793,22.9655951587383,1.85812250777705e-05,2.54616580387396e-07,3.63888677202045e-07,0.0288392595160317,0.840198118053553
waste_274_CH,2036,0.0302165136658723,2.74079190248832,193.744747475276,26.6152509633037,0.000587949566929021,0.00957767665405925,0.129365286787496,1.39563403160971e-08,3.98315584844442e-08,0.12451054482793,22.9655951587383,1.85812250777705e-05,2.54616580387396e-07,3.63888677202045e-07,0.0288392595160317,0.840198118053553
waste_274_CH,2037,0.0302165136658723,2.74079190248832,193.744747475276,26.6152509633037,0.000587949566929021,0.00957767665405925,0.129365286787496,1.39563403160971e-08,3.98315584844442e-08,0.12451054482793,22.9655951587383,1.85812250777705e-05,2.54616580387396e-07,3.63888677202045e-07,0.0288392595160317,0.840198118053553
waste_274_CH,2038,0.0302165136658723,2.74079190248832,193.744747475276,26.6152509633037,0.000587949566929021,0.00957767665405925,0.129365286787496,1.39563403160971e-08,3.98315584844442e-08,0.12451054482793,22.9655951587383,1.85812250777705e-05,2.54616580387396e-07,3.63888677202045e-07,0.0288392595160317,0.840198118053553
waste_274_CH,2039,0.0302165136658723,2.74079190248832,193.744747475276,26.6152509633037,0.000587949566929021,0.00957767665405925,0.129365286787496,1.39563403160971e-08,3.98315584844442e-08,0.12451054482793,22.9655951587383,1.85812250777705e-05,2.54616580387396e-07,3.63888677202045e-07,0.0288392595160317,0.840198118053553
waste_274_CH,2040,0.0302165136658723,2.74079190248832,193.744747475276,26.6152509633037,0.000587949566929021,0.00957767665405925,0.129365286787496,1.39563403160971e-08,3.98315584844442e-08,0.12451054482793,22.9655951587383,1.85812250777705e-05,2.54616580387396e-07,3.63888677202045e-07,0.0288392595160317,0.840198118053553
waste_274_CH,2033,0.0302165136658723,2.74079190248832,193.744747475276,26.6152509633037,0.000587949566929021,0.00957767665405925,0.129365286787496,1.39563403160971e-08,3.98315584844442e-08,0.12451054482793,22.9655951587383,1.85812250777705e-05,2.54616580387396e-07,3.63888677202045e-07,0.0288392595160317,0.840198118053553
waste_278_CH,2051,0.0302165136658723,2.74079190248832,193.744747475276,26.6152509633037,0.000587949566929021,0.00957767665405925,0.129365286787496,1.39563403160971e-08,3.98315584844442e-08,0.12451054482793,22.9655951587383,1.85812250777705e-05,2.54616580387396e-07,3.63888677202045e-07,0.0288392595160317,0.840198118053553
waste_278_CH,2045,0.0302165136658723,2.74079190248832,193.744747475276,26.6152509633037,0.000587949566929021,0.00957767665405925,0.129365286787496,1.39563403160971e-08,3.98315584844442e-08,0.12451054482793,22.9655951587383,1.85812250777705e-05,2.54616580387396e-07,3.63888677202045e-07,0.0288392595160317,0.840198118053553
waste_278_CH,2046,0.0302165136658723,2.74079190248832,193.744747475276,26.6152509633037,0.000587949566929021,0.00957767665405925,0.129365286787496,1.39563403160971e-08,3.98315584844442e-08,0.12451054482793,22.9655951587383,1.85812250777705e-05,2.54616580387396e-07,3.63888677202045e-07,0.0288392595160317,0.840198118053553
waste_278_CH,2047,0.0302165136658723,2.74079190248832,193.744747475276,26.6152509633037,0.000587949566929021,0.00957767665405925,0.129365286787496,1.39563403160971e-08,3.98315584844442e-08,0.12451054482793,22.9655951587383,1.85812250777705e-05,2.54616580387396e-07,3.63888677202045e-07,0.0288392595160317,0.840198118053553
waste_278_CH,2048,0.0302165136658723,2.74079190248832,193.744747475276,26.6152509633037,0.000587949566929021,0.00957767665405925,0.129365286787496,1.39563403160971e-08,3.98315584844442e-08,0.12451054482793,22.9655951587383,1.85812250777705e-05,2.54616580387396e-07,3.63888677202045e-07,0.0288392595160317,0.840198118053553
waste_278_CH,2049,0.0302165136658723,2.74079190248832,193.744747475276,26.6152509633037,0.000587949566929021,0.00957767665405925,0.129365286787496,1.39563403160971e-08,3.98315584844442e-08,0.12451054482793,22.9655951587383,1.85812250777705e-05,2.54616580387396e-07,3.63888677202045e-07,0.0288392595160317,0.840198118053553
waste_278_CH,2050,0.0302165136658723,2.74079190248832,193.744747475276,26.6152509633037,0.000587949566929021,0.00957767665405925,0.129365286787496,1.39563403160971e-08,3.98315584844442e-08,0.12451054482793,22.9655951587383,1.85812250777705e-05,2.54616580387396e-07,3.63888677202045e-07,0.0288392595160317,0.840198118053553
waste_278_CH,2052,0.0302165136658723,2.74079190248832,193.744747475276,26.6152509633037,0.000587949566929021,0.00957767665405925,0.129365286787496,1.39563403160971e-08,3.98315584844442e-08,0.12451054482793,22.9655951587383,1.85812250777705e-05,2.54616580387396e-07,3.63888677202045e-07,0.0288392595160317,0.840198118053553
waste_278_CH,2060,0.0302165136658723,2.74079190248832,193.744747475276,26.6152509633037,0.000587949566929021,0.00957767665405925,0.129365286787496,1.39563403160971e-08,3.98315584844442e-08,0.12451054482793,22.9655951587383,1.85812250777705e-05,2.54616580387396e-07,3.63888677202045e-07,0.0288392595160317,0.840198118053553
waste_278_CH,2054,0.0302165136658723,2.74079190248832,193.744747475276,26.6152509633037,0.000587949566929021,0.00957767665405925,0.129365286787496,1.39563403160971e-08,3.98315584844442e-08,0.12451054482793,22.9655951587383,1.85812250777705e-05,2.54616580387396e-07,3.63888677202045e-07,0.0288392595160317,0.840198118053553
waste_278_CH,2055,0.0302165136658723,2.74079190248832,193.744747475276,26.6152509633037,0.000587949566929021,0.00957767665405925,0.129365286787496,1.39563403160971e-08,3.98315584844442e-08,0.12451054482793,22.9655951587383,1.85812250777705e-05,2.54616580387396e-07,3.63888677202045e-07,0.0288392595160317,0.840198118053553
waste_278_CH,2056,0.0302165136658723,2.74079190248832,193.744747475276,26.6152509633037,0.000587949566929021,0.00957767665405925,0.129365286787496,1.39563403160971e-08,3.98315584844442e-08,0.12451054482793,22.9655951587383,1.85812250777705e-05,2.54616580387396e-07,3.63888677202045e-07,0.0288392595160317,0.840198118053553
waste_278_CH,2057,0.0302165136658723,2.74079190248832,193.744747475276,26.6152509633037,0.000587949566929021,0.00957767665405925,0.129365286787496,1.39563403160971e-08,3.98315584844442e-08,0.12451054482793,22.9655951587383,1.85812250777705e-05,2.54616580387396e-07,3.63888677202045e-07,0.0288392595160317,0.840198118053553
waste_278_CH,2058,0.0302165136658723,2.74079190248832,193.744747475276,26.6152509633037,0.000587949566929021,0.00957767665405925,0.129365286787496,1.39563403160971e-08,3.98315584844442e-08,0.12451054482793,22.9655951587383,1.85812250777705e-05,2.54616580387396e-07,3.63888677202045e-07,0.0288392595160317,0.840198118053553
waste_278_CH,2059,0.0302165136658723,2.74079190248832,193.744747475276,26.6152509633037,0.000587949566929021,0.00957767665405925,0.129365286787496,1.39563403160971e-08,3.98315584844442e-08,0.12451054482793,22.9655951587383,1.85812250777705e-05,2.54616580387396e-07,3.63888677202045e-07,0.0288392595160317,0.840198118053553
waste_278_CH,2044,0.0302165136658723,2.74079190248832,193.744747475276,26.6152509633037,0.000587949566929021,0.00957767665405925,0.129365286787496,1.39563403160971e-08,3.98315584844442e-08,0.12451054482793,22.9655951587383,1.85812250777705e-05,2.54616580387396e-07,3.63888677202045e-07,0.0288392595160317,0.840198118053553
waste_278_CH,2053,0.0302165136658723,2.74079190248832,193.744747475276,26.6152509633037,0.000587949566929021,0.00957767665405925,0.129365286787496,1.39563403160971e-08,3.98315584844442e-08,0.12451054482793,22.9655951587383,1.85812250777705e-05,2.54616580387396e-07,3.63888677202045e-07,0.0288392595160317,0.840198118053553
waste_278_CH,2043,0.0302165136658723,2.74079190248832,193.744747475276,26.6152509633037,0.000587949566929021,0.00957767665405925,0.129365286787496,1.39563403160971e-08,3.98315584844442e-08,0.12451054482793,22.9655951587383,1.85812250777705e-05,2.54616580387396e-07,3.63888677202045e-07,0.0288392595160317,0.840198118053553
waste_278_CH,2042,0.0302165136658723,2.74079190248832,193.744747475276,26.6152509633037,0.000587949566929021,0.00957767665405925,0.129365286787496,1.39563403160971e-08,3.98315584844442e-08,0.12451054482793,22.9655951587383,1.85812250777705e-05,2.54616580387396e-07,3.63888677202045e-07,0.0288392595160317,0.840198118053553
waste_278_CH,2041,0.0302165136658723,2.74079190248832,193.744747475276,26.6152509633037,0.000587949566929021,0.00957767665405925,0.129365286787496,1.39563403160971e-08,3.98315584844442e-08,0.12451054482793,22.9655951587383,1.85812250777705e-05,2.54616580387396e-07,3.63888677202045e-07,0.0288392595160317,0.840198118053553
waste_278_CH,2026,0.0302165136658723,2.74079190248832,193.744747475276,26.6152509633037,0.000587949566929021,0.00957767665405925,0.129365286787496,1.39563403160971e-08,3.98315584844442e-08,0.12451054482793,22.9655951587383,1.85812250777705e-05,2.54616580387396e-07,3.63888677202045e-07,0.0288392595160317,0.840198118053553
waste_278_CH,2027,0.0302165136658723,2.74079190248832,193.744747475276,26.6152509633037,0.000587949566929021,0.00957767665405925,0.129365286787496,1.39563403160971e-08,3.98315584844442e-08,0.12451054482793,22.9655951587383,1.85812250777705e-05,2.54616580387396e-07,3.63888677202045e-07,0.0288392595160317,0.840198118053553
waste_278_CH,2028,0.0302165136658723,2.74079190248832,193.744747475276,26.6152509633037,0.000587949566929021,0.00957767665405925,0.129365286787496,1.39563403160971e-08,3.98315584844442e-08,0.12451054482793,22.9655951587383,1.85812250777705e-05,2.54616580387396e-07,3.63888677202045e-07,0.0288392595160317,0.840198118053553
waste_278_CH,2029,0.0302165136658723,2.74079190248832,193.744747475276,26.6152509633037,0.000587949566929021,0.00957767665405925,0.129365286787496,1.39563403160971e-08,3.98315584844442e-08,0.12451054482793,22.9655951587383,1.85812250777705e-05,2.54616580387396e-07,3.63888677202045e-07,0.0288392595160317,0.840198118053553
waste_278_CH,2030,0.0302165136658723,2.74079190248832,193.744747475276,26.6152509633037,0.000587949566929021,0.00957767665405925,0.129365286787496,1.39563403160971e-08,3.98315584844442e-08,0.12451054482793,22.9655951587383,1.85812250777705e-05,2.54616580387396e-07,3.63888677202045e-07,0.0288392595160317,0.840198118053553
waste_278_CH,2031,0.0302165136658723,2.74079190248832,193.744747475276,26.6152509633037,0.000587949566929021,0.00957767665405925,0.129365286787496,1.39563403160971e-08,3.98315584844442e-08,0.12451054482793,22.9655951587383,1.85812250777705e-05,2.54616580387396e-07,3.63888677202045e-07,0.0288392595160317,0.840198118053553
waste_278_CH,2032,0.0302165136658723,2.74079190248832,193.744747475276,26.6152509633037,0.000587949566929021,0.00957767665405925,0.129365286787496,1.39563403160971e-08,3.98315584844442e-08,0.12451054482793,22.9655951587383,1.85812250777705e-05,2.54616580387396e-07,3.63888677202045e-07,0.0288392595160317,0.840198118053553
waste_278_CH,2025,0.0302165136658723,2.74079190248832,193.744747475276,26.6152509633037,0.000587949566929021,0.00957767665405925,0.129365286787496,1.39563403160971e-08,3.98315584844442e-08,0.12451054482793,22.9655951587383,1.85812250777705e-05,2.54616580387396e-07,3.63888677202045e-07,0.0288392595160317,0.840198118053553
waste_278_CH,2034,0.0302165136658723,2.74079190248832,193.744747475276,26.6152509633037,0.000587949566929021,0.00957767665405925,0.129365286787496,1.39563403160971e-08,3.98315584844442e-08,0.12451054482793,22.9655951587383,1.85812250777705e-05,2.54616580387396e-07,3.63888677202045e-07,0.0288392595160317,0.840198118053553
waste_278_CH,2035,0.0302165136658723,2.74079190248832,193.744747475276,26.6152509633037,0.000587949566929021,0.00957767665405925,0.129365286787496,1.39563403160971e-08,3.98315584844442e-08,0.12451054482793,22.9655951587383,1.85812250777705e-05,2.54616580387396e-07,3.63888677202045e-07,0.0288392595160317,0.840198118053553
waste_278_CH,2036,0.0302165136658723,2.74079190248832,193.744747475276,26.6152509633037,0.000587949566929021,0.00957767665405925,0.129365286787496,1.39563403160971e-08,3.98315584844442e-08,0.12451054482793,22.9655951587383,1.85812250777705e-05,2.54616580387396e-07,3.63888677202045e-07,0.0288392595160317,0.840198118053553
waste_278_CH,2037,0.0302165136658723,2.74079190248832,193.744747475276,26.6152509633037,0.000587949566929021,0.00957767665405925,0.129365286787496,1.39563403160971e-08,3.98315584844442e-08,0.12451054482793,22.9655951587383,1.85812250777705e-05,2.54616580387396e-07,3.63888677202045e-07,0.0288392595160317,0.840198118053553
waste_278_CH,2038,0.0302165136658723,2.74079190248832,193.744747475276,26.6152509633037,0.000587949566929021,0.00957767665405925,0.129365286787496,1.39563403160971e-08,3.98315584844442e-08,0.12451054482793,22.9655951587383,1.85812250777705e-05,2.54616580387396e-07,3.63888677202045e-07,0.0288392595160317,0.840198118053553
waste_278_CH,2039,0.0302165136658723,2.74079190248832,193.744747475276,26.6152509633037,0.000587949566929021,0.00957767665405925,0.129365286787496,1.39563403160971e-08,3.98315584844442e-08,0.12451054482793,22.9655951587383,1.85812250777705e-05,2.54616580387396e-07,3.63888677202045e-07,0.0288392595160317,0.840198118053553
waste_278_CH,2040,0.0302165136658723,2.74079190248832,193.744747475276,26.6152509633037,0.000587949566929021,0.00957767665405925,0.129365286787496,1.39563403160971e-08,3.98315584844442e-08,0.12451054482793,22.9655951587383,1.85812250777705e-05,2.54616580387396e-07,3.63888677202045e-07,0.0288392595160317,0.840198118053553
waste_278_CH,2033,0.0302165136658723,2.74079190248832,193.744747475276,26.6152509633037,0.000587949566929021,0.00957767665405925,0.129365286787496,1.39563403160971e-08,3.98315584844442e-08,0.12451054482793,22.9655951587383,1.85812250777705e-05,2.54616580387396e-07,3.63888677202045e-07,0.0288392595160317,0.840198118053553
waste_280_CH,2046,0.0302165136658723,2.74079190248832,193.744747475276,26.6152509633037,0.000587949566929021,0.00957767665405925,0.129365286787496,1.39563403160971e-08,3.98315584844442e-08,0.12451054482793,22.9655951587383,1.85812250777705e-05,2.54616580387396e-07,3.63888677202045e-07,0.0288392595160317,0.840198118053553
waste_280_CH,2047,0.0302165136658723,2.74079190248832,193.744747475276,26.6152509633037,0.000587949566929021,0.00957767665405925,0.129365286787496,1.39563403160971e-08,3.98315584844442e-08,0.12451054482793,22.9655951587383,1.85812250777705e-05,2.54616580387396e-07,3.63888677202045e-07,0.0288392595160317,0.840198118053553
waste_280_CH,2048,0.0302165136658723,2.74079190248832,193.744747475276,26.6152509633037,0.000587949566929021,0.00957767665405925,0.129365286787496,1.39563403160971e-08,3.98315584844442e-08,0.12451054482793,22.9655951587383,1.85812250777705e-05,2.54616580387396e-07,3.63888677202045e-07,0.0288392595160317,0.840198118053553
waste_280_CH,2049,0.0302165136658723,2.74079190248832,193.744747475276,26.6152509633037,0.000587949566929021,0.00957767665405925,0.129365286787496,1.39563403160971e-08,3.98315584844442e-08,0.12451054482793,22.9655951587383,1.85812250777705e-05,2.54616580387396e-07,3.63888677202045e-07,0.0288392595160317,0.840198118053553
waste_280_CH,2050,0.0302165136658723,2.74079190248832,193.744747475276,26.6152509633037,0.000587949566929021,0.00957767665405925,0.129365286787496,1.39563403160971e-08,3.98315584844442e-08,0.12451054482793,22.9655951587383,1.85812250777705e-05,2.54616580387396e-07,3.63888677202045e-07,0.0288392595160317,0.840198118053553
waste_280_CH,2051,0.0302165136658723,2.74079190248832,193.744747475276,26.6152509633037,0.000587949566929021,0.00957767665405925,0.129365286787496,1.39563403160971e-08,3.98315584844442e-08,0.12451054482793,22.9655951587383,1.85812250777705e-05,2.54616580387396e-07,3.63888677202045e-07,0.0288392595160317,0.840198118053553
waste_280_CH,2052,0.0302165136658723,2.74079190248832,193.744747475276,26.6152509633037,0.000587949566929021,0.00957767665405925,0.129365286787496,1.39563403160971e-08,3.98315584844442e-08,0.12451054482793,22.9655951587383,1.85812250777705e-05,2.54616580387396e-07,3.63888677202045e-07,0.0288392595160317,0.840198118053553
waste_280_CH,2056,0.0302165136658723,2.74079190248832,193.744747475276,26.6152509633037,0.000587949566929021,0.00957767665405925,0.129365286787496,1.39563403160971e-08,3.98315584844442e-08,0.12451054482793,22.9655951587383,1.85812250777705e-05,2.54616580387396e-07,3.63888677202045e-07,0.0288392595160317,0.840198118053553
waste_280_CH,2054,0.0302165136658723,2.74079190248832,193.744747475276,26.6152509633037,0.000587949566929021,0.00957767665405925,0.129365286787496,1.39563403160971e-08,3.98315584844442e-08,0.12451054482793,22.9655951587383,1.85812250777705e-05,2.54616580387396e-07,3.63888677202045e-07,0.0288392595160317,0.840198118053553
waste_280_CH,2055,0.0302165136658723,2.74079190248832,193.744747475276,26.6152509633037,0.000587949566929021,0.00957767665405925,0.129365286787496,1.39563403160971e-08,3.98315584844442e-08,0.12451054482793,22.9655951587383,1.85812250777705e-05,2.54616580387396e-07,3.63888677202045e-07,0.0288392595160317,0.840198118053553
waste_280_CH,2057,0.0302165136658723,2.74079190248832,193.744747475276,26.6152509633037,0.000587949566929021,0.00957767665405925,0.129365286787496,1.39563403160971e-08,3.98315584844442e-08,0.12451054482793,22.9655951587383,1.85812250777705e-05,2.54616580387396e-07,3.63888677202045e-07,0.0288392595160317,0.840198118053553
waste_280_CH,2058,0.0302165136658723,2.74079190248832,193.744747475276,26.6152509633037,0.000587949566929021,0.00957767665405925,0.129365286787496,1.39563403160971e-08,3.98315584844442e-08,0.12451054482793,22.9655951587383,1.85812250777705e-05,2.54616580387396e-07,3.63888677202045e-07,0.0288392595160317,0.840198118053553
waste_280_CH,2059,0.0302165136658723,2.74079190248832,193.744747475276,26.6152509633037,0.000587949566929021,0.00957767665405925,0.129365286787496,1.39563403160971e-08,3.98315584844442e-08,0.12451054482793,22.9655951587383,1.85812250777705e-05,2.54616580387396e-07,3.63888677202045e-07,0.0288392595160317,0.840198118053553
waste_280_CH,2060,0.0302165136658723,2.74079190248832,193.744747475276,26.6152509633037,0.000587949566929021,0.00957767665405925,0.129365286787496,1.39563403160971e-08,3.98315584844442e-08,0.12451054482793,22.9655951587383,1.85812250777705e-05,2.54616580387396e-07,3.63888677202045e-07,0.0288392595160317,0.840198118053553
waste_280_CH,2045,0.0302165136658723,2.74079190248832,193.744747475276,26.6152509633037,0.000587949566929021,0.00957767665405925,0.129365286787496,1.39563403160971e-08,3.98315584844442e-08,0.12451054482793,22.9655951587383,1.85812250777705e-05,2.54616580387396e-07,3.63888677202045e-07,0.0288392595160317,0.840198118053553
waste_280_CH,2053,0.0302165136658723,2.74079190248832,193.744747475276,26.6152509633037,0.000587949566929021,0.00957767665405925,0.129365286787496,1.39563403160971e-08,3.98315584844442e-08,0.12451054482793,22.9655951587383,1.85812250777705e-05,2.54616580387396e-07,3.63888677202045e-07,0.0288392595160317,0.840198118053553
waste_280_CH,2044,0.0302165136658723,2.74079190248832,193.744747475276,26.6152509633037,0.000587949566929021,0.00957767665405925,0.129365286787496,1.39563403160971e-08,3.98315584844442e-08,0.12451054482793,22.9655951587383,1.85812250777705e-05,2.54616580387396e-07,3.63888677202045e-07,0.0288392595160317,0.840198118053553
waste_280_CH,2043,0.0302165136658723,2.74079190248832,193.744747475276,26.6152509633037,0.000587949566929021,0.00957767665405925,0.129365286787496,1.39563403160971e-08,3.98315584844442e-08,0.12451054482793,22.9655951587383,1.85812250777705e-05,2.54616580387396e-07,3.63888677202045e-07,0.0288392595160317,0.840198118053553
waste_280_CH,2025,0.0302165136658723,2.74079190248832,193.744747475276,26.6152509633037,0.000587949566929021,0.00957767665405925,0.129365286787496,1.39563403160971e-08,3.98315584844442e-08,0.12451054482793,22.9655951587383,1.85812250777705e-05,2.54616580387396e-07,3.63888677202045e-07,0.0288392595160317,0.840198118053553
waste_280_CH,2042,0.0302165136658723,2.74079190248832,193.744747475276,26.6152509633037,0.000587949566929021,0.00957767665405925,0.129365286787496,1.39563403160971e-08,3.98315584844442e-08,0.12451054482793,22.9655951587383,1.85812250777705e-05,2.54616580387396e-07,3.63888677202045e-07,0.0288392595160317,0.840198118053553
waste_280_CH,2026,0.0302165136658723,2.74079190248832,193.744747475276,26.6152509633037,0.000587949566929021,0.00957767665405925,0.129365286787496,1.39563403160971e-08,3.98315584844442e-08,0.12451054482793,22.9655951587383,1.85812250777705e-05,2.54616580387396e-07,3.63888677202045e-07,0.0288392595160317,0.840198118053553
waste_280_CH,2027,0.0302165136658723,2.74079190248832,193.744747475276,26.6152509633037,0.000587949566929021,0.00957767665405925,0.129365286787496,1.39563403160971e-08,3.98315584844442e-08,0.12451054482793,22.9655951587383,1.85812250777705e-05,2.54616580387396e-07,3.63888677202045e-07,0.0288392595160317,0.840198118053553
waste_280_CH,2028,0.0302165136658723,2.74079190248832,193.744747475276,26.6152509633037,0.000587949566929021,0.00957767665405925,0.129365286787496,1.39563403160971e-08,3.98315584844442e-08,0.12451054482793,22.9655951587383,1.85812250777705e-05,2.54616580387396e-07,3.63888677202045e-07,0.0288392595160317,0.840198118053553
waste_280_CH,2029,0.0302165136658723,2.74079190248832,193.744747475276,26.6152509633037,0.000587949566929021,0.00957767665405925,0.129365286787496,1.39563403160971e-08,3.98315584844442e-08,0.12451054482793,22.9655951587383,1.85812250777705e-05,2.54616580387396e-07,3.63888677202045e-07,0.0288392595160317,0.840198118053553
waste_280_CH,2031,0.0302165136658723,2.74079190248832,193.744747475276,26.6152509633037,0.000587949566929021,0.00957767665405925,0.129365286787496,1.39563403160971e-08,3.98315584844442e-08,0.12451054482793,22.9655951587383,1.85812250777705e-05,2.54616580387396e-07,3.63888677202045e-07,0.0288392595160317,0.840198118053553
waste_280_CH,2032,0.0302165136658723,2.74079190248832,193.744747475276,26.6152509633037,0.000587949566929021,0.00957767665405925,0.129365286787496,1.39563403160971e-08,3.98315584844442e-08,0.12451054482793,22.9655951587383,1.85812250777705e-05,2.54616580387396e-07,3.63888677202045e-07,0.0288392595160317,0.840198118053553
waste_280_CH,2033,0.0302165136658723,2.74079190248832,193.744747475276,26.6152509633037,0.000587949566929021,0.00957767665405925,0.129365286787496,1.39563403160971e-08,3.98315584844442e-08,0.12451054482793,22.9655951587383,1.85812250777705e-05,2.54616580387396e-07,3.63888677202045e-07,0.0288392595160317,0.840198118053553
waste_280_CH,2030,0.0302165136658723,2.74079190248832,193.744747475276,26.6152509633037,0.000587949566929021,0.00957767665405925,0.129365286787496,1.39563403160971e-08,3.98315584844442e-08,0.12451054482793,22.9655951587383,1.85812250777705e-05,2.54616580387396e-07,3.63888677202045e-07,0.0288392595160317,0.840198118053553
waste_280_CH,2035,0.0302165136658723,2.74079190248832,193.744747475276,26.6152509633037,0.000587949566929021,0.00957767665405925,0.129365286787496,1.39563403160971e-08,3.98315584844442e-08,0.12451054482793,22.9655951587383,1.85812250777705e-05,2.54616580387396e-07,3.63888677202045e-07,0.0288392595160317,0.840198118053553
waste_280_CH,2036,0.0302165136658723,2.74079190248832,193.744747475276,26.6152509633037,0.000587949566929021,0.00957767665405925,0.129365286787496,1.39563403160971e-08,3.98315584844442e-08,0.12451054482793,22.9655951587383,1.85812250777705e-05,2.54616580387396e-07,3.63888677202045e-07,0.0288392595160317,0.840198118053553
waste_280_CH,2037,0.0302165136658723,2.74079190248832,193.744747475276,26.6152509633037,0.000587949566929021,0.00957767665405925,0.129365286787496,1.39563403160971e-08,3.98315584844442e-08,0.12451054482793,22.9655951587383,1.85812250777705e-05,2.54616580387396e-07,3.63888677202045e-07,0.0288392595160317,0.840198118053553
waste_280_CH,2038,0.0302165136658723,2.74079190248832,193.744747475276,26.6152509633037,0.000587949566929021,0.00957767665405925,0.129365286787496,1.39563403160971e-08,3.98315584844442e-08,0.12451054482793,22.9655951587383,1.85812250777705e-05,2.54616580387396e-07,3.63888677202045e-07,0.0288392595160317,0.840198118053553
waste_280_CH,2039,0.0302165136658723,2.74079190248832,193.744747475276,26.6152509633037,0.000587949566929021,0.00957767665405925,0.129365286787496,1.39563403160971e-08,3.98315584844442e-08,0.12451054482793,22.9655951587383,1.85812250777705e-05,2.54616580387396e-07,3.63888677202045e-07,0.0288392595160317,0.840198118053553
waste_280_CH,2040,0.0302165136658723,2.74079190248832,193.744747475276,26.6152509633037,0.000587949566929021,0.00957767665405925,0.129365286787496,1.39563403160971e-08,3.98315584844442e-08,0.12451054482793,22.9655951587383,1.85812250777705e-05,2.54616580387396e-07,3.63888677202045e-07,0.0288392595160317,0.840198118053553
waste_280_CH,2041,0.0302165136658723,2.74079190248832,193.744747475276,26.6152509633037,0.000587949566929021,0.00957767665405925,0.129365286787496,1.39563403160971e-08,3.98315584844442e-08,0.12451054482793,22.9655951587383,1.85812250777705e-05,2.54616580387396e-07,3.63888677202045e-07,0.0288392595160317,0.840198118053553
waste_280_CH,2034,0.0302165136658723,2.74079190248832,193.744747475276,26.6152509633037,0.000587949566929021,0.00957767665405925,0.129365286787496,1.39563403160971e-08,3.98315584844442e-08,0.12451054482793,22.9655951587383,1.85812250777705e-05,2.54616580387396e-07,3.63888677202045e-07,0.0288392595160317,0.840198118053553
waste_282_CH,2051,0.0302165136658723,2.74079190248832,193.744747475276,26.6152509633037,0.000587949566929021,0.00957767665405925,0.129365286787496,1.39563403160971e-08,3.98315584844442e-08,0.12451054482793,22.9655951587383,1.85812250777705e-05,2.54616580387396e-07,3.63888677202045e-07,0.0288392595160317,0.840198118053553
waste_282_CH,2045,0.0302165136658723,2.74079190248832,193.744747475276,26.6152509633037,0.000587949566929021,0.00957767665405925,0.129365286787496,1.39563403160971e-08,3.98315584844442e-08,0.12451054482793,22.9655951587383,1.85812250777705e-05,2.54616580387396e-07,3.63888677202045e-07,0.0288392595160317,0.840198118053553
waste_282_CH,2046,0.0302165136658723,2.74079190248832,193.744747475276,26.6152509633037,0.000587949566929021,0.00957767665405925,0.129365286787496,1.39563403160971e-08,3.98315584844442e-08,0.12451054482793,22.9655951587383,1.85812250777705e-05,2.54616580387396e-07,3.63888677202045e-07,0.0288392595160317,0.840198118053553
waste_282_CH,2047,0.0302165136658723,2.74079190248832,193.744747475276,26.6152509633037,0.000587949566929021,0.00957767665405925,0.129365286787496,1.39563403160971e-08,3.98315584844442e-08,0.12451054482793,22.9655951587383,1.85812250777705e-05,2.54616580387396e-07,3.63888677202045e-07,0.0288392595160317,0.840198118053553
waste_282_CH,2048,0.0302165136658723,2.74079190248832,193.744747475276,26.6152509633037,0.000587949566929021,0.00957767665405925,0.129365286787496,1.39563403160971e-08,3.98315584844442e-08,0.12451054482793,22.9655951587383,1.85812250777705e-05,2.54616580387396e-07,3.63888677202045e-07,0.0288392595160317,0.840198118053553
waste_282_CH,2049,0.0302165136658723,2.74079190248832,193.744747475276,26.6152509633037,0.000587949566929021,0.00957767665405925,0.129365286787496,1.39563403160971e-08,3.98315584844442e-08,0.12451054482793,22.9655951587383,1.85812250777705e-05,2.54616580387396e-07,3.63888677202045e-07,0.0288392595160317,0.840198118053553
waste_282_CH,2050,0.0302165136658723,2.74079190248832,193.744747475276,26.6152509633037,0.000587949566929021,0.00957767665405925,0.129365286787496,1.39563403160971e-08,3.98315584844442e-08,0.12451054482793,22.9655951587383,1.85812250777705e-05,2.54616580387396e-07,3.63888677202045e-07,0.0288392595160317,0.840198118053553
waste_282_CH,2052,0.0302165136658723,2.74079190248832,193.744747475276,26.6152509633037,0.000587949566929021,0.00957767665405925,0.129365286787496,1.39563403160971e-08,3.98315584844442e-08,0.12451054482793,22.9655951587383,1.85812250777705e-05,2.54616580387396e-07,3.63888677202045e-07,0.0288392595160317,0.840198118053553
waste_282_CH,2044,0.0302165136658723,2.74079190248832,193.744747475276,26.6152509633037,0.000587949566929021,0.00957767665405925,0.129365286787496,1.39563403160971e-08,3.98315584844442e-08,0.12451054482793,22.9655951587383,1.85812250777705e-05,2.54616580387396e-07,3.63888677202045e-07,0.0288392595160317,0.840198118053553
waste_282_CH,2054,0.0302165136658723,2.74079190248832,193.744747475276,26.6152509633037,0.000587949566929021,0.00957767665405925,0.129365286787496,1.39563403160971e-08,3.98315584844442e-08,0.12451054482793,22.9655951587383,1.85812250777705e-05,2.54616580387396e-07,3.63888677202045e-07,0.0288392595160317,0.840198118053553
waste_282_CH,2055,0.0302165136658723,2.74079190248832,193.744747475276,26.6152509633037,0.000587949566929021,0.00957767665405925,0.129365286787496,1.39563403160971e-08,3.98315584844442e-08,0.12451054482793,22.9655951587383,1.85812250777705e-05,2.54616580387396e-07,3.63888677202045e-07,0.0288392595160317,0.840198118053553
waste_282_CH,2056,0.0302165136658723,2.74079190248832,193.744747475276,26.6152509633037,0.000587949566929021,0.00957767665405925,0.129365286787496,1.39563403160971e-08,3.98315584844442e-08,0.12451054482793,22.9655951587383,1.85812250777705e-05,2.54616580387396e-07,3.63888677202045e-07,0.0288392595160317,0.840198118053553
waste_282_CH,2057,0.0302165136658723,2.74079190248832,193.744747475276,26.6152509633037,0.000587949566929021,0.00957767665405925,0.129365286787496,1.39563403160971e-08,3.98315584844442e-08,0.12451054482793,22.9655951587383,1.85812250777705e-05,2.54616580387396e-07,3.63888677202045e-07,0.0288392595160317,0.840198118053553
waste_282_CH,2058,0.0302165136658723,2.74079190248832,193.744747475276,26.6152509633037,0.000587949566929021,0.00957767665405925,0.129365286787496,1.39563403160971e-08,3.98315584844442e-08,0.12451054482793,22.9655951587383,1.85812250777705e-05,2.54616580387396e-07,3.63888677202045e-07,0.0288392595160317,0.840198118053553
waste_282_CH,2059,0.0302165136658723,2.74079190248832,193.744747475276,26.6152509633037,0.000587949566929021,0.00957767665405925,0.129365286787496,1.39563403160971e-08,3.98315584844442e-08,0.12451054482793,22.9655951587383,1.85812250777705e-05,2.54616580387396e-07,3.63888677202045e-07,0.0288392595160317,0.840198118053553
waste_282_CH,2060,0.0302165136658723,2.74079190248832,193.744747475276,26.6152509633037,0.000587949566929021,0.00957767665405925,0.129365286787496,1.39563403160971e-08,3.98315584844442e-08,0.12451054482793,22.9655951587383,1.85812250777705e-05,2.54616580387396e-07,3.63888677202045e-07,0.0288392595160317,0.840198118053553
waste_282_CH,2053,0.0302165136658723,2.74079190248832,193.744747475276,26.6152509633037,0.000587949566929021,0.00957767665405925,0.129365286787496,1.39563403160971e-08,3.98315584844442e-08,0.12451054482793,22.9655951587383,1.85812250777705e-05,2.54616580387396e-07,3.63888677202045e-07,0.0288392595160317,0.840198118053553
waste_282_CH,2043,0.0302165136658723,2.74079190248832,193.744747475276,26.6152509633037,0.000587949566929021,0.00957767665405925,0.129365286787496,1.39563403160971e-08,3.98315584844442e-08,0.12451054482793,22.9655951587383,1.85812250777705e-05,2.54616580387396e-07,3.63888677202045e-07,0.0288392595160317,0.840198118053553
waste_282_CH,2042,0.0302165136658723,2.74079190248832,193.744747475276,26.6152509633037,0.000587949566929021,0.00957767665405925,0.129365286787496,1.39563403160971e-08,3.98315584844442e-08,0.12451054482793,22.9655951587383,1.85812250777705e-05,2.54616580387396e-07,3.63888677202045e-07,0.0288392595160317,0.840198118053553
waste_282_CH,2041,0.0302165136658723,2.74079190248832,193.744747475276,26.6152509633037,0.000587949566929021,0.00957767665405925,0.129365286787496,1.39563403160971e-08,3.98315584844442e-08,0.12451054482793,22.9655951587383,1.85812250777705e-05,2.54616580387396e-07,3.63888677202045e-07,0.0288392595160317,0.840198118053553
waste_282_CH,2025,0.0302165136658723,2.74079190248832,193.744747475276,26.6152509633037,0.000587949566929021,0.00957767665405925,0.129365286787496,1.39563403160971e-08,3.98315584844442e-08,0.12451054482793,22.9655951587383,1.85812250777705e-05,2.54616580387396e-07,3.63888677202045e-07,0.0288392595160317,0.840198118053553
waste_282_CH,2026,0.0302165136658723,2.74079190248832,193.744747475276,26.6152509633037,0.000587949566929021,0.00957767665405925,0.129365286787496,1.39563403160971e-08,3.98315584844442e-08,0.12451054482793,22.9655951587383,1.85812250777705e-05,2.54616580387396e-07,3.63888677202045e-07,0.0288392595160317,0.840198118053553
waste_282_CH,2027,0.0302165136658723,2.74079190248832,193.744747475276,26.6152509633037,0.000587949566929021,0.00957767665405925,0.129365286787496,1.39563403160971e-08,3.98315584844442e-08,0.12451054482793,22.9655951587383,1.85812250777705e-05,2.54616580387396e-07,3.63888677202045e-07,0.0288392595160317,0.840198118053553
waste_282_CH,2028,0.0302165136658723,2.74079190248832,193.744747475276,26.6152509633037,0.000587949566929021,0.00957767665405925,0.129365286787496,1.39563403160971e-08,3.98315584844442e-08,0.12451054482793,22.9655951587383,1.85812250777705e-05,2.54616580387396e-07,3.63888677202045e-07,0.0288392595160317,0.840198118053553
waste_282_CH,2030,0.0302165136658723,2.74079190248832,193.744747475276,26.6152509633037,0.000587949566929021,0.00957767665405925,0.129365286787496,1.39563403160971e-08,3.98315584844442e-08,0.12451054482793,22.9655951587383,1.85812250777705e-05,2.54616580387396e-07,3.63888677202045e-07,0.0288392595160317,0.840198118053553
waste_282_CH,2031,0.0302165136658723,2.74079190248832,193.744747475276,26.6152509633037,0.000587949566929021,0.00957767665405925,0.129365286787496,1.39563403160971e-08,3.98315584844442e-08,0.12451054482793,22.9655951587383,1.85812250777705e-05,2.54616580387396e-07,3.63888677202045e-07,0.0288392595160317,0.840198118053553
waste_282_CH,2032,0.0302165136658723,2.74079190248832,193.744747475276,26.6152509633037,0.000587949566929021,0.00957767665405925,0.129365286787496,1.39563403160971e-08,3.98315584844442e-08,0.12451054482793,22.9655951587383,1.85812250777705e-05,2.54616580387396e-07,3.63888677202045e-07,0.0288392595160317,0.840198118053553
waste_282_CH,2029,0.0302165136658723,2.74079190248832,193.744747475276,26.6152509633037,0.000587949566929021,0.00957767665405925,0.129365286787496,1.39563403160971e-08,3.98315584844442e-08,0.12451054482793,22.9655951587383,1.85812250777705e-05,2.54616580387396e-07,3.63888677202045e-07,0.0288392595160317,0.840198118053553
waste_282_CH,2034,0.0302165136658723,2.74079190248832,193.744747475276,26.6152509633037,0.000587949566929021,0.00957767665405925,0.129365286787496,1.39563403160971e-08,3.98315584844442e-08,0.12451054482793,22.9655951587383,1.85812250777705e-05,2.54616580387396e-07,3.63888677202045e-07,0.0288392595160317,0.840198118053553
waste_282_CH,2035,0.0302165136658723,2.74079190248832,193.744747475276,26.6152509633037,0.000587949566929021,0.00957767665405925,0.129365286787496,1.39563403160971e-08,3.98315584844442e-08,0.12451054482793,22.9655951587383,1.85812250777705e-05,2.54616580387396e-07,3.63888677202045e-07,0.0288392595160317,0.840198118053553
waste_282_CH,2036,0.0302165136658723,2.74079190248832,193.744747475276,26.6152509633037,0.000587949566929021,0.00957767665405925,0.129365286787496,1.39563403160971e-08,3.98315584844442e-08,0.12451054482793,22.9655951587383,1.85812250777705e-05,2.54616580387396e-07,3.63888677202045e-07,0.0288392595160317,0.840198118053553
waste_282_CH,2037,0.0302165136658723,2.74079190248832,193.744747475276,26.6152509633037,0.000587949566929021,0.00957767665405925,0.129365286787496,1.39563403160971e-08,3.98315584844442e-08,0.12451054482793,22.9655951587383,1.85812250777705e-05,2.54616580387396e-07,3.63888677202045e-07,0.0288392595160317,0.840198118053553
waste_282_CH,2038,0.0302165136658723,2.74079190248832,193.744747475276,26.6152509633037,0.000587949566929021,0.00957767665405925,0.129365286787496,1.39563403160971e-08,3.98315584844442e-08,0.12451054482793,22.9655951587383,1.85812250777705e-05,2.54616580387396e-07,3.63888677202045e-07,0.0288392595160317,0.840198118053553
waste_282_CH,2039,0.0302165136658723,2.74079190248832,193.744747475276,26.6152509633037,0.000587949566929021,0.00957767665405925,0.129365286787496,1.39563403160971e-08,3.98315584844442e-08,0.12451054482793,22.9655951587383,1.85812250777705e-05,2.54616580387396e-07,3.63888677202045e-07,0.0288392595160317,0.840198118053553
waste_282_CH,2040,0.0302165136658723,2.74079190248832,193.744747475276,26.6152509633037,0.000587949566929021,0.00957767665405925,0.129365286787496,1.39563403160971e-08,3.98315584844442e-08,0.12451054482793,22.9655951587383,1.85812250777705e-05,2.54616580387396e-07,3.63888677202045e-07,0.0288392595160317,0.840198118053553
waste_282_CH,2033,0.0302165136658723,2.74079190248832,193.744747475276,26.6152509633037,0.000587949566929021,0.00957767665405925,0.129365286787496,1.39563403160971e-08,3.98315584844442e-08,0.12451054482793,22.9655951587383,1.85812250777705e-05,2.54616580387396e-07,3.63888677202045e-07,0.0288392595160317,0.840198118053553
waste_283_CH,2051,0.0302165136658723,2.74079190248832,193.744747475276,26.6152509633037,0.000587949566929021,0.00957767665405925,0.129365286787496,1.39563403160971e-08,3.98315584844442e-08,0.12451054482793,22.9655951587383,1.85812250777705e-05,2.54616580387396e-07,3.63888677202045e-07,0.0288392595160317,0.840198118053553
waste_283_CH,2045,0.0302165136658723,2.74079190248832,193.744747475276,26.6152509633037,0.000587949566929021,0.00957767665405925,0.129365286787496,1.39563403160971e-08,3.98315584844442e-08,0.12451054482793,22.9655951587383,1.85812250777705e-05,2.54616580387396e-07,3.63888677202045e-07,0.0288392595160317,0.840198118053553
waste_283_CH,2046,0.0302165136658723,2.74079190248832,193.744747475276,26.6152509633037,0.000587949566929021,0.00957767665405925,0.129365286787496,1.39563403160971e-08,3.98315584844442e-08,0.12451054482793,22.9655951587383,1.85812250777705e-05,2.54616580387396e-07,3.63888677202045e-07,0.0288392595160317,0.840198118053553
waste_283_CH,2047,0.0302165136658723,2.74079190248832,193.744747475276,26.6152509633037,0.000587949566929021,0.00957767665405925,0.129365286787496,1.39563403160971e-08,3.98315584844442e-08,0.12451054482793,22.9655951587383,1.85812250777705e-05,2.54616580387396e-07,3.63888677202045e-07,0.0288392595160317,0.840198118053553
waste_283_CH,2048,0.0302165136658723,2.74079190248832,193.744747475276,26.6152509633037,0.000587949566929021,0.00957767665405925,0.129365286787496,1.39563403160971e-08,3.98315584844442e-08,0.12451054482793,22.9655951587383,1.85812250777705e-05,2.54616580387396e-07,3.63888677202045e-07,0.0288392595160317,0.840198118053553
waste_283_CH,2049,0.0302165136658723,2.74079190248832,193.744747475276,26.6152509633037,0.000587949566929021,0.00957767665405925,0.129365286787496,1.39563403160971e-08,3.98315584844442e-08,0.12451054482793,22.9655951587383,1.85812250777705e-05,2.54616580387396e-07,3.63888677202045e-07,0.0288392595160317,0.840198118053553
waste_283_CH,2050,0.0302165136658723,2.74079190248832,193.744747475276,26.6152509633037,0.000587949566929021,0.00957767665405925,0.129365286787496,1.39563403160971e-08,3.98315584844442e-08,0.12451054482793,22.9655951587383,1.85812250777705e-05,2.54616580387396e-07,3.63888677202045e-07,0.0288392595160317,0.840198118053553
waste_283_CH,2052,0.0302165136658723,2.74079190248832,193.744747475276,26.6152509633037,0.000587949566929021,0.00957767665405925,0.129365286787496,1.39563403160971e-08,3.98315584844442e-08,0.12451054482793,22.9655951587383,1.85812250777705e-05,2.54616580387396e-07,3.63888677202045e-07,0.0288392595160317,0.840198118053553
waste_283_CH,2060,0.0302165136658723,2.74079190248832,193.744747475276,26.6152509633037,0.000587949566929021,0.00957767665405925,0.129365286787496,1.39563403160971e-08,3.98315584844442e-08,0.12451054482793,22.9655951587383,1.85812250777705e-05,2.54616580387396e-07,3.63888677202045e-07,0.0288392595160317,0.840198118053553
waste_283_CH,2054,0.0302165136658723,2.74079190248832,193.744747475276,26.6152509633037,0.000587949566929021,0.00957767665405925,0.129365286787496,1.39563403160971e-08,3.98315584844442e-08,0.12451054482793,22.9655951587383,1.85812250777705e-05,2.54616580387396e-07,3.63888677202045e-07,0.0288392595160317,0.840198118053553
waste_283_CH,2055,0.0302165136658723,2.74079190248832,193.744747475276,26.6152509633037,0.000587949566929021,0.00957767665405925,0.129365286787496,1.39563403160971e-08,3.98315584844442e-08,0.12451054482793,22.9655951587383,1.85812250777705e-05,2.54616580387396e-07,3.63888677202045e-07,0.0288392595160317,0.840198118053553
waste_283_CH,2056,0.0302165136658723,2.74079190248832,193.744747475276,26.6152509633037,0.000587949566929021,0.00957767665405925,0.129365286787496,1.39563403160971e-08,3.98315584844442e-08,0.12451054482793,22.9655951587383,1.85812250777705e-05,2.54616580387396e-07,3.63888677202045e-07,0.0288392595160317,0.840198118053553
waste_283_CH,2057,0.0302165136658723,2.74079190248832,193.744747475276,26.6152509633037,0.000587949566929021,0.00957767665405925,0.129365286787496,1.39563403160971e-08,3.98315584844442e-08,0.12451054482793,22.9655951587383,1.85812250777705e-05,2.54616580387396e-07,3.63888677202045e-07,0.0288392595160317,0.840198118053553
waste_283_CH,2058,0.0302165136658723,2.74079190248832,193.744747475276,26.6152509633037,0.000587949566929021,0.00957767665405925,0.129365286787496,1.39563403160971e-08,3.98315584844442e-08,0.12451054482793,22.9655951587383,1.85812250777705e-05,2.54616580387396e-07,3.63888677202045e-07,0.0288392595160317,0.840198118053553
waste_283_CH,2059,0.0302165136658723,2.74079190248832,193.744747475276,26.6152509633037,0.000587949566929021,0.00957767665405925,0.129365286787496,1.39563403160971e-08,3.98315584844442e-08,0.12451054482793,22.9655951587383,1.85812250777705e-05,2.54616580387396e-07,3.63888677202045e-07,0.0288392595160317,0.840198118053553
waste_283_CH,2044,0.0302165136658723,2.74079190248832,193.744747475276,26.6152509633037,0.000587949566929021,0.00957767665405925,0.129365286787496,1.39563403160971e-08,3.98315584844442e-08,0.12451054482793,22.9655951587383,1.85812250777705e-05,2.54616580387396e-07,3.63888677202045e-07,0.0288392595160317,0.840198118053553
waste_283_CH,2053,0.0302165136658723,2.74079190248832,193.744747475276,26.6152509633037,0.000587949566929021,0.00957767665405925,0.129365286787496,1.39563403160971e-08,3.98315584844442e-08,0.12451054482793,22.9655951587383,1.85812250777705e-05,2.54616580387396e-07,3.63888677202045e-07,0.0288392595160317,0.840198118053553
waste_283_CH,2043,0.0302165136658723,2.74079190248832,193.744747475276,26.6152509633037,0.000587949566929021,0.00957767665405925,0.129365286787496,1.39563403160971e-08,3.98315584844442e-08,0.12451054482793,22.9655951587383,1.85812250777705e-05,2.54616580387396e-07,3.63888677202045e-07,0.0288392595160317,0.840198118053553
waste_283_CH,2042,0.0302165136658723,2.74079190248832,193.744747475276,26.6152509633037,0.000587949566929021,0.00957767665405925,0.129365286787496,1.39563403160971e-08,3.98315584844442e-08,0.12451054482793,22.9655951587383,1.85812250777705e-05,2.54616580387396e-07,3.63888677202045e-07,0.0288392595160317,0.840198118053553
waste_283_CH,2041,0.0302165136658723,2.74079190248832,193.744747475276,26.6152509633037,0.000587949566929021,0.00957767665405925,0.129365286787496,1.39563403160971e-08,3.98315584844442e-08,0.12451054482793,22.9655951587383,1.85812250777705e-05,2.54616580387396e-07,3.63888677202045e-07,0.0288392595160317,0.840198118053553
waste_283_CH,2026,0.0302165136658723,2.74079190248832,193.744747475276,26.6152509633037,0.000587949566929021,0.00957767665405925,0.129365286787496,1.39563403160971e-08,3.98315584844442e-08,0.12451054482793,22.9655951587383,1.85812250777705e-05,2.54616580387396e-07,3.63888677202045e-07,0.0288392595160317,0.840198118053553
waste_283_CH,2027,0.0302165136658723,2.74079190248832,193.744747475276,26.6152509633037,0.000587949566929021,0.00957767665405925,0.129365286787496,1.39563403160971e-08,3.98315584844442e-08,0.12451054482793,22.9655951587383,1.85812250777705e-05,2.54616580387396e-07,3.63888677202045e-07,0.0288392595160317,0.840198118053553
waste_283_CH,2028,0.0302165136658723,2.74079190248832,193.744747475276,26.6152509633037,0.000587949566929021,0.00957767665405925,0.129365286787496,1.39563403160971e-08,3.98315584844442e-08,0.12451054482793,22.9655951587383,1.85812250777705e-05,2.54616580387396e-07,3.63888677202045e-07,0.0288392595160317,0.840198118053553
waste_283_CH,2029,0.0302165136658723,2.74079190248832,193.744747475276,26.6152509633037,0.000587949566929021,0.00957767665405925,0.129365286787496,1.39563403160971e-08,3.98315584844442e-08,0.12451054482793,22.9655951587383,1.85812250777705e-05,2.54616580387396e-07,3.63888677202045e-07,0.0288392595160317,0.840198118053553
waste_283_CH,2030,0.0302165136658723,2.74079190248832,193.744747475276,26.6152509633037,0.000587949566929021,0.00957767665405925,0.129365286787496,1.39563403160971e-08,3.98315584844442e-08,0.12451054482793,22.9655951587383,1.85812250777705e-05,2.54616580387396e-07,3.63888677202045e-07,0.0288392595160317,0.840198118053553
waste_283_CH,2031,0.0302165136658723,2.74079190248832,193.744747475276,26.6152509633037,0.000587949566929021,0.00957767665405925,0.129365286787496,1.39563403160971e-08,3.98315584844442e-08,0.12451054482793,22.9655951587383,1.85812250777705e-05,2.54616580387396e-07,3.63888677202045e-07,0.0288392595160317,0.840198118053553
waste_283_CH,2032,0.0302165136658723,2.74079190248832,193.744747475276,26.6152509633037,0.000587949566929021,0.00957767665405925,0.129365286787496,1.39563403160971e-08,3.98315584844442e-08,0.12451054482793,22.9655951587383,1.85812250777705e-05,2.54616580387396e-07,3.63888677202045e-07,0.0288392595160317,0.840198118053553
waste_283_CH,2025,0.0302165136658723,2.74079190248832,193.744747475276,26.6152509633037,0.000587949566929021,0.00957767665405925,0.129365286787496,1.39563403160971e-08,3.98315584844442e-08,0.12451054482793,22.9655951587383,1.85812250777705e-05,2.54616580387396e-07,3.63888677202045e-07,0.0288392595160317,0.840198118053553
waste_283_CH,2034,0.0302165136658723,2.74079190248832,193.744747475276,26.6152509633037,0.000587949566929021,0.00957767665405925,0.129365286787496,1.39563403160971e-08,3.98315584844442e-08,0.12451054482793,22.9655951587383,1.85812250777705e-05,2.54616580387396e-07,3.63888677202045e-07,0.0288392595160317,0.840198118053553
waste_283_CH,2035,0.0302165136658723,2.74079190248832,193.744747475276,26.6152509633037,0.000587949566929021,0.00957767665405925,0.129365286787496,1.39563403160971e-08,3.98315584844442e-08,0.12451054482793,22.9655951587383,1.85812250777705e-05,2.54616580387396e-07,3.63888677202045e-07,0.0288392595160317,0.840198118053553
waste_283_CH,2036,0.0302165136658723,2.74079190248832,193.744747475276,26.6152509633037,0.000587949566929021,0.00957767665405925,0.129365286787496,1.39563403160971e-08,3.98315584844442e-08,0.12451054482793,22.9655951587383,1.85812250777705e-05,2.54616580387396e-07,3.63888677202045e-07,0.0288392595160317,0.840198118053553
waste_283_CH,2037,0.0302165136658723,2.74079190248832,193.744747475276,26.6152509633037,0.000587949566929021,0.00957767665405925,0.129365286787496,1.39563403160971e-08,3.98315584844442e-08,0.12451054482793,22.9655951587383,1.85812250777705e-05,2.54616580387396e-07,3.63888677202045e-07,0.0288392595160317,0.840198118053553
waste_283_CH,2038,0.0302165136658723,2.74079190248832,193.744747475276,26.6152509633037,0.000587949566929021,0.00957767665405925,0.129365286787496,1.39563403160971e-08,3.98315584844442e-08,0.12451054482793,22.9655951587383,1.85812250777705e-05,2.54616580387396e-07,3.63888677202045e-07,0.0288392595160317,0.840198118053553
waste_283_CH,2039,0.0302165136658723,2.74079190248832,193.744747475276,26.6152509633037,0.000587949566929021,0.00957767665405925,0.129365286787496,1.39563403160971e-08,3.98315584844442e-08,0.12451054482793,22.9655951587383,1.85812250777705e-05,2.54616580387396e-07,3.63888677202045e-07,0.0288392595160317,0.840198118053553
waste_283_CH,2040,0.0302165136658723,2.74079190248832,193.744747475276,26.6152509633037,0.000587949566929021,0.00957767665405925,0.129365286787496,1.39563403160971e-08,3.98315584844442e-08,0.12451054482793,22.9655951587383,1.85812250777705e-05,2.54616580387396e-07,3.63888677202045e-07,0.0288392595160317,0.840198118053553
waste_283_CH,2033,0.0302165136658723,2.74079190248832,193.744747475276,26.6152509633037,0.000587949566929021,0.00957767665405925,0.129365286787496,1.39563403160971e-08,3.98315584844442e-08,0.12451054482793,22.9655951587383,1.85812250777705e-05,2.54616580387396e-07,3.63888677202045e-07,0.0288392595160317,0.840198118053553
waste_286_CH,2046,0.0302165136658723,2.74079190248832,193.744747475276,26.6152509633037,0.000587949566929021,0.00957767665405925,0.129365286787496,1.39563403160971e-08,3.98315584844442e-08,0.12451054482793,22.9655951587383,1.85812250777705e-05,2.54616580387396e-07,3.63888677202045e-07,0.0288392595160317,0.840198118053553
waste_286_CH,2047,0.0302165136658723,2.74079190248832,193.744747475276,26.6152509633037,0.000587949566929021,0.00957767665405925,0.129365286787496,1.39563403160971e-08,3.98315584844442e-08,0.12451054482793,22.9655951587383,1.85812250777705e-05,2.54616580387396e-07,3.63888677202045e-07,0.0288392595160317,0.840198118053553
waste_286_CH,2048,0.0302165136658723,2.74079190248832,193.744747475276,26.6152509633037,0.000587949566929021,0.00957767665405925,0.129365286787496,1.39563403160971e-08,3.98315584844442e-08,0.12451054482793,22.9655951587383,1.85812250777705e-05,2.54616580387396e-07,3.63888677202045e-07,0.0288392595160317,0.840198118053553
waste_286_CH,2049,0.0302165136658723,2.74079190248832,193.744747475276,26.6152509633037,0.000587949566929021,0.00957767665405925,0.129365286787496,1.39563403160971e-08,3.98315584844442e-08,0.12451054482793,22.9655951587383,1.85812250777705e-05,2.54616580387396e-07,3.63888677202045e-07,0.0288392595160317,0.840198118053553
waste_286_CH,2050,0.0302165136658723,2.74079190248832,193.744747475276,26.6152509633037,0.000587949566929021,0.00957767665405925,0.129365286787496,1.39563403160971e-08,3.98315584844442e-08,0.12451054482793,22.9655951587383,1.85812250777705e-05,2.54616580387396e-07,3.63888677202045e-07,0.0288392595160317,0.840198118053553
waste_286_CH,2051,0.0302165136658723,2.74079190248832,193.744747475276,26.6152509633037,0.000587949566929021,0.00957767665405925,0.129365286787496,1.39563403160971e-08,3.98315584844442e-08,0.12451054482793,22.9655951587383,1.85812250777705e-05,2.54616580387396e-07,3.63888677202045e-07,0.0288392595160317,0.840198118053553
waste_286_CH,2052,0.0302165136658723,2.74079190248832,193.744747475276,26.6152509633037,0.000587949566929021,0.00957767665405925,0.129365286787496,1.39563403160971e-08,3.98315584844442e-08,0.12451054482793,22.9655951587383,1.85812250777705e-05,2.54616580387396e-07,3.63888677202045e-07,0.0288392595160317,0.840198118053553
waste_286_CH,2056,0.0302165136658723,2.74079190248832,193.744747475276,26.6152509633037,0.000587949566929021,0.00957767665405925,0.129365286787496,1.39563403160971e-08,3.98315584844442e-08,0.12451054482793,22.9655951587383,1.85812250777705e-05,2.54616580387396e-07,3.63888677202045e-07,0.0288392595160317,0.840198118053553
waste_286_CH,2054,0.0302165136658723,2.74079190248832,193.744747475276,26.6152509633037,0.000587949566929021,0.00957767665405925,0.129365286787496,1.39563403160971e-08,3.98315584844442e-08,0.12451054482793,22.9655951587383,1.85812250777705e-05,2.54616580387396e-07,3.63888677202045e-07,0.0288392595160317,0.840198118053553
waste_286_CH,2055,0.0302165136658723,2.74079190248832,193.744747475276,26.6152509633037,0.000587949566929021,0.00957767665405925,0.129365286787496,1.39563403160971e-08,3.98315584844442e-08,0.12451054482793,22.9655951587383,1.85812250777705e-05,2.54616580387396e-07,3.63888677202045e-07,0.0288392595160317,0.840198118053553
waste_286_CH,2057,0.0302165136658723,2.74079190248832,193.744747475276,26.6152509633037,0.000587949566929021,0.00957767665405925,0.129365286787496,1.39563403160971e-08,3.98315584844442e-08,0.12451054482793,22.9655951587383,1.85812250777705e-05,2.54616580387396e-07,3.63888677202045e-07,0.0288392595160317,0.840198118053553
waste_286_CH,2058,0.0302165136658723,2.74079190248832,193.744747475276,26.6152509633037,0.000587949566929021,0.00957767665405925,0.129365286787496,1.39563403160971e-08,3.98315584844442e-08,0.12451054482793,22.9655951587383,1.85812250777705e-05,2.54616580387396e-07,3.63888677202045e-07,0.0288392595160317,0.840198118053553
waste_286_CH,2059,0.0302165136658723,2.74079190248832,193.744747475276,26.6152509633037,0.000587949566929021,0.00957767665405925,0.129365286787496,1.39563403160971e-08,3.98315584844442e-08,0.12451054482793,22.9655951587383,1.85812250777705e-05,2.54616580387396e-07,3.63888677202045e-07,0.0288392595160317,0.840198118053553
waste_286_CH,2060,0.0302165136658723,2.74079190248832,193.744747475276,26.6152509633037,0.000587949566929021,0.00957767665405925,0.129365286787496,1.39563403160971e-08,3.98315584844442e-08,0.12451054482793,22.9655951587383,1.85812250777705e-05,2.54616580387396e-07,3.63888677202045e-07,0.0288392595160317,0.840198118053553
waste_286_CH,2045,0.0302165136658723,2.74079190248832,193.744747475276,26.6152509633037,0.000587949566929021,0.00957767665405925,0.129365286787496,1.39563403160971e-08,3.98315584844442e-08,0.12451054482793,22.9655951587383,1.85812250777705e-05,2.54616580387396e-07,3.63888677202045e-07,0.0288392595160317,0.840198118053553
waste_286_CH,2053,0.0302165136658723,2.74079190248832,193.744747475276,26.6152509633037,0.000587949566929021,0.00957767665405925,0.129365286787496,1.39563403160971e-08,3.98315584844442e-08,0.12451054482793,22.9655951587383,1.85812250777705e-05,2.54616580387396e-07,3.63888677202045e-07,0.0288392595160317,0.840198118053553
waste_286_CH,2044,0.0302165136658723,2.74079190248832,193.744747475276,26.6152509633037,0.000587949566929021,0.00957767665405925,0.129365286787496,1.39563403160971e-08,3.98315584844442e-08,0.12451054482793,22.9655951587383,1.85812250777705e-05,2.54616580387396e-07,3.63888677202045e-07,0.0288392595160317,0.840198118053553
waste_286_CH,2043,0.0302165136658723,2.74079190248832,193.744747475276,26.6152509633037,0.000587949566929021,0.00957767665405925,0.129365286787496,1.39563403160971e-08,3.98315584844442e-08,0.12451054482793,22.9655951587383,1.85812250777705e-05,2.54616580387396e-07,3.63888677202045e-07,0.0288392595160317,0.840198118053553
waste_286_CH,2025,0.0302165136658723,2.74079190248832,193.744747475276,26.6152509633037,0.000587949566929021,0.00957767665405925,0.129365286787496,1.39563403160971e-08,3.98315584844442e-08,0.12451054482793,22.9655951587383,1.85812250777705e-05,2.54616580387396e-07,3.63888677202045e-07,0.0288392595160317,0.840198118053553
waste_286_CH,2026,0.0302165136658723,2.74079190248832,193.744747475276,26.6152509633037,0.000587949566929021,0.00957767665405925,0.129365286787496,1.39563403160971e-08,3.98315584844442e-08,0.12451054482793,22.9655951587383,1.85812250777705e-05,2.54616580387396e-07,3.63888677202045e-07,0.0288392595160317,0.840198118053553
waste_286_CH,2027,0.0302165136658723,2.74079190248832,193.744747475276,26.6152509633037,0.000587949566929021,0.00957767665405925,0.129365286787496,1.39563403160971e-08,3.98315584844442e-08,0.12451054482793,22.9655951587383,1.85812250777705e-05,2.54616580387396e-07,3.63888677202045e-07,0.0288392595160317,0.840198118053553
waste_286_CH,2028,0.0302165136658723,2.74079190248832,193.744747475276,26.6152509633037,0.000587949566929021,0.00957767665405925,0.129365286787496,1.39563403160971e-08,3.98315584844442e-08,0.12451054482793,22.9655951587383,1.85812250777705e-05,2.54616580387396e-07,3.63888677202045e-07,0.0288392595160317,0.840198118053553
waste_286_CH,2029,0.0302165136658723,2.74079190248832,193.744747475276,26.6152509633037,0.000587949566929021,0.00957767665405925,0.129365286787496,1.39563403160971e-08,3.98315584844442e-08,0.12451054482793,22.9655951587383,1.85812250777705e-05,2.54616580387396e-07,3.63888677202045e-07,0.0288392595160317,0.840198118053553
waste_286_CH,2030,0.0302165136658723,2.74079190248832,193.744747475276,26.6152509633037,0.000587949566929021,0.00957767665405925,0.129365286787496,1.39563403160971e-08,3.98315584844442e-08,0.12451054482793,22.9655951587383,1.85812250777705e-05,2.54616580387396e-07,3.63888677202045e-07,0.0288392595160317,0.840198118053553
waste_286_CH,2031,0.0302165136658723,2.74079190248832,193.744747475276,26.6152509633037,0.000587949566929021,0.00957767665405925,0.129365286787496,1.39563403160971e-08,3.98315584844442e-08,0.12451054482793,22.9655951587383,1.85812250777705e-05,2.54616580387396e-07,3.63888677202045e-07,0.0288392595160317,0.840198118053553
waste_286_CH,2032,0.0302165136658723,2.74079190248832,193.744747475276,26.6152509633037,0.000587949566929021,0.00957767665405925,0.129365286787496,1.39563403160971e-08,3.98315584844442e-08,0.12451054482793,22.9655951587383,1.85812250777705e-05,2.54616580387396e-07,3.63888677202045e-07,0.0288392595160317,0.840198118053553
waste_286_CH,2033,0.0302165136658723,2.74079190248832,193.744747475276,26.6152509633037,0.000587949566929021,0.00957767665405925,0.129365286787496,1.39563403160971e-08,3.98315584844442e-08,0.12451054482793,22.9655951587383,1.85812250777705e-05,2.54616580387396e-07,3.63888677202045e-07,0.0288392595160317,0.840198118053553
waste_286_CH,2042,0.0302165136658723,2.74079190248832,193.744747475276,26.6152509633037,0.000587949566929021,0.00957767665405925,0.129365286787496,1.39563403160971e-08,3.98315584844442e-08,0.12451054482793,22.9655951587383,1.85812250777705e-05,2.54616580387396e-07,3.63888677202045e-07,0.0288392595160317,0.840198118053553
waste_286_CH,2035,0.0302165136658723,2.74079190248832,193.744747475276,26.6152509633037,0.000587949566929021,0.00957767665405925,0.129365286787496,1.39563403160971e-08,3.98315584844442e-08,0.12451054482793,22.9655951587383,1.85812250777705e-05,2.54616580387396e-07,3.63888677202045e-07,0.0288392595160317,0.840198118053553
waste_286_CH,2036,0.0302165136658723,2.74079190248832,193.744747475276,26.6152509633037,0.000587949566929021,0.00957767665405925,0.129365286787496,1.39563403160971e-08,3.98315584844442e-08,0.12451054482793,22.9655951587383,1.85812250777705e-05,2.54616580387396e-07,3.63888677202045e-07,0.0288392595160317,0.840198118053553
waste_286_CH,2037,0.0302165136658723,2.74079190248832,193.744747475276,26.6152509633037,0.000587949566929021,0.00957767665405925,0.129365286787496,1.39563403160971e-08,3.98315584844442e-08,0.12451054482793,22.9655951587383,1.85812250777705e-05,2.54616580387396e-07,3.63888677202045e-07,0.0288392595160317,0.840198118053553
waste_286_CH,2038,0.0302165136658723,2.74079190248832,193.744747475276,26.6152509633037,0.000587949566929021,0.00957767665405925,0.129365286787496,1.39563403160971e-08,3.98315584844442e-08,0.12451054482793,22.9655951587383,1.85812250777705e-05,2.54616580387396e-07,3.63888677202045e-07,0.0288392595160317,0.840198118053553
waste_286_CH,2039,0.0302165136658723,2.74079190248832,193.744747475276,26.6152509633037,0.000587949566929021,0.00957767665405925,0.129365286787496,1.39563403160971e-08,3.98315584844442e-08,0.12451054482793,22.9655951587383,1.85812250777705e-05,2.54616580387396e-07,3.63888677202045e-07,0.0288392595160317,0.840198118053553
waste_286_CH,2040,0.0302165136658723,2.74079190248832,193.744747475276,26.6152509633037,0.000587949566929021,0.00957767665405925,0.129365286787496,1.39563403160971e-08,3.98315584844442e-08,0.12451054482793,22.9655951587383,1.85812250777705e-05,2.54616580387396e-07,3.63888677202045e-07,0.0288392595160317,0.840198118053553
waste_286_CH,2041,0.0302165136658723,2.74079190248832,193.744747475276,26.6152509633037,0.000587949566929021,0.00957767665405925,0.129365286787496,1.39563403160971e-08,3.98315584844442e-08,0.12451054482793,22.9655951587383,1.85812250777705e-05,2.54616580387396e-07,3.63888677202045e-07,0.0288392595160317,0.840198118053553
waste_286_CH,2034,0.0302165136658723,2.74079190248832,193.744747475276,26.6152509633037,0.000587949566929021,0.00957767665405925,0.129365286787496,1.39563403160971e-08,3.98315584844442e-08,0.12451054482793,22.9655951587383,1.85812250777705e-05,2.54616580387396e-07,3.63888677202045e-07,0.0288392595160317,0.840198118053553
waste_287_CH,2045,0.0302165136658723,2.74079190248832,193.744747475276,26.6152509633037,0.000587949566929021,0.00957767665405925,0.129365286787496,1.39563403160971e-08,3.98315584844442e-08,0.12451054482793,22.9655951587383,1.85812250777705e-05,2.54616580387396e-07,3.63888677202045e-07,0.0288392595160317,0.840198118053553
waste_287_CH,2046,0.0302165136658723,2.74079190248832,193.744747475276,26.6152509633037,0.000587949566929021,0.00957767665405925,0.129365286787496,1.39563403160971e-08,3.98315584844442e-08,0.12451054482793,22.9655951587383,1.85812250777705e-05,2.54616580387396e-07,3.63888677202045e-07,0.0288392595160317,0.840198118053553
waste_287_CH,2047,0.0302165136658723,2.74079190248832,193.744747475276,26.6152509633037,0.000587949566929021,0.00957767665405925,0.129365286787496,1.39563403160971e-08,3.98315584844442e-08,0.12451054482793,22.9655951587383,1.85812250777705e-05,2.54616580387396e-07,3.63888677202045e-07,0.0288392595160317,0.840198118053553
waste_287_CH,2048,0.0302165136658723,2.74079190248832,193.744747475276,26.6152509633037,0.000587949566929021,0.00957767665405925,0.129365286787496,1.39563403160971e-08,3.98315584844442e-08,0.12451054482793,22.9655951587383,1.85812250777705e-05,2.54616580387396e-07,3.63888677202045e-07,0.0288392595160317,0.840198118053553
waste_287_CH,2049,0.0302165136658723,2.74079190248832,193.744747475276,26.6152509633037,0.000587949566929021,0.00957767665405925,0.129365286787496,1.39563403160971e-08,3.98315584844442e-08,0.12451054482793,22.9655951587383,1.85812250777705e-05,2.54616580387396e-07,3.63888677202045e-07,0.0288392595160317,0.840198118053553
waste_287_CH,2050,0.0302165136658723,2.74079190248832,193.744747475276,26.6152509633037,0.000587949566929021,0.00957767665405925,0.129365286787496,1.39563403160971e-08,3.98315584844442e-08,0.12451054482793,22.9655951587383,1.85812250777705e-05,2.54616580387396e-07,3.63888677202045e-07,0.0288392595160317,0.840198118053553
waste_287_CH,2051,0.0302165136658723,2.74079190248832,193.744747475276,26.6152509633037,0.000587949566929021,0.00957767665405925,0.129365286787496,1.39563403160971e-08,3.98315584844442e-08,0.12451054482793,22.9655951587383,1.85812250777705e-05,2.54616580387396e-07,3.63888677202045e-07,0.0288392595160317,0.840198118053553
waste_287_CH,2052,0.0302165136658723,2.74079190248832,193.744747475276,26.6152509633037,0.000587949566929021,0.00957767665405925,0.129365286787496,1.39563403160971e-08,3.98315584844442e-08,0.12451054482793,22.9655951587383,1.85812250777705e-05,2.54616580387396e-07,3.63888677202045e-07,0.0288392595160317,0.840198118053553
waste_287_CH,2056,0.0302165136658723,2.74079190248832,193.744747475276,26.6152509633037,0.000587949566929021,0.00957767665405925,0.129365286787496,1.39563403160971e-08,3.98315584844442e-08,0.12451054482793,22.9655951587383,1.85812250777705e-05,2.54616580387396e-07,3.63888677202045e-07,0.0288392595160317,0.840198118053553
waste_287_CH,2054,0.0302165136658723,2.74079190248832,193.744747475276,26.6152509633037,0.000587949566929021,0.00957767665405925,0.129365286787496,1.39563403160971e-08,3.98315584844442e-08,0.12451054482793,22.9655951587383,1.85812250777705e-05,2.54616580387396e-07,3.63888677202045e-07,0.0288392595160317,0.840198118053553
waste_287_CH,2055,0.0302165136658723,2.74079190248832,193.744747475276,26.6152509633037,0.000587949566929021,0.00957767665405925,0.129365286787496,1.39563403160971e-08,3.98315584844442e-08,0.12451054482793,22.9655951587383,1.85812250777705e-05,2.54616580387396e-07,3.63888677202045e-07,0.0288392595160317,0.840198118053553
waste_287_CH,2057,0.0302165136658723,2.74079190248832,193.744747475276,26.6152509633037,0.000587949566929021,0.00957767665405925,0.129365286787496,1.39563403160971e-08,3.98315584844442e-08,0.12451054482793,22.9655951587383,1.85812250777705e-05,2.54616580387396e-07,3.63888677202045e-07,0.0288392595160317,0.840198118053553
waste_287_CH,2058,0.0302165136658723,2.74079190248832,193.744747475276,26.6152509633037,0.000587949566929021,0.00957767665405925,0.129365286787496,1.39563403160971e-08,3.98315584844442e-08,0.12451054482793,22.9655951587383,1.85812250777705e-05,2.54616580387396e-07,3.63888677202045e-07,0.0288392595160317,0.840198118053553
waste_287_CH,2059,0.0302165136658723,2.74079190248832,193.744747475276,26.6152509633037,0.000587949566929021,0.00957767665405925,0.129365286787496,1.39563403160971e-08,3.98315584844442e-08,0.12451054482793,22.9655951587383,1.85812250777705e-05,2.54616580387396e-07,3.63888677202045e-07,0.0288392595160317,0.840198118053553
waste_287_CH,2060,0.0302165136658723,2.74079190248832,193.744747475276,26.6152509633037,0.000587949566929021,0.00957767665405925,0.129365286787496,1.39563403160971e-08,3.98315584844442e-08,0.12451054482793,22.9655951587383,1.85812250777705e-05,2.54616580387396e-07,3.63888677202045e-07,0.0288392595160317,0.840198118053553
waste_287_CH,2044,0.0302165136658723,2.74079190248832,193.744747475276,26.6152509633037,0.000587949566929021,0.00957767665405925,0.129365286787496,1.39563403160971e-08,3.98315584844442e-08,0.12451054482793,22.9655951587383,1.85812250777705e-05,2.54616580387396e-07,3.63888677202045e-07,0.0288392595160317,0.840198118053553
waste_287_CH,2053,0.0302165136658723,2.74079190248832,193.744747475276,26.6152509633037,0.000587949566929021,0.00957767665405925,0.129365286787496,1.39563403160971e-08,3.98315584844442e-08,0.12451054482793,22.9655951587383,1.85812250777705e-05,2.54616580387396e-07,3.63888677202045e-07,0.0288392595160317,0.840198118053553
waste_287_CH,2042,0.0302165136658723,2.74079190248832,193.744747475276,26.6152509633037,0.000587949566929021,0.00957767665405925,0.129365286787496,1.39563403160971e-08,3.98315584844442e-08,0.12451054482793,22.9655951587383,1.85812250777705e-05,2.54616580387396e-07,3.63888677202045e-07,0.0288392595160317,0.840198118053553
waste_287_CH,2037,0.0302165136658723,2.74079190248832,193.744747475276,26.6152509633037,0.000587949566929021,0.00957767665405925,0.129365286787496,1.39563403160971e-08,3.98315584844442e-08,0.12451054482793,22.9655951587383,1.85812250777705e-05,2.54616580387396e-07,3.63888677202045e-07,0.0288392595160317,0.840198118053553
waste_287_CH,2041,0.0302165136658723,2.74079190248832,193.744747475276,26.6152509633037,0.000587949566929021,0.00957767665405925,0.129365286787496,1.39563403160971e-08,3.98315584844442e-08,0.12451054482793,22.9655951587383,1.85812250777705e-05,2.54616580387396e-07,3.63888677202045e-07,0.0288392595160317,0.840198118053553
waste_287_CH,2025,0.0302165136658723,2.74079190248832,193.744747475276,26.6152509633037,0.000587949566929021,0.00957767665405925,0.129365286787496,1.39563403160971e-08,3.98315584844442e-08,0.12451054482793,22.9655951587383,1.85812250777705e-05,2.54616580387396e-07,3.63888677202045e-07,0.0288392595160317,0.840198118053553
waste_287_CH,2026,0.0302165136658723,2.74079190248832,193.744747475276,26.6152509633037,0.000587949566929021,0.00957767665405925,0.129365286787496,1.39563403160971e-08,3.98315584844442e-08,0.12451054482793,22.9655951587383,1.85812250777705e-05,2.54616580387396e-07,3.63888677202045e-07,0.0288392595160317,0.840198118053553
waste_287_CH,2027,0.0302165136658723,2.74079190248832,193.744747475276,26.6152509633037,0.000587949566929021,0.00957767665405925,0.129365286787496,1.39563403160971e-08,3.98315584844442e-08,0.12451054482793,22.9655951587383,1.85812250777705e-05,2.54616580387396e-07,3.63888677202045e-07,0.0288392595160317,0.840198118053553
waste_287_CH,2028,0.0302165136658723,2.74079190248832,193.744747475276,26.6152509633037,0.000587949566929021,0.00957767665405925,0.129365286787496,1.39563403160971e-08,3.98315584844442e-08,0.12451054482793,22.9655951587383,1.85812250777705e-05,2.54616580387396e-07,3.63888677202045e-07,0.0288392595160317,0.840198118053553
waste_287_CH,2043,0.0302165136658723,2.74079190248832,193.744747475276,26.6152509633037,0.000587949566929021,0.00957767665405925,0.129365286787496,1.39563403160971e-08,3.98315584844442e-08,0.12451054482793,22.9655951587383,1.85812250777705e-05,2.54616580387396e-07,3.63888677202045e-07,0.0288392595160317,0.840198118053553
waste_287_CH,2030,0.0302165136658723,2.74079190248832,193.744747475276,26.6152509633037,0.000587949566929021,0.00957767665405925,0.129365286787496,1.39563403160971e-08,3.98315584844442e-08,0.12451054482793,22.9655951587383,1.85812250777705e-05,2.54616580387396e-07,3.63888677202045e-07,0.0288392595160317,0.840198118053553
waste_287_CH,2031,0.0302165136658723,2.74079190248832,193.744747475276,26.6152509633037,0.000587949566929021,0.00957767665405925,0.129365286787496,1.39563403160971e-08,3.98315584844442e-08,0.12451054482793,22.9655951587383,1.85812250777705e-05,2.54616580387396e-07,3.63888677202045e-07,0.0288392595160317,0.840198118053553
waste_287_CH,2032,0.0302165136658723,2.74079190248832,193.744747475276,26.6152509633037,0.000587949566929021,0.00957767665405925,0.129365286787496,1.39563403160971e-08,3.98315584844442e-08,0.12451054482793,22.9655951587383,1.85812250777705e-05,2.54616580387396e-07,3.63888677202045e-07,0.0288392595160317,0.840198118053553
waste_287_CH,2029,0.0302165136658723,2.74079190248832,193.744747475276,26.6152509633037,0.000587949566929021,0.00957767665405925,0.129365286787496,1.39563403160971e-08,3.98315584844442e-08,0.12451054482793,22.9655951587383,1.85812250777705e-05,2.54616580387396e-07,3.63888677202045e-07,0.0288392595160317,0.840198118053553
waste_287_CH,2034,0.0302165136658723,2.74079190248832,193.744747475276,26.6152509633037,0.000587949566929021,0.00957767665405925,0.129365286787496,1.39563403160971e-08,3.98315584844442e-08,0.12451054482793,22.9655951587383,1.85812250777705e-05,2.54616580387396e-07,3.63888677202045e-07,0.0288392595160317,0.840198118053553
waste_287_CH,2035,0.0302165136658723,2.74079190248832,193.744747475276,26.6152509633037,0.000587949566929021,0.00957767665405925,0.129365286787496,1.39563403160971e-08,3.98315584844442e-08,0.12451054482793,22.9655951587383,1.85812250777705e-05,2.54616580387396e-07,3.63888677202045e-07,0.0288392595160317,0.840198118053553
waste_287_CH,2036,0.0302165136658723,2.74079190248832,193.744747475276,26.6152509633037,0.000587949566929021,0.00957767665405925,0.129365286787496,1.39563403160971e-08,3.98315584844442e-08,0.12451054482793,22.9655951587383,1.85812250777705e-05,2.54616580387396e-07,3.63888677202045e-07,0.0288392595160317,0.840198118053553
waste_287_CH,2038,0.0302165136658723,2.74079190248832,193.744747475276,26.6152509633037,0.000587949566929021,0.00957767665405925,0.129365286787496,1.39563403160971e-08,3.98315584844442e-08,0.12451054482793,22.9655951587383,1.85812250777705e-05,2.54616580387396e-07,3.63888677202045e-07,0.0288392595160317,0.840198118053553
waste_287_CH,2039,0.0302165136658723,2.74079190248832,193.744747475276,26.6152509633037,0.000587949566929021,0.00957767665405925,0.129365286787496,1.39563403160971e-08,3.98315584844442e-08,0.12451054482793,22.9655951587383,1.85812250777705e-05,2.54616580387396e-07,3.63888677202045e-07,0.0288392595160317,0.840198118053553
waste_287_CH,2040,0.0302165136658723,2.74079190248832,193.744747475276,26.6152509633037,0.000587949566929021,0.00957767665405925,0.129365286787496,1.39563403160971e-08,3.98315584844442e-08,0.12451054482793,22.9655951587383,1.85812250777705e-05,2.54616580387396e-07,3.63888677202045e-07,0.0288392595160317,0.840198118053553
waste_287_CH,2033,0.0302165136658723,2.74079190248832,193.744747475276,26.6152509633037,0.000587949566929021,0.00957767665405925,0.129365286787496,1.39563403160971e-08,3.98315584844442e-08,0.12451054482793,22.9655951587383,1.85812250777705e-05,2.54616580387396e-07,3.63888677202045e-07,0.0288392595160317,0.840198118053553
waste_289_CH,2051,0.0302165136658723,2.74079190248832,193.744747475276,26.6152509633037,0.000587949566929021,0.00957767665405925,0.129365286787496,1.39563403160971e-08,3.98315584844442e-08,0.12451054482793,22.9655951587383,1.85812250777705e-05,2.54616580387396e-07,3.63888677202045e-07,0.0288392595160317,0.840198118053553
waste_289_CH,2045,0.0302165136658723,2.74079190248832,193.744747475276,26.6152509633037,0.000587949566929021,0.00957767665405925,0.129365286787496,1.39563403160971e-08,3.98315584844442e-08,0.12451054482793,22.9655951587383,1.85812250777705e-05,2.54616580387396e-07,3.63888677202045e-07,0.0288392595160317,0.840198118053553
waste_289_CH,2046,0.0302165136658723,2.74079190248832,193.744747475276,26.6152509633037,0.000587949566929021,0.00957767665405925,0.129365286787496,1.39563403160971e-08,3.98315584844442e-08,0.12451054482793,22.9655951587383,1.85812250777705e-05,2.54616580387396e-07,3.63888677202045e-07,0.0288392595160317,0.840198118053553
waste_289_CH,2047,0.0302165136658723,2.74079190248832,193.744747475276,26.6152509633037,0.000587949566929021,0.00957767665405925,0.129365286787496,1.39563403160971e-08,3.98315584844442e-08,0.12451054482793,22.9655951587383,1.85812250777705e-05,2.54616580387396e-07,3.63888677202045e-07,0.0288392595160317,0.840198118053553
waste_289_CH,2048,0.0302165136658723,2.74079190248832,193.744747475276,26.6152509633037,0.000587949566929021,0.00957767665405925,0.129365286787496,1.39563403160971e-08,3.98315584844442e-08,0.12451054482793,22.9655951587383,1.85812250777705e-05,2.54616580387396e-07,3.63888677202045e-07,0.0288392595160317,0.840198118053553
waste_289_CH,2049,0.0302165136658723,2.74079190248832,193.744747475276,26.6152509633037,0.000587949566929021,0.00957767665405925,0.129365286787496,1.39563403160971e-08,3.98315584844442e-08,0.12451054482793,22.9655951587383,1.85812250777705e-05,2.54616580387396e-07,3.63888677202045e-07,0.0288392595160317,0.840198118053553
waste_289_CH,2050,0.0302165136658723,2.74079190248832,193.744747475276,26.6152509633037,0.000587949566929021,0.00957767665405925,0.129365286787496,1.39563403160971e-08,3.98315584844442e-08,0.12451054482793,22.9655951587383,1.85812250777705e-05,2.54616580387396e-07,3.63888677202045e-07,0.0288392595160317,0.840198118053553
waste_289_CH,2060,0.0302165136658723,2.74079190248832,193.744747475276,26.6152509633037,0.000587949566929021,0.00957767665405925,0.129365286787496,1.39563403160971e-08,3.98315584844442e-08,0.12451054482793,22.9655951587383,1.85812250777705e-05,2.54616580387396e-07,3.63888677202045e-07,0.0288392595160317,0.840198118053553
waste_289_CH,2044,0.0302165136658723,2.74079190248832,193.744747475276,26.6152509633037,0.000587949566929021,0.00957767665405925,0.129365286787496,1.39563403160971e-08,3.98315584844442e-08,0.12451054482793,22.9655951587383,1.85812250777705e-05,2.54616580387396e-07,3.63888677202045e-07,0.0288392595160317,0.840198118053553
waste_289_CH,2053,0.0302165136658723,2.74079190248832,193.744747475276,26.6152509633037,0.000587949566929021,0.00957767665405925,0.129365286787496,1.39563403160971e-08,3.98315584844442e-08,0.12451054482793,22.9655951587383,1.85812250777705e-05,2.54616580387396e-07,3.63888677202045e-07,0.0288392595160317,0.840198118053553
waste_289_CH,2054,0.0302165136658723,2.74079190248832,193.744747475276,26.6152509633037,0.000587949566929021,0.00957767665405925,0.129365286787496,1.39563403160971e-08,3.98315584844442e-08,0.12451054482793,22.9655951587383,1.85812250777705e-05,2.54616580387396e-07,3.63888677202045e-07,0.0288392595160317,0.840198118053553
waste_289_CH,2055,0.0302165136658723,2.74079190248832,193.744747475276,26.6152509633037,0.000587949566929021,0.00957767665405925,0.129365286787496,1.39563403160971e-08,3.98315584844442e-08,0.12451054482793,22.9655951587383,1.85812250777705e-05,2.54616580387396e-07,3.63888677202045e-07,0.0288392595160317,0.840198118053553
waste_289_CH,2056,0.0302165136658723,2.74079190248832,193.744747475276,26.6152509633037,0.000587949566929021,0.00957767665405925,0.129365286787496,1.39563403160971e-08,3.98315584844442e-08,0.12451054482793,22.9655951587383,1.85812250777705e-05,2.54616580387396e-07,3.63888677202045e-07,0.0288392595160317,0.840198118053553
waste_289_CH,2057,0.0302165136658723,2.74079190248832,193.744747475276,26.6152509633037,0.000587949566929021,0.00957767665405925,0.129365286787496,1.39563403160971e-08,3.98315584844442e-08,0.12451054482793,22.9655951587383,1.85812250777705e-05,2.54616580387396e-07,3.63888677202045e-07,0.0288392595160317,0.840198118053553
waste_289_CH,2058,0.0302165136658723,2.74079190248832,193.744747475276,26.6152509633037,0.000587949566929021,0.00957767665405925,0.129365286787496,1.39563403160971e-08,3.98315584844442e-08,0.12451054482793,22.9655951587383,1.85812250777705e-05,2.54616580387396e-07,3.63888677202045e-07,0.0288392595160317,0.840198118053553
waste_289_CH,2059,0.0302165136658723,2.74079190248832,193.744747475276,26.6152509633037,0.000587949566929021,0.00957767665405925,0.129365286787496,1.39563403160971e-08,3.98315584844442e-08,0.12451054482793,22.9655951587383,1.85812250777705e-05,2.54616580387396e-07,3.63888677202045e-07,0.0288392595160317,0.840198118053553
waste_289_CH,2052,0.0302165136658723,2.74079190248832,193.744747475276,26.6152509633037,0.000587949566929021,0.00957767665405925,0.129365286787496,1.39563403160971e-08,3.98315584844442e-08,0.12451054482793,22.9655951587383,1.85812250777705e-05,2.54616580387396e-07,3.63888677202045e-07,0.0288392595160317,0.840198118053553
waste_289_CH,2043,0.0302165136658723,2.74079190248832,193.744747475276,26.6152509633037,0.000587949566929021,0.00957767665405925,0.129365286787496,1.39563403160971e-08,3.98315584844442e-08,0.12451054482793,22.9655951587383,1.85812250777705e-05,2.54616580387396e-07,3.63888677202045e-07,0.0288392595160317,0.840198118053553
waste_289_CH,2033,0.0302165136658723,2.74079190248832,193.744747475276,26.6152509633037,0.000587949566929021,0.00957767665405925,0.129365286787496,1.39563403160971e-08,3.98315584844442e-08,0.12451054482793,22.9655951587383,1.85812250777705e-05,2.54616580387396e-07,3.63888677202045e-07,0.0288392595160317,0.840198118053553
waste_289_CH,2041,0.0302165136658723,2.74079190248832,193.744747475276,26.6152509633037,0.000587949566929021,0.00957767665405925,0.129365286787496,1.39563403160971e-08,3.98315584844442e-08,0.12451054482793,22.9655951587383,1.85812250777705e-05,2.54616580387396e-07,3.63888677202045e-07,0.0288392595160317,0.840198118053553
waste_289_CH,2042,0.0302165136658723,2.74079190248832,193.744747475276,26.6152509633037,0.000587949566929021,0.00957767665405925,0.129365286787496,1.39563403160971e-08,3.98315584844442e-08,0.12451054482793,22.9655951587383,1.85812250777705e-05,2.54616580387396e-07,3.63888677202045e-07,0.0288392595160317,0.840198118053553
waste_289_CH,2025,0.0302165136658723,2.74079190248832,193.744747475276,26.6152509633037,0.000587949566929021,0.00957767665405925,0.129365286787496,1.39563403160971e-08,3.98315584844442e-08,0.12451054482793,22.9655951587383,1.85812250777705e-05,2.54616580387396e-07,3.63888677202045e-07,0.0288392595160317,0.840198118053553
waste_289_CH,2026,0.0302165136658723,2.74079190248832,193.744747475276,26.6152509633037,0.000587949566929021,0.00957767665405925,0.129365286787496,1.39563403160971e-08,3.98315584844442e-08,0.12451054482793,22.9655951587383,1.85812250777705e-05,2.54616580387396e-07,3.63888677202045e-07,0.0288392595160317,0.840198118053553
waste_289_CH,2027,0.0302165136658723,2.74079190248832,193.744747475276,26.6152509633037,0.000587949566929021,0.00957767665405925,0.129365286787496,1.39563403160971e-08,3.98315584844442e-08,0.12451054482793,22.9655951587383,1.85812250777705e-05,2.54616580387396e-07,3.63888677202045e-07,0.0288392595160317,0.840198118053553
waste_289_CH,2029,0.0302165136658723,2.74079190248832,193.744747475276,26.6152509633037,0.000587949566929021,0.00957767665405925,0.129365286787496,1.39563403160971e-08,3.98315584844442e-08,0.12451054482793,22.9655951587383,1.85812250777705e-05,2.54616580387396e-07,3.63888677202045e-07,0.0288392595160317,0.840198118053553
waste_289_CH,2030,0.0302165136658723,2.74079190248832,193.744747475276,26.6152509633037,0.000587949566929021,0.00957767665405925,0.129365286787496,1.39563403160971e-08,3.98315584844442e-08,0.12451054482793,22.9655951587383,1.85812250777705e-05,2.54616580387396e-07,3.63888677202045e-07,0.0288392595160317,0.840198118053553
waste_289_CH,2031,0.0302165136658723,2.74079190248832,193.744747475276,26.6152509633037,0.000587949566929021,0.00957767665405925,0.129365286787496,1.39563403160971e-08,3.98315584844442e-08,0.12451054482793,22.9655951587383,1.85812250777705e-05,2.54616580387396e-07,3.63888677202045e-07,0.0288392595160317,0.840198118053553
waste_289_CH,2028,0.0302165136658723,2.74079190248832,193.744747475276,26.6152509633037,0.000587949566929021,0.00957767665405925,0.129365286787496,1.39563403160971e-08,3.98315584844442e-08,0.12451054482793,22.9655951587383,1.85812250777705e-05,2.54616580387396e-07,3.63888677202045e-07,0.0288392595160317,0.840198118053553
waste_289_CH,2034,0.0302165136658723,2.74079190248832,193.744747475276,26.6152509633037,0.000587949566929021,0.00957767665405925,0.129365286787496,1.39563403160971e-08,3.98315584844442e-08,0.12451054482793,22.9655951587383,1.85812250777705e-05,2.54616580387396e-07,3.63888677202045e-07,0.0288392595160317,0.840198118053553
waste_289_CH,2035,0.0302165136658723,2.74079190248832,193.744747475276,26.6152509633037,0.000587949566929021,0.00957767665405925,0.129365286787496,1.39563403160971e-08,3.98315584844442e-08,0.12451054482793,22.9655951587383,1.85812250777705e-05,2.54616580387396e-07,3.63888677202045e-07,0.0288392595160317,0.840198118053553
waste_289_CH,2036,0.0302165136658723,2.74079190248832,193.744747475276,26.6152509633037,0.000587949566929021,0.00957767665405925,0.129365286787496,1.39563403160971e-08,3.98315584844442e-08,0.12451054482793,22.9655951587383,1.85812250777705e-05,2.54616580387396e-07,3.63888677202045e-07,0.0288392595160317,0.840198118053553
waste_289_CH,2037,0.0302165136658723,2.74079190248832,193.744747475276,26.6152509633037,0.000587949566929021,0.00957767665405925,0.129365286787496,1.39563403160971e-08,3.98315584844442e-08,0.12451054482793,22.9655951587383,1.85812250777705e-05,2.54616580387396e-07,3.63888677202045e-07,0.0288392595160317,0.840198118053553
waste_289_CH,2038,0.0302165136658723,2.74079190248832,193.744747475276,26.6152509633037,0.000587949566929021,0.00957767665405925,0.129365286787496,1.39563403160971e-08,3.98315584844442e-08,0.12451054482793,22.9655951587383,1.85812250777705e-05,2.54616580387396e-07,3.63888677202045e-07,0.0288392595160317,0.840198118053553
waste_289_CH,2039,0.0302165136658723,2.74079190248832,193.744747475276,26.6152509633037,0.000587949566929021,0.00957767665405925,0.129365286787496,1.39563403160971e-08,3.98315584844442e-08,0.12451054482793,22.9655951587383,1.85812250777705e-05,2.54616580387396e-07,3.63888677202045e-07,0.0288392595160317,0.840198118053553
waste_289_CH,2040,0.0302165136658723,2.74079190248832,193.744747475276,26.6152509633037,0.000587949566929021,0.00957767665405925,0.129365286787496,1.39563403160971e-08,3.98315584844442e-08,0.12451054482793,22.9655951587383,1.85812250777705e-05,2.54616580387396e-07,3.63888677202045e-07,0.0288392595160317,0.840198118053553
waste_289_CH,2032,0.0302165136658723,2.74079190248832,193.744747475276,26.6152509633037,0.000587949566929021,0.00957767665405925,0.129365286787496,1.39563403160971e-08,3.98315584844442e-08,0.12451054482793,22.9655951587383,1.85812250777705e-05,2.54616580387396e-07,3.63888677202045e-07,0.0288392595160317,0.840198118053553
waste_290_CH,2051,0.0302165136658723,2.74079190248832,193.744747475276,26.6152509633037,0.000587949566929021,0.00957767665405925,0.129365286787496,1.39563403160971e-08,3.98315584844442e-08,0.12451054482793,22.9655951587383,1.85812250777705e-05,2.54616580387396e-07,3.63888677202045e-07,0.0288392595160317,0.840198118053553
waste_290_CH,2045,0.0302165136658723,2.74079190248832,193.744747475276,26.6152509633037,0.000587949566929021,0.00957767665405925,0.129365286787496,1.39563403160971e-08,3.98315584844442e-08,0.12451054482793,22.9655951587383,1.85812250777705e-05,2.54616580387396e-07,3.63888677202045e-07,0.0288392595160317,0.840198118053553
waste_290_CH,2046,0.0302165136658723,2.74079190248832,193.744747475276,26.6152509633037,0.000587949566929021,0.00957767665405925,0.129365286787496,1.39563403160971e-08,3.98315584844442e-08,0.12451054482793,22.9655951587383,1.85812250777705e-05,2.54616580387396e-07,3.63888677202045e-07,0.0288392595160317,0.840198118053553
waste_290_CH,2047,0.0302165136658723,2.74079190248832,193.744747475276,26.6152509633037,0.000587949566929021,0.00957767665405925,0.129365286787496,1.39563403160971e-08,3.98315584844442e-08,0.12451054482793,22.9655951587383,1.85812250777705e-05,2.54616580387396e-07,3.63888677202045e-07,0.0288392595160317,0.840198118053553
waste_290_CH,2048,0.0302165136658723,2.74079190248832,193.744747475276,26.6152509633037,0.000587949566929021,0.00957767665405925,0.129365286787496,1.39563403160971e-08,3.98315584844442e-08,0.12451054482793,22.9655951587383,1.85812250777705e-05,2.54616580387396e-07,3.63888677202045e-07,0.0288392595160317,0.840198118053553
waste_290_CH,2049,0.0302165136658723,2.74079190248832,193.744747475276,26.6152509633037,0.000587949566929021,0.00957767665405925,0.129365286787496,1.39563403160971e-08,3.98315584844442e-08,0.12451054482793,22.9655951587383,1.85812250777705e-05,2.54616580387396e-07,3.63888677202045e-07,0.0288392595160317,0.840198118053553
waste_290_CH,2050,0.0302165136658723,2.74079190248832,193.744747475276,26.6152509633037,0.000587949566929021,0.00957767665405925,0.129365286787496,1.39563403160971e-08,3.98315584844442e-08,0.12451054482793,22.9655951587383,1.85812250777705e-05,2.54616580387396e-07,3.63888677202045e-07,0.0288392595160317,0.840198118053553
waste_290_CH,2052,0.0302165136658723,2.74079190248832,193.744747475276,26.6152509633037,0.000587949566929021,0.00957767665405925,0.129365286787496,1.39563403160971e-08,3.98315584844442e-08,0.12451054482793,22.9655951587383,1.85812250777705e-05,2.54616580387396e-07,3.63888677202045e-07,0.0288392595160317,0.840198118053553
waste_290_CH,2060,0.0302165136658723,2.74079190248832,193.744747475276,26.6152509633037,0.000587949566929021,0.00957767665405925,0.129365286787496,1.39563403160971e-08,3.98315584844442e-08,0.12451054482793,22.9655951587383,1.85812250777705e-05,2.54616580387396e-07,3.63888677202045e-07,0.0288392595160317,0.840198118053553
waste_290_CH,2054,0.0302165136658723,2.74079190248832,193.744747475276,26.6152509633037,0.000587949566929021,0.00957767665405925,0.129365286787496,1.39563403160971e-08,3.98315584844442e-08,0.12451054482793,22.9655951587383,1.85812250777705e-05,2.54616580387396e-07,3.63888677202045e-07,0.0288392595160317,0.840198118053553
waste_290_CH,2055,0.0302165136658723,2.74079190248832,193.744747475276,26.6152509633037,0.000587949566929021,0.00957767665405925,0.129365286787496,1.39563403160971e-08,3.98315584844442e-08,0.12451054482793,22.9655951587383,1.85812250777705e-05,2.54616580387396e-07,3.63888677202045e-07,0.0288392595160317,0.840198118053553
waste_290_CH,2056,0.0302165136658723,2.74079190248832,193.744747475276,26.6152509633037,0.000587949566929021,0.00957767665405925,0.129365286787496,1.39563403160971e-08,3.98315584844442e-08,0.12451054482793,22.9655951587383,1.85812250777705e-05,2.54616580387396e-07,3.63888677202045e-07,0.0288392595160317,0.840198118053553
waste_290_CH,2057,0.0302165136658723,2.74079190248832,193.744747475276,26.6152509633037,0.000587949566929021,0.00957767665405925,0.129365286787496,1.39563403160971e-08,3.98315584844442e-08,0.12451054482793,22.9655951587383,1.85812250777705e-05,2.54616580387396e-07,3.63888677202045e-07,0.0288392595160317,0.840198118053553
waste_290_CH,2058,0.0302165136658723,2.74079190248832,193.744747475276,26.6152509633037,0.000587949566929021,0.00957767665405925,0.129365286787496,1.39563403160971e-08,3.98315584844442e-08,0.12451054482793,22.9655951587383,1.85812250777705e-05,2.54616580387396e-07,3.63888677202045e-07,0.0288392595160317,0.840198118053553
waste_290_CH,2059,0.0302165136658723,2.74079190248832,193.744747475276,26.6152509633037,0.000587949566929021,0.00957767665405925,0.129365286787496,1.39563403160971e-08,3.98315584844442e-08,0.12451054482793,22.9655951587383,1.85812250777705e-05,2.54616580387396e-07,3.63888677202045e-07,0.0288392595160317,0.840198118053553
waste_290_CH,2044,0.0302165136658723,2.74079190248832,193.744747475276,26.6152509633037,0.000587949566929021,0.00957767665405925,0.129365286787496,1.39563403160971e-08,3.98315584844442e-08,0.12451054482793,22.9655951587383,1.85812250777705e-05,2.54616580387396e-07,3.63888677202045e-07,0.0288392595160317,0.840198118053553
waste_290_CH,2053,0.0302165136658723,2.74079190248832,193.744747475276,26.6152509633037,0.000587949566929021,0.00957767665405925,0.129365286787496,1.39563403160971e-08,3.98315584844442e-08,0.12451054482793,22.9655951587383,1.85812250777705e-05,2.54616580387396e-07,3.63888677202045e-07,0.0288392595160317,0.840198118053553
waste_290_CH,2043,0.0302165136658723,2.74079190248832,193.744747475276,26.6152509633037,0.000587949566929021,0.00957767665405925,0.129365286787496,1.39563403160971e-08,3.98315584844442e-08,0.12451054482793,22.9655951587383,1.85812250777705e-05,2.54616580387396e-07,3.63888677202045e-07,0.0288392595160317,0.840198118053553
waste_290_CH,2042,0.0302165136658723,2.74079190248832,193.744747475276,26.6152509633037,0.000587949566929021,0.00957767665405925,0.129365286787496,1.39563403160971e-08,3.98315584844442e-08,0.12451054482793,22.9655951587383,1.85812250777705e-05,2.54616580387396e-07,3.63888677202045e-07,0.0288392595160317,0.840198118053553
waste_290_CH,2041,0.0302165136658723,2.74079190248832,193.744747475276,26.6152509633037,0.000587949566929021,0.00957767665405925,0.129365286787496,1.39563403160971e-08,3.98315584844442e-08,0.12451054482793,22.9655951587383,1.85812250777705e-05,2.54616580387396e-07,3.63888677202045e-07,0.0288392595160317,0.840198118053553
waste_290_CH,2026,0.0302165136658723,2.74079190248832,193.744747475276,26.6152509633037,0.000587949566929021,0.00957767665405925,0.129365286787496,1.39563403160971e-08,3.98315584844442e-08,0.12451054482793,22.9655951587383,1.85812250777705e-05,2.54616580387396e-07,3.63888677202045e-07,0.0288392595160317,0.840198118053553
waste_290_CH,2027,0.0302165136658723,2.74079190248832,193.744747475276,26.6152509633037,0.000587949566929021,0.00957767665405925,0.129365286787496,1.39563403160971e-08,3.98315584844442e-08,0.12451054482793,22.9655951587383,1.85812250777705e-05,2.54616580387396e-07,3.63888677202045e-07,0.0288392595160317,0.840198118053553
waste_290_CH,2028,0.0302165136658723,2.74079190248832,193.744747475276,26.6152509633037,0.000587949566929021,0.00957767665405925,0.129365286787496,1.39563403160971e-08,3.98315584844442e-08,0.12451054482793,22.9655951587383,1.85812250777705e-05,2.54616580387396e-07,3.63888677202045e-07,0.0288392595160317,0.840198118053553
waste_290_CH,2029,0.0302165136658723,2.74079190248832,193.744747475276,26.6152509633037,0.000587949566929021,0.00957767665405925,0.129365286787496,1.39563403160971e-08,3.98315584844442e-08,0.12451054482793,22.9655951587383,1.85812250777705e-05,2.54616580387396e-07,3.63888677202045e-07,0.0288392595160317,0.840198118053553
waste_290_CH,2030,0.0302165136658723,2.74079190248832,193.744747475276,26.6152509633037,0.000587949566929021,0.00957767665405925,0.129365286787496,1.39563403160971e-08,3.98315584844442e-08,0.12451054482793,22.9655951587383,1.85812250777705e-05,2.54616580387396e-07,3.63888677202045e-07,0.0288392595160317,0.840198118053553
waste_290_CH,2031,0.0302165136658723,2.74079190248832,193.744747475276,26.6152509633037,0.000587949566929021,0.00957767665405925,0.129365286787496,1.39563403160971e-08,3.98315584844442e-08,0.12451054482793,22.9655951587383,1.85812250777705e-05,2.54616580387396e-07,3.63888677202045e-07,0.0288392595160317,0.840198118053553
waste_290_CH,2032,0.0302165136658723,2.74079190248832,193.744747475276,26.6152509633037,0.000587949566929021,0.00957767665405925,0.129365286787496,1.39563403160971e-08,3.98315584844442e-08,0.12451054482793,22.9655951587383,1.85812250777705e-05,2.54616580387396e-07,3.63888677202045e-07,0.0288392595160317,0.840198118053553
waste_290_CH,2025,0.0302165136658723,2.74079190248832,193.744747475276,26.6152509633037,0.000587949566929021,0.00957767665405925,0.129365286787496,1.39563403160971e-08,3.98315584844442e-08,0.12451054482793,22.9655951587383,1.85812250777705e-05,2.54616580387396e-07,3.63888677202045e-07,0.0288392595160317,0.840198118053553
waste_290_CH,2034,0.0302165136658723,2.74079190248832,193.744747475276,26.6152509633037,0.000587949566929021,0.00957767665405925,0.129365286787496,1.39563403160971e-08,3.98315584844442e-08,0.12451054482793,22.9655951587383,1.85812250777705e-05,2.54616580387396e-07,3.63888677202045e-07,0.0288392595160317,0.840198118053553
waste_290_CH,2035,0.0302165136658723,2.74079190248832,193.744747475276,26.6152509633037,0.000587949566929021,0.00957767665405925,0.129365286787496,1.39563403160971e-08,3.98315584844442e-08,0.12451054482793,22.9655951587383,1.85812250777705e-05,2.54616580387396e-07,3.63888677202045e-07,0.0288392595160317,0.840198118053553
waste_290_CH,2036,0.0302165136658723,2.74079190248832,193.744747475276,26.6152509633037,0.000587949566929021,0.00957767665405925,0.129365286787496,1.39563403160971e-08,3.98315584844442e-08,0.12451054482793,22.9655951587383,1.85812250777705e-05,2.54616580387396e-07,3.63888677202045e-07,0.0288392595160317,0.840198118053553
waste_290_CH,2037,0.0302165136658723,2.74079190248832,193.744747475276,26.6152509633037,0.000587949566929021,0.00957767665405925,0.129365286787496,1.39563403160971e-08,3.98315584844442e-08,0.12451054482793,22.9655951587383,1.85812250777705e-05,2.54616580387396e-07,3.63888677202045e-07,0.0288392595160317,0.840198118053553
waste_290_CH,2038,0.0302165136658723,2.74079190248832,193.744747475276,26.6152509633037,0.000587949566929021,0.00957767665405925,0.129365286787496,1.39563403160971e-08,3.98315584844442e-08,0.12451054482793,22.9655951587383,1.85812250777705e-05,2.54616580387396e-07,3.63888677202045e-07,0.0288392595160317,0.840198118053553
waste_290_CH,2039,0.0302165136658723,2.74079190248832,193.744747475276,26.6152509633037,0.000587949566929021,0.00957767665405925,0.129365286787496,1.39563403160971e-08,3.98315584844442e-08,0.12451054482793,22.9655951587383,1.85812250777705e-05,2.54616580387396e-07,3.63888677202045e-07,0.0288392595160317,0.840198118053553
waste_290_CH,2040,0.0302165136658723,2.74079190248832,193.744747475276,26.6152509633037,0.000587949566929021,0.00957767665405925,0.129365286787496,1.39563403160971e-08,3.98315584844442e-08,0.12451054482793,22.9655951587383,1.85812250777705e-05,2.54616580387396e-07,3.63888677202045e-07,0.0288392595160317,0.840198118053553
waste_290_CH,2033,0.0302165136658723,2.74079190248832,193.744747475276,26.6152509633037,0.000587949566929021,0.00957767665405925,0.129365286787496,1.39563403160971e-08,3.98315584844442e-08,0.12451054482793,22.9655951587383,1.85812250777705e-05,2.54616580387396e-07,3.63888677202045e-07,0.0288392595160317,0.840198118053553
waste_362_CH,2046,0.0302165136658723,2.74079190248832,193.744747475276,26.6152509633037,0.000587949566929021,0.00957767665405925,0.129365286787496,1.39563403160971e-08,3.98315584844442e-08,0.12451054482793,22.9655951587383,1.85812250777705e-05,2.54616580387396e-07,3.63888677202045e-07,0.0288392595160317,0.840198118053553
waste_362_CH,2047,0.0302165136658723,2.74079190248832,193.744747475276,26.6152509633037,0.000587949566929021,0.00957767665405925,0.129365286787496,1.39563403160971e-08,3.98315584844442e-08,0.12451054482793,22.9655951587383,1.85812250777705e-05,2.54616580387396e-07,3.63888677202045e-07,0.0288392595160317,0.840198118053553
waste_362_CH,2048,0.0302165136658723,2.74079190248832,193.744747475276,26.6152509633037,0.000587949566929021,0.00957767665405925,0.129365286787496,1.39563403160971e-08,3.98315584844442e-08,0.12451054482793,22.9655951587383,1.85812250777705e-05,2.54616580387396e-07,3.63888677202045e-07,0.0288392595160317,0.840198118053553
waste_362_CH,2049,0.0302165136658723,2.74079190248832,193.744747475276,26.6152509633037,0.000587949566929021,0.00957767665405925,0.129365286787496,1.39563403160971e-08,3.98315584844442e-08,0.12451054482793,22.9655951587383,1.85812250777705e-05,2.54616580387396e-07,3.63888677202045e-07,0.0288392595160317,0.840198118053553
waste_362_CH,2050,0.0302165136658723,2.74079190248832,193.744747475276,26.6152509633037,0.000587949566929021,0.00957767665405925,0.129365286787496,1.39563403160971e-08,3.98315584844442e-08,0.12451054482793,22.9655951587383,1.85812250777705e-05,2.54616580387396e-07,3.63888677202045e-07,0.0288392595160317,0.840198118053553
waste_362_CH,2051,0.0302165136658723,2.74079190248832,193.744747475276,26.6152509633037,0.000587949566929021,0.00957767665405925,0.129365286787496,1.39563403160971e-08,3.98315584844442e-08,0.12451054482793,22.9655951587383,1.85812250777705e-05,2.54616580387396e-07,3.63888677202045e-07,0.0288392595160317,0.840198118053553
waste_362_CH,2052,0.0302165136658723,2.74079190248832,193.744747475276,26.6152509633037,0.000587949566929021,0.00957767665405925,0.129365286787496,1.39563403160971e-08,3.98315584844442e-08,0.12451054482793,22.9655951587383,1.85812250777705e-05,2.54616580387396e-07,3.63888677202045e-07,0.0288392595160317,0.840198118053553
waste_362_CH,2056,0.0302165136658723,2.74079190248832,193.744747475276,26.6152509633037,0.000587949566929021,0.00957767665405925,0.129365286787496,1.39563403160971e-08,3.98315584844442e-08,0.12451054482793,22.9655951587383,1.85812250777705e-05,2.54616580387396e-07,3.63888677202045e-07,0.0288392595160317,0.840198118053553
waste_362_CH,2054,0.0302165136658723,2.74079190248832,193.744747475276,26.6152509633037,0.000587949566929021,0.00957767665405925,0.129365286787496,1.39563403160971e-08,3.98315584844442e-08,0.12451054482793,22.9655951587383,1.85812250777705e-05,2.54616580387396e-07,3.63888677202045e-07,0.0288392595160317,0.840198118053553
waste_362_CH,2055,0.0302165136658723,2.74079190248832,193.744747475276,26.6152509633037,0.000587949566929021,0.00957767665405925,0.129365286787496,1.39563403160971e-08,3.98315584844442e-08,0.12451054482793,22.9655951587383,1.85812250777705e-05,2.54616580387396e-07,3.63888677202045e-07,0.0288392595160317,0.840198118053553
waste_362_CH,2057,0.0302165136658723,2.74079190248832,193.744747475276,26.6152509633037,0.000587949566929021,0.00957767665405925,0.129365286787496,1.39563403160971e-08,3.98315584844442e-08,0.12451054482793,22.9655951587383,1.85812250777705e-05,2.54616580387396e-07,3.63888677202045e-07,0.0288392595160317,0.840198118053553
waste_362_CH,2058,0.0302165136658723,2.74079190248832,193.744747475276,26.6152509633037,0.000587949566929021,0.00957767665405925,0.129365286787496,1.39563403160971e-08,3.98315584844442e-08,0.12451054482793,22.9655951587383,1.85812250777705e-05,2.54616580387396e-07,3.63888677202045e-07,0.0288392595160317,0.840198118053553
waste_362_CH,2059,0.0302165136658723,2.74079190248832,193.744747475276,26.6152509633037,0.000587949566929021,0.00957767665405925,0.129365286787496,1.39563403160971e-08,3.98315584844442e-08,0.12451054482793,22.9655951587383,1.85812250777705e-05,2.54616580387396e-07,3.63888677202045e-07,0.0288392595160317,0.840198118053553
waste_362_CH,2060,0.0302165136658723,2.74079190248832,193.744747475276,26.6152509633037,0.000587949566929021,0.00957767665405925,0.129365286787496,1.39563403160971e-08,3.98315584844442e-08,0.12451054482793,22.9655951587383,1.85812250777705e-05,2.54616580387396e-07,3.63888677202045e-07,0.0288392595160317,0.840198118053553
waste_362_CH,2045,0.0302165136658723,2.74079190248832,193.744747475276,26.6152509633037,0.000587949566929021,0.00957767665405925,0.129365286787496,1.39563403160971e-08,3.98315584844442e-08,0.12451054482793,22.9655951587383,1.85812250777705e-05,2.54616580387396e-07,3.63888677202045e-07,0.0288392595160317,0.840198118053553
waste_362_CH,2053,0.0302165136658723,2.74079190248832,193.744747475276,26.6152509633037,0.000587949566929021,0.00957767665405925,0.129365286787496,1.39563403160971e-08,3.98315584844442e-08,0.12451054482793,22.9655951587383,1.85812250777705e-05,2.54616580387396e-07,3.63888677202045e-07,0.0288392595160317,0.840198118053553
waste_362_CH,2044,0.0302165136658723,2.74079190248832,193.744747475276,26.6152509633037,0.000587949566929021,0.00957767665405925,0.129365286787496,1.39563403160971e-08,3.98315584844442e-08,0.12451054482793,22.9655951587383,1.85812250777705e-05,2.54616580387396e-07,3.63888677202045e-07,0.0288392595160317,0.840198118053553
waste_362_CH,2043,0.0302165136658723,2.74079190248832,193.744747475276,26.6152509633037,0.000587949566929021,0.00957767665405925,0.129365286787496,1.39563403160971e-08,3.98315584844442e-08,0.12451054482793,22.9655951587383,1.85812250777705e-05,2.54616580387396e-07,3.63888677202045e-07,0.0288392595160317,0.840198118053553
waste_362_CH,2025,0.0302165136658723,2.74079190248832,193.744747475276,26.6152509633037,0.000587949566929021,0.00957767665405925,0.129365286787496,1.39563403160971e-08,3.98315584844442e-08,0.12451054482793,22.9655951587383,1.85812250777705e-05,2.54616580387396e-07,3.63888677202045e-07,0.0288392595160317,0.840198118053553
waste_362_CH,2026,0.0302165136658723,2.74079190248832,193.744747475276,26.6152509633037,0.000587949566929021,0.00957767665405925,0.129365286787496,1.39563403160971e-08,3.98315584844442e-08,0.12451054482793,22.9655951587383,1.85812250777705e-05,2.54616580387396e-07,3.63888677202045e-07,0.0288392595160317,0.840198118053553
waste_362_CH,2027,0.0302165136658723,2.74079190248832,193.744747475276,26.6152509633037,0.000587949566929021,0.00957767665405925,0.129365286787496,1.39563403160971e-08,3.98315584844442e-08,0.12451054482793,22.9655951587383,1.85812250777705e-05,2.54616580387396e-07,3.63888677202045e-07,0.0288392595160317,0.840198118053553
waste_362_CH,2028,0.0302165136658723,2.74079190248832,193.744747475276,26.6152509633037,0.000587949566929021,0.00957767665405925,0.129365286787496,1.39563403160971e-08,3.98315584844442e-08,0.12451054482793,22.9655951587383,1.85812250777705e-05,2.54616580387396e-07,3.63888677202045e-07,0.0288392595160317,0.840198118053553
waste_362_CH,2029,0.0302165136658723,2.74079190248832,193.744747475276,26.6152509633037,0.000587949566929021,0.00957767665405925,0.129365286787496,1.39563403160971e-08,3.98315584844442e-08,0.12451054482793,22.9655951587383,1.85812250777705e-05,2.54616580387396e-07,3.63888677202045e-07,0.0288392595160317,0.840198118053553
waste_362_CH,2030,0.0302165136658723,2.74079190248832,193.744747475276,26.6152509633037,0.000587949566929021,0.00957767665405925,0.129365286787496,1.39563403160971e-08,3.98315584844442e-08,0.12451054482793,22.9655951587383,1.85812250777705e-05,2.54616580387396e-07,3.63888677202045e-07,0.0288392595160317,0.840198118053553
waste_362_CH,2031,0.0302165136658723,2.74079190248832,193.744747475276,26.6152509633037,0.000587949566929021,0.00957767665405925,0.129365286787496,1.39563403160971e-08,3.98315584844442e-08,0.12451054482793,22.9655951587383,1.85812250777705e-05,2.54616580387396e-07,3.63888677202045e-07,0.0288392595160317,0.840198118053553
waste_362_CH,2032,0.0302165136658723,2.74079190248832,193.744747475276,26.6152509633037,0.000587949566929021,0.00957767665405925,0.129365286787496,1.39563403160971e-08,3.98315584844442e-08,0.12451054482793,22.9655951587383,1.85812250777705e-05,2.54616580387396e-07,3.63888677202045e-07,0.0288392595160317,0.840198118053553
waste_362_CH,2033,0.0302165136658723,2.74079190248832,193.744747475276,26.6152509633037,0.000587949566929021,0.00957767665405925,0.129365286787496,1.39563403160971e-08,3.98315584844442e-08,0.12451054482793,22.9655951587383,1.85812250777705e-05,2.54616580387396e-07,3.63888677202045e-07,0.0288392595160317,0.840198118053553
waste_362_CH,2042,0.0302165136658723,2.74079190248832,193.744747475276,26.6152509633037,0.000587949566929021,0.00957767665405925,0.129365286787496,1.39563403160971e-08,3.98315584844442e-08,0.12451054482793,22.9655951587383,1.85812250777705e-05,2.54616580387396e-07,3.63888677202045e-07,0.0288392595160317,0.840198118053553
waste_362_CH,2035,0.0302165136658723,2.74079190248832,193.744747475276,26.6152509633037,0.000587949566929021,0.00957767665405925,0.129365286787496,1.39563403160971e-08,3.98315584844442e-08,0.12451054482793,22.9655951587383,1.85812250777705e-05,2.54616580387396e-07,3.63888677202045e-07,0.0288392595160317,0.840198118053553
waste_362_CH,2036,0.0302165136658723,2.74079190248832,193.744747475276,26.6152509633037,0.000587949566929021,0.00957767665405925,0.129365286787496,1.39563403160971e-08,3.98315584844442e-08,0.12451054482793,22.9655951587383,1.85812250777705e-05,2.54616580387396e-07,3.63888677202045e-07,0.0288392595160317,0.840198118053553
waste_362_CH,2037,0.0302165136658723,2.74079190248832,193.744747475276,26.6152509633037,0.000587949566929021,0.00957767665405925,0.129365286787496,1.39563403160971e-08,3.98315584844442e-08,0.12451054482793,22.9655951587383,1.85812250777705e-05,2.54616580387396e-07,3.63888677202045e-07,0.0288392595160317,0.840198118053553
waste_362_CH,2038,0.0302165136658723,2.74079190248832,193.744747475276,26.6152509633037,0.000587949566929021,0.00957767665405925,0.129365286787496,1.39563403160971e-08,3.98315584844442e-08,0.12451054482793,22.9655951587383,1.85812250777705e-05,2.54616580387396e-07,3.63888677202045e-07,0.0288392595160317,0.840198118053553
waste_362_CH,2039,0.0302165136658723,2.74079190248832,193.744747475276,26.6152509633037,0.000587949566929021,0.00957767665405925,0.129365286787496,1.39563403160971e-08,3.98315584844442e-08,0.12451054482793,22.9655951587383,1.85812250777705e-05,2.54616580387396e-07,3.63888677202045e-07,0.0288392595160317,0.840198118053553
waste_362_CH,2040,0.0302165136658723,2.74079190248832,193.744747475276,26.6152509633037,0.000587949566929021,0.00957767665405925,0.129365286787496,1.39563403160971e-08,3.98315584844442e-08,0.12451054482793,22.9655951587383,1.85812250777705e-05,2.54616580387396e-07,3.63888677202045e-07,0.0288392595160317,0.840198118053553
waste_362_CH,2041,0.0302165136658723,2.74079190248832,193.744747475276,26.6152509633037,0.000587949566929021,0.00957767665405925,0.129365286787496,1.39563403160971e-08,3.98315584844442e-08,0.12451054482793,22.9655951587383,1.85812250777705e-05,2.54616580387396e-07,3.63888677202045e-07,0.0288392595160317,0.840198118053553
waste_362_CH,2034,0.0302165136658723,2.74079190248832,193.744747475276,26.6152509633037,0.000587949566929021,0.00957767665405925,0.129365286787496,1.39563403160971e-08,3.98315584844442e-08,0.12451054482793,22.9655951587383,1.85812250777705e-05,2.54616580387396e-07,3.63888677202045e-07,0.0288392595160317,0.840198118053553
waste_367_CH,2045,0.0302165136658723,2.74079190248832,193.744747475276,26.6152509633037,0.000587949566929021,0.00957767665405925,0.129365286787496,1.39563403160971e-08,3.98315584844442e-08,0.12451054482793,22.9655951587383,1.85812250777705e-05,2.54616580387396e-07,3.63888677202045e-07,0.0288392595160317,0.840198118053553
waste_367_CH,2046,0.0302165136658723,2.74079190248832,193.744747475276,26.6152509633037,0.000587949566929021,0.00957767665405925,0.129365286787496,1.39563403160971e-08,3.98315584844442e-08,0.12451054482793,22.9655951587383,1.85812250777705e-05,2.54616580387396e-07,3.63888677202045e-07,0.0288392595160317,0.840198118053553
waste_367_CH,2047,0.0302165136658723,2.74079190248832,193.744747475276,26.6152509633037,0.000587949566929021,0.00957767665405925,0.129365286787496,1.39563403160971e-08,3.98315584844442e-08,0.12451054482793,22.9655951587383,1.85812250777705e-05,2.54616580387396e-07,3.63888677202045e-07,0.0288392595160317,0.840198118053553
waste_367_CH,2048,0.0302165136658723,2.74079190248832,193.744747475276,26.6152509633037,0.000587949566929021,0.00957767665405925,0.129365286787496,1.39563403160971e-08,3.98315584844442e-08,0.12451054482793,22.9655951587383,1.85812250777705e-05,2.54616580387396e-07,3.63888677202045e-07,0.0288392595160317,0.840198118053553
waste_367_CH,2049,0.0302165136658723,2.74079190248832,193.744747475276,26.6152509633037,0.000587949566929021,0.00957767665405925,0.129365286787496,1.39563403160971e-08,3.98315584844442e-08,0.12451054482793,22.9655951587383,1.85812250777705e-05,2.54616580387396e-07,3.63888677202045e-07,0.0288392595160317,0.840198118053553
waste_367_CH,2050,0.0302165136658723,2.74079190248832,193.744747475276,26.6152509633037,0.000587949566929021,0.00957767665405925,0.129365286787496,1.39563403160971e-08,3.98315584844442e-08,0.12451054482793,22.9655951587383,1.85812250777705e-05,2.54616580387396e-07,3.63888677202045e-07,0.0288392595160317,0.840198118053553
waste_367_CH,2051,0.0302165136658723,2.74079190248832,193.744747475276,26.6152509633037,0.000587949566929021,0.00957767665405925,0.129365286787496,1.39563403160971e-08,3.98315584844442e-08,0.12451054482793,22.9655951587383,1.85812250777705e-05,2.54616580387396e-07,3.63888677202045e-07,0.0288392595160317,0.840198118053553
waste_367_CH,2052,0.0302165136658723,2.74079190248832,193.744747475276,26.6152509633037,0.000587949566929021,0.00957767665405925,0.129365286787496,1.39563403160971e-08,3.98315584844442e-08,0.12451054482793,22.9655951587383,1.85812250777705e-05,2.54616580387396e-07,3.63888677202045e-07,0.0288392595160317,0.840198118053553
waste_367_CH,2056,0.0302165136658723,2.74079190248832,193.744747475276,26.6152509633037,0.000587949566929021,0.00957767665405925,0.129365286787496,1.39563403160971e-08,3.98315584844442e-08,0.12451054482793,22.9655951587383,1.85812250777705e-05,2.54616580387396e-07,3.63888677202045e-07,0.0288392595160317,0.840198118053553
waste_367_CH,2054,0.0302165136658723,2.74079190248832,193.744747475276,26.6152509633037,0.000587949566929021,0.00957767665405925,0.129365286787496,1.39563403160971e-08,3.98315584844442e-08,0.12451054482793,22.9655951587383,1.85812250777705e-05,2.54616580387396e-07,3.63888677202045e-07,0.0288392595160317,0.840198118053553
waste_367_CH,2055,0.0302165136658723,2.74079190248832,193.744747475276,26.6152509633037,0.000587949566929021,0.00957767665405925,0.129365286787496,1.39563403160971e-08,3.98315584844442e-08,0.12451054482793,22.9655951587383,1.85812250777705e-05,2.54616580387396e-07,3.63888677202045e-07,0.0288392595160317,0.840198118053553
waste_367_CH,2057,0.0302165136658723,2.74079190248832,193.744747475276,26.6152509633037,0.000587949566929021,0.00957767665405925,0.129365286787496,1.39563403160971e-08,3.98315584844442e-08,0.12451054482793,22.9655951587383,1.85812250777705e-05,2.54616580387396e-07,3.63888677202045e-07,0.0288392595160317,0.840198118053553
waste_367_CH,2058,0.0302165136658723,2.74079190248832,193.744747475276,26.6152509633037,0.000587949566929021,0.00957767665405925,0.129365286787496,1.39563403160971e-08,3.98315584844442e-08,0.12451054482793,22.9655951587383,1.85812250777705e-05,2.54616580387396e-07,3.63888677202045e-07,0.0288392595160317,0.840198118053553
waste_367_CH,2059,0.0302165136658723,2.74079190248832,193.744747475276,26.6152509633037,0.000587949566929021,0.00957767665405925,0.129365286787496,1.39563403160971e-08,3.98315584844442e-08,0.12451054482793,22.9655951587383,1.85812250777705e-05,2.54616580387396e-07,3.63888677202045e-07,0.0288392595160317,0.840198118053553
waste_367_CH,2060,0.0302165136658723,2.74079190248832,193.744747475276,26.6152509633037,0.000587949566929021,0.00957767665405925,0.129365286787496,1.39563403160971e-08,3.98315584844442e-08,0.12451054482793,22.9655951587383,1.85812250777705e-05,2.54616580387396e-07,3.63888677202045e-07,0.0288392595160317,0.840198118053553
waste_367_CH,2044,0.0302165136658723,2.74079190248832,193.744747475276,26.6152509633037,0.000587949566929021,0.00957767665405925,0.129365286787496,1.39563403160971e-08,3.98315584844442e-08,0.12451054482793,22.9655951587383,1.85812250777705e-05,2.54616580387396e-07,3.63888677202045e-07,0.0288392595160317,0.840198118053553
waste_367_CH,2053,0.0302165136658723,2.74079190248832,193.744747475276,26.6152509633037,0.000587949566929021,0.00957767665405925,0.129365286787496,1.39563403160971e-08,3.98315584844442e-08,0.12451054482793,22.9655951587383,1.85812250777705e-05,2.54616580387396e-07,3.63888677202045e-07,0.0288392595160317,0.840198118053553
waste_367_CH,2042,0.0302165136658723,2.74079190248832,193.744747475276,26.6152509633037,0.000587949566929021,0.00957767665405925,0.129365286787496,1.39563403160971e-08,3.98315584844442e-08,0.12451054482793,22.9655951587383,1.85812250777705e-05,2.54616580387396e-07,3.63888677202045e-07,0.0288392595160317,0.840198118053553
waste_367_CH,2037,0.0302165136658723,2.74079190248832,193.744747475276,26.6152509633037,0.000587949566929021,0.00957767665405925,0.129365286787496,1.39563403160971e-08,3.98315584844442e-08,0.12451054482793,22.9655951587383,1.85812250777705e-05,2.54616580387396e-07,3.63888677202045e-07,0.0288392595160317,0.840198118053553
waste_367_CH,2041,0.0302165136658723,2.74079190248832,193.744747475276,26.6152509633037,0.000587949566929021,0.00957767665405925,0.129365286787496,1.39563403160971e-08,3.98315584844442e-08,0.12451054482793,22.9655951587383,1.85812250777705e-05,2.54616580387396e-07,3.63888677202045e-07,0.0288392595160317,0.840198118053553
waste_367_CH,2025,0.0302165136658723,2.74079190248832,193.744747475276,26.6152509633037,0.000587949566929021,0.00957767665405925,0.129365286787496,1.39563403160971e-08,3.98315584844442e-08,0.12451054482793,22.9655951587383,1.85812250777705e-05,2.54616580387396e-07,3.63888677202045e-07,0.0288392595160317,0.840198118053553
waste_367_CH,2026,0.0302165136658723,2.74079190248832,193.744747475276,26.6152509633037,0.000587949566929021,0.00957767665405925,0.129365286787496,1.39563403160971e-08,3.98315584844442e-08,0.12451054482793,22.9655951587383,1.85812250777705e-05,2.54616580387396e-07,3.63888677202045e-07,0.0288392595160317,0.840198118053553
waste_367_CH,2027,0.0302165136658723,2.74079190248832,193.744747475276,26.6152509633037,0.000587949566929021,0.00957767665405925,0.129365286787496,1.39563403160971e-08,3.98315584844442e-08,0.12451054482793,22.9655951587383,1.85812250777705e-05,2.54616580387396e-07,3.63888677202045e-07,0.0288392595160317,0.840198118053553
waste_367_CH,2028,0.0302165136658723,2.74079190248832,193.744747475276,26.6152509633037,0.000587949566929021,0.00957767665405925,0.129365286787496,1.39563403160971e-08,3.98315584844442e-08,0.12451054482793,22.9655951587383,1.85812250777705e-05,2.54616580387396e-07,3.63888677202045e-07,0.0288392595160317,0.840198118053553
waste_367_CH,2043,0.0302165136658723,2.74079190248832,193.744747475276,26.6152509633037,0.000587949566929021,0.00957767665405925,0.129365286787496,1.39563403160971e-08,3.98315584844442e-08,0.12451054482793,22.9655951587383,1.85812250777705e-05,2.54616580387396e-07,3.63888677202045e-07,0.0288392595160317,0.840198118053553
waste_367_CH,2030,0.0302165136658723,2.74079190248832,193.744747475276,26.6152509633037,0.000587949566929021,0.00957767665405925,0.129365286787496,1.39563403160971e-08,3.98315584844442e-08,0.12451054482793,22.9655951587383,1.85812250777705e-05,2.54616580387396e-07,3.63888677202045e-07,0.0288392595160317,0.840198118053553
waste_367_CH,2031,0.0302165136658723,2.74079190248832,193.744747475276,26.6152509633037,0.000587949566929021,0.00957767665405925,0.129365286787496,1.39563403160971e-08,3.98315584844442e-08,0.12451054482793,22.9655951587383,1.85812250777705e-05,2.54616580387396e-07,3.63888677202045e-07,0.0288392595160317,0.840198118053553
waste_367_CH,2032,0.0302165136658723,2.74079190248832,193.744747475276,26.6152509633037,0.000587949566929021,0.00957767665405925,0.129365286787496,1.39563403160971e-08,3.98315584844442e-08,0.12451054482793,22.9655951587383,1.85812250777705e-05,2.54616580387396e-07,3.63888677202045e-07,0.0288392595160317,0.840198118053553
waste_367_CH,2029,0.0302165136658723,2.74079190248832,193.744747475276,26.6152509633037,0.000587949566929021,0.00957767665405925,0.129365286787496,1.39563403160971e-08,3.98315584844442e-08,0.12451054482793,22.9655951587383,1.85812250777705e-05,2.54616580387396e-07,3.63888677202045e-07,0.0288392595160317,0.840198118053553
waste_367_CH,2034,0.0302165136658723,2.74079190248832,193.744747475276,26.6152509633037,0.000587949566929021,0.00957767665405925,0.129365286787496,1.39563403160971e-08,3.98315584844442e-08,0.12451054482793,22.9655951587383,1.85812250777705e-05,2.54616580387396e-07,3.63888677202045e-07,0.0288392595160317,0.840198118053553
waste_367_CH,2035,0.0302165136658723,2.74079190248832,193.744747475276,26.6152509633037,0.000587949566929021,0.00957767665405925,0.129365286787496,1.39563403160971e-08,3.98315584844442e-08,0.12451054482793,22.9655951587383,1.85812250777705e-05,2.54616580387396e-07,3.63888677202045e-07,0.0288392595160317,0.840198118053553
waste_367_CH,2036,0.0302165136658723,2.74079190248832,193.744747475276,26.6152509633037,0.000587949566929021,0.00957767665405925,0.129365286787496,1.39563403160971e-08,3.98315584844442e-08,0.12451054482793,22.9655951587383,1.85812250777705e-05,2.54616580387396e-07,3.63888677202045e-07,0.0288392595160317,0.840198118053553
waste_367_CH,2038,0.0302165136658723,2.74079190248832,193.744747475276,26.6152509633037,0.000587949566929021,0.00957767665405925,0.129365286787496,1.39563403160971e-08,3.98315584844442e-08,0.12451054482793,22.9655951587383,1.85812250777705e-05,2.54616580387396e-07,3.63888677202045e-07,0.0288392595160317,0.840198118053553
waste_367_CH,2039,0.0302165136658723,2.74079190248832,193.744747475276,26.6152509633037,0.000587949566929021,0.00957767665405925,0.129365286787496,1.39563403160971e-08,3.98315584844442e-08,0.12451054482793,22.9655951587383,1.85812250777705e-05,2.54616580387396e-07,3.63888677202045e-07,0.0288392595160317,0.840198118053553
waste_367_CH,2040,0.0302165136658723,2.74079190248832,193.744747475276,26.6152509633037,0.000587949566929021,0.00957767665405925,0.129365286787496,1.39563403160971e-08,3.98315584844442e-08,0.12451054482793,22.9655951587383,1.85812250777705e-05,2.54616580387396e-07,3.63888677202045e-07,0.0288392595160317,0.840198118053553
waste_367_CH,2033,0.0302165136658723,2.74079190248832,193.744747475276,26.6152509633037,0.000587949566929021,0.00957767665405925,0.129365286787496,1.39563403160971e-08,3.98315584844442e-08,0.12451054482793,22.9655951587383,1.85812250777705e-05,2.54616580387396e-07,3.63888677202045e-07,0.0288392595160317,0.840198118053553
waste_410_CH,2060,0.0302165136658723,2.74079190248832,193.744747475276,26.6152509633037,0.000587949566929021,0.00957767665405925,0.129365286787496,1.39563403160971e-08,3.98315584844442e-08,0.12451054482793,22.9655951587383,1.85812250777705e-05,2.54616580387396e-07,3.63888677202045e-07,0.0288392595160317,0.840198118053553
waste_410_CH,2045,0.0302165136658723,2.74079190248832,193.744747475276,26.6152509633037,0.000587949566929021,0.00957767665405925,0.129365286787496,1.39563403160971e-08,3.98315584844442e-08,0.12451054482793,22.9655951587383,1.85812250777705e-05,2.54616580387396e-07,3.63888677202045e-07,0.0288392595160317,0.840198118053553
waste_410_CH,2046,0.0302165136658723,2.74079190248832,193.744747475276,26.6152509633037,0.000587949566929021,0.00957767665405925,0.129365286787496,1.39563403160971e-08,3.98315584844442e-08,0.12451054482793,22.9655951587383,1.85812250777705e-05,2.54616580387396e-07,3.63888677202045e-07,0.0288392595160317,0.840198118053553
waste_410_CH,2047,0.0302165136658723,2.74079190248832,193.744747475276,26.6152509633037,0.000587949566929021,0.00957767665405925,0.129365286787496,1.39563403160971e-08,3.98315584844442e-08,0.12451054482793,22.9655951587383,1.85812250777705e-05,2.54616580387396e-07,3.63888677202045e-07,0.0288392595160317,0.840198118053553
waste_410_CH,2048,0.0302165136658723,2.74079190248832,193.744747475276,26.6152509633037,0.000587949566929021,0.00957767665405925,0.129365286787496,1.39563403160971e-08,3.98315584844442e-08,0.12451054482793,22.9655951587383,1.85812250777705e-05,2.54616580387396e-07,3.63888677202045e-07,0.0288392595160317,0.840198118053553
waste_410_CH,2049,0.0302165136658723,2.74079190248832,193.744747475276,26.6152509633037,0.000587949566929021,0.00957767665405925,0.129365286787496,1.39563403160971e-08,3.98315584844442e-08,0.12451054482793,22.9655951587383,1.85812250777705e-05,2.54616580387396e-07,3.63888677202045e-07,0.0288392595160317,0.840198118053553
waste_410_CH,2050,0.0302165136658723,2.74079190248832,193.744747475276,26.6152509633037,0.000587949566929021,0.00957767665405925,0.129365286787496,1.39563403160971e-08,3.98315584844442e-08,0.12451054482793,22.9655951587383,1.85812250777705e-05,2.54616580387396e-07,3.63888677202045e-07,0.0288392595160317,0.840198118053553
waste_410_CH,2051,0.0302165136658723,2.74079190248832,193.744747475276,26.6152509633037,0.000587949566929021,0.00957767665405925,0.129365286787496,1.39563403160971e-08,3.98315584844442e-08,0.12451054482793,22.9655951587383,1.85812250777705e-05,2.54616580387396e-07,3.63888677202045e-07,0.0288392595160317,0.840198118053553
waste_410_CH,2044,0.0302165136658723,2.74079190248832,193.744747475276,26.6152509633037,0.000587949566929021,0.00957767665405925,0.129365286787496,1.39563403160971e-08,3.98315584844442e-08,0.12451054482793,22.9655951587383,1.85812250777705e-05,2.54616580387396e-07,3.63888677202045e-07,0.0288392595160317,0.840198118053553
waste_410_CH,2053,0.0302165136658723,2.74079190248832,193.744747475276,26.6152509633037,0.000587949566929021,0.00957767665405925,0.129365286787496,1.39563403160971e-08,3.98315584844442e-08,0.12451054482793,22.9655951587383,1.85812250777705e-05,2.54616580387396e-07,3.63888677202045e-07,0.0288392595160317,0.840198118053553
waste_410_CH,2054,0.0302165136658723,2.74079190248832,193.744747475276,26.6152509633037,0.000587949566929021,0.00957767665405925,0.129365286787496,1.39563403160971e-08,3.98315584844442e-08,0.12451054482793,22.9655951587383,1.85812250777705e-05,2.54616580387396e-07,3.63888677202045e-07,0.0288392595160317,0.840198118053553
waste_410_CH,2055,0.0302165136658723,2.74079190248832,193.744747475276,26.6152509633037,0.000587949566929021,0.00957767665405925,0.129365286787496,1.39563403160971e-08,3.98315584844442e-08,0.12451054482793,22.9655951587383,1.85812250777705e-05,2.54616580387396e-07,3.63888677202045e-07,0.0288392595160317,0.840198118053553
waste_410_CH,2056,0.0302165136658723,2.74079190248832,193.744747475276,26.6152509633037,0.000587949566929021,0.00957767665405925,0.129365286787496,1.39563403160971e-08,3.98315584844442e-08,0.12451054482793,22.9655951587383,1.85812250777705e-05,2.54616580387396e-07,3.63888677202045e-07,0.0288392595160317,0.840198118053553
waste_410_CH,2057,0.0302165136658723,2.74079190248832,193.744747475276,26.6152509633037,0.000587949566929021,0.00957767665405925,0.129365286787496,1.39563403160971e-08,3.98315584844442e-08,0.12451054482793,22.9655951587383,1.85812250777705e-05,2.54616580387396e-07,3.63888677202045e-07,0.0288392595160317,0.840198118053553
waste_410_CH,2058,0.0302165136658723,2.74079190248832,193.744747475276,26.6152509633037,0.000587949566929021,0.00957767665405925,0.129365286787496,1.39563403160971e-08,3.98315584844442e-08,0.12451054482793,22.9655951587383,1.85812250777705e-05,2.54616580387396e-07,3.63888677202045e-07,0.0288392595160317,0.840198118053553
waste_410_CH,2059,0.0302165136658723,2.74079190248832,193.744747475276,26.6152509633037,0.000587949566929021,0.00957767665405925,0.129365286787496,1.39563403160971e-08,3.98315584844442e-08,0.12451054482793,22.9655951587383,1.85812250777705e-05,2.54616580387396e-07,3.63888677202045e-07,0.0288392595160317,0.840198118053553
waste_410_CH,2052,0.0302165136658723,2.74079190248832,193.744747475276,26.6152509633037,0.000587949566929021,0.00957767665405925,0.129365286787496,1.39563403160971e-08,3.98315584844442e-08,0.12451054482793,22.9655951587383,1.85812250777705e-05,2.54616580387396e-07,3.63888677202045e-07,0.0288392595160317,0.840198118053553
waste_410_CH,2043,0.0302165136658723,2.74079190248832,193.744747475276,26.6152509633037,0.000587949566929021,0.00957767665405925,0.129365286787496,1.39563403160971e-08,3.98315584844442e-08,0.12451054482793,22.9655951587383,1.85812250777705e-05,2.54616580387396e-07,3.63888677202045e-07,0.0288392595160317,0.840198118053553
waste_410_CH,2034,0.0302165136658723,2.74079190248832,193.744747475276,26.6152509633037,0.000587949566929021,0.00957767665405925,0.129365286787496,1.39563403160971e-08,3.98315584844442e-08,0.12451054482793,22.9655951587383,1.85812250777705e-05,2.54616580387396e-07,3.63888677202045e-07,0.0288392595160317,0.840198118053553
waste_410_CH,2041,0.0302165136658723,2.74079190248832,193.744747475276,26.6152509633037,0.000587949566929021,0.00957767665405925,0.129365286787496,1.39563403160971e-08,3.98315584844442e-08,0.12451054482793,22.9655951587383,1.85812250777705e-05,2.54616580387396e-07,3.63888677202045e-07,0.0288392595160317,0.840198118053553
waste_410_CH,2025,0.0302165136658723,2.74079190248832,193.744747475276,26.6152509633037,0.000587949566929021,0.00957767665405925,0.129365286787496,1.39563403160971e-08,3.98315584844442e-08,0.12451054482793,22.9655951587383,1.85812250777705e-05,2.54616580387396e-07,3.63888677202045e-07,0.0288392595160317,0.840198118053553
waste_410_CH,2026,0.0302165136658723,2.74079190248832,193.744747475276,26.6152509633037,0.000587949566929021,0.00957767665405925,0.129365286787496,1.39563403160971e-08,3.98315584844442e-08,0.12451054482793,22.9655951587383,1.85812250777705e-05,2.54616580387396e-07,3.63888677202045e-07,0.0288392595160317,0.840198118053553
waste_410_CH,2027,0.0302165136658723,2.74079190248832,193.744747475276,26.6152509633037,0.000587949566929021,0.00957767665405925,0.129365286787496,1.39563403160971e-08,3.98315584844442e-08,0.12451054482793,22.9655951587383,1.85812250777705e-05,2.54616580387396e-07,3.63888677202045e-07,0.0288392595160317,0.840198118053553
waste_410_CH,2028,0.0302165136658723,2.74079190248832,193.744747475276,26.6152509633037,0.000587949566929021,0.00957767665405925,0.129365286787496,1.39563403160971e-08,3.98315584844442e-08,0.12451054482793,22.9655951587383,1.85812250777705e-05,2.54616580387396e-07,3.63888677202045e-07,0.0288392595160317,0.840198118053553
waste_410_CH,2029,0.0302165136658723,2.74079190248832,193.744747475276,26.6152509633037,0.000587949566929021,0.00957767665405925,0.129365286787496,1.39563403160971e-08,3.98315584844442e-08,0.12451054482793,22.9655951587383,1.85812250777705e-05,2.54616580387396e-07,3.63888677202045e-07,0.0288392595160317,0.840198118053553
waste_410_CH,2030,0.0302165136658723,2.74079190248832,193.744747475276,26.6152509633037,0.000587949566929021,0.00957767665405925,0.129365286787496,1.39563403160971e-08,3.98315584844442e-08,0.12451054482793,22.9655951587383,1.85812250777705e-05,2.54616580387396e-07,3.63888677202045e-07,0.0288392595160317,0.840198118053553
waste_410_CH,2031,0.0302165136658723,2.74079190248832,193.744747475276,26.6152509633037,0.000587949566929021,0.00957767665405925,0.129365286787496,1.39563403160971e-08,3.98315584844442e-08,0.12451054482793,22.9655951587383,1.85812250777705e-05,2.54616580387396e-07,3.63888677202045e-07,0.0288392595160317,0.840198118053553
waste_410_CH,2042,0.0302165136658723,2.74079190248832,193.744747475276,26.6152509633037,0.000587949566929021,0.00957767665405925,0.129365286787496,1.39563403160971e-08,3.98315584844442e-08,0.12451054482793,22.9655951587383,1.85812250777705e-05,2.54616580387396e-07,3.63888677202045e-07,0.0288392595160317,0.840198118053553
waste_410_CH,2033,0.0302165136658723,2.74079190248832,193.744747475276,26.6152509633037,0.000587949566929021,0.00957767665405925,0.129365286787496,1.39563403160971e-08,3.98315584844442e-08,0.12451054482793,22.9655951587383,1.85812250777705e-05,2.54616580387396e-07,3.63888677202045e-07,0.0288392595160317,0.840198118053553
waste_410_CH,2035,0.0302165136658723,2.74079190248832,193.744747475276,26.6152509633037,0.000587949566929021,0.00957767665405925,0.129365286787496,1.39563403160971e-08,3.98315584844442e-08,0.12451054482793,22.9655951587383,1.85812250777705e-05,2.54616580387396e-07,3.63888677202045e-07,0.0288392595160317,0.840198118053553
waste_410_CH,2036,0.0302165136658723,2.74079190248832,193.744747475276,26.6152509633037,0.000587949566929021,0.00957767665405925,0.129365286787496,1.39563403160971e-08,3.98315584844442e-08,0.12451054482793,22.9655951587383,1.85812250777705e-05,2.54616580387396e-07,3.63888677202045e-07,0.0288392595160317,0.840198118053553
waste_410_CH,2037,0.0302165136658723,2.74079190248832,193.744747475276,26.6152509633037,0.000587949566929021,0.00957767665405925,0.129365286787496,1.39563403160971e-08,3.98315584844442e-08,0.12451054482793,22.9655951587383,1.85812250777705e-05,2.54616580387396e-07,3.63888677202045e-07,0.0288392595160317,0.840198118053553
waste_410_CH,2038,0.0302165136658723,2.74079190248832,193.744747475276,26.6152509633037,0.000587949566929021,0.00957767665405925,0.129365286787496,1.39563403160971e-08,3.98315584844442e-08,0.12451054482793,22.9655951587383,1.85812250777705e-05,2.54616580387396e-07,3.63888677202045e-07,0.0288392595160317,0.840198118053553
waste_410_CH,2039,0.0302165136658723,2.74079190248832,193.744747475276,26.6152509633037,0.000587949566929021,0.00957767665405925,0.129365286787496,1.39563403160971e-08,3.98315584844442e-08,0.12451054482793,22.9655951587383,1.85812250777705e-05,2.54616580387396e-07,3.63888677202045e-07,0.0288392595160317,0.840198118053553
waste_410_CH,2040,0.0302165136658723,2.74079190248832,193.744747475276,26.6152509633037,0.000587949566929021,0.00957767665405925,0.129365286787496,1.39563403160971e-08,3.98315584844442e-08,0.12451054482793,22.9655951587383,1.85812250777705e-05,2.54616580387396e-07,3.63888677202045e-07,0.0288392595160317,0.840198118053553
waste_410_CH,2032,0.0302165136658723,2.74079190248832,193.744747475276,26.6152509633037,0.000587949566929021,0.00957767665405925,0.129365286787496,1.39563403160971e-08,3.98315584844442e-08,0.12451054482793,22.9655951587383,1.85812250777705e-05,2.54616580387396e-07,3.63888677202045e-07,0.0288392595160317,0.840198118053553
waste_417_CH,2046,0.0302165136658723,2.74079190248832,193.744747475276,26.6152509633037,0.000587949566929021,0.00957767665405925,0.129365286787496,1.39563403160971e-08,3.98315584844442e-08,0.12451054482793,22.9655951587383,1.85812250777705e-05,2.54616580387396e-07,3.63888677202045e-07,0.0288392595160317,0.840198118053553
waste_417_CH,2047,0.0302165136658723,2.74079190248832,193.744747475276,26.6152509633037,0.000587949566929021,0.00957767665405925,0.129365286787496,1.39563403160971e-08,3.98315584844442e-08,0.12451054482793,22.9655951587383,1.85812250777705e-05,2.54616580387396e-07,3.63888677202045e-07,0.0288392595160317,0.840198118053553
waste_417_CH,2048,0.0302165136658723,2.74079190248832,193.744747475276,26.6152509633037,0.000587949566929021,0.00957767665405925,0.129365286787496,1.39563403160971e-08,3.98315584844442e-08,0.12451054482793,22.9655951587383,1.85812250777705e-05,2.54616580387396e-07,3.63888677202045e-07,0.0288392595160317,0.840198118053553
waste_417_CH,2049,0.0302165136658723,2.74079190248832,193.744747475276,26.6152509633037,0.000587949566929021,0.00957767665405925,0.129365286787496,1.39563403160971e-08,3.98315584844442e-08,0.12451054482793,22.9655951587383,1.85812250777705e-05,2.54616580387396e-07,3.63888677202045e-07,0.0288392595160317,0.840198118053553
waste_417_CH,2050,0.0302165136658723,2.74079190248832,193.744747475276,26.6152509633037,0.000587949566929021,0.00957767665405925,0.129365286787496,1.39563403160971e-08,3.98315584844442e-08,0.12451054482793,22.9655951587383,1.85812250777705e-05,2.54616580387396e-07,3.63888677202045e-07,0.0288392595160317,0.840198118053553
waste_417_CH,2051,0.0302165136658723,2.74079190248832,193.744747475276,26.6152509633037,0.000587949566929021,0.00957767665405925,0.129365286787496,1.39563403160971e-08,3.98315584844442e-08,0.12451054482793,22.9655951587383,1.85812250777705e-05,2.54616580387396e-07,3.63888677202045e-07,0.0288392595160317,0.840198118053553
waste_417_CH,2052,0.0302165136658723,2.74079190248832,193.744747475276,26.6152509633037,0.000587949566929021,0.00957767665405925,0.129365286787496,1.39563403160971e-08,3.98315584844442e-08,0.12451054482793,22.9655951587383,1.85812250777705e-05,2.54616580387396e-07,3.63888677202045e-07,0.0288392595160317,0.840198118053553
waste_417_CH,2056,0.0302165136658723,2.74079190248832,193.744747475276,26.6152509633037,0.000587949566929021,0.00957767665405925,0.129365286787496,1.39563403160971e-08,3.98315584844442e-08,0.12451054482793,22.9655951587383,1.85812250777705e-05,2.54616580387396e-07,3.63888677202045e-07,0.0288392595160317,0.840198118053553
waste_417_CH,2054,0.0302165136658723,2.74079190248832,193.744747475276,26.6152509633037,0.000587949566929021,0.00957767665405925,0.129365286787496,1.39563403160971e-08,3.98315584844442e-08,0.12451054482793,22.9655951587383,1.85812250777705e-05,2.54616580387396e-07,3.63888677202045e-07,0.0288392595160317,0.840198118053553
waste_417_CH,2055,0.0302165136658723,2.74079190248832,193.744747475276,26.6152509633037,0.000587949566929021,0.00957767665405925,0.129365286787496,1.39563403160971e-08,3.98315584844442e-08,0.12451054482793,22.9655951587383,1.85812250777705e-05,2.54616580387396e-07,3.63888677202045e-07,0.0288392595160317,0.840198118053553
waste_417_CH,2057,0.0302165136658723,2.74079190248832,193.744747475276,26.6152509633037,0.000587949566929021,0.00957767665405925,0.129365286787496,1.39563403160971e-08,3.98315584844442e-08,0.12451054482793,22.9655951587383,1.85812250777705e-05,2.54616580387396e-07,3.63888677202045e-07,0.0288392595160317,0.840198118053553
waste_417_CH,2058,0.0302165136658723,2.74079190248832,193.744747475276,26.6152509633037,0.000587949566929021,0.00957767665405925,0.129365286787496,1.39563403160971e-08,3.98315584844442e-08,0.12451054482793,22.9655951587383,1.85812250777705e-05,2.54616580387396e-07,3.63888677202045e-07,0.0288392595160317,0.840198118053553
waste_417_CH,2059,0.0302165136658723,2.74079190248832,193.744747475276,26.6152509633037,0.000587949566929021,0.00957767665405925,0.129365286787496,1.39563403160971e-08,3.98315584844442e-08,0.12451054482793,22.9655951587383,1.85812250777705e-05,2.54616580387396e-07,3.63888677202045e-07,0.0288392595160317,0.840198118053553
waste_417_CH,2060,0.0302165136658723,2.74079190248832,193.744747475276,26.6152509633037,0.000587949566929021,0.00957767665405925,0.129365286787496,1.39563403160971e-08,3.98315584844442e-08,0.12451054482793,22.9655951587383,1.85812250777705e-05,2.54616580387396e-07,3.63888677202045e-07,0.0288392595160317,0.840198118053553
waste_417_CH,2045,0.0302165136658723,2.74079190248832,193.744747475276,26.6152509633037,0.000587949566929021,0.00957767665405925,0.129365286787496,1.39563403160971e-08,3.98315584844442e-08,0.12451054482793,22.9655951587383,1.85812250777705e-05,2.54616580387396e-07,3.63888677202045e-07,0.0288392595160317,0.840198118053553
waste_417_CH,2053,0.0302165136658723,2.74079190248832,193.744747475276,26.6152509633037,0.000587949566929021,0.00957767665405925,0.129365286787496,1.39563403160971e-08,3.98315584844442e-08,0.12451054482793,22.9655951587383,1.85812250777705e-05,2.54616580387396e-07,3.63888677202045e-07,0.0288392595160317,0.840198118053553
waste_417_CH,2044,0.0302165136658723,2.74079190248832,193.744747475276,26.6152509633037,0.000587949566929021,0.00957767665405925,0.129365286787496,1.39563403160971e-08,3.98315584844442e-08,0.12451054482793,22.9655951587383,1.85812250777705e-05,2.54616580387396e-07,3.63888677202045e-07,0.0288392595160317,0.840198118053553
waste_417_CH,2043,0.0302165136658723,2.74079190248832,193.744747475276,26.6152509633037,0.000587949566929021,0.00957767665405925,0.129365286787496,1.39563403160971e-08,3.98315584844442e-08,0.12451054482793,22.9655951587383,1.85812250777705e-05,2.54616580387396e-07,3.63888677202045e-07,0.0288392595160317,0.840198118053553
waste_417_CH,2025,0.0302165136658723,2.74079190248832,193.744747475276,26.6152509633037,0.000587949566929021,0.00957767665405925,0.129365286787496,1.39563403160971e-08,3.98315584844442e-08,0.12451054482793,22.9655951587383,1.85812250777705e-05,2.54616580387396e-07,3.63888677202045e-07,0.0288392595160317,0.840198118053553
waste_417_CH,2042,0.0302165136658723,2.74079190248832,193.744747475276,26.6152509633037,0.000587949566929021,0.00957767665405925,0.129365286787496,1.39563403160971e-08,3.98315584844442e-08,0.12451054482793,22.9655951587383,1.85812250777705e-05,2.54616580387396e-07,3.63888677202045e-07,0.0288392595160317,0.840198118053553
waste_417_CH,2026,0.0302165136658723,2.74079190248832,193.744747475276,26.6152509633037,0.000587949566929021,0.00957767665405925,0.129365286787496,1.39563403160971e-08,3.98315584844442e-08,0.12451054482793,22.9655951587383,1.85812250777705e-05,2.54616580387396e-07,3.63888677202045e-07,0.0288392595160317,0.840198118053553
waste_417_CH,2027,0.0302165136658723,2.74079190248832,193.744747475276,26.6152509633037,0.000587949566929021,0.00957767665405925,0.129365286787496,1.39563403160971e-08,3.98315584844442e-08,0.12451054482793,22.9655951587383,1.85812250777705e-05,2.54616580387396e-07,3.63888677202045e-07,0.0288392595160317,0.840198118053553
waste_417_CH,2028,0.0302165136658723,2.74079190248832,193.744747475276,26.6152509633037,0.000587949566929021,0.00957767665405925,0.129365286787496,1.39563403160971e-08,3.98315584844442e-08,0.12451054482793,22.9655951587383,1.85812250777705e-05,2.54616580387396e-07,3.63888677202045e-07,0.0288392595160317,0.840198118053553
waste_417_CH,2029,0.0302165136658723,2.74079190248832,193.744747475276,26.6152509633037,0.000587949566929021,0.00957767665405925,0.129365286787496,1.39563403160971e-08,3.98315584844442e-08,0.12451054482793,22.9655951587383,1.85812250777705e-05,2.54616580387396e-07,3.63888677202045e-07,0.0288392595160317,0.840198118053553
waste_417_CH,2031,0.0302165136658723,2.74079190248832,193.744747475276,26.6152509633037,0.000587949566929021,0.00957767665405925,0.129365286787496,1.39563403160971e-08,3.98315584844442e-08,0.12451054482793,22.9655951587383,1.85812250777705e-05,2.54616580387396e-07,3.63888677202045e-07,0.0288392595160317,0.840198118053553
waste_417_CH,2032,0.0302165136658723,2.74079190248832,193.744747475276,26.6152509633037,0.000587949566929021,0.00957767665405925,0.129365286787496,1.39563403160971e-08,3.98315584844442e-08,0.12451054482793,22.9655951587383,1.85812250777705e-05,2.54616580387396e-07,3.63888677202045e-07,0.0288392595160317,0.840198118053553
waste_417_CH,2033,0.0302165136658723,2.74079190248832,193.744747475276,26.6152509633037,0.000587949566929021,0.00957767665405925,0.129365286787496,1.39563403160971e-08,3.98315584844442e-08,0.12451054482793,22.9655951587383,1.85812250777705e-05,2.54616580387396e-07,3.63888677202045e-07,0.0288392595160317,0.840198118053553
waste_417_CH,2030,0.0302165136658723,2.74079190248832,193.744747475276,26.6152509633037,0.000587949566929021,0.00957767665405925,0.129365286787496,1.39563403160971e-08,3.98315584844442e-08,0.12451054482793,22.9655951587383,1.85812250777705e-05,2.54616580387396e-07,3.63888677202045e-07,0.0288392595160317,0.840198118053553
waste_417_CH,2035,0.0302165136658723,2.74079190248832,193.744747475276,26.6152509633037,0.000587949566929021,0.00957767665405925,0.129365286787496,1.39563403160971e-08,3.98315584844442e-08,0.12451054482793,22.9655951587383,1.85812250777705e-05,2.54616580387396e-07,3.63888677202045e-07,0.0288392595160317,0.840198118053553
waste_417_CH,2036,0.0302165136658723,2.74079190248832,193.744747475276,26.6152509633037,0.000587949566929021,0.00957767665405925,0.129365286787496,1.39563403160971e-08,3.98315584844442e-08,0.12451054482793,22.9655951587383,1.85812250777705e-05,2.54616580387396e-07,3.63888677202045e-07,0.0288392595160317,0.840198118053553
waste_417_CH,2037,0.0302165136658723,2.74079190248832,193.744747475276,26.6152509633037,0.000587949566929021,0.00957767665405925,0.129365286787496,1.39563403160971e-08,3.98315584844442e-08,0.12451054482793,22.9655951587383,1.85812250777705e-05,2.54616580387396e-07,3.63888677202045e-07,0.0288392595160317,0.840198118053553
waste_417_CH,2038,0.0302165136658723,2.74079190248832,193.744747475276,26.6152509633037,0.000587949566929021,0.00957767665405925,0.129365286787496,1.39563403160971e-08,3.98315584844442e-08,0.12451054482793,22.9655951587383,1.85812250777705e-05,2.54616580387396e-07,3.63888677202045e-07,0.0288392595160317,0.840198118053553
waste_417_CH,2039,0.0302165136658723,2.74079190248832,193.744747475276,26.6152509633037,0.000587949566929021,0.00957767665405925,0.129365286787496,1.39563403160971e-08,3.98315584844442e-08,0.12451054482793,22.9655951587383,1.85812250777705e-05,2.54616580387396e-07,3.63888677202045e-07,0.0288392595160317,0.840198118053553
waste_417_CH,2040,0.0302165136658723,2.74079190248832,193.744747475276,26.6152509633037,0.000587949566929021,0.00957767665405925,0.129365286787496,1.39563403160971e-08,3.98315584844442e-08,0.12451054482793,22.9655951587383,1.85812250777705e-05,2.54616580387396e-07,3.63888677202045e-07,0.0288392595160317,0.840198118053553
waste_417_CH,2041,0.0302165136658723,2.74079190248832,193.744747475276,26.6152509633037,0.000587949566929021,0.00957767665405925,0.129365286787496,1.39563403160971e-08,3.98315584844442e-08,0.12451054482793,22.9655951587383,1.85812250777705e-05,2.54616580387396e-07,3.63888677202045e-07,0.0288392595160317,0.840198118053553
waste_417_CH,2034,0.0302165136658723,2.74079190248832,193.744747475276,26.6152509633037,0.000587949566929021,0.00957767665405925,0.129365286787496,1.39563403160971e-08,3.98315584844442e-08,0.12451054482793,22.9655951587383,1.85812250777705e-05,2.54616580387396e-07,3.63888677202045e-07,0.0288392595160317,0.840198118053553
wilhelmshaven_DE,2060,0.0302165136658723,2.74079190248832,193.744747475276,26.6152509633037,0.000587949566929021,0.00957767665405925,0.129365286787496,1.39563403160971e-08,3.98315584844442e-08,0.12451054482793,22.9655951587383,1.85812250777705e-05,2.54616580387396e-07,3.63888677202045e-07,0.0288392595160317,0.840198118053553
wilhelmshaven_DE,2045,0.0302165136658723,2.74079190248832,193.744747475276,26.6152509633037,0.000587949566929021,0.00957767665405925,0.129365286787496,1.39563403160971e-08,3.98315584844442e-08,0.12451054482793,22.9655951587383,1.85812250777705e-05,2.54616580387396e-07,3.63888677202045e-07,0.0288392595160317,0.840198118053553
wilhelmshaven_DE,2046,0.0302165136658723,2.74079190248832,193.744747475276,26.6152509633037,0.000587949566929021,0.00957767665405925,0.129365286787496,1.39563403160971e-08,3.98315584844442e-08,0.12451054482793,22.9655951587383,1.85812250777705e-05,2.54616580387396e-07,3.63888677202045e-07,0.0288392595160317,0.840198118053553
wilhelmshaven_DE,2047,0.0302165136658723,2.74079190248832,193.744747475276,26.6152509633037,0.000587949566929021,0.00957767665405925,0.129365286787496,1.39563403160971e-08,3.98315584844442e-08,0.12451054482793,22.9655951587383,1.85812250777705e-05,2.54616580387396e-07,3.63888677202045e-07,0.0288392595160317,0.840198118053553
wilhelmshaven_DE,2048,0.0302165136658723,2.74079190248832,193.744747475276,26.6152509633037,0.000587949566929021,0.00957767665405925,0.129365286787496,1.39563403160971e-08,3.98315584844442e-08,0.12451054482793,22.9655951587383,1.85812250777705e-05,2.54616580387396e-07,3.63888677202045e-07,0.0288392595160317,0.840198118053553
wilhelmshaven_DE,2049,0.0302165136658723,2.74079190248832,193.744747475276,26.6152509633037,0.000587949566929021,0.00957767665405925,0.129365286787496,1.39563403160971e-08,3.98315584844442e-08,0.12451054482793,22.9655951587383,1.85812250777705e-05,2.54616580387396e-07,3.63888677202045e-07,0.0288392595160317,0.840198118053553
wilhelmshaven_DE,2050,0.0302165136658723,2.74079190248832,193.744747475276,26.6152509633037,0.000587949566929021,0.00957767665405925,0.129365286787496,1.39563403160971e-08,3.98315584844442e-08,0.12451054482793,22.9655951587383,1.85812250777705e-05,2.54616580387396e-07,3.63888677202045e-07,0.0288392595160317,0.840198118053553
wilhelmshaven_DE,2051,0.0302165136658723,2.74079190248832,193.744747475276,26.6152509633037,0.000587949566929021,0.00957767665405925,0.129365286787496,1.39563403160971e-08,3.98315584844442e-08,0.12451054482793,22.9655951587383,1.85812250777705e-05,2.54616580387396e-07,3.63888677202045e-07,0.0288392595160317,0.840198118053553
wilhelmshaven_DE,2044,0.0302165136658723,2.74079190248832,193.744747475276,26.6152509633037,0.000587949566929021,0.00957767665405925,0.129365286787496,1.39563403160971e-08,3.98315584844442e-08,0.12451054482793,22.9655951587383,1.85812250777705e-05,2.54616580387396e-07,3.63888677202045e-07,0.0288392595160317,0.840198118053553
wilhelmshaven_DE,2053,0.0302165136658723,2.74079190248832,193.744747475276,26.6152509633037,0.000587949566929021,0.00957767665405925,0.129365286787496,1.39563403160971e-08,3.98315584844442e-08,0.12451054482793,22.9655951587383,1.85812250777705e-05,2.54616580387396e-07,3.63888677202045e-07,0.0288392595160317,0.840198118053553
wilhelmshaven_DE,2054,0.0302165136658723,2.74079190248832,193.744747475276,26.6152509633037,0.000587949566929021,0.00957767665405925,0.129365286787496,1.39563403160971e-08,3.98315584844442e-08,0.12451054482793,22.9655951587383,1.85812250777705e-05,2.54616580387396e-07,3.63888677202045e-07,0.0288392595160317,0.840198118053553
wilhelmshaven_DE,2055,0.0302165136658723,2.74079190248832,193.744747475276,26.6152509633037,0.000587949566929021,0.00957767665405925,0.129365286787496,1.39563403160971e-08,3.98315584844442e-08,0.12451054482793,22.9655951587383,1.85812250777705e-05,2.54616580387396e-07,3.63888677202045e-07,0.0288392595160317,0.840198118053553
wilhelmshaven_DE,2056,0.0302165136658723,2.74079190248832,193.744747475276,26.6152509633037,0.000587949566929021,0.00957767665405925,0.129365286787496,1.39563403160971e-08,3.98315584844442e-08,0.12451054482793,22.9655951587383,1.85812250777705e-05,2.54616580387396e-07,3.63888677202045e-07,0.0288392595160317,0.840198118053553
wilhelmshaven_DE,2057,0.0302165136658723,2.74079190248832,193.744747475276,26.6152509633037,0.000587949566929021,0.00957767665405925,0.129365286787496,1.39563403160971e-08,3.98315584844442e-08,0.12451054482793,22.9655951587383,1.85812250777705e-05,2.54616580387396e-07,3.63888677202045e-07,0.0288392595160317,0.840198118053553
wilhelmshaven_DE,2058,0.0302165136658723,2.74079190248832,193.744747475276,26.6152509633037,0.000587949566929021,0.00957767665405925,0.129365286787496,1.39563403160971e-08,3.98315584844442e-08,0.12451054482793,22.9655951587383,1.85812250777705e-05,2.54616580387396e-07,3.63888677202045e-07,0.0288392595160317,0.840198118053553
wilhelmshaven_DE,2059,0.0302165136658723,2.74079190248832,193.744747475276,26.6152509633037,0.000587949566929021,0.00957767665405925,0.129365286787496,1.39563403160971e-08,3.98315584844442e-08,0.12451054482793,22.9655951587383,1.85812250777705e-05,2.54616580387396e-07,3.63888677202045e-07,0.0288392595160317,0.840198118053553
wilhelmshaven_DE,2052,0.0302165136658723,2.74079190248832,193.744747475276,26.6152509633037,0.000587949566929021,0.00957767665405925,0.129365286787496,1.39563403160971e-08,3.98315584844442e-08,0.12451054482793,22.9655951587383,1.85812250777705e-05,2.54616580387396e-07,3.63888677202045e-07,0.0288392595160317,0.840198118053553
wilhelmshaven_DE,2043,0.0302165136658723,2.74079190248832,193.744747475276,26.6152509633037,0.000587949566929021,0.00957767665405925,0.129365286787496,1.39563403160971e-08,3.98315584844442e-08,0.12451054482793,22.9655951587383,1.85812250777705e-05,2.54616580387396e-07,3.63888677202045e-07,0.0288392595160317,0.840198118053553
wilhelmshaven_DE,2034,0.0302165136658723,2.74079190248832,193.744747475276,26.6152509633037,0.000587949566929021,0.00957767665405925,0.129365286787496,1.39563403160971e-08,3.98315584844442e-08,0.12451054482793,22.9655951587383,1.85812250777705e-05,2.54616580387396e-07,3.63888677202045e-07,0.0288392595160317,0.840198118053553
wilhelmshaven_DE,2041,0.0302165136658723,2.74079190248832,193.744747475276,26.6152509633037,0.000587949566929021,0.00957767665405925,0.129365286787496,1.39563403160971e-08,3.98315584844442e-08,0.12451054482793,22.9655951587383,1.85812250777705e-05,2.54616580387396e-07,3.63888677202045e-07,0.0288392595160317,0.840198118053553
wilhelmshaven_DE,2042,0.0302165136658723,2.74079190248832,193.744747475276,26.6152509633037,0.000587949566929021,0.00957767665405925,0.129365286787496,1.39563403160971e-08,3.98315584844442e-08,0.12451054482793,22.9655951587383,1.85812250777705e-05,2.54616580387396e-07,3.63888677202045e-07,0.0288392595160317,0.840198118053553
wilhelmshaven_DE,2025,0.0302165136658723,2.74079190248832,193.744747475276,26.6152509633037,0.000587949566929021,0.00957767665405925,0.129365286787496,1.39563403160971e-08,3.98315584844442e-08,0.12451054482793,22.9655951587383,1.85812250777705e-05,2.54616580387396e-07,3.63888677202045e-07,0.0288392595160317,0.840198118053553
wilhelmshaven_DE,2026,0.0302165136658723,2.74079190248832,193.744747475276,26.6152509633037,0.000587949566929021,0.00957767665405925,0.129365286787496,1.39563403160971e-08,3.98315584844442e-08,0.12451054482793,22.9655951587383,1.85812250777705e-05,2.54616580387396e-07,3.63888677202045e-07,0.0288392595160317,0.840198118053553
wilhelmshaven_DE,2027,0.0302165136658723,2.74079190248832,193.744747475276,26.6152509633037,0.000587949566929021,0.00957767665405925,0.129365286787496,1.39563403160971e-08,3.98315584844442e-08,0.12451054482793,22.9655951587383,1.85812250777705e-05,2.54616580387396e-07,3.63888677202045e-07,0.0288392595160317,0.840198118053553
wilhelmshaven_DE,2028,0.0302165136658723,2.74079190248832,193.744747475276,26.6152509633037,0.000587949566929021,0.00957767665405925,0.129365286787496,1.39563403160971e-08,3.98315584844442e-08,0.12451054482793,22.9655951587383,1.85812250777705e-05,2.54616580387396e-07,3.63888677202045e-07,0.0288392595160317,0.840198118053553
wilhelmshaven_DE,2030,0.0302165136658723,2.74079190248832,193.744747475276,26.6152509633037,0.000587949566929021,0.00957767665405925,0.129365286787496,1.39563403160971e-08,3.98315584844442e-08,0.12451054482793,22.9655951587383,1.85812250777705e-05,2.54616580387396e-07,3.63888677202045e-07,0.0288392595160317,0.840198118053553
wilhelmshaven_DE,2031,0.0302165136658723,2.74079190248832,193.744747475276,26.6152509633037,0.000587949566929021,0.00957767665405925,0.129365286787496,1.39563403160971e-08,3.98315584844442e-08,0.12451054482793,22.9655951587383,1.85812250777705e-05,2.54616580387396e-07,3.63888677202045e-07,0.0288392595160317,0.840198118053553
wilhelmshaven_DE,2029,0.0302165136658723,2.74079190248832,193.744747475276,26.6152509633037,0.000587949566929021,0.00957767665405925,0.129365286787496,1.39563403160971e-08,3.98315584844442e-08,0.12451054482793,22.9655951587383,1.85812250777705e-05,2.54616580387396e-07,3.63888677202045e-07,0.0288392595160317,0.840198118053553
wilhelmshaven_DE,2033,0.0302165136658723,2.74079190248832,193.744747475276,26.6152509633037,0.000587949566929021,0.00957767665405925,0.129365286787496,1.39563403160971e-08,3.98315584844442e-08,0.12451054482793,22.9655951587383,1.85812250777705e-05,2.54616580387396e-07,3.63888677202045e-07,0.0288392595160317,0.840198118053553
wilhelmshaven_DE,2035,0.0302165136658723,2.74079190248832,193.744747475276,26.6152509633037,0.000587949566929021,0.00957767665405925,0.129365286787496,1.39563403160971e-08,3.98315584844442e-08,0.12451054482793,22.9655951587383,1.85812250777705e-05,2.54616580387396e-07,3.63888677202045e-07,0.0288392595160317,0.840198118053553
wilhelmshaven_DE,2036,0.0302165136658723,2.74079190248832,193.744747475276,26.6152509633037,0.000587949566929021,0.00957767665405925,0.129365286787496,1.39563403160971e-08,3.98315584844442e-08,0.12451054482793,22.9655951587383,1.85812250777705e-05,2.54616580387396e-07,3.63888677202045e-07,0.0288392595160317,0.840198118053553
wilhelmshaven_DE,2037,0.0302165136658723,2.74079190248832,193.744747475276,26.6152509633037,0.000587949566929021,0.00957767665405925,0.129365286787496,1.39563403160971e-08,3.98315584844442e-08,0.12451054482793,22.9655951587383,1.85812250777705e-05,2.54616580387396e-07,3.63888677202045e-07,0.0288392595160317,0.840198118053553
wilhelmshaven_DE,2038,0.0302165136658723,2.74079190248832,193.744747475276,26.6152509633037,0.000587949566929021,0.00957767665405925,0.129365286787496,1.39563403160971e-08,3.98315584844442e-08,0.12451054482793,22.9655951587383,1.85812250777705e-05,2.54616580387396e-07,3.63888677202045e-07,0.0288392595160317,0.840198118053553
wilhelmshaven_DE,2039,0.0302165136658723,2.74079190248832,193.744747475276,26.6152509633037,0.000587949566929021,0.00957767665405925,0.129365286787496,1.39563403160971e-08,3.98315584844442e-08,0.12451054482793,22.9655951587383,1.85812250777705e-05,2.54616580387396e-07,3.63888677202045e-07,0.0288392595160317,0.840198118053553
wilhelmshaven_DE,2040,0.0302165136658723,2.74079190248832,193.744747475276,26.6152509633037,0.000587949566929021,0.00957767665405925,0.129365286787496,1.39563403160971e-08,3.98315584844442e-08,0.12451054482793,22.9655951587383,1.85812250777705e-05,2.54616580387396e-07,3.63888677202045e-07,0.0288392595160317,0.840198118053553
wilhelmshaven_DE,2032,0.0302165136658723,2.74079190248832,193.744747475276,26.6152509633037,0.000587949566929021,0.00957767665405925,0.129365286787496,1.39563403160971e-08,3.98315584844442e-08,0.12451054482793,22.9655951587383,1.85812250777705e-05,2.54616580387396e-07,3.63888677202045e-07,0.0288392595160317,0.840198118053553
zeebrugge_BE,2049,0.0302165136658723,2.74079190248832,193.744747475276,26.6152509633037,0.000587949566929021,0.00957767665405925,0.129365286787496,1.39563403160971e-08,3.98315584844442e-08,0.12451054482793,22.9655951587383,1.85812250777705e-05,2.54616580387396e-07,3.63888677202045e-07,0.0288392595160317,0.840198118053553
zeebrugge_BE,2044,0.0302165136658723,2.74079190248832,193.744747475276,26.6152509633037,0.000587949566929021,0.00957767665405925,0.129365286787496,1.39563403160971e-08,3.98315584844442e-08,0.12451054482793,22.9655951587383,1.85812250777705e-05,2.54616580387396e-07,3.63888677202045e-07,0.0288392595160317,0.840198118053553
zeebrugge_BE,2045,0.0302165136658723,2.74079190248832,193.744747475276,26.6152509633037,0.000587949566929021,0.00957767665405925,0.129365286787496,1.39563403160971e-08,3.98315584844442e-08,0.12451054482793,22.9655951587383,1.85812250777705e-05,2.54616580387396e-07,3.63888677202045e-07,0.0288392595160317,0.840198118053553
zeebrugge_BE,2046,0.0302165136658723,2.74079190248832,193.744747475276,26.6152509633037,0.000587949566929021,0.00957767665405925,0.129365286787496,1.39563403160971e-08,3.98315584844442e-08,0.12451054482793,22.9655951587383,1.85812250777705e-05,2.54616580387396e-07,3.63888677202045e-07,0.0288392595160317,0.840198118053553
zeebrugge_BE,2047,0.0302165136658723,2.74079190248832,193.744747475276,26.6152509633037,0.000587949566929021,0.00957767665405925,0.129365286787496,1.39563403160971e-08,3.98315584844442e-08,0.12451054482793,22.9655951587383,1.85812250777705e-05,2.54616580387396e-07,3.63888677202045e-07,0.0288392595160317,0.840198118053553
zeebrugge_BE,2048,0.0302165136658723,2.74079190248832,193.744747475276,26.6152509633037,0.000587949566929021,0.00957767665405925,0.129365286787496,1.39563403160971e-08,3.98315584844442e-08,0.12451054482793,22.9655951587383,1.85812250777705e-05,2.54616580387396e-07,3.63888677202045e-07,0.0288392595160317,0.840198118053553
zeebrugge_BE,2050,0.0302165136658723,2.74079190248832,193.744747475276,26.6152509633037,0.000587949566929021,0.00957767665405925,0.129365286787496,1.39563403160971e-08,3.98315584844442e-08,0.12451054482793,22.9655951587383,1.85812250777705e-05,2.54616580387396e-07,3.63888677202045e-07,0.0288392595160317,0.840198118053553
zeebrugge_BE,2058,0.0302165136658723,2.74079190248832,193.744747475276,26.6152509633037,0.000587949566929021,0.00957767665405925,0.129365286787496,1.39563403160971e-08,3.98315584844442e-08,0.12451054482793,22.9655951587383,1.85812250777705e-05,2.54616580387396e-07,3.63888677202045e-07,0.0288392595160317,0.840198118053553
zeebrugge_BE,2052,0.0302165136658723,2.74079190248832,193.744747475276,26.6152509633037,0.000587949566929021,0.00957767665405925,0.129365286787496,1.39563403160971e-08,3.98315584844442e-08,0.12451054482793,22.9655951587383,1.85812250777705e-05,2.54616580387396e-07,3.63888677202045e-07,0.0288392595160317,0.840198118053553
zeebrugge_BE,2053,0.0302165136658723,2.74079190248832,193.744747475276,26.6152509633037,0.000587949566929021,0.00957767665405925,0.129365286787496,1.39563403160971e-08,3.98315584844442e-08,0.12451054482793,22.9655951587383,1.85812250777705e-05,2.54616580387396e-07,3.63888677202045e-07,0.0288392595160317,0.840198118053553
zeebrugge_BE,2054,0.0302165136658723,2.74079190248832,193.744747475276,26.6152509633037,0.000587949566929021,0.00957767665405925,0.129365286787496,1.39563403160971e-08,3.98315584844442e-08,0.12451054482793,22.9655951587383,1.85812250777705e-05,2.54616580387396e-07,3.63888677202045e-07,0.0288392595160317,0.840198118053553
zeebrugge_BE,2055,0.0302165136658723,2.74079190248832,193.744747475276,26.6152509633037,0.000587949566929021,0.00957767665405925,0.129365286787496,1.39563403160971e-08,3.98315584844442e-08,0.12451054482793,22.9655951587383,1.85812250777705e-05,2.54616580387396e-07,3.63888677202045e-07,0.0288392595160317,0.840198118053553
zeebrugge_BE,2056,0.0302165136658723,2.74079190248832,193.744747475276,26.6152509633037,0.000587949566929021,0.00957767665405925,0.129365286787496,1.39563403160971e-08,3.98315584844442e-08,0.12451054482793,22.9655951587383,1.85812250777705e-05,2.54616580387396e-07,3.63888677202045e-07,0.0288392595160317,0.840198118053553
zeebrugge_BE,2057,0.0302165136658723,2.74079190248832,193.744747475276,26.6152509633037,0.000587949566929021,0.00957767665405925,0.129365286787496,1.39563403160971e-08,3.98315584844442e-08,0.12451054482793,22.9655951587383,1.85812250777705e-05,2.54616580387396e-07,3.63888677202045e-07,0.0288392595160317,0.840198118053553
zeebrugge_BE,2043,0.0302165136658723,2.74079190248832,193.744747475276,26.6152509633037,0.000587949566929021,0.00957767665405925,0.129365286787496,1.39563403160971e-08,3.98315584844442e-08,0.12451054482793,22.9655951587383,1.85812250777705e-05,2.54616580387396e-07,3.63888677202045e-07,0.0288392595160317,0.840198118053553
zeebrugge_BE,2051,0.0302165136658723,2.74079190248832,193.744747475276,26.6152509633037,0.000587949566929021,0.00957767665405925,0.129365286787496,1.39563403160971e-08,3.98315584844442e-08,0.12451054482793,22.9655951587383,1.85812250777705e-05,2.54616580387396e-07,3.63888677202045e-07,0.0288392595160317,0.840198118053553
zeebrugge_BE,2042,0.0302165136658723,2.74079190248832,193.744747475276,26.6152509633037,0.000587949566929021,0.00957767665405925,0.129365286787496,1.39563403160971e-08,3.98315584844442e-08,0.12451054482793,22.9655951587383,1.85812250777705e-05,2.54616580387396e-07,3.63888677202045e-07,0.0288392595160317,0.840198118053553
zeebrugge_BE,2034,0.0302165136658723,2.74079190248832,193.744747475276,26.6152509633037,0.000587949566929021,0.00957767665405925,0.129365286787496,1.39563403160971e-08,3.98315584844442e-08,0.12451054482793,22.9655951587383,1.85812250777705e-05,2.54616580387396e-07,3.63888677202045e-07,0.0288392595160317,0.840198118053553
zeebrugge_BE,2040,0.0302165136658723,2.74079190248832,193.744747475276,26.6152509633037,0.000587949566929021,0.00957767665405925,0.129365286787496,1.39563403160971e-08,3.98315584844442e-08,0.12451054482793,22.9655951587383,1.85812250777705e-05,2.54616580387396e-07,3.63888677202045e-07,0.0288392595160317,0.840198118053553
zeebrugge_BE,2059,0.0302165136658723,2.74079190248832,193.744747475276,26.6152509633037,0.000587949566929021,0.00957767665405925,0.129365286787496,1.39563403160971e-08,3.98315584844442e-08,0.12451054482793,22.9655951587383,1.85812250777705e-05,2.54616580387396e-07,3.63888677202045e-07,0.0288392595160317,0.840198118053553
zeebrugge_BE,2025,0.0302165136658723,2.74079190248832,193.744747475276,26.6152509633037,0.000587949566929021,0.00957767665405925,0.129365286787496,1.39563403160971e-08,3.98315584844442e-08,0.12451054482793,22.9655951587383,1.85812250777705e-05,2.54616580387396e-07,3.63888677202045e-07,0.0288392595160317,0.840198118053553
zeebrugge_BE,2026,0.0302165136658723,2.74079190248832,193.744747475276,26.6152509633037,0.000587949566929021,0.00957767665405925,0.129365286787496,1.39563403160971e-08,3.98315584844442e-08,0.12451054482793,22.9655951587383,1.85812250777705e-05,2.54616580387396e-07,3.63888677202045e-07,0.0288392595160317,0.840198118053553
zeebrugge_BE,2027,0.0302165136658723,2.74079190248832,193.744747475276,26.6152509633037,0.000587949566929021,0.00957767665405925,0.129365286787496,1.39563403160971e-08,3.98315584844442e-08,0.12451054482793,22.9655951587383,1.85812250777705e-05,2.54616580387396e-07,3.63888677202045e-07,0.0288392595160317,0.840198118053553
zeebrugge_BE,2028,0.0302165136658723,2.74079190248832,193.744747475276,26.6152509633037,0.000587949566929021,0.00957767665405925,0.129365286787496,1.39563403160971e-08,3.98315584844442e-08,0.12451054482793,22.9655951587383,1.85812250777705e-05,2.54616580387396e-07,3.63888677202045e-07,0.0288392595160317,0.840198118053553
zeebrugge_BE,2029,0.0302165136658723,2.74079190248832,193.744747475276,26.6152509633037,0.000587949566929021,0.00957767665405925,0.129365286787496,1.39563403160971e-08,3.98315584844442e-08,0.12451054482793,22.9655951587383,1.85812250777705e-05,2.54616580387396e-07,3.63888677202045e-07,0.0288392595160317,0.840198118053553
zeebrugge_BE,2030,0.0302165136658723,2.74079190248832,193.744747475276,26.6152509633037,0.000587949566929021,0.00957767665405925,0.129365286787496,1.39563403160971e-08,3.98315584844442e-08,0.12451054482793,22.9655951587383,1.85812250777705e-05,2.54616580387396e-07,3.63888677202045e-07,0.0288392595160317,0.840198118053553
zeebrugge_BE,2031,0.0302165136658723,2.74079190248832,193.744747475276,26.6152509633037,0.000587949566929021,0.00957767665405925,0.129365286787496,1.39563403160971e-08,3.98315584844442e-08,0.12451054482793,22.9655951587383,1.85812250777705e-05,2.54616580387396e-07,3.63888677202045e-07,0.0288392595160317,0.840198118053553
zeebrugge_BE,2032,0.0302165136658723,2.74079190248832,193.744747475276,26.6152509633037,0.000587949566929021,0.00957767665405925,0.129365286787496,1.39563403160971e-08,3.98315584844442e-08,0.12451054482793,22.9655951587383,1.85812250777705e-05,2.54616580387396e-07,3.63888677202045e-07,0.0288392595160317,0.840198118053553
zeebrugge_BE,2033,0.0302165136658723,2.74079190248832,193.744747475276,26.6152509633037,0.000587949566929021,0.00957767665405925,0.129365286787496,1.39563403160971e-08,3.98315584844442e-08,0.12451054482793,22.9655951587383,1.85812250777705e-05,2.54616580387396e-07,3.63888677202045e-07,0.0288392595160317,0.840198118053553
zeebrugge_BE,2035,0.0302165136658723,2.74079190248832,193.744747475276,26.6152509633037,0.000587949566929021,0.00957767665405925,0.129365286787496,1.39563403160971e-08,3.98315584844442e-08,0.12451054482793,22.9655951587383,1.85812250777705e-05,2.54616580387396e-07,3.63888677202045e-07,0.0288392595160317,0.840198118053553
zeebrugge_BE,2036,0.0302165136658723,2.74079190248832,193.744747475276,26.6152509633037,0.000587949566929021,0.00957767665405925,0.129365286787496,1.39563403160971e-08,3.98315584844442e-08,0.12451054482793,22.9655951587383,1.85812250777705e-05,2.54616580387396e-07,3.63888677202045e-07,0.0288392595160317,0.840198118053553
zeebrugge_BE,2037,0.0302165136658723,2.74079190248832,193.744747475276,26.6152509633037,0.000587949566929021,0.00957767665405925,0.129365286787496,1.39563403160971e-08,3.98315584844442e-08,0.12451054482793,22.9655951587383,1.85812250777705e-05,2.54616580387396e-07,3.63888677202045e-07,0.0288392595160317,0.840198118053553
zeebrugge_BE,2038,0.0302165136658723,2.74079190248832,193.744747475276,26.6152509633037,0.000587949566929021,0.00957767665405925,0.129365286787496,1.39563403160971e-08,3.98315584844442e-08,0.12451054482793,22.9655951587383,1.85812250777705e-05,2.54616580387396e-07,3.63888677202045e-07,0.0288392595160317,0.840198118053553
zeebrugge_BE,2039,0.0302165136658723,2.74079190248832,193.744747475276,26.6152509633037,0.000587949566929021,0.00957767665405925,0.129365286787496,1.39563403160971e-08,3.98315584844442e-08,0.12451054482793,22.9655951587383,1.85812250777705e-05,2.54616580387396e-07,3.63888677202045e-07,0.0288392595160317,0.840198118053553
zeebrugge_BE,2041,0.0302165136658723,2.74079190248832,193.744747475276,26.6152509633037,0.000587949566929021,0.00957767665405925,0.129365286787496,1.39563403160971e-08,3.98315584844442e-08,0.12451054482793,22.9655951587383,1.85812250777705e-05,2.54616580387396e-07,3.63888677202045e-07,0.0288392595160317,0.840198118053553
zeebrugge_BE,2060,0.0302165136658723,2.74079190248832,193.744747475276,26.6152509633037,0.000587949566929021,0.00957767665405925,0.129365286787496,1.39563403160971e-08,3.98315584844442e-08,0.12451054482793,22.9655951587383,1.85812250777705e-05,2.54616580387396e-07,3.63888677202045e-07,0.0288392595160317,0.840198118053553
