run_timestamp,optimization,total_cost,cap|battery|CH|0,cap|battery|CH|1,cap|battery|CH|2,cap|battery|DE|0,cap|battery|DE|1,cap|battery|DE|2,cap|battery|IT|0,cap|battery|IT|1,cap|battery|IT|2,cap|heat_pump|CH|0,cap|heat_pump|CH|1,cap|heat_pump|CH|2,cap|heat_pump|DE|0,cap|heat_pump|DE|1,cap|heat_pump|DE|2,cap|heat_pump|IT|0,cap|heat_pump|IT|1,cap|heat_pump|IT|2,cap|natural_gas_boiler|CH|0,cap|natural_gas_boiler|CH|1,cap|natural_gas_boiler|CH|2,cap|natural_gas_boiler|DE|0,cap|natural_gas_boiler|DE|1,cap|natural_gas_boiler|DE|2,cap|natural_gas_boiler|IT|0,cap|natural_gas_boiler|IT|1,cap|natural_gas_boiler|IT|2,cap|natural_gas_pipeline|CH-DE|0,cap|natural_gas_pipeline|CH-DE|1,cap|natural_gas_pipeline|CH-DE|2,cap|natural_gas_pipeline|CH-IT|0,cap|natural_gas_pipeline|CH-IT|1,cap|natural_gas_pipeline|CH-IT|2,cap|natural_gas_pipeline|DE-CH|0,cap|natural_gas_pipeline|DE-CH|1,cap|natural_gas_pipeline|DE-CH|2,cap|natural_gas_pipeline|IT-CH|0,cap|natural_gas_pipeline|IT-CH|1,cap|natural_gas_pipeline|IT-CH|2,cap|natural_gas_turbine|CH|0,cap|natural_gas_turbine|CH|1,cap|natural_gas_turbine|CH|2,cap|natural_gas_turbine|DE|0,cap|natural_gas_turbine|DE|1,cap|natural_gas_turbine|DE|2,cap|natural_gas_turbine|IT|0,cap|natural_gas_turbine|IT|1,cap|natural_gas_turbine|IT|2,cap|photovoltaics|CH|0,cap|photovoltaics|CH|1,cap|photovoltaics|CH|2,cap|photovoltaics|DE|0,cap|photovoltaics|DE|1,cap|photovoltaics|DE|2,cap|photovoltaics|IT|0,cap|photovoltaics|IT|1,cap|photovoltaics|IT|2,cap|power_line|CH-DE|0,cap|power_line|CH-DE|1,cap|power_line|CH-DE|2,cap|power_line|CH-IT|0,cap|power_line|CH-IT|1,cap|power_line|CH-IT|2,cap|power_line|DE-CH|0,cap|power_line|DE-CH|1,cap|power_line|DE-CH|2,cap|power_line|IT-CH|0,cap|power_line|IT-CH|1,cap|power_line|IT-CH|2,cap|reservoir_hydro|CH|0,cap|reservoir_hydro|CH|1,cap|reservoir_hydro|CH|2,cap|reservoir_hydro|DE|0,cap|reservoir_hydro|DE|1,cap|reservoir_hydro|DE|2,cap|reservoir_hydro|IT|0,cap|reservoir_hydro|IT|1,cap|reservoir_hydro|IT|2,cap|run-of-river_hydro|CH|0,cap|run-of-river_hydro|CH|1,cap|run-of-river_hydro|CH|2,cap|run-of-river_hydro|DE|0,cap|run-of-river_hydro|DE|1,cap|run-of-river_hydro|DE|2,cap|run-of-river_hydro|IT|0,cap|run-of-river_hydro|IT|1,cap|run-of-river_hydro|IT|2,cap|wind_offshore|CH|0,cap|wind_offshore|CH|1,cap|wind_offshore|CH|2,cap|wind_offshore|DE|0,cap|wind_offshore|DE|1,cap|wind_offshore|DE|2,cap|wind_offshore|IT|0,cap|wind_offshore|IT|1,cap|wind_offshore|IT|2,cap|wind_onshore|CH|0,cap|wind_onshore|CH|1,cap|wind_onshore|CH|2,cap|wind_onshore|DE|0,cap|wind_onshore|DE|1,cap|wind_onshore|DE|2,cap|wind_onshore|IT|0,cap|wind_onshore|IT|1,cap|wind_onshore|IT|2,sp|electricity|CH|year_0,sp|electricity|DE|year_0,sp|electricity|IT|year_0,sp|heat|CH|year_0,sp|heat|DE|year_0,sp|heat|IT|year_0,sp|natural_gas|CH|year_0,sp|natural_gas|DE|year_0,sp|natural_gas|IT|year_0,sp|electricity|CH|year_1,sp|electricity|DE|year_1,sp|electricity|IT|year_1,sp|heat|CH|year_1,sp|heat|DE|year_1,sp|heat|IT|year_1,sp|natural_gas|CH|year_1,sp|natural_gas|DE|year_1,sp|natural_gas|IT|year_1,sp|electricity|CH|year_2,sp|electricity|DE|year_2,sp|electricity|IT|year_2,sp|heat|CH|year_2,sp|heat|DE|year_2,sp|heat|IT|year_2,sp|natural_gas|CH|year_2,sp|natural_gas|DE|year_2,sp|natural_gas|IT|year_2
2026-06-11T19:29:58,total_cost,620992.8581577472,1.5389489162622283e-13,4.37056429031019e-12,7.187577447251548e-11,1.6005699802689703e-13,5.2468314279268835e-12,7.30719311120209e-11,7.338778885132772e-13,3.78161126738379e-12,7.256273951600089e-11,1.3638152953667215,9.686756018557682e-11,2.363329909930611e-11,7.5997579077395425,27.090146047093302,37.01739250930265,1.0956288656676299e-13,24.861821920822067,31.53934329543476,7.052866919302822,1.7583977463893137,3.9741261519991813,3.828207315857921e-13,1.342939793281904e-10,5.162324820364744e-12,1.0153939457672891e-13,6.613278448185778,5.196979611651953e-11,8.300721935566229e-13,1.244917885557029e-11,1.1357281809980103e-11,7.149026317086796e-13,1.812588744420997e-11,1.0469990150711666e-11,7.7181629775286e-13,1.8335335127939256e-11,1.1469552296738933e-11,7.012839796700242e-13,1.587393848030391e-11,1.0612875302172705e-11,1.817201962170179e-13,6.208932534813516e-12,1.6084877536269582,7.744857371925374e-14,1.9823936471204108e-11,2.895261578933414e-12,7.443453004854465e-14,3.2924341931431226e-12,6.958022931937768,5.859060984257826e-13,9.206087053141041e-11,1.5809953474810448e-11,1.6304959426019546e-13,1.349023082211774e-11,4.584444390822071e-12,1.546897448856086,6.902438575386505,19.30661302646382,3.696990504108536e-13,1.3586084493383453e-11,6.667111067548686e-12,3.275245006841618e-13,5.784200530079962e-12,5.137564027443246e-12,0.0,0.0,0.0,0.0,0.0,0.0,6.797331017539344e-14,2.83200337468265e-12,1.2015681326558858e-12,0.18949999999994543,0.0,0.0,4.74487365707816,0.7403663428458489,0.0,6.918765722349801e-14,3.3229285639267014e-12,1.0014381537354892e-12,1.9631263881127405,0.233363031740521,0.1514108865122213,3.0336634733874512,2.0373239474478517e-11,2.415297523787001e-09,0.0,0.0,0.0,1.0031028454748729e-13,1.8563452373548548e-12,9.794044544465903e-12,2.4662579982029738e-14,9.792129360305049e-13,-5.987075496881617e-13,1.044757272712344e-13,1.5390492359918536e-12,1.5631832215490023e-12,25.39534469452283,30.826091142864648,22.07707899357865,3.096045330427499e-13,5.063404028026254e-12,7.894452602362944e-12,0.06218330290564979,0.049136499665906073,0.06108934974891666,0.07438325674962622,0.057155255184908986,0.03999292858503087,0.039792963942104846,0.03979296394210496,0.03979296394210494,0.05035575977673265,0.045787241590408624,0.049774482180378,0.06566206698108405,0.05942518039888127,0.06689426730705196,0.03177288844993292,0.03177288844993477,0.03177288844993464,0.06142224186213955,0.052961324041812884,0.06175392510209931,0.06939355961657087,0.06478054593928631,0.07562502807495514,0.03654984029976682,0.036549840299767405,0.03654984029976728
2026-06-11T19:31:37,profitability_bias (bias_weight=0.05),621001.5300320048,1.5389489162622283e-13,6.071485451320815e-12,4.0905370464154946e-11,1.6005699802689703e-13,3.112971396588093e-12,4.4877950131515814e-11,7.338778885132772e-13,3.122182094161905e-12,4.424092347547957e-11,1.3638152953667215,3.2890643327148554e-11,1.1869895031943133e-11,7.5997579077395425,27.09014604717691,37.017392509327436,1.0956288656676299e-13,24.861821920945076,31.539343295457776,7.052866919302822,1.7583977464525065,3.974126151996317,3.828207315857921e-13,2.3547307259738737e-11,2.757731515978826e-12,1.0153939457672891e-13,6.6132784480687725,2.4662196505521805e-11,8.300721935566229e-13,1.0311867774365796e-11,7.286739207110433e-12,7.149026317086796e-13,7.85658066691012e-12,6.778129153627157e-12,7.7181629775286e-13,8.246627448229092e-12,7.37850817482437e-12,7.012839796700242e-13,7.017299060208437e-12,6.836101695105555e-12,1.817201962170179e-13,6.657330651707284e-13,1.6084877535966973,7.744857371925374e-14,1.8852946894883263e-12,6.287710184482295e-13,7.443453004854465e-14,1.112223513164258e-12,4.829845146210115,5.859060984257826e-13,2.3534507676004068e-11,5.364153565778906e-12,1.6304959426019546e-13,3.154809746774845e-12,2.1671553440683056e-12,1.546897448856086,6.902438575610642,29.428829601080952,3.696990504108536e-13,1.879138436182505e-11,3.530783394296801e-12,3.275245006841618e-13,4.7983189737492346e-12,3.327576332403794e-12,0.0,0.0,0.0,0.0,0.0,0.0,6.797331017539344e-14,1.0933476346508542e-12,7.229772336359019e-13,0.18949999999994543,0.0,0.0,4.74487365707816,0.7403663429008711,0.0,6.918765722349801e-14,1.013855666087693e-12,6.09734485124136e-13,1.9631263881127405,0.23336303174298179,0.15141088651054746,3.0336634733874512,5.491163079796024e-12,2.7232965265816658,0.0,0.0,0.0,1.0031028454748729e-13,8.277822871605167e-13,1.4352963262354024e-12,2.4662579982029738e-14,3.7824842656733533e-13,-1.493127402103412e-13,1.044757272712344e-13,2.9209412666375556e-12,8.962344755225615e-13,25.39534469452283,30.8260911434827,22.07707899298866,3.096045330427499e-13,2.156497203031904e-12,3.5207392556912964e-12,0.06218330290564979,0.049136499665906073,0.06108934974891666,0.07438325674962622,0.057155255184908986,0.03999292858503087,0.039792963942104846,0.03979296394210496,0.03979296394210494,0.05038120986506226,0.04586134351889308,0.04980064716747143,0.06678670811641864,0.060432940332509406,0.06924196412327595,0.031772888449934485,0.03177288844993498,0.031772888449934936,0.06292777345617204,0.05296132404183613,0.06275905795764106,0.07085684387863209,0.0643517985100682,0.07923276363354431,0.036549840299764304,0.036549840299767156,0.036549840299766365
2026-06-11T19:33:18,profitability_bias (bias_weight=0.1),621048.9258851412,1.5389489162622283e-13,3.3115885588709373e-12,1.0970857817581373e-11,1.6005699802689703e-13,2.622937471785245e-12,1.237083771258995e-11,7.338778885132772e-13,9.181896975721973e-12,6.026968081917257e-12,1.3638152953667215,2.008786405021079e-11,3.991695122222755e-12,7.5997579077395425,27.090146047209224,37.01739250930306,1.0956288656676299e-13,24.861821920960182,31.53934329547961,7.052866919302822,1.7583977464648015,3.9741261520063844,3.828207315857921e-13,1.6602048256604544e-11,1.083473710357285e-12,1.0153939457672891e-13,6.6132784480516245,4.499821819302386e-12,8.300721935566229e-13,1.0667036113441911e-11,3.8238578575327835e-12,7.149026317086796e-13,8.714905658478741e-12,3.308427871510201e-12,7.7181629775286e-13,9.342106626973424e-12,4.058905878169346e-12,7.012839796700242e-13,8.350521878908855e-12,3.6742530480601255e-12,1.817201962170179e-13,7.844323460002963e-13,1.3431088748614473,7.744857371925374e-14,7.115573432835493e-13,1.9474087741949568e-13,7.443453004854465e-14,9.895898180928031e-13,0.841536536214691,5.859060984257826e-13,1.5085266369396777e-11,3.622879773956811e-12,1.6304959426019546e-13,2.4442670110147446e-12,7.105427357601002e-13,1.546897448856086,6.902438575505521,65.71100930268673,3.696990504108536e-13,7.066767613117316e-12,1.1957950727267588e-12,3.275245006841618e-13,4.494161909712168e-12,1.7235102395156056e-12,0.0,0.0,0.0,0.0,0.0,0.0,6.797331017539344e-14,9.9298347322474e-13,3.2862601528904634e-13,0.18949999999994543,0.0,0.0,4.74487365707816,0.740366342906972,0.0,6.918765722349801e-14,9.561240688071848e-13,3.019806626980426e-13,1.9631263881127405,0.2333630317432127,0.15141088651064605,3.0336634733874512,5.128342195348523e-12,2.723296526603661,0.0,0.0,0.0,1.0031028454748729e-13,1.084465850453853e-12,4.556355293061642e-13,2.4662579982029738e-14,3.193029357591463e-13,-2.2203375301323705e-13,1.044757272712344e-13,1.8702123183444996e-12,2.7918639622370733e-13,25.39534469452283,30.826091143423398,22.07707899305177,3.096045330427499e-13,2.929212428171013e-12,1.5338841308221163e-12,0.06218330290564979,0.049136499665906073,0.06108934974891666,0.07438325674962622,0.057155255184908986,0.03999292858503087,0.039792963942104846,0.03979296394210496,0.03979296394210494,0.05040665995340061,0.045935445447377085,0.049826812154564096,0.06913308074029301,0.06063254682407481,0.07003855370107971,0.031772888449934276,0.031772888449934936,0.0317728884499349,0.06452938560497072,0.05296132404267568,0.06403340742924668,0.07036190772298886,0.06480864262908878,0.07992332034338208,0.03654984029976037,0.036549840299766295,0.03654984029976464
2026-06-11T19:34:58,profitability_bias (bias_weight=0.2),621048.9258884484,1.5389489162622283e-13,7.647077038157249e-14,8.936683435088828e-10,1.6005699802689703e-13,8.051351180358067e-14,8.814985009798738e-10,7.338778885132772e-13,5.809823259417351e-13,9.086024115765957e-10,1.3638152953667215,8.695203071116027e-13,6.388253958105033e-10,7.5997579077395425,27.090146047224156,37.01739250945301,1.0956288656676299e-13,24.861821920984536,31.539343295487292,7.052866919302822,1.7583977464830742,3.9741261515230812,3.828207315857921e-13,7.162466659611055e-13,3.216732339242712e-11,1.0153939457672891e-13,6.61327844802513,1.224096295945448e-10,8.300721935566229e-13,4.538772755419286e-13,1.2245600615034966e-10,7.149026317086796e-13,2.9909530226132683e-13,1.145048638089033e-10,7.7181629775286e-13,3.2230327309874866e-13,1.2721594559344903e-10,7.012839796700242e-13,2.7809794390593235e-13,1.17311938485824e-10,1.817201962170179e-13,2.460047395503759e-14,1.3431088746471525,7.744857371925374e-14,9.191759682744436e-14,9.391174850341203e-12,7.443453004854465e-14,4.274033371013441e-14,0.8415365363103481,5.859060984257826e-13,9.938716516444401e-13,8.602674128610488e-11,1.6304959426019546e-13,9.947598300641403e-14,3.360156597409514e-11,1.546897448856086,6.90243857547614,65.71100930694953,3.696990504108536e-13,1.7180768300854405e-13,6.221544479544529e-11,3.275245006841618e-13,1.5823732694993889e-13,5.760923898441747e-11,0.0,0.0,0.0,0.0,0.0,0.0,6.797331017539344e-14,3.9968028886505635e-14,1.1295853141746193e-11,0.18949999999994543,0.0,0.0,4.74487365707816,0.7403663429214786,0.0,6.918765722349801e-14,4.884981308350689e-14,9.445777493510832e-12,1.9631263881127405,0.2333630317441524,0.15141088650193524,3.0336634733874512,2.55351295663786e-13,2.723296526519145,0.0,0.0,0.0,1.0031028454748729e-13,3.197442310920451e-14,2.0481394358284888e-11,2.4662579982029738e-14,-9.517133623364087e-15,4.1816066032025296e-12,1.044757272712344e-13,1.3704315460216776e-13,1.4433190753670999e-11,25.39534469452283,30.826091143767528,22.07707899257295,3.096045330427499e-13,1.438849039914203e-13,6.17408346670345e-11,0.06218330290564979,0.049136499665906073,0.06108934974891666,0.07438325674962622,0.057155255184908986,0.03999292858503087,0.039792963942104846,0.03979296394210496,0.03979296394210494,0.05045756013007203,0.04608364930434539,0.04987914212874991,0.07225985179599347,0.06117043751737519,0.07212379996985206,0.03177288844993494,0.031772888449935026,0.031772888449935026,0.06770531599491146,0.05296132405854359,0.06661154322550208,0.07330299164149116,0.06431690081566659,0.07963374567419582,0.03654984029711567,0.03654984029913082,0.036549840298689636
2026-06-11T19:36:39,profitability_bias (bias_weight=0.3),621096.0695245907,1.5389489162622283e-13,7.109123176751239e-10,-6.699586737436153e-10,1.6005699802689703e-13,4.2848716207313216e-10,-3.8934471189841245e-10,7.338778885132772e-13,9.458612102764823e-10,-9.041108737267295e-10,1.3638152953667215,2.709777432298804e-09,3.974126151882053,7.5997579077395425,27.090146045789332,37.01739250942582,1.0956288656676299e-13,24.861821918054105,31.539343295363725,7.052866919302822,1.7583977438678382,3.380489515377605e-11,3.828207315857921e-13,1.312745440048449e-09,1.040294977270237e-12,1.0153939457672891e-13,6.613278451072795,2.8115694460421823e-12,8.300721935566229e-13,1.2986984104746286e-09,4.7110567600143235e-12,7.149026317086796e-13,1.2184932474716615e-09,4.356456316331904e-12,7.7181629775286e-13,1.3121365524163558e-09,4.802490735445291e-12,7.012839796700242e-13,1.2328824464911422e-09,4.446414308977683e-12,1.817201962170179e-13,8.15071821251718e-11,0.7312029757910745,7.744857371925374e-14,9.01428415471522e-11,3.130576392390164e-13,7.443453004854465e-14,9.84706410157906e-11,1.756997091061413,5.859060984257826e-13,1.9210069091002424e-09,3.1881164375135995e-12,1.6304959426019546e-13,5.668994162988383e-10,1.1439738045737613e-12,1.546897448856086,6.902438556401549,72.16463333359394,3.696990504108536e-13,1.580560381411053e-09,2.629455369452921e-12,3.275245006841618e-13,5.869840855258703e-10,2.151574166198674e-12,0.0,0.0,0.0,0.0,0.0,0.0,6.797331017539344e-14,1.1016432210908533e-10,3.765876499528531e-13,0.18949999999994543,0.0,0.0,4.74487365707816,0.7403663420062436,6.810116914834907e-10,6.918765722349801e-14,1.0585177179223138e-10,3.375077994860476e-13,1.9631263881127405,0.2333630316398705,0.1514108866138777,3.0336634733874512,8.575322674175823e-10,2.7232965257529163,0.0,0.0,0.0,1.0031028454748729e-13,1.5116263796244311e-10,7.069900220812997e-13,2.4662579982029738e-14,4.200850533579574e-11,-4.188069429761954e-11,1.044757272712344e-13,2.786180314240383e-10,4.688818777687231e-13,25.39534469452283,25.121982471021056,27.781187665446822,3.096045330427499e-13,2.5705126915909204e-10,3.0730973321624333e-12,0.06218330290564979,0.049136499665906073,0.06108934974891666,0.07438325674962622,0.057155255184908986,0.03999292858503087,0.039792963942104846,0.03979296394210496,0.03979296394210494,0.050508460307153155,0.04634149751156117,0.049931472102900415,0.07504184816829054,0.06337591583229121,0.07604516745478881,0.03177288844985331,0.03177288844992493,0.03177288844991987,0.07080997054927302,0.05296132404714246,0.06901599977104603,0.0749174270478198,0.06346434635463362,0.07918354190171184,0.03654984029801093,0.036549840299577925,0.03654984029921859
2026-06-11T19:38:20,profitability_bias (bias_weight=0.5),621096.0694978324,1.5389489162622283e-13,9.08425892771254e-12,-8.104364996116184e-12,1.6005699802689703e-13,8.514894304092178e-12,-7.653867412051424e-12,7.338778885132772e-13,1.7763152484900906e-11,-1.677003249441593e-11,1.3638152953667215,1.296147538750473e-10,3.9741261520035813,7.5997579077395425,27.090146047190416,37.01739250929877,1.0956288656676299e-13,24.861821920813398,31.539343295482404,7.052866919302822,1.758397746358881,1.5760047809175385e-13,3.828207315857921e-13,3.725050404264586e-11,1.8187733430339755e-14,1.0153939457672891e-13,6.613278448196853,4.747119064003085e-14,8.300721935566229e-13,4.6090101713194115e-11,1.0561341470056957e-13,7.149026317086796e-13,3.874108402889135e-11,9.824440891329061e-14,7.7181629775286e-13,4.128717460818302e-11,1.0545696882166971e-13,7.012839796700242e-13,3.424365471155654e-11,9.807017110039475e-14,1.817201962170179e-13,1.3649606440561564e-12,0.7312029754251899,7.744857371925374e-14,2.2456564336261596e-12,4.708623221435315e-15,7.443453004854465e-14,3.3455871121931395e-12,1.7569970916123436,5.859060984257826e-13,5.1241677567759325e-11,6.52811138479592e-14,1.6304959426019546e-13,9.173106718662893e-12,2.1316282072803006e-14,1.546897448856086,6.902438575440421,72.16463331585632,3.696990504108536e-13,5.453467073109653e-11,5.376606399066968e-14,3.275245006841618e-13,1.9826972257338355e-11,4.752905557056029e-14,0.0,0.0,0.0,0.0,0.0,0.0,6.797331017539344e-14,3.588240815588506e-12,7.993605777301127e-15,0.18949999999994543,0.0,0.0,4.74487365707816,0.7403663428971115,0.0,6.918765722349801e-14,4.118483332149481e-12,6.661338147750939e-15,1.9631263881127405,0.2333630317401605,0.15141088651385193,3.0336634733874512,4.048583690519081e-11,2.7232965265720304,0.0,0.0,0.0,1.0031028454748729e-13,2.815525590449397e-12,1.3322676295501878e-14,2.4662579982029738e-14,1.6127538009996911e-12,-1.6340320739218878e-12,1.044757272712344e-13,5.1570275827472756e-12,1.071365218763276e-14,25.39534469452283,25.12198233583365,27.781187800643323,3.096045330427499e-13,3.156408467930305e-11,4.707345624410664e-14,0.06218330290564979,0.049136499665906073,0.06108934974891666,0.07438325674962622,0.057155255184908986,0.03999292858503087,0.039792963942104846,0.03979296394210496,0.03979296394210494,0.05061026066012721,0.04694151030863086,0.05003613205130379,0.07756707426430574,0.06908768679031654,0.08661802864617026,0.03177288844992869,0.03177288844993425,0.03177288844993386,0.07612221652973941,0.052961324041807464,0.07332833243729162,0.07485591727415483,0.06019867739994095,0.07461198653489472,0.03654984029976751,0.036549840299767634,0.03654984029976761
2026-06-11T19:40:01,profitability_bias (bias_weight=0.7),621096.0694938604,1.5389489162622283e-13,1.3199080917656102e-12,2.7180103846184135e-11,1.6005699802689703e-13,6.752814628881386e-13,2.2564303510793053e-11,7.338778885132772e-13,1.4656162199951785e-12,2.91087130775163e-11,1.3638152953667215,5.9239277227580155e-12,3.9741261520160434,7.5997579077395425,27.090146047222156,37.017392509318334,1.0956288656676299e-13,24.861821920981782,31.539343295491324,7.052866919302822,1.7583977464782399,2.609074120533275e-12,3.828207315857921e-13,1.2668304955434635e-12,2.784618224697681e-13,1.0153939457672891e-13,6.613278448027705,4.399525036875243e-12,8.300721935566229e-13,2.6559210244539898e-12,2.370516855769859e-12,7.149026317086796e-13,2.317010254485164e-12,2.375833103450258e-12,7.7181629775286e-13,2.4468402236097645e-12,2.1284580085304318e-12,7.012839796700242e-13,2.1698791100368786e-12,2.0638074240527162e-12,1.817201962170179e-13,9.535245966937796e-14,0.7312029754541801,7.744857371925374e-14,1.8887866855134982e-13,4.856854246262762e-13,7.443453004854465e-14,1.2695634875579402e-13,1.7569970915821744,5.859060984257826e-13,1.3624656958199921e-12,3.1162628033598594e-11,1.6304959426019546e-13,5.968558980384842e-13,1.7266188478970435e-12,1.546897448856086,6.902438575481842,72.16463331607059,3.696990504108536e-13,1.8333601720191897e-11,6.2924926292022474e-12,3.275245006841618e-13,1.1158628911050592e-12,9.441622349389478e-13,0.0,0.0,0.0,0.0,0.0,0.0,6.797331017539344e-14,1.8829382497642655e-13,3.1885605267234496e-13,0.18949999999994543,0.0,0.0,4.74487365707816,0.7403663429209866,0.0,6.918765722349801e-14,1.5054624213917123e-13,1.652011860642233e-13,1.9631263881127405,0.2333630317440436,0.1514108865097028,3.0336634733874512,3.7410075037769275e-12,2.7232965266078293,0.0,0.0,0.0,1.0031028454748729e-13,1.9184653865522705e-13,2.1316282072803006e-13,2.4662579982029738e-14,5.6627966119136905e-14,1.664249201075717e-14,1.044757272712344e-13,1.5482060078397808e-13,1.309369279667294e-13,25.39534469452283,25.121982334324045,27.781187802122858,3.096045330427499e-13,5.986322548778844e-13,2.157385381451604e-12,0.06218330290564979,0.049136499665906073,0.06108934974891666,0.07438325674962622,0.057155255184908986,0.03999292858503087,0.039792963942104846,0.03979296394210496,0.03979296394210494,0.050712061013451985,0.04754152310571851,0.05014079199967696,0.08143134917300025,0.07756723071230684,0.10057345014198495,0.03177288844993363,0.03177288844993486,0.03177288844993478,0.08084141091506873,0.05296132404216762,0.07715924245905681,0.07316045637588763,0.05636025068817763,0.06752227207628081,0.03654984029975939,0.0365498402997664,0.03654984029976469
2026-06-11T19:41:41,profitability_bias (bias_weight=1.0),621239.9692660042,1.5389489162622283e-13,1.0415343084418234e-11,-9.070566008228251e-12,1.6005699802689703e-13,1.1839715947815734e-12,6.04563094437179e-14,7.338778885132772e-13,1.3935023713287184e-11,-1.2589517989957029e-11,1.3638152953667215,5.5019701306834715e-11,3.9741261520052293,7.5997579077395425,27.090146047228696,37.01739250928445,1.0956288656676299e-13,24.861821920922257,31.539343295485853,7.052866919302822,1.7583977464313783,5.690539258132933e-13,3.828207315857921e-13,1.3523201340869188e-11,1.9100515057277446e-14,1.0153939457672891e-13,6.613278448084679,2.9651229297733e-14,8.300721935566229e-13,1.7644468717190288e-11,1.6894386681551295e-13,7.149026317086796e-13,1.0276977429246845e-11,1.5456654767339834e-13,7.7181629775286e-13,1.0532844302242747e-11,1.6310187292979695e-13,7.012839796700242e-13,7.370783658917753e-12,1.5262659937447241e-13,1.817201962170179e-13,1.5131679917905704e-13,0.7312029754104311,7.744857371925374e-14,1.5326016292226767e-12,3.185944892346514e-15,7.443453004854465e-14,7.867922664796393e-13,1.7569970916358109,5.859060984257826e-13,2.7394531088020813e-11,1.1945999744966684e-13,1.6304959426019546e-13,2.5508484213787597e-12,2.1316282072803006e-14,1.546897448856086,6.902438574589496,72.1646333167715,3.696990504108536e-13,1.3698586734189386,8.243740784362495e-14,3.275245006841618e-13,5.977706088571858e-12,7.67625472302675e-14,0.0,0.0,0.0,0.0,0.0,0.0,6.797331017539344e-14,1.4193091146808001e-12,9.769962616701378e-15,0.18949999999994543,0.0,0.0,4.74487365707816,0.7403663429163236,0.0,6.918765722349801e-14,1.375344282905644e-12,8.881784197001252e-15,1.9631263881127405,0.23336303174314033,0.15141088651087165,3.0336634733874512,2.9274316304395143e-10,2.723296526319782,0.0,0.0,0.0,1.0031028454748729e-13,5.03597163969971e-13,1.5987211554602254e-14,2.4662579982029738e-14,5.858143076180705e-13,-6.054015062865366e-13,1.044757272712344e-13,5.115616263928757e-12,1.3482270855291745e-14,25.39534469452283,15.593211985125222,37.309958151351836,3.096045330427499e-13,1.0526690630285884e-11,6.394884621840902e-14,0.06218330290564979,0.049136499665906073,0.06108934974891666,0.07438325674962622,0.057155255184908986,0.03999292858503087,0.039792963942104846,0.03979296394210496,0.03979296394210494,0.05146743656123866,0.04844262788658094,0.050297781922233845,0.09070378927932468,0.08273556453720826,0.1150980816319354,0.031772888449934325,0.03177288844993495,0.031772888449934915,0.0927179698730837,0.05296132404180686,0.08252767827532292,0.07131865634389391,0.047710480421300286,0.0508154988445332,0.0365498402997676,0.036549840299767634,0.036549840299767634
2026-06-11T19:43:22,profitability_bias (bias_weight=1.5),628670.0397992523,1.5389489162622283e-13,7.242465217105585e-12,-7.021638200520769e-12,1.6005699802689703e-13,4.854806399203797e-12,-4.622765431712611e-12,7.338778885132772e-13,3.9219862590599224e-12,-3.7131899974086974e-12,1.3638152953667215,1.5866119057421e-11,1.1133626701437211,7.5997579077395425,27.090146047223758,45.61294869923156,1.0956288656676299e-13,24.86182192096881,120.35675565760425,7.052866919302822,1.7583977464719227,2.860763481860697,3.828207315857921e-13,3.663750051660978e-12,8.849888551285409e-15,1.0153939457672891e-13,6.613278448042815,1.0628165529175862e-13,8.300721935566229e-13,1.266577652158251e-11,9.004314094203069e-14,7.149026317086796e-13,1.1647749245248264e-11,7.782271452519535e-14,7.7181629775286e-13,1.2463327537239004e-11,9.191449913760275e-14,7.012839796700242e-13,1.1434714716571538e-11,8.32671275848476e-14,1.817201962170179e-13,2.47238108452166e-13,2.4318537868661274e-15,7.744857371925374e-14,6.535836082232871e-13,4.169966784535276e-16,7.443453004854465e-14,3.7055736706261136e-13,2.228083677807814,5.859060984257826e-13,5.843325823207124e-12,1.1546319456101628e-14,1.6304959426019546e-13,1.5560885913146194e-12,0.0,1.546897448856086,3.418398823742468,74.83244616816964,3.696990504108536e-13,1.369858673526323,3.3028350549456886e-14,3.275245006841618e-13,2.969431200172193e-12,3.2391440700874945e-14,0.0,0.0,0.0,0.0,0.0,0.0,6.797331017539344e-14,6.830092047493963e-13,2.6645352591003757e-15,0.18949999999994543,0.0,0.0,4.74487365707816,0.7403663429198604,0.0,6.918765722349801e-14,5.559996907322784e-13,3.552713678800501e-15,1.9631263881127405,0.23336303174379758,0.15141088651021883,3.0336634733874512,2.723296526598936,0.0,0.0,0.0,0.0,1.0031028454748729e-13,7.762679388179095e-13,1.7763568394002505e-15,2.4662579982029738e-14,3.0875532441275015e-13,-3.3107848831669997e-13,1.044757272712344e-13,6.964429033473607e-13,7.41073868937292e-15,25.39534469452283,15.593211984172711,37.309958152304446,3.096045330427499e-13,2.4353852268177434e-12,3.9968028886505635e-14,0.06218330290564979,0.049136499665906073,0.06108934974891666,0.07438325674962622,0.057155255184908986,0.03999292858503087,0.039792963942104846,0.03979296394210496,0.03979296394210494,0.051721937444750815,0.049942659879285485,0.05055943179313643,0.1010999849528845,0.09357402880995716,0.1309236160760253,0.03177288844989946,0.03177288844993062,0.03177288844992819,0.09719674560847413,0.05729738943669833,0.08829764432952482,0.061048009978375624,0.0367335078389625,0.02913424434672781,0.03654984029976757,0.03654984029976763,0.036356066098032394
2026-06-11T19:45:02,profitability_bias (bias_weight=2.0),638910.2124924988,1.5389489162622283e-13,4.8415952058818e-12,-3.936679173875773e-12,1.6005699802689703e-13,7.135482105807237e-13,1.1715252711071199e-13,7.338778885132772e-13,2.365512270618013e-12,-1.3676727880307682e-12,1.3638152953667215,9.646120836920943e-12,1.1133626701465589,7.5997579077395425,27.09014604722361,37.017392509302674,1.0956288656676299e-13,24.86182192097406,128.95231184752404,7.052866919302822,1.758397746474428,2.8607634818616465,3.828207315857921e-13,3.868427728146692e-13,1.839342468553505e-14,1.0153939457672891e-13,6.613278448035668,175.48921429399334,8.300721935566229e-13,2.58593522771437e-12,1.297854637142968e-13,7.149026317086796e-13,2.8285272951896942e-12,1.250652660315048e-13,7.7181629775286e-13,2.7738251094033348e-12,1.3491772777203462e-13,7.012839796700242e-13,2.1238060897886147e-12,1.252921776456767e-13,1.817201962170179e-13,1.9936911412209786e-14,4.926726632933505e-16,7.744857371925374e-14,9.16262474796783e-13,2.5638899772168127e-15,7.443453004854465e-14,1.6935972742709599e-13,5.112950333199268e-15,5.859060984257826e-13,1.2652101588628284e-12,1.6431300764452317e-14,1.6304959426019546e-13,1.3713474800169934e-12,1.4210854715202004e-14,1.546897448856086,3.4183988234589116,74.83244616742157,3.696990504108536e-13,1.3698586735322824,6.467609081693376e-14,3.275245006841618e-13,8.807253763792773e-13,6.039693425414839e-14,0.0,0.0,0.0,0.0,0.0,0.0,6.797331017539344e-14,3.5349501104064984e-13,6.217248937900877e-15,0.18949999999994543,0.0,0.0,4.74487365707816,0.7403663429210718,0.0,6.918765722349801e-14,3.5926817076870066e-13,5.329070518200751e-15,1.9631263881127405,0.23336303174394324,0.15141088651007095,3.0336634733874512,2.723296526608823,0.0,0.0,0.0,0.0,1.0031028454748729e-13,1.7763568394002505e-13,9.769962616701378e-15,2.4662579982029738e-14,1.7781316974947618e-13,-1.9861506119510872e-13,1.044757272712344e-13,7.610578833805448e-14,7.820133429703446e-15,25.39534469452283,15.593211984121993,37.30995815235514,3.096045330427499e-13,2.3661073100811336e-12,2.220446049250313e-14,0.06218330290564979,0.049136499665906073,0.06108934974891666,0.07438325674962622,0.057155255184908986,0.03999292858503087,0.039792963942104846,0.03979296394210496,0.03979296394210494,0.05197643832798283,0.05144269187202583,0.05082108166408933,0.11417555547033463,0.10194780632543855,0.15032672121092247,0.03177288844993497,0.031772888449935026,0.031772888449935026,0.08098110677491865,0.05296132404180688,0.07406513162908757,0.06527828657646313,0.042450808751399574,0.024526457196197487,0.036549840299767634,0.03654984029976765,0.03636400174567255
2026-06-11T19:46:43,profitability_bias (bias_weight=5.0),639000.0838866776,1.5389489162622283e-13,3.934384534701957e-13,1.8405800764504898e-11,1.6005699802689703e-13,3.2925174976518187e-13,2.0647060734277858e-11,7.338778885132772e-13,2.958422763783588e-13,1.733918318144396e-11,1.3638152953667215,2.1521642266844136e-12,1.113362670152535,7.5997579077395425,27.09014604722355,37.01739250930462,1.0956288656676299e-13,24.86182192098446,128.9523118475249,7.052866919302822,1.7583977464817857,2.860763481856448,3.828207315857921e-13,6.523247298959072e-13,4.492021197703792e-13,1.0153939457672891e-13,6.613278448025163,175.48921429399087,8.300721935566229e-13,2.6627187903470744e-12,1.4163021735529307e-12,7.149026317086796e-13,1.492146271052653e-12,2.380584093590065e-12,7.7181629775286e-13,1.6294322706516633e-12,2.9284515677606972e-12,7.012839796700242e-13,1.3038409907749773e-12,2.578675077735186e-12,1.817201962170179e-13,2.630371193978919e-14,1.321715486028198e-12,7.744857371925374e-14,1.4966566386414567e-14,2.0536154376743542e-13,7.443453004854465e-14,2.1089078287138677e-14,0.03935951521932373,5.859060984257826e-13,1.603162047558726e-13,1.6688872506165353e-12,1.6304959426019546e-13,5.684341886080802e-14,2.5579538487363607e-13,1.546897448856086,4.1673331452329876e-12,65.97091324167964,3.696990504108536e-13,1.3698586735358131,9.30307919502081e-13,3.275245006841618e-13,1.5538172577776043e-13,6.437041131929265e-13,0.0,0.0,0.0,0.0,0.0,0.0,6.797331017539344e-14,3.375077994860476e-14,1.4033219031261979e-13,0.18949999999994543,0.0,0.0,4.74487365707816,0.7403663429217016,0.0,6.918765722349801e-14,2.886579864025407e-14,9.992007221626409e-14,1.9631263881127405,0.2333630317441573,0.15141088650982626,3.0336634733874512,2.7232965266121085,0.0,0.0,0.0,0.0,1.0031028454748729e-13,5.240252676230739e-14,3.419486915845482e-13,2.4662579982029738e-14,4.013873087543066e-15,1.7819901852286135e-14,1.044757272712344e-13,2.1382895454280515e-13,1.108696467966297e-13,25.39534469452283,15.593211984033388,37.309958152443116,3.096045330427499e-13,1.1013412404281553e-13,7.824851877558103e-13,0.06218330290564979,0.049136499665906073,0.06108934974891666,0.07438325674962622,0.057155255184908986,0.03999292858503087,0.039792963942104846,0.03979296394210496,0.03979296394210494,0.05211523969288519,0.060442883828359564,0.05096378199082277,0.19125096643041933,0.170338038920055,0.27702029476596746,0.031772888449935026,0.03177288844993504,0.03177288844993504,0.08820937232395293,0.06018296833576837,0.08130109474690672,0.08864239506085887,0.0705147185988444,0.026767137701621566,0.036549840299767294,0.0365498402997676,0.036334116994012775
2026-06-11T19:48:24,profitability_bias (bias_weight=10.0),639000.0838868051,1.5389489162622283e-13,2.477301529838638e-12,2.0611175934342695e-10,1.6005699802689703e-13,1.7804615298743883e-12,1.9459571768927496e-10,7.338778885132772e-13,1.86117021395383e-12,2.1516458386770117e-10,1.3638152953667215,3.160600509838766e-12,1.1133627275970086,7.5997579077395425,27.090146047224767,37.017392509301025,1.0956288656676299e-13,24.861821920982496,128.95231179008343,7.052866919302822,1.7583977464807468,2.8607634244217346,3.828207315857921e-13,1.426096655096354e-13,3.3542199770703917e-12,1.0153939457672891e-13,6.613278448026895,175.48921435142339,8.300721935566229e-13,3.467185764246963e-12,2.433204028431552e-11,7.149026317086796e-13,2.5916567333434796e-12,2.259818461642885e-11,7.7181629775286e-13,2.672328466390761e-12,2.4300068083269222e-11,7.012839796700242e-13,2.454495804462282e-12,2.2588726721488422e-11,1.817201962170179e-13,2.85302214287604e-14,1.4707246911931589e-08,7.744857371925374e-14,4.437472163803845e-14,4.859717797154148e-12,7.443453004854465e-14,1.6701422438717578e-14,0.03935950225409391,5.859060984257826e-13,7.696066006701585e-13,1.857847209407737e-11,1.6304959426019546e-13,6.394884621840902e-14,3.844036200462142e-12,1.546897448856086,1.8189894035458565e-12,65.97091324162203,3.696990504108536e-13,1.3698586735360816,1.181504275077886e-11,3.275245006841618e-13,7.937579359026669e-14,1.0968354641644714e-11,0.0,0.0,0.0,0.0,0.0,0.0,6.797331017539344e-14,3.907985046680551e-14,2.1440627051561023e-12,0.18949999999994543,0.0,0.0,4.74487365707816,0.7403663429217513,0.0,6.918765722349801e-14,2.708944180085382e-14,1.6697754290362354e-12,1.9631263881127405,0.23336303174417283,0.15141088650941237,3.0336634733874512,2.723296526612303,0.0,0.0,0.0,0.0,1.0031028454748729e-13,9.592326932761353e-14,2.0971668845959357e-11,2.4662579982029738e-14,7.242206355493051e-15,8.976304111388289e-13,1.044757272712344e-13,1.2159717677207027e-13,2.0758464391867903e-12,25.39534469452283,15.59321198404956,37.30995815242308,3.096045330427499e-13,9.769962616701378e-14,9.384493182551523e-12,0.06218330290564979,0.049136499665906073,0.06108934974891666,0.07438325674962622,0.057155255184908986,0.03999292858503087,0.039792963942104846,0.03979296394210496,0.03979296394210494,0.05211523969288545,0.07544320375558228,0.050963781990821605,0.32405653613750546,0.26697028009392487,0.4453009059246587,0.03177288844993473,0.031772888449935,0.03177288844993498,0.08861627708194013,0.058255827000237244,0.07937013234155485,0.13479983500060969,0.11519826279062097,0.026169197973781505,0.03654984029923803,0.0365498402996017,0.03636777592736592
2026-06-11T19:50:06,profitability_bias (bias_weight=50),639991.9943567475,1.5389489162622283e-13,3.6869218463026664e-11,1.0478511016663607e-09,1.6005699802689703e-13,2.764145084582587e-11,1.013830446001679e-09,7.338778885132772e-13,3.2625131959349736e-11,1.115478902337304e-09,1.3638152953667215,4.488882295018763e-11,3.9741261518756423,7.5997579077395425,27.09014604723499,37.017392509296506,1.0956288656676299e-13,24.861821920930463,126.09154836580805,7.052866919302822,1.7583977464405893,1.5585962582707846e-10,3.828207315857921e-13,6.669193987368148e-13,1.4565991652997185e-11,1.0153939457672891e-13,6.613278448078579,178.34997777570868,8.300721935566229e-13,1.1093206068405965e-10,1.4603515114949583e-10,7.149026317086796e-13,6.050100649800115e-11,1.358274467877043e-10,7.7181629775286e-13,6.059983756186816e-11,1.4611665940312197e-10,7.012839796700242e-13,5.477439887318203e-11,1.358107239499165e-10,1.817201962170179e-13,2.1556600260739044e-13,1.969254424763563e-12,7.744857371925374e-14,2.811137570541037e-13,10.445027507289911,7.443453004854465e-14,7.392780876162547e-14,1.593851371939011e-12,5.859060984257826e-13,5.9685589803848416e-12,8.520879340451852,1.6304959426019546e-13,2.8421709430404007e-13,2.729905190790305e-11,1.546897448856086,1.1372236485840403e-11,57.450033900993944,3.696990504108536e-13,1.3698586735349847,8.11179079140106e-11,3.275245006841618e-13,4.398291524998098e-13,6.587002333738406e-11,0.0,0.0,0.0,0.0,0.0,0.0,6.797331017539344e-14,2.0161650127192843e-13,1.2526868431450566e-11,0.18949999999994543,0.0,0.0,4.74487365707816,0.7403663429212193,0.0,6.918765722349801e-14,1.2789769243681803e-13,1.021627227260069e-11,1.9631263881127405,0.2333630317440729,0.15141088650900913,3.0336634733874512,2.72329652661109,0.0,0.0,0.0,0.0,1.0031028454748729e-13,7.229772336359019e-13,5.699384268622242,2.4662579982029738e-14,1.517481384368064e-13,6.1198685796297095e-12,1.044757272712344e-13,1.5792922525292852e-13,1.4274831316996028e-11,25.39534469452283,15.593211984093031,37.309958152375884,3.096045330427499e-13,1.319833131674386e-12,5.2235549219403765e-11,0.06218330290564979,0.049136499665906073,0.06108934974891666,0.07438325674962622,0.057155255184908986,0.03999292858503087,0.039792963942104846,0.03979296394210496,0.03979296394210494,0.0521152396928903,0.1954457631733623,0.050963781990800996,1.207092503299225,1.3632630842483706,2.474949309894822,0.03177288844992929,0.031772888449934325,0.03177288844993395,0.09755891102126893,0.052913568860598566,0.07406513163004302,0.5138021201971402,0.46270502166005,0.024526457196647995,0.036549840298828934,0.03654984029960568,0.03634452970986265
2026-06-11T19:51:46,profitability_bias (bias_weight=100),641297.1913519332,1.5389489162622283e-13,1.612174255704925e-11,-1.6071988267609084e-11,1.6005699802689703e-13,1.955217611537783e-11,0.2323999384526693,7.338778885132772e-13,1.478789230190543e-11,-1.473501679387777e-11,1.3638152953667215,5.054769797116061e-12,3.974126152007627,7.5997579077395425,27.09014604722564,37.01739250930043,1.0956288656676299e-13,24.861821920980642,126.09154836567559,7.052866919302822,1.7583977464795042,9.105034663143585e-16,3.828207315857921e-13,3.460115799024582e-13,4.899797639414152e-16,1.0153939457672891e-13,6.613278448029378,178.34997777585215,8.300721935566229e-13,6.106575522613938e-11,6.596704596525396e-15,7.149026317086796e-13,5.695252641752527e-11,6.086805625364015e-15,7.7181629775286e-13,6.124510451754587e-11,6.546569698821853e-15,7.012839796700242e-13,5.716292646280668e-11,6.084040372643552e-15,1.817201962170179e-13,8.443517183568242e-14,3.37532347890142e-17,7.744857371925374e-14,5.1843329031379685e-14,10.424516884665863,7.443453004854465e-14,3.6099555891003426e-14,3.094185120530615e-17,5.859060984257826e-13,5.049294315995212e-13,8.520879339423342,1.6304959426019546e-13,1.5631940186722204e-13,0.0,1.546897448856086,1.950439809661475e-12,57.42952327962841,3.696990504108536e-13,1.3698586735360143,3.655167310766489e-15,3.275245006841618e-13,1.497312916276731e-13,2.950052026419871e-15,0.0,0.0,0.0,0.0,0.0,0.0,6.797331017539344e-14,7.549516567451064e-14,8.881784197001252e-16,0.18949999999994543,0.0,0.0,4.74487365707816,0.7403663429216998,0.0,6.918765722349801e-14,5.773159728050814e-14,4.440892098500626e-16,1.9631263881127405,0.23336303174415862,0.15141088650985912,3.0336634733874512,2.7232965266122373,0.0,0.0,0.0,0.0,1.0031028454748729e-13,2.0694557179012918e-13,5.67887364600524,2.4662579982029738e-14,6.008283884279737e-14,-8.446229917252164e-14,1.044757272712344e-13,9.395262345890387e-14,7.563394355258879e-16,25.39534469452283,14.56768085266171,38.33548928381546,3.096045330427499e-13,3.6770586575585185e-13,2.6645352591003757e-15,0.06218330290564979,0.049136499665906073,0.06108934974891666,0.07438325674962622,0.057155255184908986,0.03999292858503087,0.039792963942104846,0.03979296394210496,0.03979296394210494,0.052115239692942024,0.34544896244555523,0.05096378199058336,2.5755165476031157,2.3036578868246167,4.1337640996831775,0.03177288844987171,0.031772888449927185,0.03177288844992309,0.09749532494877561,0.0529135688613343,0.07406513162908762,0.9387098592480474,0.8777012398259055,0.024526457196197508,0.036549840299767634,0.036549840299767634,0.036360477638816814
2026-06-12T11:35:04,total_cost,620992.8581577472,1.5389489162622283e-13,4.37056429031019e-12,7.187577447251548e-11,1.6005699802689703e-13,5.2468314279268835e-12,7.30719311120209e-11,7.338778885132772e-13,3.78161126738379e-12,7.256273951600089e-11,1.3638152953667215,9.686756018557682e-11,2.363329909930611e-11,7.5997579077395425,27.090146047093302,37.01739250930265,1.0956288656676299e-13,24.861821920822067,31.53934329543476,7.052866919302822,1.7583977463893137,3.9741261519991813,3.828207315857921e-13,1.342939793281904e-10,5.162324820364744e-12,1.0153939457672891e-13,6.613278448185778,5.196979611651953e-11,8.300721935566229e-13,1.244917885557029e-11,1.1357281809980103e-11,7.149026317086796e-13,1.812588744420997e-11,1.0469990150711666e-11,7.7181629775286e-13,1.8335335127939256e-11,1.1469552296738933e-11,7.012839796700242e-13,1.587393848030391e-11,1.0612875302172705e-11,1.817201962170179e-13,6.208932534813516e-12,1.6084877536269582,7.744857371925374e-14,1.9823936471204108e-11,2.895261578933414e-12,7.443453004854465e-14,3.2924341931431226e-12,6.958022931937768,5.859060984257826e-13,9.206087053141041e-11,1.5809953474810448e-11,1.6304959426019546e-13,1.349023082211774e-11,4.584444390822071e-12,1.546897448856086,6.902438575386505,19.30661302646382,3.696990504108536e-13,1.3586084493383453e-11,6.667111067548686e-12,3.275245006841618e-13,5.784200530079962e-12,5.137564027443246e-12,0.0,0.0,0.0,0.0,0.0,0.0,6.797331017539344e-14,2.83200337468265e-12,1.2015681326558858e-12,0.18949999999994543,0.0,0.0,4.74487365707816,0.7403663428458489,0.0,6.918765722349801e-14,3.3229285639267014e-12,1.0014381537354892e-12,1.9631263881127405,0.233363031740521,0.1514108865122213,3.0336634733874512,2.0373239474478517e-11,2.415297523787001e-09,0.0,0.0,0.0,1.0031028454748729e-13,1.8563452373548548e-12,9.794044544465903e-12,2.4662579982029738e-14,9.792129360305049e-13,-5.987075496881617e-13,1.044757272712344e-13,1.5390492359918536e-12,1.5631832215490023e-12,25.39534469452283,30.826091142864648,22.07707899357865,3.096045330427499e-13,5.063404028026254e-12,7.894452602362944e-12,0.06218330290564979,0.049136499665906073,0.06108934974891666,0.07438325674962622,0.057155255184908986,0.03999292858503087,0.039792963942104846,0.03979296394210496,0.03979296394210494,0.05035575977673265,0.045787241590408624,0.049774482180378,0.06566206698108405,0.05942518039888127,0.06689426730705196,0.03177288844993292,0.03177288844993477,0.03177288844993464,0.06142224186213955,0.052961324041812884,0.06175392510209931,0.06939355961657087,0.06478054593928631,0.07562502807495514,0.03654984029976682,0.036549840299767405,0.03654984029976728
2026-06-12T11:36:46,profitability_bias (bias_weight=0.05),620993.4748641469,1.5389489162622283e-13,2.6264086519503768e-14,1.1176297018997128e-12,1.6005699802689703e-13,3.4286559347042934e-14,1.1202851957014313e-12,7.338778885132772e-13,9.310356025691484e-14,1.0439296886872978e-12,1.3638152953667215,3.973802189597983e-13,3.6370133070842956e-13,7.5997579077395425,27.09014604722414,37.01739250930146,1.0956288656676299e-13,24.86182192098616,31.539343295482134,7.052866919302822,1.7583977464835268,3.9741261520080045,3.828207315857921e-13,4.671624890123148e-13,8.059384363535297e-14,1.0153939457672891e-13,6.613278448023839,7.739044712731005e-13,8.300721935566229e-13,1.0545314893348487e-13,1.9450573130639601e-13,7.149026317086796e-13,9.756273511653073e-14,1.795292102332442e-13,7.7181629775286e-13,1.0262567151666289e-13,1.942288562579081e-13,7.012839796700242e-13,9.011795408853255e-14,1.8029724294624227e-13,1.817201962170179e-13,1.0801116023735586e-13,1.6084877535793007,7.744857371925374e-14,7.605074224943914e-14,1.7581022723800594e-14,7.443453004854465e-14,1.5909403434325508e-14,5.913565693525705,5.859060984257826e-13,3.9124259387790516e-13,1.3455903058456897e-13,1.6304959426019546e-13,5.684341886080802e-14,6.394884621840902e-14,1.546897448856086,6.902438575476243,20.20131658720005,3.696990504108536e-13,4.0754159423137485e-14,9.521215308132321e-14,3.275245006841618e-13,4.62242902572868e-14,8.752857166413478e-14,0.0,0.0,0.0,0.0,0.0,0.0,6.797331017539344e-14,1.509903313490213e-14,2.042810365310288e-14,0.18949999999994543,0.0,0.0,4.74487365707816,0.7403663429215523,0.0,6.918765722349801e-14,1.509903313490213e-14,1.687538997430238e-14,1.9631263881127405,0.23336303174417816,0.15141088650982626,3.0336634733874512,8.837375276016246e-14,2.723296526610323,0.0,0.0,0.0,1.0031028454748729e-13,1.1546319456101628e-14,4.085620730620576e-14,2.4662579982029738e-14,-1.8979775203665942e-14,-1.7701468740549884e-14,1.044757272712344e-13,2.4480417692984702e-14,2.4022450695326825e-14,25.39534469452283,30.82609114385552,22.07707899262151,3.096045330427499e-13,1.9539925233402755e-14,9.414691248821327e-14,0.06218330290564979,0.049136499665906073,0.06108934974891666,0.07438325674962622,0.057155255184908986,0.03999292858503087,0.039792963942104846,0.03979296394210496,0.03979296394210494,0.050371020451669295,0.04583167544181913,0.0497901715311476,0.06678178909864588,0.059443819011050385,0.06727884777961018,0.03177288844993504,0.03177288844993504,0.03177288844993504,0.061877801345932036,0.052961324041806916,0.06210321994554902,0.06994675077535907,0.0643830114100286,0.07605875584340768,0.03654984029976763,0.03654984029976765,0.03654984029976764
2026-06-12T11:38:27,profitability_bias (bias_weight=0.1),620993.4748855009,1.5389489162622283e-13,1.4860259124156212e-13,3.86314130050879e-09,1.6005699802689703e-13,2.227342880119423e-13,3.965462429606361e-09,7.338778885132772e-13,1.0225974810494748e-12,3.897113822676778e-09,1.3638152953667215,5.524170152966527e-12,8.187737078882376e-10,7.5997579077395425,27.09014604722183,37.017392509453494,1.0956288656676299e-13,24.861821920973824,31.53934329284291,7.052866919302822,1.7583977464785154,3.974126151301268,3.828207315857921e-13,4.1513057046779955e-12,1.9810503885566865e-10,1.0153939457672891e-13,6.613278448036281,2.9776291288665022e-09,8.300721935566229e-13,1.4988205183682422e-12,4.82275273377423e-10,7.149026317086796e-13,1.0513728337682375e-12,4.458864648827492e-10,7.7181629775286e-13,1.1308784951126121e-12,4.5631648677617007e-10,7.012839796700242e-13,8.866455857043006e-13,4.2990372194484437e-10,1.817201962170179e-13,2.3401828291952046e-12,1.608487754321098,7.744857371925374e-14,5.441234504539008e-14,5.5464546173683186e-11,7.443453004854465e-14,2.0431218232465975e-13,5.913565671165623,5.859060984257826e-13,7.462475082320452e-12,8.529350559172144e-10,1.6304959426019546e-13,1.7763568394002505e-13,2.5409008230781183e-10,1.546897448856086,6.902438575123625,20.20131678707387,3.696990504108536e-13,4.268980254763633e-12,3.9707747609537295e-10,3.275245006841618e-13,7.083727735192456e-13,2.0292492508262027e-10,0.0,0.0,0.0,0.0,0.0,0.0,6.797331017539344e-14,1.3500311979441904e-13,5.2952309204101766e-11,0.18949999999994543,0.0,0.0,4.74487365707816,0.7403663429189482,0.0,6.918765722349801e-14,1.949551631241775e-13,4.0607517348689726e-11,1.9631263881127405,0.233363031743949,0.151410886458609,3.0336634733874512,5.466738173254271e-13,2.7232965228307826,0.0,0.0,0.0,1.0031028454748729e-13,9.059419880941277e-14,9.700418246438858e-11,2.4662579982029738e-14,2.8933896020456793e-14,1.819788694586508e-11,1.044757272712344e-13,6.511180483670387e-13,5.668311653383995e-11,25.39534469452283,30.826091143742957,22.077078991446243,3.096045330427499e-13,4.4586556668946287e-13,2.2969359747548879e-10,0.06218330290564979,0.049136499665906073,0.06108934974891666,0.07438325674962622,0.057155255184908986,0.03999292858503087,0.039792963942104846,0.03979296394210496,0.03979296394210494,0.050386281126616805,0.045876109293229064,0.04980586088191627,0.06853100080224758,0.06093722325303167,0.07033508274957759,0.03177288844993496,0.031772888449935026,0.031772888449935026,0.06243556973744716,0.05296132409693161,0.06245193514900664,0.07030973931338572,0.06506529006104901,0.07688720675023455,0.03654984029792219,0.03654984029949859,0.03654984029923526
2026-06-12T11:40:09,profitability_bias (bias_weight=0.2),621042.6150817189,1.5389489162622283e-13,8.2879522923654e-11,3.850856536911954e-10,1.6005699802689703e-13,8.481398418519129e-11,4.010016251019946e-10,7.338778885132772e-13,4.957767550456126e-10,-1.3489968732079558e-11,1.3638152953667215,6.573016558673998e-10,1.27359667053101e-10,7.5997579077395425,27.09014604598908,37.01739250997646,1.0956288656676299e-13,24.86182191957205,31.53934329637908,7.052866919302822,1.7583977458588018,3.9741261519024462,3.828207315857921e-13,5.872463373974744e-10,2.8622171346771332e-11,1.0153939457672891e-13,6.61327844836428,2.1682778512528532e-10,8.300721935566229e-13,3.5872026879690374e-10,8.569731733602901e-11,7.149026317086796e-13,2.928486055347285e-10,8.353433415475355e-11,7.7181629775286e-13,3.120745101561959e-10,9.759078030183163e-11,7.012839796700242e-13,2.7788351356812407e-10,8.955015017721564e-11,1.817201962170179e-13,2.6349726812896497e-11,1.6084877536617612,7.744857371925374e-14,3.2931843018048597e-11,6.915653680198018e-12,7.443453004854465e-14,3.30560815737039e-11,0.8957187118185741,5.859060984257826e-13,6.183258349778953e-10,7.956479919357662e-11,1.6304959426019546e-13,1.2420997563822311e-10,3.496580802675453e-11,1.546897448856086,6.90243857895226,62.92658228258267,3.696990504108536e-13,1.5407363758034474e-10,4.0255164124717445e-11,3.275245006841618e-13,1.4959465611961902e-10,4.433558105904595e-11,0.0,0.0,0.0,0.0,0.0,0.0,6.797331017539344e-14,3.33431060539624e-11,8.498091119690798e-12,0.18949999999994543,0.0,0.0,4.74487365707816,0.7403663424573477,2.361648654414239e-10,6.918765722349801e-14,3.135891546435232e-11,7.621014930236925e-12,1.9631263881127405,0.23336303171007966,0.15141088653843715,3.0336634733874512,1.8781332045136878e-10,2.7232965262297673,0.0,0.0,0.0,1.0031028454748729e-13,3.489653011001792e-11,1.758770906690188e-11,2.4662579982029738e-14,1.2924493209552044e-11,-9.882114980503659e-12,1.044757272712344e-13,1.6321584361822516e-10,9.435334458185451e-12,25.39534469452283,30.826091124294123,22.07707901211687,3.096045330427499e-13,6.225953086413938e-11,5.062972263658594e-11,0.06218330290564979,0.049136499665906073,0.06108934974891666,0.07438325674962622,0.057155255184908986,0.03999292858503087,0.039792963942104846,0.03979296394210496,0.03979296394210494,0.050416802476746146,0.04596497699603663,0.049837239583433404,0.06841713665173216,0.06298652499608973,0.07241036694061684,0.03177288844988777,0.03177288844992898,0.03177288844992627,0.06354804371328472,0.05296132404471324,0.06323678517684728,0.0709645180696101,0.06467648779334817,0.07827508021907195,0.036549840299537645,0.036549840299688434,0.03654984029966877
2026-06-12T11:41:51,profitability_bias (bias_weight=0.3),621048.9259089923,1.5389489162622283e-13,5.0963314355388165e-12,3.2243438840703577e-09,1.6005699802689703e-13,5.851270495338284e-12,3.287283886028801e-09,7.338778885132772e-13,6.321484307018339e-12,3.284573447609753e-09,1.3638152953667215,2.3501185270047715e-11,9.421717370129108e-10,7.5997579077395425,27.090146047210578,37.01739250960796,1.0956288656676299e-13,24.861821920957677,31.539343294984153,7.052866919302822,1.7583977464653906,3.974126151498927,3.828207315857921e-13,1.9500316747078738e-11,1.7654426584391922e-10,1.0153939457672891e-13,6.61327844805155,9.697072529518853e-10,8.300721935566229e-13,1.7581184763960162e-11,5.475408933876392e-10,7.149026317086796e-13,1.5200140617667583e-11,5.053282531298748e-10,7.7181629775286e-13,1.6356534714366727e-11,5.471175818784103e-10,7.012839796700242e-13,1.4965068148312053e-11,5.077547541273772e-10,1.817201962170179e-13,1.1483337024822389e-12,1.3431088774615103,7.744857371925374e-14,1.1722355449518887e-12,4.308634310814134e-11,7.443453004854465e-14,1.3321609256386468e-12,0.8415365348741286,5.859060984257826e-13,1.5548451415270392e-11,4.0598102657440904e-10,1.6304959426019546e-13,6.394884621840902e-12,2.764224404927518e-10,1.546897448856086,6.902438575501588,65.71100930148734,3.696990504108536e-13,7.632129301903167e-12,2.7082148662432366e-10,3.275245006841618e-13,7.579271642863998e-12,2.463538267524382e-10,0.0,0.0,0.0,0.0,0.0,0.0,6.797331017539344e-14,1.5187850976872141e-12,5.32072164105557e-11,0.18949999999994543,0.0,0.0,4.74487365707816,0.7403663429060883,0.0,6.918765722349801e-14,1.2958523143424827e-12,4.391020880234464e-11,1.9631263881127405,0.2333630317429014,0.15141088647567713,3.0336634733874512,9.696687897076117e-12,2.7232965258050044,0.0,0.0,0.0,1.0031028454748729e-13,1.9024781749976682e-12,1.0037481956715055e-10,2.4662579982029738e-14,5.32488227123021e-13,1.8508835615912062e-11,1.044757272712344e-13,2.1036505870597466e-12,6.580205130779504e-11,25.39534469452283,30.826091142713338,22.077078993307936,3.096045330427499e-13,3.33422178755427e-12,2.566276080528951e-10,0.06218330290564979,0.049136499665906073,0.06108934974891666,0.07438325674962622,0.057155255184908986,0.03999292858503087,0.039792963942104846,0.03979296394210496,0.03979296394210494,0.05044732382645294,0.04605384469886638,0.04986861828498695,0.07099232983210271,0.0628890812839967,0.07378228173081346,0.031772888449925415,0.03177288844993381,0.031772888449933256,0.0646635968487321,0.05296132405019063,0.06414234657633666,0.07082592409408466,0.06447008920553009,0.07770388807875098,0.0365498402985313,0.03654984029949642,0.03654984029926493
2026-06-12T11:43:33,profitability_bias (bias_weight=0.5),621056.1105722842,1.5389489162622283e-13,3.1533651209231086e-12,2.3310311990854065e-10,1.6005699802689703e-13,3.2488609212796276e-12,2.2683361161149795e-10,7.338778885132772e-13,9.848681348652056e-12,2.2606598031330418e-10,1.3638152953667215,3.956093754943292e-11,1.2022620935605184e-10,7.5997579077395425,27.090146047200115,37.0173925093096,1.0956288656676299e-13,24.861821920950543,31.53934329545597,7.052866919302822,1.7583977464453067,3.9741261518932305,3.828207315857921e-13,1.7214971397262787e-11,9.741785236050442e-12,1.0153939457672891e-13,6.613278448056798,3.963103077484459e-11,8.300721935566229e-13,1.9277416776411102e-11,3.535707385160845e-11,7.149026317086796e-13,1.2615221394828493e-11,3.249528077820205e-11,7.7181629775286e-13,1.3849903155020736e-11,3.56870740340024e-11,7.012839796700242e-13,1.1761741537923435e-11,3.304583471822062e-11,1.817201962170179e-13,8.515465860582735e-13,1.3431088748326723,7.744857371925374e-14,7.006532053030591e-13,2.3914449273035855e-12,7.443453004854465e-14,1.4164564155877913e-12,0.841536536209753,5.859060984257826e-13,2.985167668612121e-11,2.382405384082631e-11,1.6304959426019546e-13,2.6361135496699717e-11,3.002043058586423e-11,1.546897448856086,6.902438575562673,65.71100930367398,3.696990504108536e-13,7.194453003856692e-12,1.8275515096580832e-11,3.275245006841618e-13,7.205688599006143e-12,1.586455135817086e-11,0.0,0.0,0.0,0.0,0.0,0.0,6.797331017539344e-14,1.312727704316785e-12,3.2160940577341535e-12,0.18949999999994543,0.0,0.0,4.74487365707816,0.740366342910491,0.0,6.918765722349801e-14,1.5045742429720121e-12,2.729372283738485e-12,1.9631263881127405,0.2333630317428561,0.15141088650903045,3.0336634733874512,1.0761169733086717e-11,2.7232965265731184,0.0,0.0,0.0,1.0031028454748729e-13,1.5516476992161188e-12,6.1595173406203685e-12,2.4662579982029738e-14,5.228405598474534e-13,6.434324526867859e-13,1.044757272712344e-13,4.131500697113211e-12,3.699221484687598e-12,25.39534469452283,25.121982335280137,27.781187801165387,3.096045330427499e-13,2.254196829198918e-12,1.582289854695773e-11,0.06218330290564979,0.049136499665906073,0.06108934974891666,0.07438325674962622,0.057155255184908986,0.03999292858503087,0.039792963942104846,0.03979296394210496,0.03979296394210494,0.050508366526228345,0.04634094476756985,0.04993137568806287,0.07254315524094636,0.06551786088942557,0.07975366702382018,0.03177288844992807,0.031772888449934186,0.03177288844993374,0.06689465257161267,0.05296132404190974,0.0659534693796234,0.07243466350625093,0.06414081590314145,0.07761988570835844,0.03654984029974875,0.036549840299763936,0.03654984029976002
2026-06-12T12:14:35,total_cost,620992.8581577472,1.5389489162622283e-13,4.37056429031019e-12,7.187577447251548e-11,1.6005699802689703e-13,5.2468314279268835e-12,7.30719311120209e-11,7.338778885132772e-13,3.78161126738379e-12,7.256273951600089e-11,1.3638152953667215,9.686756018557682e-11,2.363329909930611e-11,7.5997579077395425,27.090146047093302,37.01739250930265,1.0956288656676299e-13,24.861821920822067,31.53934329543476,7.052866919302822,1.7583977463893137,3.9741261519991813,3.828207315857921e-13,1.342939793281904e-10,5.162324820364744e-12,1.0153939457672891e-13,6.613278448185778,5.196979611651953e-11,8.300721935566229e-13,1.244917885557029e-11,1.1357281809980103e-11,7.149026317086796e-13,1.812588744420997e-11,1.0469990150711666e-11,7.7181629775286e-13,1.8335335127939256e-11,1.1469552296738933e-11,7.012839796700242e-13,1.587393848030391e-11,1.0612875302172705e-11,1.817201962170179e-13,6.208932534813516e-12,1.6084877536269582,7.744857371925374e-14,1.9823936471204108e-11,2.895261578933414e-12,7.443453004854465e-14,3.2924341931431226e-12,6.958022931937768,5.859060984257826e-13,9.206087053141041e-11,1.5809953474810448e-11,1.6304959426019546e-13,1.349023082211774e-11,4.584444390822071e-12,1.546897448856086,6.902438575386505,19.30661302646382,3.696990504108536e-13,1.3586084493383453e-11,6.667111067548686e-12,3.275245006841618e-13,5.784200530079962e-12,5.137564027443246e-12,0.0,0.0,0.0,0.0,0.0,0.0,6.797331017539344e-14,2.83200337468265e-12,1.2015681326558858e-12,0.18949999999994543,0.0,0.0,4.74487365707816,0.7403663428458489,0.0,6.918765722349801e-14,3.3229285639267014e-12,1.0014381537354892e-12,1.9631263881127405,0.233363031740521,0.1514108865122213,3.0336634733874512,2.0373239474478517e-11,2.415297523787001e-09,0.0,0.0,0.0,1.0031028454748729e-13,1.8563452373548548e-12,9.794044544465903e-12,2.4662579982029738e-14,9.792129360305049e-13,-5.987075496881617e-13,1.044757272712344e-13,1.5390492359918536e-12,1.5631832215490023e-12,25.39534469452283,30.826091142864648,22.07707899357865,3.096045330427499e-13,5.063404028026254e-12,7.894452602362944e-12,0.06218330290564979,0.049136499665906073,0.06108934974891666,0.07438325674962622,0.057155255184908986,0.03999292858503087,0.039792963942104846,0.03979296394210496,0.03979296394210494,0.05035575977673265,0.045787241590408624,0.049774482180378,0.06566206698108405,0.05942518039888127,0.06689426730705196,0.03177288844993292,0.03177288844993477,0.03177288844993464,0.06142224186213955,0.052961324041812884,0.06175392510209931,0.06939355961657087,0.06478054593928631,0.07562502807495514,0.03654984029976682,0.036549840299767405,0.03654984029976728
2026-06-12T12:16:18,profitability_bias (bias_weight=0.05),621001.5300368645,1.5389489162622283e-13,3.508676926448298e-11,6.688129578030008e-11,1.6005699802689703e-13,1.714811144195314e-11,9.030001441007944e-11,7.338778885132772e-13,1.5436227418831772e-11,9.083839517247523e-11,1.3638152953667215,1.855141825193061e-10,2.6918057625924618e-11,7.5997579077395425,27.090146047107634,37.01739250930955,1.0956288656676299e-13,24.861821920689675,31.539343295525768,7.052866919302822,1.75839774630208,3.9741261519974307,3.828207315857921e-13,1.2554200450422594e-10,5.648458011931237e-12,1.0153939457672891e-13,6.61327844823642,5.584727841715469e-11,8.300721935566229e-13,6.134491185552475e-11,1.592352252006981e-11,7.149026317086796e-13,4.68809022074868e-11,1.4798298665781018e-11,7.7181629775286e-13,4.930191914353001e-11,1.5909327666291378e-11,7.012839796700242e-13,4.239137533566483e-11,1.4788825257711802e-11,1.817201962170179e-13,4.895498967226889e-12,1.6084877536299031,7.744857371925374e-14,1.1882916542227025e-11,1.4296909150319319e-12,7.443453004854465e-14,6.5808647827690926e-12,4.829845146277795,5.859060984257826e-13,1.3886625183090473e-10,1.1088907569956064e-11,1.6304959426019546e-13,1.865174681370263e-11,4.924061158817494e-12,1.546897448856086,6.902438575864224,29.42882960013629,3.696990504108536e-13,1.072624439934395e-10,8.014776202420693e-12,3.275245006841618e-13,2.848011281304507e-11,7.170256182449579e-12,0.0,0.0,0.0,0.0,0.0,0.0,6.797331017539344e-14,6.509459637982218e-12,1.63158375698913e-12,0.18949999999994543,0.0,0.0,4.74487365707816,0.7403663427982652,6.24433837970173e-11,6.918765722349801e-14,5.976552586162143e-12,1.340261235327489e-12,1.9631263881127405,0.2333630317371984,0.15141088651571,3.0336634733874512,3.269384762916161e-11,2.7232965265220828,0.0,0.0,0.0,1.0031028454748729e-13,5.134559444286424e-12,3.2649438708176604e-12,2.4662579982029738e-14,2.3642938784931773e-12,-1.8219413965042465e-12,1.044757272712344e-13,1.601511978588377e-11,1.9294427167082517e-12,25.39534469452283,30.826091141693837,22.07707899477036,3.096045330427499e-13,1.2294165685489133e-11,7.786660205510998e-12,0.06218330290564979,0.049136499665906073,0.06108934974891666,0.07438325674962622,0.057155255184908986,0.03999292858503087,0.039792963942104846,0.03979296394210496,0.03979296394210494,0.0503812098650911,0.04586134351889157,0.049800647167468945,0.06698122697422686,0.06032936929383947,0.06882939175184878,0.03177288844992869,0.03177288844993423,0.03177288844993386,0.06292777529593259,0.052961324042142446,0.0627590579579198,0.07026779720665999,0.06438216236421193,0.07941598032067203,0.036549840299725585,0.03654984029975755,0.03654984029974993
2026-06-12T12:18:00,profitability_bias (bias_weight=0.1),621048.9258927369,1.5389489162622283e-13,6.8399042579410005e-12,1.3474584916041254e-09,1.6005699802689703e-13,1.0478873918943005e-12,1.3517099057343047e-09,7.338778885132772e-13,3.997480151892511e-12,1.3642678376310662e-09,1.3638152953667215,2.242179870868472e-11,2.618843597903014e-10,7.5997579077395425,27.090146047208485,37.01739250954433,1.0956288656676299e-13,24.861821920943203,31.53934329524009,7.052866919302822,1.7583977464617582,3.974126151963412,3.828207315857921e-13,9.858603064593374e-12,6.319941445590761e-11,1.0153939457672891e-13,6.613278448066804,4.038515726108307e-10,8.300721935566229e-13,6.254267911564393e-12,2.1328720593524403e-10,7.149026317086796e-13,4.834955835950025e-12,1.9220355034299785e-10,7.7181629775286e-13,4.895806766666807e-12,1.8099936502013478e-10,7.012839796700242e-13,4.033784724148711e-12,1.7374852417793655e-10,1.817201962170179e-13,2.055245898665999e-12,1.343108876147383,7.744857371925374e-14,3.3646214253911475e-13,1.7410811636803684e-11,7.443453004854465e-14,6.493476150853013e-13,0.8415365356224318,5.859060984257826e-13,1.3719692049107834e-11,1.4179546425907574e-10,1.6304959426019546e-13,1.5063505998114124e-12,6.208722425071755e-11,1.546897448856086,6.902438575295612,65.71100930018534,3.696990504108536e-13,2.7310807173707817e-12,6.98742206577105e-11,3.275245006841618e-13,2.6238727368319638e-12,8.106308622899689e-11,0.0,0.0,0.0,0.0,0.0,0.0,6.797331017539344e-14,6.084022174945858e-13,2.1004531447488262e-11,0.18949999999994543,0.0,0.0,4.74487365707816,0.7403663429080893,0.0,6.918765722349801e-14,6.985523270941485e-13,1.730482424022739e-11,1.9631263881127405,0.23336303174338546,0.1514108864963406,3.0336634733874512,1.7683632336229493e-12,2.7232965262725126,0.0,0.0,0.0,1.0031028454748729e-13,4.32542890393961e-13,4.047695512099381e-11,2.4662579982029738e-14,1.874857263373425e-13,7.295672397060322e-12,1.044757272712344e-13,2.2827573165074e-12,2.48700504634769e-11,25.39534469452283,30.82609114347416,22.077078992824624,3.096045330427499e-13,1.5116796703296131e-12,1.0308021103355713e-10,0.06218330290564979,0.049136499665906073,0.06108934974891666,0.07438325674962622,0.057155255184908986,0.03999292858503087,0.039792963942104846,0.03979296394210496,0.03979296394210494,0.050406659953398276,0.04593544544737719,0.04982681215456429,0.06893115852370223,0.05884905147139343,0.06861887606972489,0.03177288844993475,0.031772888449935005,0.031772888449934984,0.06452938094210231,0.052961324042476665,0.06403340742908858,0.07048711623463842,0.06304180223556413,0.07964371140991418,0.03654984029971122,0.036549840299755526,0.036549840299744826
2026-06-12T12:19:41,profitability_bias (bias_weight=0.2),621048.9259191527,1.5389489162622283e-13,9.888514501505803e-12,5.462983483040391e-09,1.6005699802689703e-13,6.076233558145558e-12,5.242634331773214e-09,7.338778885132772e-13,2.8979986208928566e-11,5.377128527945516e-09,1.3638152953667215,5.872444316259188e-11,3.917845078592734e-09,7.5997579077395425,27.090146047198626,37.01739250930568,1.0956288656676299e-13,24.86182192088863,31.539343295183038,7.052866919302822,1.7583977464292273,3.974126148114649,3.828207315857921e-13,2.657758805787338e-11,1.9056465569043173e-10,1.0153939457672891e-13,6.613278448122853,8.139697972199481e-10,8.300721935566229e-13,3.096803261863924e-11,8.540075601658311e-10,7.149026317086796e-13,2.195572363944323e-11,7.906985232162013e-10,7.7181629775286e-13,2.3599828864726465e-11,8.563200760135758e-10,7.012839796700242e-13,2.0701440273441348e-11,7.947583627858762e-10,1.817201962170179e-13,3.344849074692003e-12,1.343108873471854,7.744857371925374e-14,6.124765960210214e-12,5.3378713066672484e-11,7.443453004854465e-14,2.6493326595174415e-12,0.8415365369822899,5.859060984257826e-13,5.7346571935568136e-11,5.622222687406975e-10,1.6304959426019546e-13,5.6488147492927965e-12,2.0582291426762822e-10,1.546897448856086,6.902438575541268,65.71100932944103,3.696990504108536e-13,1.8687398698907663e-11,4.2752766142230686e-10,3.275245006841618e-13,1.1700474452757868e-11,3.8387419850111154e-10,0.0,0.0,0.0,0.0,0.0,0.0,6.797331017539344e-14,2.680522470654978e-12,7.751399522248903e-11,0.18949999999994543,0.0,0.0,4.74487365707816,0.7403663428971985,0.0,6.918765722349801e-14,2.8421709430404007e-12,6.442402167294858e-11,1.9631263881127405,0.23336303174155804,0.15141088646263556,3.0336634733874512,1.7844836719405066e-11,2.7232965259887827,0.0,0.0,0.0,1.0031028454748729e-13,2.3741009158584347e-12,1.362190360509885e-10,2.4662579982029738e-14,1.121494453090242e-12,2.7808417727928512e-11,1.044757272712344e-13,6.163972110506677e-12,8.445301402648653e-11,25.39534469452283,30.826091138556535,22.077078997227844,3.096045330427499e-13,5.538680625249981e-12,3.611129173464178e-10,0.06218330290564979,0.049136499665906073,0.06108934974891666,0.07438325674962622,0.057155255184908986,0.03999292858503087,0.039792963942104846,0.03979296394210496,0.03979296394210494,0.05045756013013123,0.046083649304342264,0.04987914212874481,0.07040439744792266,0.061729112633053695,0.07453017670761992,0.03177288844992305,0.03177288844993351,0.03177288844993281,0.0677053326120196,0.05296132405710684,0.06661154322765976,0.07375369659734632,0.06100284750392273,0.08081597969286035,0.03654984029800473,0.03654984029938992,0.0365498402990526
2026-06-12T12:21:23,profitability_bias (bias_weight=0.3),621096.069493635,1.5389489162622283e-13,2.9573855935844067e-13,-3.276846847663114e-14,1.6005699802689703e-13,4.0983555796663227e-13,-1.5679798530370935e-13,7.338778885132772e-13,5.011823507578928e-13,-2.2815922359668356e-13,1.3638152953667215,8.698080140720962e-12,3.9741261520079463,7.5997579077395425,27.090146047221165,37.01739250930458,1.0956288656676299e-13,24.861821920977086,31.539343295483558,7.052866919302822,1.7583977464753449,2.1506174891789543e-13,3.828207315857921e-13,7.630492531573689e-13,5.6296909456714185e-15,1.0153939457672891e-13,6.613278448031977,4.6383740440629923e-14,8.300721935566229e-13,1.4866952178768585e-12,2.8289088052299994e-14,7.149026317086796e-13,1.6029083572414623e-12,2.5269593411198972e-14,7.7181629775286e-13,1.5663838761313806e-12,3.0241552643595834e-14,7.012839796700242e-13,1.2973255007055543e-12,2.7087560919884222e-14,1.817201962170179e-13,4.10151239252351e-13,0.7312029754020212,7.744857371925374e-14,1.1018226207662881e-13,9.260168905368745e-15,7.443453004854465e-14,1.5419906900251347e-13,1.7569970916469515,5.859060984257826e-13,2.0592416660747404e-12,1.9984014443252818e-14,1.6304959426019546e-13,2.2737367544323206e-13,2.1316282072803006e-14,1.546897448856086,6.90243857550977,72.16463331587215,3.696990504108536e-13,5.120449606631491e-13,1.638384537180152e-14,3.275245006841618e-13,1.5234138685147924e-12,1.2962301691054486e-14,0.0,0.0,0.0,0.0,0.0,0.0,6.797331017539344e-14,1.1191048088221578e-13,3.552713678800501e-15,0.18949999999994543,0.0,0.0,4.74487365707816,0.7403663429194394,0.0,6.918765722349801e-14,1.949551631241775e-13,2.220446049250313e-15,1.9631263881127405,0.23336303174396633,0.1514108865100483,3.0336634733874512,1.1186607196123077e-12,2.723296526611408,0.0,0.0,0.0,1.0031028454748729e-13,2.993161274389422e-13,4.440892098500626e-15,2.4662579982029738e-14,5.3563069333528665e-14,-7.708525529309461e-14,1.044757272712344e-13,3.06588088250237e-13,3.316791286067655e-15,25.39534469452283,25.121982334577993,27.781187801899023,3.096045330427499e-13,5.755396159656812e-13,3.2862601528904634e-14,0.06218330290564979,0.049136499665906073,0.06108934974891666,0.07438325674962622,0.057155255184908986,0.03999292858503087,0.039792963942104846,0.03979296394210496,0.03979296394210494,0.050508460306749395,0.046341497511540514,0.04993147210293519,0.07327816262505506,0.06460907146940735,0.08554631197413022,0.031772888449934394,0.03177288844993496,0.03177288844993493,0.07080997058830994,0.05296132404181402,0.06901599972496167,0.07449579849688398,0.05920097255436501,0.07883367810631307,0.03654984029976633,0.03654984029976744,0.03654984029976723
2026-06-12T12:23:05,profitability_bias (bias_weight=0.5),621096.0694956302,1.5389489162622283e-13,1.0000835761939894e-11,1.7381712954317592e-10,1.6005699802689703e-13,9.003237882705472e-12,1.56741720893107e-10,7.338778885132772e-13,1.1716482601683988e-11,1.7487266935537972e-10,1.3638152953667215,5.494491926468631e-11,3.974126151967655,7.5997579077395425,27.090146047214983,37.01739250931068,1.0956288656676299e-13,24.861821920914593,31.539343295484215,7.052866919302822,1.7583977464356315,3.8278654062734225e-11,3.828207315857921e-13,1.0589992662604927e-11,3.184013208779539e-12,1.0153939457672891e-13,6.613278448096576,1.0705065065871522e-11,8.300721935566229e-13,3.228966786614679e-11,2.3727672416119565e-11,7.149026317086796e-13,2.8672845476777713e-11,2.2053097911340277e-11,7.7181629775286e-13,3.063006353734988e-11,2.3493319486833502e-11,7.012839796700242e-13,2.7848017875681248e-11,2.1906351422310957e-11,1.817201962170179e-13,1.6973694121822265e-12,0.7312029754539675,7.744857371925374e-14,2.0242701042491156e-12,1.1078380881271909e-12,7.443453004854465e-14,1.9400444163679866e-12,1.7569970915084947,5.859060984257826e-13,2.369660023759934e-11,1.4655832103471766e-11,1.6304959426019546e-13,8.590461675339611e-12,5.6488147492927965e-12,1.546897448856086,6.902438575569072,72.1646333167698,3.696990504108536e-13,3.659847190406994e-11,1.2924791562574119e-11,3.275245006841618e-13,1.3829823152299188e-11,1.0567117531703077e-11,0.0,0.0,0.0,0.0,0.0,0.0,6.797331017539344e-14,2.5570656703166605e-12,1.992184195387381e-12,0.18949999999994543,0.0,0.0,4.74487365707816,0.7403663429074605,0.0,6.918765722349801e-14,2.1085355683680973e-12,1.5867307467942737e-12,1.9631263881127405,0.23336303174233963,0.15141088651039958,3.0336634733874512,2.94453350591084e-11,2.7232965265756226,0.0,0.0,0.0,1.0031028454748729e-13,3.4789948699653905e-12,3.020694805400126e-12,2.4662579982029738e-14,1.0491992228311736e-12,-2.8980144657176294e-13,1.044757272712344e-13,3.2244762415700734e-12,3.0292504615836435e-12,25.39534469452283,25.121982334881466,27.78118780156055,3.096045330427499e-13,1.0219380897069641e-11,1.0224709967587842e-11,0.06218330290564979,0.049136499665906073,0.06108934974891666,0.07438325674962622,0.057155255184908986,0.03999292858503087,0.039792963942104846,0.03979296394210496,0.03979296394210494,0.05061026066023682,0.0469415103086365,0.05003613205129437,0.07917821783287904,0.06385235393805234,0.08484483990187282,0.0317728884499067,0.031772888449931536,0.03177288844992978,0.07612221654507477,0.052961324041993274,0.07332833243736628,0.0746846276024723,0.05525251801802843,0.07334255458523631,0.0365498402996628,0.036549840299757594,0.03654984029975002
2026-06-12T15:08:09,total_cost,620992.8581577472,1.5389489162622283e-13,4.37056429031019e-12,7.187577447251548e-11,1.6005699802689703e-13,5.2468314279268835e-12,7.30719311120209e-11,7.338778885132772e-13,3.78161126738379e-12,7.256273951600089e-11,1.3638152953667215,9.686756018557682e-11,2.363329909930611e-11,7.5997579077395425,27.090146047093302,37.01739250930265,1.0956288656676299e-13,24.861821920822067,31.53934329543476,7.052866919302822,1.7583977463893137,3.9741261519991813,3.828207315857921e-13,1.342939793281904e-10,5.162324820364744e-12,1.0153939457672891e-13,6.613278448185778,5.196979611651953e-11,8.300721935566229e-13,1.244917885557029e-11,1.1357281809980103e-11,7.149026317086796e-13,1.812588744420997e-11,1.0469990150711666e-11,7.7181629775286e-13,1.8335335127939256e-11,1.1469552296738933e-11,7.012839796700242e-13,1.587393848030391e-11,1.0612875302172705e-11,1.817201962170179e-13,6.208932534813516e-12,1.6084877536269582,7.744857371925374e-14,1.9823936471204108e-11,2.895261578933414e-12,7.443453004854465e-14,3.2924341931431226e-12,6.958022931937768,5.859060984257826e-13,9.206087053141041e-11,1.5809953474810448e-11,1.6304959426019546e-13,1.349023082211774e-11,4.584444390822071e-12,1.546897448856086,6.902438575386505,19.30661302646382,3.696990504108536e-13,1.3586084493383453e-11,6.667111067548686e-12,3.275245006841618e-13,5.784200530079962e-12,5.137564027443246e-12,0.0,0.0,0.0,0.0,0.0,0.0,6.797331017539344e-14,2.83200337468265e-12,1.2015681326558858e-12,0.18949999999994543,0.0,0.0,4.74487365707816,0.7403663428458489,0.0,6.918765722349801e-14,3.3229285639267014e-12,1.0014381537354892e-12,1.9631263881127405,0.233363031740521,0.1514108865122213,3.0336634733874512,2.0373239474478517e-11,2.415297523787001e-09,0.0,0.0,0.0,1.0031028454748729e-13,1.8563452373548548e-12,9.794044544465903e-12,2.4662579982029738e-14,9.792129360305049e-13,-5.987075496881617e-13,1.044757272712344e-13,1.5390492359918536e-12,1.5631832215490023e-12,25.39534469452283,30.826091142864648,22.07707899357865,3.096045330427499e-13,5.063404028026254e-12,7.894452602362944e-12,0.06218330290564979,0.049136499665906073,0.06108934974891666,0.07438325674962622,0.057155255184908986,0.03999292858503087,0.039792963942104846,0.03979296394210496,0.03979296394210494,0.05035575977673265,0.045787241590408624,0.049774482180378,0.06566206698108405,0.05942518039888127,0.06689426730705196,0.03177288844993292,0.03177288844993477,0.03177288844993464,0.06142224186213955,0.052961324041812884,0.06175392510209931,0.06939355961657087,0.06478054593928631,0.07562502807495514,0.03654984029976682,0.036549840299767405,0.03654984029976728
2026-06-12T15:09:55,profitability_bias (bias_weight=0.05),621001.5300312638,1.5389489162622283e-13,7.333837971594532e-13,1.9661844787860936e-11,1.6005699802689703e-13,8.380677852026443e-13,2.0149955552933087e-11,7.338778885132772e-13,2.387719203733515e-12,1.8165839925133508e-11,1.3638152953667215,3.013575932600758e-11,4.736131138568513e-12,7.5997579077395425,27.090146047195073,37.0173925093025,1.0956288656676299e-13,24.861821920946497,31.53934329546257,7.052866919302822,1.7583977464543763,3.974126152003232,3.828207315857921e-13,2.868844596999294e-11,1.13207263843229e-12,1.0153939457672891e-13,6.613278448063939,9.818394229960983e-12,8.300721935566229e-13,6.0765434916293214e-12,2.8479494115629436e-12,7.149026317086796e-13,4.641390806204876e-12,2.649507326195354e-12,7.7181629775286e-13,4.897945302414541e-12,2.8567746586854433e-12,7.012839796700242e-13,3.820546897594532e-12,2.6537249488467444e-12,1.817201962170179e-13,1.1896114719344142e-11,1.6084877535772613,7.744857371925374e-14,1.6441007718761977e-12,2.5366194142965434e-13,7.443453004854465e-14,9.341271846576016e-13,4.829845146139865,5.859060984257826e-13,2.7605473462699592e-11,2.0321522242738865e-12,1.6304959426019546e-13,1.8260948309034575e-12,8.739675649849232e-13,1.546897448856086,6.902438575448915,29.428829601824173,3.696990504108536e-13,1.5020497168680664e-11,1.4071539257694425e-12,3.275245006841618e-13,3.0294069746141945e-12,1.289033540648971e-12,0.0,0.0,0.0,0.0,0.0,0.0,6.797331017539344e-14,7.460698725481052e-13,2.9043434324194095e-13,0.18949999999994543,0.0,0.0,4.74487365707816,0.7403663429090344,0.0,6.918765722349801e-14,8.690825836765725e-13,2.398081733190338e-13,1.9631263881127405,0.2333630317432034,0.1514108865106194,3.0336634733874512,4.119815599779031e-12,2.7232965265982347,0.0,0.0,0.0,1.0031028454748729e-13,3.7925218521195347e-13,5.870859354217828e-13,2.4662579982029738e-14,3.103490111976387e-13,-2.339094514766831e-13,1.044757272712344e-13,2.901984208492081e-13,3.400127401853581e-13,25.39534469452283,30.826091143390016,22.077078993084854,3.096045330427499e-13,8.562039965909207e-13,1.3660184094987926e-12,0.06218330290564979,0.049136499665906073,0.06108934974891666,0.07438325674962622,0.057155255184908986,0.03999292858503087,0.039792963942104846,0.03979296394210496,0.03979296394210494,0.050381209865060395,0.045861343518893184,0.04980064716747158,0.06647773868665817,0.06041125889552687,0.06898572721738151,0.03177288844993486,0.03177288844993502,0.03177288844993501,0.06292777345614134,0.05296132404181342,0.0627590579576133,0.07062982922230021,0.06450213940371662,0.07932306192530973,0.036549840299766656,0.03654984029976748,0.03654984029976726
2026-06-12T15:11:38,profitability_bias (bias_weight=0.1),621048.9258862158,1.5389489162622283e-13,5.546588955308931e-12,4.5221390199030836e-11,1.6005699802689703e-13,2.9887183893851346e-12,5.21646099650423e-11,7.338778885132772e-13,2.1779555855656993e-11,3.781807898655389e-11,1.3638152953667215,2.743541147266582e-11,1.3775370730303711e-11,7.5997579077395425,27.090146047207654,37.01739250933711,1.0956288656676299e-13,24.861821920942557,31.539343295491527,7.052866919302822,1.7583977464589504,3.9741261520078535,3.828207315857921e-13,3.7088147285724315e-11,8.85890277677166e-12,1.0153939457672891e-13,6.6132784480678986,1.3713951697745238e-11,8.300721935566229e-13,1.5731918533092303e-11,2.5893867568583868e-11,7.149026317086796e-13,1.1182615622168936e-11,2.2210630881529706e-11,7.7181629775286e-13,1.1974976672657453e-11,2.7700088348732794e-11,7.012839796700242e-13,1.0296165799701284e-11,2.498317492296251e-11,1.817201962170179e-13,1.0145797058100889e-12,1.3431088748752213,7.744857371925374e-14,1.64283686787417e-12,6.800573720065031e-13,7.443453004854465e-14,1.6321772989729794e-12,0.8415365362393636,5.859060984257826e-13,3.43933770352578e-11,2.3959945139040428e-11,1.6304959426019546e-13,3.730349362740526e-12,4.696687483374262e-12,1.546897448856086,6.902438575600726,65.71100930233908,3.696990504108536e-13,1.582107506499455e-11,3.5771099662509974e-12,3.275245006841618e-13,5.879915116179948e-12,1.1718143809966096e-11,0.0,0.0,0.0,0.0,0.0,0.0,6.797331017539344e-14,1.4939161019356106e-12,2.2426505097428162e-12,0.18949999999994543,0.0,0.0,4.74487365707816,0.7403663428997413,0.0,6.918765722349801e-14,1.6697754290362354e-12,2.0667911826421914e-12,1.9631263881127405,0.23336303174254525,0.15141088651099777,3.0336634733874512,7.491784970170556e-12,2.7232965265938174,0.0,0.0,0.0,1.0031028454748729e-13,1.2541079286165768e-12,2.9478641749847156e-12,2.4662579982029738e-14,4.937124320790245e-13,3.1257999124237094e-13,1.044757272712344e-13,3.658531810835086e-12,8.58424442640171e-13,25.39534469452283,30.826091142978115,22.077078993492677,3.096045330427499e-13,5.3717030823463574e-12,1.0328626842692756e-11,0.06218330290564979,0.049136499665906073,0.06108934974891666,0.07438325674962622,0.057155255184908986,0.03999292858503087,0.039792963942104846,0.03979296394210496,0.03979296394210494,0.050406659953400074,0.04593544544737711,0.04982681215456416,0.06859641576189042,0.061140376855955685,0.07050319200730251,0.031772888449934394,0.031772888449934956,0.03177288844993493,0.06452938635974013,0.05296132404265204,0.06403340742924704,0.07029784830250972,0.06488974984775597,0.07985594005309554,0.03654984029973718,0.03654984029976292,0.03654984029975737
2026-06-12T15:13:20,profitability_bias (bias_weight=0.2),621048.9259233171,1.5389489162622283e-13,5.759388138090151e-11,2.872037059191098e-09,1.6005699802689703e-13,6.340208517071334e-11,2.8015834037943825e-09,7.338778885132772e-13,4.964308163338506e-10,2.4747852941579923e-09,1.3638152953667215,8.9399621722518e-10,8.23409954715406e-09,7.5997579077395425,27.090146045791926,37.01739250963314,1.0956288656676299e-13,24.861821920762672,31.5393432955047,7.052866919302822,1.7583977456282156,3.9741261438240314,3.828207315857921e-13,1.2287971372587324e-09,1.0987158561926491e-10,1.0153939457672891e-13,6.613278448164466,3.5814821376334276e-10,8.300721935566229e-13,3.7838018441782696e-10,3.653523016555684e-10,7.149026317086796e-13,2.708090223210678e-10,3.404431805178299e-10,7.7181629775286e-13,2.9090784989578726e-10,3.6387255069345497e-10,7.012839796700242e-13,2.3862781138795147e-10,3.385850560716311e-10,1.817201962170179e-13,5.118060256803803e-11,1.343108874872368,7.744857371925374e-14,6.445082477963446e-11,2.8528248665370876e-11,7.443453004854465e-14,3.9077922278750236e-11,0.8415365360559026,5.859060984257826e-13,8.424230202308536e-10,2.441589153079349e-10,1.6304959426019546e-13,9.021050573210232e-11,1.0128076155524468e-10,1.546897448856086,6.902438578058753,65.71100932683605,3.696990504108536e-13,2.062039968182084e-10,1.8163897087105726e-10,3.275245006841618e-13,1.7694865786756289e-10,1.640815415864697e-10,0.0,0.0,0.0,0.0,0.0,0.0,6.797331017539344e-14,3.6495251265478146e-11,3.377831347961546e-11,0.18949999999994543,0.0,0.0,4.74487365707816,0.7403663425642408,1.7921664152709127e-10,6.918765722349801e-14,4.481748305806832e-11,2.757882811010859e-11,1.9631263881127405,0.23336303170319006,0.15141088652685353,3.0336634733874512,2.2249757591907837e-10,2.7232965261088773,0.0,0.0,0.0,1.0031028454748729e-13,2.4556356947869062e-11,6.050804302049073e-11,2.4662579982029738e-14,1.3940915627037844e-11,-1.4293326342685121e-12,1.044757272712344e-13,9.955299085095959e-11,1.0722491644576948e-10,25.39534469452283,30.826091078439518,22.077079057547266,3.096045330427499e-13,1.1691980716932449e-10,2.1661161753172564e-10,0.06218330290564979,0.049136499665906073,0.06108934974891666,0.07438325674962622,0.057155255184908986,0.03999292858503087,0.039792963942104846,0.03979296394210496,0.03979296394210494,0.0504575601306425,0.04608364930431542,0.049879142128700774,0.07046881997633773,0.0629056583465643,0.07373494723045809,0.031772888449820395,0.03177288844992035,0.03177288844991375,0.06770532115309183,0.052961324047627295,0.06661154323692645,0.07423914365185766,0.06424993570310332,0.08048039448700069,0.03654984029894177,0.03654984029958488,0.03654984029943033
2026-06-12T15:15:04,profitability_bias (bias_weight=0.3),621096.0695336815,1.5389489162622283e-13,8.421364721910096e-11,-6.334527371034143e-11,1.6005699802689703e-13,8.325917459164999e-11,-6.282953675270315e-11,7.338778885132772e-13,8.083124245422953e-11,-5.948135939793594e-11,1.3638152953667215,3.103856271827051e-09,3.974126151951632,7.5997579077395425,27.090146044354768,37.017392509194885,1.0956288656676299e-13,24.86182191849231,31.539343295775886,7.052866919302822,1.7583977434135345,2.388209383936284e-11,3.828207315857921e-13,2.977620543257103e-09,7.184206336508565e-13,1.0153939457672891e-13,6.613278450223308,1.7647334489396747e-12,8.300721935566229e-13,7.915706190024165e-10,2.8126438631759142e-12,7.149026317086796e-13,5.456479981317175e-10,2.582063350821127e-12,7.7181629775286e-13,5.822703493216471e-10,6.461749334745908e-12,7.012839796700242e-13,4.2988877453594596e-10,5.207568750672285e-12,1.817201962170179e-13,3.365709143184438e-10,0.7312029757070599,7.744857371925374e-14,9.790727680638572e-11,1.3127113508501922e-13,7.443453004854465e-14,7.594605214409916e-11,1.7569970910253843,5.859060984257826e-13,1.9496448899758434e-09,4.462652469783279e-12,1.6304959426019546e-13,5.468336894409731e-11,6.181721801112872e-13,1.546897448856086,6.9024385754754825,72.164633316164,3.696990504108536e-13,2.1503962670880594e-10,1.8036576074214055e-12,3.275245006841618e-13,2.61886862945684e-10,1.2679610157534903e-12,0.0,0.0,0.0,0.0,0.0,0.0,6.797331017539344e-14,7.628919718172256e-11,2.362554596402333e-13,0.18949999999994543,0.0,0.0,4.74487365707816,0.7403663422630284,3.5199398951135663e-10,6.918765722349801e-14,9.864198347031561e-11,1.98507876802978e-13,1.9631263881127405,0.23336303164979766,0.15141088660406243,3.0336634733874512,4.891957949837433e-10,2.7232965261220166,0.0,0.0,0.0,1.0031028454748729e-13,3.356603883730713e-11,3.6504133049675147e-13,2.4662579982029738e-14,2.968126832011145e-11,-2.961286848201097e-11,1.044757272712344e-13,1.5676485110027727e-10,8.738079704251334e-13,25.39534469452283,25.12198238654149,27.78118774993395,3.096045330427499e-13,3.807389958865315e-10,1.212363542890671e-12,0.06218330290564979,0.049136499665906073,0.06108934974891666,0.07438325674962622,0.057155255184908986,0.03999292858503087,0.039792963942104846,0.03979296394210496,0.03979296394210494,0.05050846030678696,0.046341497511542436,0.049931472102931966,0.07269961797015957,0.0660991020984208,0.07986145330383215,0.03177288844992685,0.03177288844993403,0.03177288844993352,0.07080997052918135,0.052961324049824725,0.06901599974799728,0.07478756305836096,0.06363609261525359,0.07957795794607692,0.03654984029935209,0.03654984029972135,0.03654984029962162
2026-06-12T15:16:48,profitability_bias (bias_weight=0.5),621096.0695011633,1.5389489162622283e-13,2.662885515562135e-11,-2.438117936783879e-11,1.6005699802689703e-13,2.6490960968025507e-11,-2.4433350486262655e-11,7.338778885132772e-13,2.423581215213754e-10,-2.400821777650028e-10,1.3638152953667215,2.912408924766817e-10,3.974126151995445,7.5997579077395425,27.090146046507076,37.01739250922072,1.0956288656676299e-13,24.86182192093647,31.539343295584644,7.052866919302822,1.7583977462051614,4.750963171853221e-13,3.828207315857921e-13,7.988567699096914e-10,6.684346710715471e-14,1.0153939457672891e-13,6.613278447971548,1.350954090416108e-13,8.300721935566229e-13,2.455408167714946e-10,3.2708930169644467e-13,7.149026317086796e-13,1.6559738450759286e-10,3.1267250849543943e-13,7.7181629775286e-13,1.7361356978680197e-10,3.239799957650174e-13,7.012839796700242e-13,1.3656184893668268e-10,3.0656247661038825e-13,1.817201962170179e-13,1.0631227226394524e-10,0.7312029753141629,7.744857371925374e-14,4.13810473819997e-11,1.3250994104883008e-14,7.443453004854465e-14,1.811702020353714e-11,1.7569970916250608,5.859060984257826e-13,4.1085979063382183e-10,1.7674750552032492e-13,1.6304959426019546e-13,5.0732751333271153e-11,6.394884621840902e-14,1.546897448856086,6.902438573313926,72.16463331818369,3.696990504108536e-13,5.365986392583658e-10,1.4761307783704494e-13,3.275245006841618e-13,9.969223997151435e-11,1.4619788330253856e-13,0.0,0.0,0.0,0.0,0.0,0.0,6.797331017539344e-14,1.886135692075186e-11,2.398081733190338e-14,0.18949999999994543,0.0,0.0,4.74487365707816,0.7403663427970297,6.326406065682022e-11,6.918765722349801e-14,2.6189272972487743e-11,2.1760371282653068e-14,1.9631263881127405,0.23336303171821804,0.1514108865357855,3.0336634733874512,2.17108109268338e-10,2.723296526395355,0.0,0.0,0.0,1.0031028454748729e-13,9.587886040662852e-12,3.6415315207705135e-14,2.4662579982029738e-14,8.832889893097095e-12,-8.847157584716153e-12,1.044757272712344e-13,1.0664046035113728e-10,2.7144952952085077e-14,25.39534469452283,25.12198234078261,27.78118779569428,3.096045330427499e-13,1.1270095967574889e-10,1.2612133559741778e-13,0.06218330290564979,0.049136499665906073,0.06108934974891666,0.07438325674962622,0.057155255184908986,0.03999292858503087,0.039792963942104846,0.03979296394210496,0.03979296394210494,0.05061026066023419,0.04694151030863635,0.050036132051294584,0.07726488043306015,0.0694986509132214,0.0874353115539532,0.031772888449907215,0.03177288844993159,0.03177288844992988,0.0761222165029436,0.05296132404189153,0.07332833244464236,0.07466632680305225,0.0603662945303164,0.07479151021826798,0.036549840299751585,0.036549840299765025,0.03654984029976283
2026-06-12T15:55:53,total_cost,620992.8581577472,1.5389489162622283e-13,4.37056429031019e-12,7.187577447251548e-11,1.6005699802689703e-13,5.2468314279268835e-12,7.30719311120209e-11,7.338778885132772e-13,3.78161126738379e-12,7.256273951600089e-11,1.3638152953667215,9.686756018557682e-11,2.363329909930611e-11,7.5997579077395425,27.090146047093302,37.01739250930265,1.0956288656676299e-13,24.861821920822067,31.53934329543476,7.052866919302822,1.7583977463893137,3.9741261519991813,3.828207315857921e-13,1.342939793281904e-10,5.162324820364744e-12,1.0153939457672891e-13,6.613278448185778,5.196979611651953e-11,8.300721935566229e-13,1.244917885557029e-11,1.1357281809980103e-11,7.149026317086796e-13,1.812588744420997e-11,1.0469990150711666e-11,7.7181629775286e-13,1.8335335127939256e-11,1.1469552296738933e-11,7.012839796700242e-13,1.587393848030391e-11,1.0612875302172705e-11,1.817201962170179e-13,6.208932534813516e-12,1.6084877536269582,7.744857371925374e-14,1.9823936471204108e-11,2.895261578933414e-12,7.443453004854465e-14,3.2924341931431226e-12,6.958022931937768,5.859060984257826e-13,9.206087053141041e-11,1.5809953474810448e-11,1.6304959426019546e-13,1.349023082211774e-11,4.584444390822071e-12,1.546897448856086,6.902438575386505,19.30661302646382,3.696990504108536e-13,1.3586084493383453e-11,6.667111067548686e-12,3.275245006841618e-13,5.784200530079962e-12,5.137564027443246e-12,0.0,0.0,0.0,0.0,0.0,0.0,6.797331017539344e-14,2.83200337468265e-12,1.2015681326558858e-12,0.18949999999994543,0.0,0.0,4.74487365707816,0.7403663428458489,0.0,6.918765722349801e-14,3.3229285639267014e-12,1.0014381537354892e-12,1.9631263881127405,0.233363031740521,0.1514108865122213,3.0336634733874512,2.0373239474478517e-11,2.415297523787001e-09,0.0,0.0,0.0,1.0031028454748729e-13,1.8563452373548548e-12,9.794044544465903e-12,2.4662579982029738e-14,9.792129360305049e-13,-5.987075496881617e-13,1.044757272712344e-13,1.5390492359918536e-12,1.5631832215490023e-12,25.39534469452283,30.826091142864648,22.07707899357865,3.096045330427499e-13,5.063404028026254e-12,7.894452602362944e-12,0.06218330290564979,0.049136499665906073,0.06108934974891666,0.07438325674962622,0.057155255184908986,0.03999292858503087,0.039792963942104846,0.03979296394210496,0.03979296394210494,0.05035575977673265,0.045787241590408624,0.049774482180378,0.06566206698108405,0.05942518039888127,0.06689426730705196,0.03177288844993292,0.03177288844993477,0.03177288844993464,0.06142224186213955,0.052961324041812884,0.06175392510209931,0.06939355961657087,0.06478054593928631,0.07562502807495514,0.03654984029976682,0.036549840299767405,0.03654984029976728
2026-06-12T15:57:33,profitability_bias (bias_weight=0.05),620993.4748695111,1.5389489162622283e-13,3.978689090960195e-11,-3.6222258668242327e-11,1.6005699802689703e-13,2.185276890303014e-11,-1.8203974877397745e-11,7.338778885132772e-13,2.187925505519299e-11,-1.83180949947267e-11,1.3638152953667215,2.1475577556894975e-10,1.2218008183978906e-12,7.5997579077395425,27.09014604706845,37.017392509300684,1.0956288656676299e-13,24.86182192057037,31.53934329581784,7.052866919302822,1.758397746276639,3.9741261519996627,3.828207315857921e-13,1.5697736096153998e-10,1.7754741523445403e-13,1.0153939457672891e-13,6.613278448103199,1.3937200625308483e-12,8.300721935566229e-13,7.19128889447915e-11,4.690407137974376e-13,7.149026317086796e-13,5.6227968382622466e-11,4.3301879018898263e-13,7.7181629775286e-13,5.922755313872248e-11,4.700900455358369e-13,7.012839796700242e-13,5.1068135297147155e-11,4.3615192858622116e-13,1.817201962170179e-13,4.915418100092393e-12,1.6084877536122397,7.744857371925374e-14,1.2372715609116416e-11,4.5525894108262826e-14,7.443453004854465e-14,7.900718267874632e-12,5.913565693026367,5.859060984257826e-13,1.5213519333201475e-10,4.911626660941693e-13,1.6304959426019546e-13,2.1522339466173435e-11,1.5631940186722204e-13,1.546897448856086,6.902438575830949,20.201316591048958,3.696990504108536e-13,1.1918350664661842e-10,2.385421302140359e-13,3.275245006841618e-13,3.332297527672398e-11,2.1279866680569857e-13,0.0,0.0,0.0,0.0,0.0,0.0,6.797331017539344e-14,7.577050098461768e-12,4.796163466380676e-14,0.18949999999994543,0.0,0.0,4.74487365707816,0.7403663427771985,8.134382056823597e-11,6.918765722349801e-14,6.908251748427574e-12,3.952393967665557e-14,1.9631263881127405,0.23336303173605177,0.15141088651793,3.0336634733874512,3.794031755433025e-11,2.723296526569167,0.0,0.0,0.0,1.0031028454748729e-13,6.194156298988673e-12,9.592326932761353e-14,2.4662579982029738e-14,2.740634967956562e-12,-2.748716896978391e-12,1.044757272712344e-13,1.8886656127925505e-11,6.022959908591474e-14,25.39534469452283,30.826091141280287,22.077078995196317,3.096045330427499e-13,1.5234036254696548e-11,2.1760371282653068e-13,0.06218330290564979,0.049136499665906073,0.06108934974891666,0.07438325674962622,0.057155255184908986,0.03999292858503087,0.039792963942104846,0.03979296394210496,0.03979296394210494,0.05038120986509203,0.045861343518891526,0.04980064716746887,0.06701509736587653,0.0604036499669562,0.06834054980546328,0.0317728884499285,0.03177288844993421,0.03177288844993383,0.06293083685189471,0.05296132404255189,0.06240641720831866,0.07104934086147967,0.0646468635346706,0.07694045848945148,0.0365498402996734,0.03654984029974773,0.03654984029972844
2026-06-12T15:59:14,profitability_bias (bias_weight=0.1),621063.9679585813,1.5389489162622283e-13,5.40549908533642e-14,8.031872849438734e-09,1.6005699802689703e-13,2.2843240699126457e-14,8.048592060770978e-09,7.338778885132772e-13,2.3586273757321127e-13,7.97768550954648e-09,1.3638152953667215,3.2211129113602265e-13,2.0839907622332e-09,7.5997579077395425,27.090146047224607,37.017392509576595,1.0956288656676299e-13,24.861821920984877,31.539343292678243,7.052866919302822,1.7583977464835947,3.974126150174523,3.828207315857921e-13,2.6626113451807964e-13,3.68064434326009e-10,1.0153939457672891e-13,6.613278448024378,3.2620803119440117e-09,8.300721935566229e-13,1.652151409711242e-13,1.1600979459938298e-09,7.149026317086796e-13,1.066725521892067e-13,1.0745776222957155e-09,7.7181629775286e-13,1.1333783210339096e-13,1.2894717122422028e-09,7.012839796700242e-13,9.135922224877381e-14,1.1744947968306778e-09,1.817201962170179e-13,8.900121005529496e-15,9.810326588715533e-08,7.744857371925374e-14,6.364823972472968e-15,1.5427300278634355e-10,7.443453004854465e-14,1.6805164639598782e-14,2.2223735596412926,5.859060984257826e-13,3.042011087472929e-13,1.7493677617608228e-09,1.6304959426019546e-13,3.552713678800501e-14,4.4432368895286345e-10,1.546897448856086,6.902438575472917,65.71100919870041,3.696990504108536e-13,1.144102983247986e-13,7.088189263870368e-10,3.275245006841618e-13,6.337595481592568e-14,5.794895659704e-10,0.0,0.0,0.0,0.0,0.0,0.0,6.797331017539344e-14,1.509903313490213e-14,1.0303402575573273e-10,0.18949999999994543,0.0,0.0,4.74487365707816,0.7403663429216047,0.0,6.918765722349801e-14,1.554312234475219e-14,9.061373873464618e-11,1.9631263881127405,0.2333630317441786,0.1514108864074779,3.0336634733874512,7.105427357601002e-14,2.7232965194300838,0.0,0.0,0.0,1.0031028454748729e-13,9.769962616701378e-15,3.1602009897824246e-10,2.4662579982029738e-14,-1.9546438352943844e-14,3.620738358368429e-11,1.044757272712344e-13,4.0342729157316626e-14,1.6453864659649042e-10,25.39534469452283,30.826091143852352,22.077078988884807,3.096045330427499e-13,4.618527782440651e-14,8.864340372838342e-10,0.06218330290564979,0.049136499665906073,0.06108934974891666,0.07438325674962622,0.057155255184908986,0.03999292858503087,0.039792963942104846,0.03979296394210496,0.03979296394210494,0.050406659953396805,0.04593544544737727,0.049826812154564415,0.06748485458833817,0.06163250484258014,0.07136228577116867,0.031772888449935026,0.03177288844993504,0.03177288844993504,0.0643964675985827,0.05296132405205446,0.06308386851909155,0.0700708980694569,0.06479733983790166,0.07963275406757464,0.036549840298542774,0.03654984029952529,0.0365498402993345
2026-06-12T16:00:56,profitability_bias (bias_weight=0.2),621063.9679175586,1.5389489162622283e-13,2.6286035540715615e-12,6.779872885331136e-11,1.6005699802689703e-13,2.954561803757142e-12,6.728883625087307e-11,7.338778885132772e-13,2.2758950902159064e-11,4.8072593712965994e-11,1.3638152953667215,5.908613637856216e-11,1.2353389724117248e-10,7.5997579077395425,27.09014604719103,37.017392509307626,1.0956288656676299e-13,24.86182192090794,31.53934329548165,7.052866919302822,1.75839774642717,3.9741261518934703,3.828207315857921e-13,3.762980351238018e-11,2.4445708751242464e-12,1.0153939457672891e-13,6.61327844810436,8.092527132550838e-12,8.300721935566229e-13,1.9585874162314575e-11,9.347152036214204e-12,7.149026317086796e-13,1.2719078569442955e-11,8.68753008640363e-12,7.7181629775286e-13,1.3737055456915681e-11,9.34773380142423e-12,7.012839796700242e-13,1.1202069489251983e-11,8.687909034640995e-12,1.817201962170179e-13,4.30740624533287e-12,5.023783427602086e-12,7.744857371925374e-14,3.7660496240815414e-12,6.443844697565918e-13,7.443453004854465e-14,2.355971146494122e-12,2.2223736440798203,5.859060984257826e-13,5.012656956182582e-11,6.420197706802355e-12,1.6304959426019546e-13,4.689582056016661e-12,2.4229507289419416e-12,1.546897448856086,6.902438575578458,65.71100930296294,3.696990504108536e-13,9.671393966976608e-12,4.700444247203725e-12,3.275245006841618e-13,8.095872291183101e-12,4.2136797387877305e-12,0.0,0.0,0.0,0.0,0.0,0.0,6.797331017539344e-14,1.8474111129762605e-12,8.322231792590173e-13,0.18949999999994543,0.0,0.0,4.74487365707816,0.7403663429046317,0.0,6.918765722349801e-14,2.432276602348793e-12,6.852296507986466e-13,1.9631263881127405,0.23336303174211048,0.15141088651132906,3.0336634733874512,1.1637357744120891e-11,2.7232965265821845,0.0,0.0,0.0,1.0031028454748729e-13,1.156408302449563e-12,1.5401013797600172e-12,2.4662579982029738e-14,6.843942303616764e-13,-3.899850228741109e-13,1.044757272712344e-13,8.263500994587503e-12,1.003308547353754e-12,25.39534469452283,30.826091139930384,22.077078996538532,3.096045330427499e-13,6.767919558114954e-12,3.866240660954645e-12,0.06218330290564979,0.049136499665906073,0.06108934974891666,0.07438325674962622,0.057155255184908986,0.03999292858503087,0.039792963942104846,0.03979296394210496,0.03979296394210494,0.050457560130080896,0.04608364930434491,0.049879142128749124,0.07118152462295214,0.06264805537865054,0.07408377110653629,0.031772888449933145,0.03177288844993479,0.031772888449934686,0.06608188489102901,0.052961324044071535,0.06472324680885787,0.07323402726318679,0.06412745515328008,0.07837678726837992,0.0365498402996326,0.03654984029969248,0.03654984029966726
2026-06-12T16:02:37,profitability_bias (bias_weight=0.3),621080.4166257974,1.5389489162622283e-13,8.550302489494156e-10,-7.858139211216024e-10,1.6005699802689703e-13,4.318573058980119e-10,-3.623687306538016e-10,7.338778885132772e-13,1.0559934597471614e-09,-9.850658804092886e-10,1.3638152953667215,3.2512012426650066e-09,1.113362668184642,7.5997579077395425,27.09014604903645,37.01739250578125,1.0956288656676299e-13,24.86182191831629,31.539343296228516,7.052866919302822,1.7583977433487223,2.8607634837146168,3.828207315857921e-13,1.7109899283361611e-09,2.0158937478613754e-12,1.0153939457672891e-13,6.613278449944215,5.457496278268739e-12,8.300721935566229e-13,1.7596353818663327e-09,9.15130831867707e-12,7.149026317086796e-13,1.478358201310361e-09,8.512475932770716e-12,7.7181629775286e-13,1.5866945356407968e-09,9.160269210309253e-12,7.012839796700242e-13,1.4121124982115927e-09,8.513528083988296e-12,1.817201962170179e-13,8.071119526843987e-11,7.854775275458845e-12,7.744857371925374e-14,9.193317301864268e-11,5.280984297533888e-13,7.443453004854465e-14,1.5298093919210766e-10,2.302599910378761,5.859060984257826e-13,2.1673209893435796e-09,7.862599460395359e-12,1.6304959426019546e-13,6.254481377254706e-10,2.1671553440683056e-12,1.546897448856086,6.902438574113926,67.51901030356137,3.696990504108536e-13,1.7727587176696586e-09,4.622230244738841e-12,3.275245006841618e-13,7.403666836104706e-10,4.128890977511697e-12,0.0,0.0,0.0,0.0,0.0,0.0,6.797331017539344e-14,1.4661871716725727e-10,7.647216193618078e-13,0.18949999999994543,0.0,0.0,4.74487365707816,0.7403663417330604,8.109042326509552e-10,6.918765722349801e-14,1.3494583228634838e-10,6.306066779870889e-13,1.9631263881127405,0.23336303161307947,0.15141088664041247,3.0336634733874512,1.1132876842623318e-09,2.723296525487683,0.0,0.0,0.0,1.0031028454748729e-13,1.560716000881257e-10,1.3491430195244902e-12,2.4662579982029738e-14,5.664057478850483e-11,-5.6360231636743535e-11,1.044757272712344e-13,3.0687978547216943e-10,9.26043963733747e-13,25.39534469452283,25.121982501750907,27.78118763471751,3.096045330427499e-13,3.3862868065170915e-10,3.5074165793957945e-12,0.06218330290564979,0.049136499665906073,0.06108934974891666,0.07438325674962622,0.057155255184908986,0.03999292858503087,0.039792963942104846,0.03979296394210496,0.03979296394210494,0.05050846030680248,0.04634149751154323,0.049931472102930634,0.07414893493687581,0.06412805989099632,0.07687484067595722,0.031772888449923736,0.03177288844993364,0.03177288844993294,0.06925011167100244,0.05296132406914757,0.06625218638722347,0.07423102744041779,0.06334388923381094,0.0780457907322261,0.03654984029746324,0.03654984029938715,0.03654984029870568
2026-06-12T16:04:20,profitability_bias (bias_weight=0.5),621080.4166303498,1.5389489162622283e-13,1.3380232375778884e-10,9.163043699152454e-10,1.6005699802689703e-13,6.445453334348845e-11,9.40657641218086e-10,7.338778885132772e-13,5.041074205017006e-10,5.782181477933479e-10,1.3638152953667215,8.670685328536408e-10,1.1133626697607848,7.5997579077395425,27.09014604663944,37.017392510258354,1.0956288656676299e-13,24.861821919709186,31.539343295461208,7.052866919302822,1.7583977456542845,2.8607634823392187,3.828207315857921e-13,5.199688270992766e-10,2.5816111770789237e-11,1.0153939457672891e-13,6.613278449352951,5.733736095095175e-11,8.300721935566229e-13,7.753259239999465e-10,1.4986908837207317e-10,7.149026317086796e-13,4.626853683309201e-10,1.3929630789917792e-10,7.7181629775286e-13,4.785486380272206e-10,1.4985446881091157e-10,7.012839796700242e-13,3.6299435825602894e-10,1.392803804035775e-10,1.817201962170179e-13,1.7039738443773676e-10,1.4011632282815346e-12,7.744857371925374e-14,6.367619921250553e-11,6.563564163488093e-12,7.443453004854465e-14,6.572118266760291e-11,2.3025999099580297,5.859060984257826e-13,7.665894585784372e-10,1.2096279533579946e-10,1.6304959426019546e-13,1.531716975478048e-10,3.0460967082035495e-11,1.546897448856086,6.902438572404744,67.51901031074308,3.696990504108536e-13,1.6888537006032357e-09,7.544375695675286e-11,3.275245006841618e-13,3.010950627197258e-10,6.755764237071069e-11,0.0,0.0,0.0,0.0,0.0,0.0,6.797331017539344e-14,5.334843677928802e-11,1.1391776411073806e-11,0.18949999999994543,0.0,0.0,4.74487365707816,0.7403663425472695,3.595896913566321e-10,6.918765722349801e-14,6.255351792106012e-11,9.390710431489424e-12,1.9631263881127405,0.23336303168426742,0.1514108865621866,3.0336634733874512,6.521458928432367e-10,2.7232965258487902,0.0,0.0,0.0,1.0031028454748729e-13,2.3102408874819957e-11,1.8711254767822538e-11,2.4662579982029738e-14,2.694879313497272e-11,-2.2174819769576765e-11,1.044757272712344e-13,2.1817904427567925e-10,1.3834933199063926e-11,25.39534469452283,25.12198235676648,27.781187779565656,3.096045330427499e-13,2.255635678238832e-10,5.0544457508294727e-11,0.06218330290564979,0.049136499665906073,0.06108934974891666,0.07438325674962622,0.057155255184908986,0.03999292858503087,0.039792963942104846,0.03979296394210496,0.03979296394210494,0.05061026066020945,0.04694151030863507,0.05003613205129672,0.07670848820406323,0.07099473186981024,0.08967789735651988,0.03177288844991219,0.031772888449932216,0.0317728884499308,0.07520459598182114,0.05296132404182398,0.06899430128502723,0.07563700872208654,0.059955544020705125,0.07342945798023634,0.03654984029976442,0.03654984029976707,0.03654984029976619
