run_timestamp,optimization,total_cost,cap|battery|CH|0,cap|battery|CH|1,cap|battery|CH|2,cap|battery|DE|0,cap|battery|DE|1,cap|battery|DE|2,cap|battery|IT|0,cap|battery|IT|1,cap|battery|IT|2,cap|heat_pump|CH|0,cap|heat_pump|CH|1,cap|heat_pump|CH|2,cap|heat_pump|DE|0,cap|heat_pump|DE|1,cap|heat_pump|DE|2,cap|heat_pump|IT|0,cap|heat_pump|IT|1,cap|heat_pump|IT|2,cap|natural_gas_boiler|CH|0,cap|natural_gas_boiler|CH|1,cap|natural_gas_boiler|CH|2,cap|natural_gas_boiler|DE|0,cap|natural_gas_boiler|DE|1,cap|natural_gas_boiler|DE|2,cap|natural_gas_boiler|IT|0,cap|natural_gas_boiler|IT|1,cap|natural_gas_boiler|IT|2,cap|natural_gas_pipeline|CH-DE|0,cap|natural_gas_pipeline|CH-DE|1,cap|natural_gas_pipeline|CH-DE|2,cap|natural_gas_pipeline|CH-IT|0,cap|natural_gas_pipeline|CH-IT|1,cap|natural_gas_pipeline|CH-IT|2,cap|natural_gas_pipeline|DE-CH|0,cap|natural_gas_pipeline|DE-CH|1,cap|natural_gas_pipeline|DE-CH|2,cap|natural_gas_pipeline|IT-CH|0,cap|natural_gas_pipeline|IT-CH|1,cap|natural_gas_pipeline|IT-CH|2,cap|natural_gas_turbine|CH|0,cap|natural_gas_turbine|CH|1,cap|natural_gas_turbine|CH|2,cap|natural_gas_turbine|DE|0,cap|natural_gas_turbine|DE|1,cap|natural_gas_turbine|DE|2,cap|natural_gas_turbine|IT|0,cap|natural_gas_turbine|IT|1,cap|natural_gas_turbine|IT|2,cap|photovoltaics|CH|0,cap|photovoltaics|CH|1,cap|photovoltaics|CH|2,cap|photovoltaics|DE|0,cap|photovoltaics|DE|1,cap|photovoltaics|DE|2,cap|photovoltaics|IT|0,cap|photovoltaics|IT|1,cap|photovoltaics|IT|2,cap|power_line|CH-DE|0,cap|power_line|CH-DE|1,cap|power_line|CH-DE|2,cap|power_line|CH-IT|0,cap|power_line|CH-IT|1,cap|power_line|CH-IT|2,cap|power_line|DE-CH|0,cap|power_line|DE-CH|1,cap|power_line|DE-CH|2,cap|power_line|IT-CH|0,cap|power_line|IT-CH|1,cap|power_line|IT-CH|2,cap|reservoir_hydro|CH|0,cap|reservoir_hydro|CH|1,cap|reservoir_hydro|CH|2,cap|reservoir_hydro|DE|0,cap|reservoir_hydro|DE|1,cap|reservoir_hydro|DE|2,cap|reservoir_hydro|IT|0,cap|reservoir_hydro|IT|1,cap|reservoir_hydro|IT|2,cap|run-of-river_hydro|CH|0,cap|run-of-river_hydro|CH|1,cap|run-of-river_hydro|CH|2,cap|run-of-river_hydro|DE|0,cap|run-of-river_hydro|DE|1,cap|run-of-river_hydro|DE|2,cap|run-of-river_hydro|IT|0,cap|run-of-river_hydro|IT|1,cap|run-of-river_hydro|IT|2,cap|wind_offshore|CH|0,cap|wind_offshore|CH|1,cap|wind_offshore|CH|2,cap|wind_offshore|DE|0,cap|wind_offshore|DE|1,cap|wind_offshore|DE|2,cap|wind_offshore|IT|0,cap|wind_offshore|IT|1,cap|wind_offshore|IT|2,cap|wind_onshore|CH|0,cap|wind_onshore|CH|1,cap|wind_onshore|CH|2,cap|wind_onshore|DE|0,cap|wind_onshore|DE|1,cap|wind_onshore|DE|2,cap|wind_onshore|IT|0,cap|wind_onshore|IT|1,cap|wind_onshore|IT|2,sp|electricity|CH|year_0,sp|electricity|DE|year_0,sp|electricity|IT|year_0,sp|heat|CH|year_0,sp|heat|DE|year_0,sp|heat|IT|year_0,sp|natural_gas|CH|year_0,sp|natural_gas|DE|year_0,sp|natural_gas|IT|year_0,sp|electricity|CH|year_1,sp|electricity|DE|year_1,sp|electricity|IT|year_1,sp|heat|CH|year_1,sp|heat|DE|year_1,sp|heat|IT|year_1,sp|natural_gas|CH|year_1,sp|natural_gas|DE|year_1,sp|natural_gas|IT|year_1,sp|electricity|CH|year_2,sp|electricity|DE|year_2,sp|electricity|IT|year_2,sp|heat|CH|year_2,sp|heat|DE|year_2,sp|heat|IT|year_2,sp|natural_gas|CH|year_2,sp|natural_gas|DE|year_2,sp|natural_gas|IT|year_2
2026-06-08T09:22:39,total_cost,620760.206313804,1.074030313515653e-11,8.007900441499637e-11,-2.00744257485762e-11,2.580855324098711e-11,1.4786923407032257e-10,-8.639827019707175e-11,1.2598492081622311e-11,2.091767714382675e-09,-2.0329762298785365e-09,1.3638152953514988,4.44038041759001e-09,6.217351465667057e-11,7.599757907739539,27.090146046402737,37.01739250976621,2.4179483394425914e-11,31.475100368803336,31.53934329496039,7.052866919319534,1.7583977421364034,3.97412615185649,1.3569575491379065e-12,3.56874078146826e-10,3.990112627758362e-12,2.1944215175627544e-12,6.543445080849505e-10,4.982699127598968e-11,8.999305595682992e-11,4.3293461906047733e-10,3.961603033491744e-11,1.1597218481046488e-11,2.854697603959384e-10,8.528957877678334e-12,5.589300116593473e-11,1.090725839094851e-09,1.2874081993208177e-11,7.472068785286097e-11,9.67665457068771e-10,7.783622137997404e-12,2.506022678149506e-12,2.9195564130671174e-11,1.6084877546385266,1.4160557472029478e-12,1.527800746949304e-10,1.8380873313456724e-12,1.2291007640985737e-11,1.751533823441882e-10,7.36773055017403,4.167139196926998e-11,7.820178066754625e-10,2.878992701364224e-11,9.817250150314075e-12,3.185937423346179e-10,2.814924826992712e-12,5.500795867929089e-12,7.023896152453905,21.238820323461844,7.59124002517116e-12,1.720349076963497e-10,4.967336094618275e-11,9.360225549693403e-12,3.7274815263008787e-10,7.818155780157635e-12,0.0,0.0,0.0,0.0,0.0,0.0,1.4735365012403971e-12,4.0351808643771166e-11,1.029743197924659e-12,0.1894999999997763,0.0,0.0,5.485239999997485,0.0,0.0,1.664159576889066e-12,7.590154635935677e-11,7.424168382174047e-13,1.9631263881124754,0.23336303171867975,0.15141088653425352,5.756959999993056,0.0,0.0,0.0,0.0,0.0,6.829766330903007e-13,1.4687286659705353e-10,1.875555807963784e-12,3.0292355138940707e-13,1.76083752907155e-11,-1.746720765037836e-11,5.360357072286965e-13,1.769067817701239e-10,4.300374165013225e-12,25.395344694535115,30.826091137103756,22.077078999336788,6.686277314838177e-12,1.5480723228291297e-10,1.4550092171646737e-11,0.0609397377610537,0.04913649966590674,0.0575170509699863,0.0764441978726004,0.060093285937474504,0.03999292858503978,0.03979296394210344,0.039792963942104825,0.03979296394210476,0.05035575977700285,0.04578724159038756,0.049774482180351125,0.06808303349800354,0.06385188294059088,0.07329098305967995,0.03177288844987806,0.031772888449927754,0.03177288844992287,0.06142347252943798,0.05296132404192544,0.0617551246551151,0.06971614038541153,0.06460760241975746,0.08169319911524466,0.03654984029975406,0.036549840299763284,0.036549840299760196
2026-06-08T09:58:27,total_cost,620760.206313804,1.074030313515653e-11,8.007900441499637e-11,-2.00744257485762e-11,2.580855324098711e-11,1.4786923407032257e-10,-8.639827019707175e-11,1.2598492081622311e-11,2.091767714382675e-09,-2.0329762298785365e-09,1.3638152953514988,4.44038041759001e-09,6.217351465667057e-11,7.599757907739539,27.090146046402737,37.01739250976621,2.4179483394425914e-11,31.475100368803336,31.53934329496039,7.052866919319534,1.7583977421364034,3.97412615185649,1.3569575491379065e-12,3.56874078146826e-10,3.990112627758362e-12,2.1944215175627544e-12,6.543445080849505e-10,4.982699127598968e-11,8.999305595682992e-11,4.3293461906047733e-10,3.961603033491744e-11,1.1597218481046488e-11,2.854697603959384e-10,8.528957877678334e-12,5.589300116593473e-11,1.090725839094851e-09,1.2874081993208177e-11,7.472068785286097e-11,9.67665457068771e-10,7.783622137997404e-12,2.506022678149506e-12,2.9195564130671174e-11,1.6084877546385266,1.4160557472029478e-12,1.527800746949304e-10,1.8380873313456724e-12,1.2291007640985737e-11,1.751533823441882e-10,7.36773055017403,4.167139196926998e-11,7.820178066754625e-10,2.878992701364224e-11,9.817250150314075e-12,3.185937423346179e-10,2.814924826992712e-12,5.500795867929089e-12,7.023896152453905,21.238820323461844,7.59124002517116e-12,1.720349076963497e-10,4.967336094618275e-11,9.360225549693403e-12,3.7274815263008787e-10,7.818155780157635e-12,0.0,0.0,0.0,0.0,0.0,0.0,1.4735365012403971e-12,4.0351808643771166e-11,1.029743197924659e-12,0.1894999999997763,0.0,0.0,5.485239999997485,0.0,0.0,1.664159576889066e-12,7.590154635935677e-11,7.424168382174047e-13,1.9631263881124754,0.23336303171867975,0.15141088653425352,5.756959999993056,0.0,0.0,0.0,0.0,0.0,6.829766330903007e-13,1.4687286659705353e-10,1.875555807963784e-12,3.0292355138940707e-13,1.76083752907155e-11,-1.746720765037836e-11,5.360357072286965e-13,1.769067817701239e-10,4.300374165013225e-12,25.395344694535115,30.826091137103756,22.077078999336788,6.686277314838177e-12,1.5480723228291297e-10,1.4550092171646737e-11,0.0609397377610537,0.04913649966590674,0.0575170509699863,0.0764441978726004,0.060093285937474504,0.03999292858503978,0.03979296394210344,0.039792963942104825,0.03979296394210476,0.05035575977700285,0.04578724159038756,0.049774482180351125,0.06808303349800354,0.06385188294059088,0.07329098305967995,0.03177288844987806,0.031772888449927754,0.03177288844992287,0.06142347252943798,0.05296132404192544,0.0617551246551151,0.06971614038541153,0.06460760241975746,0.08169319911524466,0.03654984029975406,0.036549840299763284,0.036549840299760196
2026-06-08T10:15:43,total_cost,620760.206313804,1.074030313515653e-11,8.007900441499637e-11,-2.00744257485762e-11,2.580855324098711e-11,1.4786923407032257e-10,-8.639827019707175e-11,1.2598492081622311e-11,2.091767714382675e-09,-2.0329762298785365e-09,1.3638152953514988,4.44038041759001e-09,6.217351465667057e-11,7.599757907739539,27.090146046402737,37.01739250976621,2.4179483394425914e-11,31.475100368803336,31.53934329496039,7.052866919319534,1.7583977421364034,3.97412615185649,1.3569575491379065e-12,3.56874078146826e-10,3.990112627758362e-12,2.1944215175627544e-12,6.543445080849505e-10,4.982699127598968e-11,8.999305595682992e-11,4.3293461906047733e-10,3.961603033491744e-11,1.1597218481046488e-11,2.854697603959384e-10,8.528957877678334e-12,5.589300116593473e-11,1.090725839094851e-09,1.2874081993208177e-11,7.472068785286097e-11,9.67665457068771e-10,7.783622137997404e-12,2.506022678149506e-12,2.9195564130671174e-11,1.6084877546385266,1.4160557472029478e-12,1.527800746949304e-10,1.8380873313456724e-12,1.2291007640985737e-11,1.751533823441882e-10,7.36773055017403,4.167139196926998e-11,7.820178066754625e-10,2.878992701364224e-11,9.817250150314075e-12,3.185937423346179e-10,2.814924826992712e-12,5.500795867929089e-12,7.023896152453905,21.238820323461844,7.59124002517116e-12,1.720349076963497e-10,4.967336094618275e-11,9.360225549693403e-12,3.7274815263008787e-10,7.818155780157635e-12,0.0,0.0,0.0,0.0,0.0,0.0,1.4735365012403971e-12,4.0351808643771166e-11,1.029743197924659e-12,0.1894999999997763,0.0,0.0,5.485239999997485,0.0,0.0,1.664159576889066e-12,7.590154635935677e-11,7.424168382174047e-13,1.9631263881124754,0.23336303171867975,0.15141088653425352,5.756959999993056,0.0,0.0,0.0,0.0,0.0,6.829766330903007e-13,1.4687286659705353e-10,1.875555807963784e-12,3.0292355138940707e-13,1.76083752907155e-11,-1.746720765037836e-11,5.360357072286965e-13,1.769067817701239e-10,4.300374165013225e-12,25.395344694535115,30.826091137103756,22.077078999336788,6.686277314838177e-12,1.5480723228291297e-10,1.4550092171646737e-11,0.0609397377610537,0.04913649966590674,0.0575170509699863,0.0764441978726004,0.060093285937474504,0.03999292858503978,0.03979296394210344,0.039792963942104825,0.03979296394210476,0.05035575977700285,0.04578724159038756,0.049774482180351125,0.06808303349800354,0.06385188294059088,0.07329098305967995,0.03177288844987806,0.031772888449927754,0.03177288844992287,0.06142347252943798,0.05296132404192544,0.0617551246551151,0.06971614038541153,0.06460760241975746,0.08169319911524466,0.03654984029975406,0.036549840299763284,0.036549840299760196
2026-06-08T10:24:17,total_cost,620760.206313804,1.074030313515653e-11,8.007900441499637e-11,-2.00744257485762e-11,2.580855324098711e-11,1.4786923407032257e-10,-8.639827019707175e-11,1.2598492081622311e-11,2.091767714382675e-09,-2.0329762298785365e-09,1.3638152953514988,4.44038041759001e-09,6.217351465667057e-11,7.599757907739539,27.090146046402737,37.01739250976621,2.4179483394425914e-11,31.475100368803336,31.53934329496039,7.052866919319534,1.7583977421364034,3.97412615185649,1.3569575491379065e-12,3.56874078146826e-10,3.990112627758362e-12,2.1944215175627544e-12,6.543445080849505e-10,4.982699127598968e-11,8.999305595682992e-11,4.3293461906047733e-10,3.961603033491744e-11,1.1597218481046488e-11,2.854697603959384e-10,8.528957877678334e-12,5.589300116593473e-11,1.090725839094851e-09,1.2874081993208177e-11,7.472068785286097e-11,9.67665457068771e-10,7.783622137997404e-12,2.506022678149506e-12,2.9195564130671174e-11,1.6084877546385266,1.4160557472029478e-12,1.527800746949304e-10,1.8380873313456724e-12,1.2291007640985737e-11,1.751533823441882e-10,7.36773055017403,4.167139196926998e-11,7.820178066754625e-10,2.878992701364224e-11,9.817250150314075e-12,3.185937423346179e-10,2.814924826992712e-12,5.500795867929089e-12,7.023896152453905,21.238820323461844,7.59124002517116e-12,1.720349076963497e-10,4.967336094618275e-11,9.360225549693403e-12,3.7274815263008787e-10,7.818155780157635e-12,0.0,0.0,0.0,0.0,0.0,0.0,1.4735365012403971e-12,4.0351808643771166e-11,1.029743197924659e-12,0.1894999999997763,0.0,0.0,5.485239999997485,0.0,0.0,1.664159576889066e-12,7.590154635935677e-11,7.424168382174047e-13,1.9631263881124754,0.23336303171867975,0.15141088653425352,5.756959999993056,0.0,0.0,0.0,0.0,0.0,6.829766330903007e-13,1.4687286659705353e-10,1.875555807963784e-12,3.0292355138940707e-13,1.76083752907155e-11,-1.746720765037836e-11,5.360357072286965e-13,1.769067817701239e-10,4.300374165013225e-12,25.395344694535115,30.826091137103756,22.077078999336788,6.686277314838177e-12,1.5480723228291297e-10,1.4550092171646737e-11,0.0609397377610537,0.04913649966590674,0.0575170509699863,0.0764441978726004,0.060093285937474504,0.03999292858503978,0.03979296394210344,0.039792963942104825,0.03979296394210476,0.05035575977700285,0.04578724159038756,0.049774482180351125,0.06808303349800354,0.06385188294059088,0.07329098305967995,0.03177288844987806,0.031772888449927754,0.03177288844992287,0.06142347252943798,0.05296132404192544,0.0617551246551151,0.06971614038541153,0.06460760241975746,0.08169319911524466,0.03654984029975406,0.036549840299763284,0.036549840299760196
2026-06-08T10:31:59,profitability_bias (bias_weight=0.1),620834.0021200404,1.074030313515653e-11,1.097226223123773e-11,1.6598284558618003e-10,2.580855324098711e-11,1.0029437651848172e-11,1.5225216776358444e-10,1.2598492081622311e-11,1.464510562330723e-11,1.4597200960807934e-10,1.3638152953514988,0.5395892117341317,1.28589776963739e-10,7.599757907739539,27.09014604735355,37.01739250919116,2.4179483394425914e-11,31.475100369036166,31.53934329539436,7.052866919319534,1.2188085347501678,3.9741261519131004,1.3569575491379065e-12,1.6880541199572166e-11,1.3384049544399564e-11,2.1944215175627544e-12,2.771552064788573e-11,4.0991832903289866e-11,8.999305595682992e-11,3.104908596104303e-11,3.040086190968973e-11,1.1597218481046488e-11,3.839626455050706e-11,3.381043365275115e-11,5.589300116593473e-11,4.767996576774939e-11,3.079519478726981e-11,7.472068785286097e-11,2.952308027667395e-11,2.3971531097113515e-11,2.506022678149506e-12,4.671793988914252e-12,1.3975130107528393,1.4160557472029478e-12,3.866638536006874e-12,3.689120644334211e-12,1.2291007640985737e-11,3.92646813665177e-12,1.1926946240012142,4.167139196926998e-11,3.022337935476571e-11,2.4984458946164523e-12,9.817250150314075e-12,7.261746759468224e-12,9.535483513900544e-12,5.500795867929089e-12,7.216981332539163,76.67821877815767,7.59124002517116e-12,2.2685660965135275e-11,7.001106423632206e-11,9.360225549693403e-12,2.0947048817484726e-11,1.0014018943187414e-11,0.0,0.0,0.0,0.0,0.0,0.0,1.4735365012403971e-12,3.255173908200959e-12,2.303934820702125e-12,0.1894999999997763,0.0,0.0,5.485239999997485,0.0,0.0,1.664159576889066e-12,3.248512570053208e-12,2.34035013590983e-12,1.9631263881124754,0.23336303174212425,0.1514108865087711,5.756959999993056,0.0,0.0,0.0,0.0,0.0,6.829766330903007e-13,5.965006266706041e-12,5.066169705969514e-12,3.0292355138940707e-13,7.349773068566544e-13,4.5135456391354615e-13,5.360357072286965e-13,4.5492498657040414e-12,4.496687744381944e-12,25.395344694535115,30.826091143414757,22.077078993025566,6.686277314838177e-12,7.284839398380427e-12,1.2488676759403461e-11,0.0609397377610537,0.04913649966590674,0.0575170509699863,0.0764441978726004,0.060093285937474504,0.03999292858503978,0.03979296394210344,0.039792963942104825,0.03979296394210476,0.051844568364786875,0.045935445447377765,0.05009021106453471,0.07103804897304619,0.06459664439666704,0.0759815152420412,0.03177288844993343,0.031772888449934845,0.03177288844993471,0.0645414595538568,0.052961324055492406,0.06401702007999364,0.06843678858452086,0.064186673950988,0.07932304698574065,0.03654984029966363,0.03654984029974494,0.03654984029970961
2026-06-08T10:38:04,profitability_bias (bias_weight=0.3),620869.8201391622,1.074030313515653e-11,2.6677342855004538e-11,-2.0833821995049502e-11,2.580855324098711e-11,2.546621851204721e-11,-1.960293852255858e-11,1.2598492081622311e-11,3.460247115607535e-11,-2.863217381088767e-11,1.3638152953514988,0.5395892348024578,3.9741261519859403,7.599757907739539,27.090146047294443,37.01739250920634,2.4179483394425914e-11,31.475100368600238,31.53934329583115,7.052866919319534,1.2188085116954854,7.088571764892533e-12,1.3569575491379065e-12,2.424478910151227e-11,1.528788238643811e-13,2.1944215175627544e-12,3.5139681154690113e-11,5.437974355408141e-13,8.999305595682992e-11,2.78587672204381e-10,3.3364766164652458e-12,1.1597218481046488e-11,7.140605809102237e-11,1.8275428741016424e-12,5.589300116593473e-11,7.620194057416994e-11,1.7437454891114736e-12,7.472068785286097e-11,1.2211575183243995e-10,1.670735829976587e-12,2.506022678149506e-12,2.3902925699434798e-11,1.7982046656773591,1.4160557472029478e-12,1.1444819697313687e-11,4.11249168649159e-14,1.2291007640985737e-11,1.8325648795884646e-11,1.0671135314573181,4.167139196926998e-11,1.0438849784577542e-10,8.832934383917745e-13,9.817250150314075e-12,1.645616976020392e-11,7.034373084024992e-13,5.500795867929089e-12,7.216981339945214,83.13184282215954,7.59124002517116e-12,5.789897176061454e-11,2.4764919963584015e-13,9.360225549693403e-12,1.0705556423797387e-10,3.2668289921805147e-13,0.0,0.0,0.0,0.0,0.0,0.0,1.4735365012403971e-12,7.58948459633757e-12,7.283063041541027e-14,0.1894999999997763,0.0,0.0,5.485239999997485,0.0,0.0,1.664159576889066e-12,6.023181953196399e-12,8.08242361927114e-14,1.9631263881124754,0.23336303173961737,0.15141088651458556,5.756959999993056,0.0,0.0,0.0,0.0,0.0,6.829766330903007e-13,1.5837997580092633e-11,1.652011860642233e-13,3.0292355138940707e-13,2.2273142546936318e-12,-2.509703193478298e-12,5.360357072286965e-13,7.1599115525344814e-12,2.0595192218308966e-12,25.395344694535115,25.121982340030982,27.781187796430373,6.686277314838177e-12,2.0451196292015084e-11,6.741274205523951e-13,0.0609397377610537,0.04913649966590674,0.0575170509699863,0.0764441978726004,0.060093285937474504,0.03999292858503978,0.03979296394210344,0.039792963942104825,0.03979296394210476,0.05543566126942877,0.04634149751154911,0.0507216688328342,0.07349328734691013,0.06319727451010394,0.0781430977042165,0.031772888449903905,0.03177288844993134,0.03177288844992865,0.06947231500560921,0.05296132404182286,0.06896830123759937,0.07721230830443307,0.06620785991188156,0.07994506696437141,0.03654984029976753,0.03654984029976763,0.0365498402997676
2026-06-08T10:41:10,profitability_bias (bias_weight=0.5),620993.7927563994,1.074030313515653e-11,2.1224838927211745e-11,-1.904517162179548e-11,2.580855324098711e-11,8.072160408827375e-12,-6.160287021418198e-12,1.2598492081622311e-11,2.1538815849032626e-11,-1.9281284232975518e-11,1.3638152953514988,0.5395904475528233,3.974126151960225,7.599757907739539,27.090146047233443,37.01739250927809,2.4179483394425914e-11,31.475100368973337,31.53934329547224,7.052866919319534,1.218807298977424,2.7126773814171143e-13,1.3569575491379065e-12,1.3919157016195481e-11,4.623076996029356e-14,2.1944215175627544e-12,2.0435211087744273e-11,1.0250772471670296e-13,8.999305595682992e-11,6.687571015827924e-11,2.7175864874956143e-13,1.1597218481046488e-11,6.130710260563888e-11,2.520967108185837e-13,5.589300116593473e-11,6.776795449081375e-11,2.718363427722196e-13,7.472068785286097e-11,5.615098760852496e-11,2.523823703948875e-13,2.506022678149506e-12,4.3805264217293194e-12,2.7621808248724515,1.4160557472029478e-12,1.4352537846779362e-12,1.1903236902807344e-14,1.2291007640985737e-11,2.863344631675475e-12,0.14008397877169673,4.167139196926998e-11,7.807221535927056e-11,1.7985612998927536e-13,9.817250150314075e-12,1.1681322575896047e-11,5.684341886080802e-14,5.500795867929089e-12,2.5151081217700266e-10,89.80367642824126,7.59124002517116e-12,4.3625288393702134e-11,1.3691577975145216e-13,9.360225549693403e-12,2.9395844412710705e-11,1.2246666903243432e-13,0.0,0.0,0.0,0.0,0.0,0.0,1.4735365012403971e-12,5.6763482803035e-12,2.220446049250313e-14,0.1894999999997763,0.0,0.0,5.485239999997485,0.0,0.0,1.664159576889066e-12,4.305444889496357e-12,1.7763568394002505e-14,1.9631263881124754,0.2333630317408839,0.1514108865133852,5.756959999993056,0.0,0.0,0.0,0.0,0.0,6.829766330903007e-13,5.830003146911622e-12,3.375077994860476e-14,3.0292355138940707e-13,1.3511360184174562e-12,-1.647371446753026e-12,5.360357072286965e-13,4.862540925465453e-12,2.470940119181364e-14,25.395344694535115,25.121982335106935,27.781187801357675,6.686277314838177e-12,9.965361869035405e-12,1.1546319456101628e-13,0.0609397377610537,0.04913649966590674,0.0575170509699863,0.0764441978726004,0.060093285937474504,0.03999292858503978,0.03979296394210344,0.039792963942104825,0.03979296394210476,0.05889608151541411,0.0469415103086415,0.050963781990870455,0.07478353624398427,0.06377307241531163,0.08246665919963041,0.03177288844991464,0.03177288844993262,0.03177288844993103,0.07239791949453735,0.052961324041820315,0.07367714315550906,0.0767609300492677,0.06636571256961064,0.07984321980424715,0.03654984029976747,0.03654984029976764,0.036549840299767586
2026-06-08T10:45:24,profitability_bias (bias_weight=0.7),620995.36090267,1.074030313515653e-11,1.9659033432552381e-10,6.3977839443872e-10,2.580855324098711e-11,1.061359389666134e-10,6.044087610720782e-10,1.2598492081622311e-11,7.968371350190956e-11,7.858810646798189e-10,1.3638152953514988,0.5395892124962546,3.974126151949387,7.599757907739539,27.09014604714365,37.01739250934701,2.4179483394425914e-11,31.475100368955587,31.539343295440965,7.052866919319534,1.2188085340257033,4.773724979810378e-11,1.3569575491379065e-12,5.203248656440896e-11,1.4508208562430726e-11,2.1944215175627544e-12,6.338344082030111e-11,2.71663504972712e-11,8.999305595682992e-11,8.725169870577108e-10,1.0095162738031345e-10,1.1597218481046488e-11,1.5816975943376587e-09,9.289120302566009e-11,5.589300116593473e-11,9.518246936670562e-10,1.0035577948463251e-10,7.472068785286097e-11,1.6044941646407513e-09,9.357567391718265e-11,2.506022678149506e-12,3.179802002202948e-11,2.9061997065830374,1.4160557472029478e-12,6.7696681535032e-11,3.666612776098934e-12,1.2291007640985737e-11,2.758499269168008e-11,7.367454696764693e-10,4.167139196926998e-11,4.055173974393256e-10,7.895950560055098e-11,9.817250150314075e-12,6.573941391252447e-11,1.8339108009968186e-11,5.500795867929089e-12,4.3946357664026436e-10,89.8036745359386,7.59124002517116e-12,1.9409199558645194e-09,3.8263882920828306e-11,9.360225549693403e-12,2.727606477970479e-10,4.596174011895203e-11,0.0,0.0,0.0,0.0,0.0,0.0,1.4735365012403971e-12,2.3569590723582223e-11,7.51843032276156e-12,0.1894999999997763,0.0,0.0,5.485239999997485,0.0,0.0,1.664159576889066e-12,3.511146928758535e-11,6.198153101877324e-12,1.9631263881124754,0.2333630317328126,0.1514108865168935,5.756959999993056,0.0,0.0,0.0,0.0,0.0,6.829766330903007e-13,1.0049383547539037e-10,1.1249667863921786e-11,3.0292355138940707e-13,7.831322178169346e-12,-5.863922493895905e-12,5.360357072286965e-13,3.018006677901752e-11,8.616177216147491e-12,25.395344694535115,25.12198232748004,27.78118780888657,6.686277314838177e-12,1.2447287645045435e-10,3.126388037344441e-11,0.0609397377610537,0.04913649966590674,0.0575170509699863,0.0764441978726004,0.060093285937474504,0.03999292858503978,0.03979296394210344,0.039792963942104825,0.03979296394210476,0.06226813136629855,0.04754152310573613,0.05096378199091429,0.0785454601928222,0.06452658063636371,0.08843544051923523,0.03177288844989589,0.0317728884499304,0.031772888449927345,0.07367011744972105,0.05296132404903756,0.0753538363462507,0.07789866826474832,0.06507375794985233,0.07816684705469656,0.03654984029951698,0.03654984029974449,0.03654984029969139
2026-06-08T10:48:13,profitability_bias (bias_weight=0.9),621047.3896846854,1.074030313515653e-11,2.0243942571232602e-12,2.0021669068103302e-10,2.580855324098711e-11,3.6617610935101266e-11,1.2130035017485597e-10,1.2598492081622311e-11,3.7214044826525314e-12,2.0429357687879417e-10,1.3638152953514988,0.5395892119364498,3.974126151989158,7.599757907739539,27.090146047184223,37.0173925093575,2.4179483394425914e-11,31.475100368963645,31.539343295514698,7.052866919319534,1.218808534547348,2.717147880608534e-11,1.3569575491379065e-12,1.4162027289629073e-12,2.625780392291056e-12,2.1944215175627544e-12,1.0609553116332733e-12,5.112936061915989e-12,8.999305595682992e-11,5.623923887597829e-12,3.5928245825875e-11,1.1597218481046488e-11,1.2558958831116379e-10,2.7140004929212593e-11,5.589300116593473e-11,3.0800225438125156e-11,2.9985175501204984e-11,7.472068785286097e-11,3.953104888746996e-11,2.6356123936301527e-11,2.506022678149506e-12,9.556203783818378e-13,2.90619970405399,1.4160557472029478e-12,1.890054121884228e-12,9.55680122543219e-13,1.2291007640985737e-11,1.1551497205121035e-12,3.5320208468436143e-09,4.167139196926998e-11,1.2576162333743923e-11,1.8496759679464958e-11,9.817250150314075e-12,1.9966250874858815e-12,5.6061821851471905e-12,5.500795867929089e-12,2.6130209107577684e-11,89.80367453197286,7.59124002517116e-12,0.5777107275971914,1.1526839776781524e-11,9.360225549693403e-12,4.060886146232055e-12,9.877165358235758e-12,0.0,0.0,0.0,0.0,0.0,0.0,1.4735365012403971e-12,8.562039965909207e-13,1.7896795156957523e-12,0.1894999999997763,0.0,0.0,5.485239999997485,0.0,0.0,1.664159576889066e-12,1.4268586312482512e-12,1.3153922395758855e-12,1.9631263881124754,0.23336303174423234,0.15141088650919654,5.756959999993056,0.0,0.0,0.0,0.0,0.0,6.829766330903007e-13,6.321165813005791e-12,2.438937940496544e-12,3.0292355138940707e-13,-4.789393762275661e-15,1.5195688224975128e-13,5.360357072286965e-13,2.598379844620524e-12,1.6483550635548738e-12,25.395344694535115,21.103412420704004,31.799757715731957,6.686277314838177e-12,5.000444502911705e-12,9.897860309138196e-12,0.0609397377610537,0.04913649966590674,0.0575170509699863,0.0764441978726004,0.060093285937474504,0.03999292858503978,0.03979296394210344,0.039792963942104825,0.03979296394210476,0.06605226415913097,0.04814153590282634,0.05096378199082289,0.08039916999501484,0.06392619848235323,0.0947855675855271,0.031772888449935,0.031772888449935026,0.031772888449935026,0.07897590711448119,0.052961324626758934,0.08074675309224738,0.07860167373297208,0.06371725970757834,0.07445519058349734,0.03654984029976104,0.03654984029976793,0.03654984029976582
2026-06-08T10:50:18,profitability_bias (bias_weight=1.0),621253.272982314,1.074030313515653e-11,3.7765081666453033e-13,3.776183654656703e-12,2.580855324098711e-11,3.639471240504604e-13,2.7363745804663336e-12,1.2598492081622311e-11,6.08835382503702e-13,3.628330895271655e-12,1.3638152953514988,0.5395892119455343,3.9741261520175444,7.599757907739539,27.090146047224145,37.01739250927515,2.4179483394425914e-11,31.4751003689836,31.53934329549494,7.052866919319534,1.2188085345369406,1.37861220922283e-12,1.3569575491379065e-12,2.6459797509087122e-14,5.23802475562122e-14,2.1944215175627544e-12,2.5780436479189734e-14,2.307034165467457e-13,8.999305595682992e-11,1.6527985443705943e-13,4.480049907007519e-13,1.1597218481046488e-11,2.2709655760805817e-12,1.4042989743899042e-12,5.589300116593473e-11,6.730996848448002e-13,2.4524656507884577e-12,7.472068785286097e-11,1.1728038277025614e-12,3.4697387869291067e-12,2.506022678149506e-12,1.109916413257781e-14,2.906199707794343,1.4160557472029478e-12,8.336153147472525e-14,1.2764921304359172e-13,1.2291007640985737e-11,2.096139115287438e-14,6.601335778198073e-12,4.167139196926998e-11,1.567634910770721e-13,6.014744258209248e-12,9.817250150314075e-12,2.3447910280083306e-13,3.623767952376511e-13,5.500795867929089e-12,1.8829382497642655e-13,89.80367453031536,7.59124002517116e-12,2.3382565947419898,3.5099380649659805e-13,9.360225549693403e-12,8.392496346717452e-14,2.021955146966681e-13,0.0,0.0,0.0,0.0,0.0,0.0,1.4735365012403971e-12,2.4868995751603507e-14,4.618527782440651e-14,0.1894999999997763,0.0,0.0,5.485239999997485,0.0,0.0,1.664159576889066e-12,1.8829382497642655e-13,2.7977620220553945e-14,1.9631263881124754,0.2333630317444526,0.15141088650981338,5.756959999993056,0.0,0.0,0.0,0.0,0.0,6.829766330903007e-13,2.7533531010703882e-14,5.3290705182007514e-14,3.0292355138940707e-13,-2.963500060309229e-13,-2.940323721397691e-13,5.360357072286965e-13,3.6484704146744207e-14,4.749672877224498e-14,25.395344694535115,8.857012419956561,44.04615771650743,6.686277314838177e-12,2.717825964282383e-13,7.647216193618078e-13,0.0609397377610537,0.04913649966590674,0.0575170509699863,0.0764441978726004,0.060093285937474504,0.03999292858503978,0.03979296394210344,0.039792963942104825,0.03979296394210476,0.06792743063491088,0.04842748326136407,0.05096378199082284,0.08432245320628128,0.06724933292808215,0.09604455100334737,0.031772888449935026,0.03177288844993504,0.03177288844993504,0.07884207154821514,0.05296132404186687,0.08060915861119386,0.07888966939074009,0.06431334320043212,0.07409154638480299,0.036549840299767634,0.03654984029976765,0.03654984029976765
2026-06-08T11:38:47,profitability_bias (bias_weight=1.5),621453.9363064758,1.074030313515653e-11,5.697272923199324e-13,1.4193258069540535e-11,2.580855324098711e-11,5.697842030891198e-13,1.1402321968846708e-11,1.2598492081622311e-11,5.720769798824937e-13,1.4427481757442613e-11,1.3638152953514988,0.5396000567856672,1.826765239559265e-11,7.599757907739539,27.090146047224895,37.017392509301395,2.4179483394425914e-11,31.475100368985874,31.53934329548233,7.052866919319534,1.2187976896977313,3.9741261519901094,1.3569575491379065e-12,1.4944404684449583e-13,1.6119923529181063e-13,2.1944215175627544e-12,1.96169184751631e-13,2.498984018443243e-13,8.999305595682992e-11,1.8075283833507493e-12,1.7116630621954e-12,1.1597218481046488e-11,1.6846034569415867e-12,1.5853313676051813e-12,5.589300116593473e-11,1.8131704391857649e-12,1.707396270576535e-12,7.472068785286097e-11,1.6850558318409122e-12,1.5904733837436534e-12,2.506022678149506e-12,1.3821207277072695e-13,2.728118220095357,1.4160557472029478e-12,5.845846281952095e-14,3.256702427914403e-14,1.2291007640985737e-11,5.36970654255018e-14,1.020461198820728e-13,4.167139196926998e-11,1.1994849558050191e-12,20.838105993025682,9.817250150314075e-12,1.9184653865522705e-13,2.3447910280083306e-13,5.500795867929089e-12,9.059419880941277e-13,68.0561469122242,7.59124002517116e-12,2.338251557809319,9.483322707647405e-13,9.360225549693403e-12,8.177106110642862e-13,2.6673667870716973e-12,0.0,0.0,0.0,0.0,0.0,0.0,1.4735365012403971e-12,1.1368683772161603e-13,1.234568003383174e-13,0.1894999999997763,0.0,0.0,5.485239999997485,0.0,0.0,1.664159576889066e-12,8.926193117986259e-14,9.681144774731365e-14,1.9631263881124754,0.23336303174440776,0.15141088650982226,5.756959999993056,0.0,0.0,0.0,0.0,0.0,6.829766330903007e-13,1.1457501614131615e-13,1.474376176702208e-13,3.0292355138940707e-13,-2.7392619995163356e-13,-2.734841249876646e-13,5.360357072286965e-13,1.1661505094906488e-13,1.2241596625273132e-13,25.395344694535115,8.857047457006985,44.04612267945658,6.686277314838177e-12,2.2026824808563106e-13,3.526068326209497e-13,0.0609397377610537,0.04913649966590674,0.0575170509699863,0.0764441978726004,0.060093285937474504,0.03999292858503978,0.03979296394210344,0.039792963942104825,0.03979296394210476,0.07765322653374296,0.04992751525408967,0.05096378199083098,0.08795870837244042,0.06718313145117044,0.10810376397318235,0.03177288844993168,0.03177288844993464,0.031772888449934374,0.07271386649501538,0.05291356886134193,0.07607739596828939,0.07518010796905052,0.06565964231569306,0.05655663930067635,0.03654984029973323,0.03654984029976033,0.036549840299754915
2026-06-08T11:49:07,profitability_bias (bias_weight=1.2),621253.2729827331,1.074030313515653e-11,8.398839074627828e-16,1.2400626215429743e-10,2.580855324098711e-11,1.7854347853775147e-15,7.557816165739222e-11,1.2598492081622311e-11,4.403947312039979e-15,1.2383929944334425e-10,1.3638152953514988,0.5395892119461689,3.9741261519692923,7.599757907739539,27.09014604722378,37.01739250930246,2.4179483394425914e-11,31.475100368983234,31.539343295489893,7.052866919319534,1.2188085345362412,3.6988899191129255e-11,1.3569575491379065e-12,2.712142030667839e-16,1.2025184701203936e-12,2.1944215175627544e-12,3.7093544171550485e-16,4.037277740895852e-12,8.999305595682992e-11,2.7328344792808395e-15,1.0553398970464525e-11,1.1597218481046488e-11,4.9524402699592944e-15,1.95939744454209e-11,5.589300116593473e-11,5.653483643120367e-15,1.9805179727074875e-11,7.472068785286097e-11,5.852365684926254e-15,1.6367762613892684e-11,2.506022678149506e-12,5.945565328504037e-16,2.906199707719794,1.4160557472029478e-12,6.570279915743704e-16,2.2589641914026696e-13,1.2291007640985737e-11,8.950426182383413e-17,1.178503561620506e-11,4.167139196926998e-11,3.9968028886505635e-15,3.726401409664959e-10,9.817250150314075e-12,0.0,1.6555645743210334e-12,5.500795867929089e-12,1.4210854715202004e-14,89.80367453118863,7.59124002517116e-12,2.338256594745233,1.0125737124376316e-11,9.360225549693403e-12,1.1864960585766314e-15,5.148327880400058e-12,0.0,0.0,0.0,0.0,0.0,0.0,1.4735365012403971e-12,0.0,1.3775647289548942e-12,0.1894999999997763,0.0,0.0,5.485239999997485,0.0,0.0,1.664159576889066e-12,4.440892098500626e-16,6.656897255652439e-13,1.9631263881124754,0.23336303174445927,0.15141088650943857,5.756959999993056,0.0,0.0,0.0,0.0,0.0,6.829766330903007e-13,0.0,1.6466827901240322e-12,3.0292355138940707e-13,-3.0285266936949637e-13,-1.048766621681714e-13,5.360357072286965e-13,3.7470027081099033e-16,1.2452538999951912e-12,25.395344694535115,8.857012419935927,44.04615771651965,6.686277314838177e-12,1.7763568394002505e-15,6.752820524980052e-12,0.0609397377610537,0.04913649966590674,0.0575170509699863,0.0764441978726004,0.060093285937474504,0.03999292858503978,0.03979296394210344,0.039792963942104825,0.03979296394210476,0.07181774899444977,0.049027496058457284,0.050963781990822826,0.08701247788123524,0.06688863271979828,0.10024280228388892,0.03177288844993504,0.03177288844993504,0.03177288844993504,0.07736606410347023,0.05296132404222871,0.07909168978139819,0.07805571166868934,0.06507581934438185,0.06780796365244604,0.03654984029976653,0.0365498402997675,0.03654984029976732
2026-06-08T11:51:09,profitability_bias (bias_weight=2),622648.3235813932,1.074030313515653e-11,1.551141644179518e-14,3.7509910570507513e-10,2.580855324098711e-11,1.7535759455616354e-14,3.430970383737167e-10,1.2598492081622311e-11,1.5705993615643634e-14,3.8636506444199835e-10,1.3638152953514988,0.5396000594773639,1.818536755601712e-11,7.599757907739539,27.090146047223925,37.01739250930657,2.4179483394425914e-11,31.475100368983522,45.14967576494355,7.052866919319534,1.218797687005067,3.974126152064177,1.3569575491379065e-12,3.093353106007378e-15,4.780657034645118e-12,2.1944215175627544e-12,4.041724962007864e-15,2.5909635531078947e-11,8.999305595682992e-11,5.203041743738903e-14,3.1498794752400535e-11,1.1597218481046488e-11,5.49892564259326e-14,2.583559792332024e-10,5.589300116593473e-11,6.084865498073709e-14,1.5547326578411503e-10,7.472068785286097e-11,4.7544979790412883e-14,4.2618872113933054e-10,2.506022678149506e-12,3.750918653281859e-15,3.677085762033141,1.4160557472029478e-12,1.3471459900123549e-15,3.341811035563629e-12,1.2291007640985737e-11,1.2456974289646415e-15,1.5446652752126407e-11,4.167139196926998e-11,2.7977620220553945e-14,56.079220094039606,9.817250150314075e-12,7.105427357601002e-15,3.962696837334079e-11,5.500795867929089e-12,1.7763568394002505e-14,59.83430980644475,7.59124002517116e-12,2.338251556532167,1.841350322312633e-11,9.360225549693403e-12,2.311240213655661e-14,3.6949982472625247,0.0,0.0,0.0,0.0,0.0,0.0,1.4735365012403971e-12,2.6645352591003757e-15,5.439204642243567e-12,0.1894999999997763,0.0,0.0,5.485239999997485,0.0,0.0,1.664159576889066e-12,2.220446049250313e-15,2.7613467068476893e-12,1.9631263881124754,0.23336303174445794,0.1514108865089967,5.756959999993056,0.0,0.0,0.0,0.0,0.0,6.829766330903007e-13,2.6645352591003757e-15,1.262545623603728e-11,3.0292355138940707e-13,-3.0225262767935725e-13,3.585988253915419e-13,5.360357072286965e-13,2.9559688030644793e-15,1.7362389304054204e-11,25.395344694535115,8.857047465869684,44.04612267057478,6.686277314838177e-12,7.105427357601002e-15,5.515676804179748e-11,0.0609397377610537,0.04913649966590674,0.0575170509699863,0.0764441978726004,0.060093285937474504,0.03999292858503978,0.03979296394210344,0.039792963942104825,0.03979296394210476,0.08737902243260474,0.05142754724682988,0.05096378199082304,0.09476045029160156,0.07154035518708259,0.12037625450894211,0.03177288844993494,0.031772888449935026,0.031772888449935026,0.061350872243459,0.05291356886307515,0.06492526673956074,0.062118050988282346,0.06457563651206442,0.03630529647706767,0.03654984029973632,0.03654984029975876,0.03642887089034953
2026-06-08T11:56:06,profitability_bias (bias_weight=5.0),564765.7899498191,1.074030313515653e-11,1.4252884575268443e-12,,2.580855324098711e-11,9.889790613476958e-13,,1.2598492081622311e-11,1.0233219519046315e-12,,1.3638152953514988,0.5396000614117307,,7.599757907739539,27.09014604722559,,2.4179483394425914e-11,31.47510036898441,,7.052866919319534,1.218797685071266,,1.3569575491379065e-12,8.826293357529711e-14,,2.1944215175627544e-12,1.0588015507276051e-13,,8.999305595682992e-11,3.147541636427884e-12,,1.1597218481046488e-11,2.9119310626704035e-12,,5.589300116593473e-11,3.711812757677699e-12,,7.472068785286097e-11,3.075229910423607e-12,,2.506022678149506e-12,5.053169006655834e-13,,1.4160557472029478e-12,7.813159416294054e-14,,1.2291007640985737e-11,3.540873535799585e-14,,4.167139196926998e-11,8.824052599720744e-13,,9.817250150314075e-12,1.5631940186722204e-13,,5.500795867929089e-12,4.476419235288631e-13,,7.59124002517116e-12,2.33825155491669,,9.360225549693403e-12,1.8716544697443018e-12,,0.0,0.0,,0.0,0.0,,1.4735365012403971e-12,1.5631940186722204e-13,,0.1894999999997763,0.0,,5.485239999997485,0.0,,1.664159576889066e-12,9.237055564881302e-14,,1.9631263881124754,0.2333630317444242,,5.756959999993056,0.0,,0.0,0.0,,6.829766330903007e-13,9.592326932761353e-14,,3.0292355138940707e-13,-2.7850634254111224e-13,,5.360357072286965e-13,1.1626810625386952e-13,,25.395344694535115,8.857047477089083,,6.686277314838177e-12,2.5224267119483557e-13,,0.0609397377610537,0.04913649966590674,0.0575170509699863,0.0764441978726004,0.060093285937474504,0.03999292858503978,0.03979296394210344,0.039792963942104825,0.03979296394210476,0.1457337978256862,0.060427739203227235,0.05096378199082366,0.11980567062145399,0.07616444394126119,0.17879785473458965,0.03177288844993469,0.031772888449935,0.03177288844993498,,,,,,,,,
2026-06-08T11:57:59,profitability_bias (bias_weight=10.0),564765.837584446,1.074030313515653e-11,3.2992941184954747e-12,,2.580855324098711e-11,2.1856536909538882e-11,,1.2598492081622311e-11,1.8305999452165824e-12,,1.3638152953514988,0.5397174713320256,,7.599757907739539,27.09014604721011,,2.4179483394425914e-11,31.475100368975806,,7.052866919319534,1.218680275152963,,1.3569575491379065e-12,2.309079765529114e-13,,2.1944215175627544e-12,1.1505136072925895e-13,,8.999305595682992e-11,2.0890680148430313e-11,,1.1597218481046488e-11,6.028339917062222e-11,,5.589300116593473e-11,2.3894134331680713e-11,,7.472068785286097e-11,2.8673415944489283e-11,,2.506022678149506e-12,6.09063971853195e-13,,1.4160557472029478e-12,8.40035775549197e-13,,1.2291007640985737e-11,5.425363300597062e-14,,4.167139196926998e-11,9.872103134966892e-13,,9.817250150314075e-12,1.4992451724538114e-12,,5.500795867929089e-12,1.3571366253017914e-12,,7.59124002517116e-12,2.338153059815974,,9.360225549693403e-12,4.955188375797398e-12,,0.0,0.0,,0.0,0.0,,1.4735365012403971e-12,1.616484723854228e-13,,0.1894999999997763,0.0,,5.485239999997485,0.0,,1.664159576889066e-12,3.1175062531474396e-13,,1.9631263881124754,0.23336303174442108,,5.756959999993056,0.0,,0.0,0.0,,6.829766330903007e-13,3.7481129311345285e-13,,3.0292355138940707e-13,-2.5201908210742016e-13,,5.360357072286965e-13,2.961658696065683e-13,,25.395344694535115,8.857732611450672,,6.686277314838177e-12,7.762679388179095e-13,,0.0609397377610537,0.04913649966590674,0.0575170509699863,0.0764441978726004,0.060093285937474504,0.03999292858503978,0.03979296394210344,0.039792963942104825,0.03979296394210476,0.24299175681411908,0.07542805913053824,0.05096378199084451,0.16723764009817219,0.08787178481860868,0.2889473021301602,0.03177288844992614,0.03177288844993399,0.03177288844993327,,,,,,,,,
2026-06-08T16:14:37,profitability_bias (bias_weight=0.3),620869.8201285785,1.074030313515653e-11,3.9421375747393154e-13,9.249747152190898e-11,2.580855324098711e-11,2.130714558547304e-13,9.298096375486238e-11,1.2598492081622311e-11,6.777442088079973e-13,9.423497702847115e-11,1.3638152953514988,0.5395892119473242,3.9741261519003612,7.599757907739539,27.09014604722509,37.017392509302745,2.4179483394425914e-11,31.47510036898676,31.53934329547298,7.052866919319534,1.2188085345353468,1.1243846228741558e-10,1.3569575491379065e-12,2.0070013967972277e-13,2.4320680926711146e-12,2.1944215175627544e-12,2.6983485599188244e-13,8.637863462628474e-12,8.999305595682992e-11,5.3078680789230504e-12,5.282319857397777e-11,1.1597218481046488e-11,5.491262399042692e-13,2.8966422428976425e-11,5.589300116593473e-11,5.804272189041503e-13,2.7654483778000204e-11,7.472068785286097e-11,2.1078277129261368e-12,2.64807671651834e-11,2.506022678149506e-12,2.0872380607665176e-13,1.7982046634264612,1.4160557472029478e-12,2.0682526962480778e-13,6.540400178229229e-13,1.2291007640985737e-11,3.4857878942263515e-13,1.0671135321520104,4.167139196926998e-11,1.0911271886016038e-12,1.4015455462867976e-11,9.817250150314075e-12,1.4210854715202004e-13,1.113420466936077e-11,5.500795867929089e-12,7.216981332440106,83.13184279284368,7.59124002517116e-12,8.717331630370209e-13,3.949314950442611e-12,9.360225549693403e-12,2.1076610484363384e-12,5.195612136652042e-12,0.0,0.0,0.0,0.0,0.0,0.0,1.4735365012403971e-12,6.927791673660977e-14,1.163513729807164e-12,0.1894999999997763,0.0,0.0,5.485239999997485,0.0,0.0,1.664159576889066e-12,5.595524044110789e-14,1.2865264409356314e-12,1.9631263881124754,0.23336303174442152,0.15141088650858814,5.756959999993056,0.0,0.0,0.0,0.0,0.0,6.829766330903007e-13,2.7711166694643907e-13,2.6210145165350696e-12,3.0292355138940707e-13,-2.7212225441964433e-13,7.962717449947507e-14,5.360357072286965e-13,5.3484994211316916e-14,3.272071502635754e-11,25.395344694535115,25.121982334103237,27.781187802305425,6.686277314838177e-12,2.9665159217984183e-13,1.0698109065288008e-11,0.0609397377610537,0.04913649966590674,0.0575170509699863,0.0764441978726004,0.060093285937474504,0.03999292858503978,0.03979296394210344,0.039792963942104825,0.03979296394210476,0.055435661269290386,0.04634149751154678,0.05072166883284834,0.074375989846059,0.06450732890226593,0.07947576237671138,0.03177288844993459,0.031772888449934984,0.03177288844993495,0.06947231499680206,0.05296132404231444,0.06896830123096663,0.07721976295066424,0.06624069181384235,0.07998408187992934,0.03654984029976426,0.03654984029976718,0.03654984029976639
2026-06-08T16:19:36,profitability_bias (bias_weight=0.3),620869.8201285785,1.074030313515653e-11,3.9421375747393154e-13,9.249747152190898e-11,2.580855324098711e-11,2.130714558547304e-13,9.298096375486238e-11,1.2598492081622311e-11,6.777442088079973e-13,9.423497702847115e-11,1.3638152953514988,0.5395892119473242,3.9741261519003612,7.599757907739539,27.09014604722509,37.017392509302745,2.4179483394425914e-11,31.47510036898676,31.53934329547298,7.052866919319534,1.2188085345353468,1.1243846228741558e-10,1.3569575491379065e-12,2.0070013967972277e-13,2.4320680926711146e-12,2.1944215175627544e-12,2.6983485599188244e-13,8.637863462628474e-12,8.999305595682992e-11,5.3078680789230504e-12,5.282319857397777e-11,1.1597218481046488e-11,5.491262399042692e-13,2.8966422428976425e-11,5.589300116593473e-11,5.804272189041503e-13,2.7654483778000204e-11,7.472068785286097e-11,2.1078277129261368e-12,2.64807671651834e-11,2.506022678149506e-12,2.0872380607665176e-13,1.7982046634264612,1.4160557472029478e-12,2.0682526962480778e-13,6.540400178229229e-13,1.2291007640985737e-11,3.4857878942263515e-13,1.0671135321520104,4.167139196926998e-11,1.0911271886016038e-12,1.4015455462867976e-11,9.817250150314075e-12,1.4210854715202004e-13,1.113420466936077e-11,5.500795867929089e-12,7.216981332440106,83.13184279284368,7.59124002517116e-12,8.717331630370209e-13,3.949314950442611e-12,9.360225549693403e-12,2.1076610484363384e-12,5.195612136652042e-12,0.0,0.0,0.0,0.0,0.0,0.0,1.4735365012403971e-12,6.927791673660977e-14,1.163513729807164e-12,0.1894999999997763,0.0,0.0,5.485239999997485,0.0,0.0,1.664159576889066e-12,5.595524044110789e-14,1.2865264409356314e-12,1.9631263881124754,0.23336303174442152,0.15141088650858814,5.756959999993056,0.0,0.0,0.0,0.0,0.0,6.829766330903007e-13,2.7711166694643907e-13,2.6210145165350696e-12,3.0292355138940707e-13,-2.7212225441964433e-13,7.962717449947507e-14,5.360357072286965e-13,5.3484994211316916e-14,3.272071502635754e-11,25.395344694535115,25.121982334103237,27.781187802305425,6.686277314838177e-12,2.9665159217984183e-13,1.0698109065288008e-11,0.0609397377610537,0.04913649966590674,0.0575170509699863,0.0764441978726004,0.060093285937474504,0.03999292858503978,0.03979296394210344,0.039792963942104825,0.03979296394210476,0.055435661269290386,0.04634149751154678,0.05072166883284834,0.074375989846059,0.06450732890226593,0.07947576237671138,0.03177288844993459,0.031772888449934984,0.03177288844993495,0.06947231499680206,0.05296132404231444,0.06896830123096663,0.07721976295066424,0.06624069181384235,0.07998408187992934,0.03654984029976426,0.03654984029976718,0.03654984029976639
2026-06-08T16:47:45,profitability_bias (bias_weight=0.3),620869.8201285785,1.074030313515653e-11,3.9421375747393154e-13,9.249747152190898e-11,2.580855324098711e-11,2.130714558547304e-13,9.298096375486238e-11,1.2598492081622311e-11,6.777442088079973e-13,9.423497702847115e-11,1.3638152953514988,0.5395892119473242,3.9741261519003612,7.599757907739539,27.09014604722509,37.017392509302745,2.4179483394425914e-11,31.47510036898676,31.53934329547298,7.052866919319534,1.2188085345353468,1.1243846228741558e-10,1.3569575491379065e-12,2.0070013967972277e-13,2.4320680926711146e-12,2.1944215175627544e-12,2.6983485599188244e-13,8.637863462628474e-12,8.999305595682992e-11,5.3078680789230504e-12,5.282319857397777e-11,1.1597218481046488e-11,5.491262399042692e-13,2.8966422428976425e-11,5.589300116593473e-11,5.804272189041503e-13,2.7654483778000204e-11,7.472068785286097e-11,2.1078277129261368e-12,2.64807671651834e-11,2.506022678149506e-12,2.0872380607665176e-13,1.7982046634264612,1.4160557472029478e-12,2.0682526962480778e-13,6.540400178229229e-13,1.2291007640985737e-11,3.4857878942263515e-13,1.0671135321520104,4.167139196926998e-11,1.0911271886016038e-12,1.4015455462867976e-11,9.817250150314075e-12,1.4210854715202004e-13,1.113420466936077e-11,5.500795867929089e-12,7.216981332440106,83.13184279284368,7.59124002517116e-12,8.717331630370209e-13,3.949314950442611e-12,9.360225549693403e-12,2.1076610484363384e-12,5.195612136652042e-12,0.0,0.0,0.0,0.0,0.0,0.0,1.4735365012403971e-12,6.927791673660977e-14,1.163513729807164e-12,0.1894999999997763,0.0,0.0,5.485239999997485,0.0,0.0,1.664159576889066e-12,5.595524044110789e-14,1.2865264409356314e-12,1.9631263881124754,0.23336303174442152,0.15141088650858814,5.756959999993056,0.0,0.0,0.0,0.0,0.0,6.829766330903007e-13,2.7711166694643907e-13,2.6210145165350696e-12,3.0292355138940707e-13,-2.7212225441964433e-13,7.962717449947507e-14,5.360357072286965e-13,5.3484994211316916e-14,3.272071502635754e-11,25.395344694535115,25.121982334103237,27.781187802305425,6.686277314838177e-12,2.9665159217984183e-13,1.0698109065288008e-11,0.0609397377610537,0.04913649966590674,0.0575170509699863,0.0764441978726004,0.060093285937474504,0.03999292858503978,0.03979296394210344,0.039792963942104825,0.03979296394210476,0.055435661269290386,0.04634149751154678,0.05072166883284834,0.074375989846059,0.06450732890226593,0.07947576237671138,0.03177288844993459,0.031772888449934984,0.03177288844993495,0.06947231499680206,0.05296132404231444,0.06896830123096663,0.07721976295066424,0.06624069181384235,0.07998408187992934,0.03654984029976426,0.03654984029976718,0.03654984029976639
2026-06-08T16:58:13,profitability_bias (bias_weight=0.3),620869.8201285785,1.074030313515653e-11,3.9421375747393154e-13,9.249747152190898e-11,2.580855324098711e-11,2.130714558547304e-13,9.298096375486238e-11,1.2598492081622311e-11,6.777442088079973e-13,9.423497702847115e-11,1.3638152953514988,0.5395892119473242,3.9741261519003612,7.599757907739539,27.09014604722509,37.017392509302745,2.4179483394425914e-11,31.47510036898676,31.53934329547298,7.052866919319534,1.2188085345353468,1.1243846228741558e-10,1.3569575491379065e-12,2.0070013967972277e-13,2.4320680926711146e-12,2.1944215175627544e-12,2.6983485599188244e-13,8.637863462628474e-12,8.999305595682992e-11,5.3078680789230504e-12,5.282319857397777e-11,1.1597218481046488e-11,5.491262399042692e-13,2.8966422428976425e-11,5.589300116593473e-11,5.804272189041503e-13,2.7654483778000204e-11,7.472068785286097e-11,2.1078277129261368e-12,2.64807671651834e-11,2.506022678149506e-12,2.0872380607665176e-13,1.7982046634264612,1.4160557472029478e-12,2.0682526962480778e-13,6.540400178229229e-13,1.2291007640985737e-11,3.4857878942263515e-13,1.0671135321520104,4.167139196926998e-11,1.0911271886016038e-12,1.4015455462867976e-11,9.817250150314075e-12,1.4210854715202004e-13,1.113420466936077e-11,5.500795867929089e-12,7.216981332440106,83.13184279284368,7.59124002517116e-12,8.717331630370209e-13,3.949314950442611e-12,9.360225549693403e-12,2.1076610484363384e-12,5.195612136652042e-12,0.0,0.0,0.0,0.0,0.0,0.0,1.4735365012403971e-12,6.927791673660977e-14,1.163513729807164e-12,0.1894999999997763,0.0,0.0,5.485239999997485,0.0,0.0,1.664159576889066e-12,5.595524044110789e-14,1.2865264409356314e-12,1.9631263881124754,0.23336303174442152,0.15141088650858814,5.756959999993056,0.0,0.0,0.0,0.0,0.0,6.829766330903007e-13,2.7711166694643907e-13,2.6210145165350696e-12,3.0292355138940707e-13,-2.7212225441964433e-13,7.962717449947507e-14,5.360357072286965e-13,5.3484994211316916e-14,3.272071502635754e-11,25.395344694535115,25.121982334103237,27.781187802305425,6.686277314838177e-12,2.9665159217984183e-13,1.0698109065288008e-11,0.0609397377610537,0.04913649966590674,0.0575170509699863,0.0764441978726004,0.060093285937474504,0.03999292858503978,0.03979296394210344,0.039792963942104825,0.03979296394210476,0.055435661269290386,0.04634149751154678,0.05072166883284834,0.074375989846059,0.06450732890226593,0.07947576237671138,0.03177288844993459,0.031772888449934984,0.03177288844993495,0.06947231499680206,0.05296132404231444,0.06896830123096663,0.07721976295066424,0.06624069181384235,0.07998408187992934,0.03654984029976426,0.03654984029976718,0.03654984029976639
2026-06-09T16:04:54,profitability_bias (bias_weight=0.3),621096.0695245907,1.5389489162622283e-13,7.109123176751239e-10,-6.699586737436153e-10,1.6005699802689703e-13,4.2848716207313216e-10,-3.8934471189841245e-10,7.338778885132772e-13,9.458612102764823e-10,-9.041108737267295e-10,1.3638152953667215,2.709777432298804e-09,3.974126151882053,7.5997579077395425,27.090146045789332,37.01739250942582,1.0956288656676299e-13,24.861821918054105,31.539343295363725,7.052866919302822,1.7583977438678382,3.380489515377605e-11,3.828207315857921e-13,1.312745440048449e-09,1.040294977270237e-12,1.0153939457672891e-13,6.613278451072795,2.8115694460421823e-12,8.300721935566229e-13,1.2986984104746286e-09,4.7110567600143235e-12,7.149026317086796e-13,1.2184932474716615e-09,4.356456316331904e-12,7.7181629775286e-13,1.3121365524163558e-09,4.802490735445291e-12,7.012839796700242e-13,1.2328824464911422e-09,4.446414308977683e-12,1.817201962170179e-13,8.15071821251718e-11,0.7312029757910745,7.744857371925374e-14,9.01428415471522e-11,3.130576392390164e-13,7.443453004854465e-14,9.84706410157906e-11,1.756997091061413,5.859060984257826e-13,1.9210069091002424e-09,3.1881164375135995e-12,1.6304959426019546e-13,5.668994162988383e-10,1.1439738045737613e-12,1.546897448856086,6.902438556401549,72.16463333359394,3.696990504108536e-13,1.580560381411053e-09,2.629455369452921e-12,3.275245006841618e-13,5.869840855258703e-10,2.151574166198674e-12,0.0,0.0,0.0,0.0,0.0,0.0,6.797331017539344e-14,1.1016432210908533e-10,3.765876499528531e-13,0.18949999999994543,0.0,0.0,4.74487365707816,0.7403663420062436,6.810116914834907e-10,6.918765722349801e-14,1.0585177179223138e-10,3.375077994860476e-13,1.9631263881127405,0.2333630316398705,0.1514108866138777,3.0336634733874512,8.575322674175823e-10,2.7232965257529163,0.0,0.0,0.0,1.0031028454748729e-13,1.5116263796244311e-10,7.069900220812997e-13,2.4662579982029738e-14,4.200850533579574e-11,-4.188069429761954e-11,1.044757272712344e-13,2.786180314240383e-10,4.688818777687231e-13,25.39534469452283,25.121982471021056,27.781187665446822,3.096045330427499e-13,2.5705126915909204e-10,3.0730973321624333e-12,0.06218330290564979,0.049136499665906073,0.06108934974891666,0.07438325674962622,0.057155255184908986,0.03999292858503087,0.039792963942104846,0.03979296394210496,0.03979296394210494,0.050508460307153155,0.04634149751156117,0.049931472102900415,0.07504184816829054,0.06337591583229121,0.07604516745478881,0.03177288844985331,0.03177288844992493,0.03177288844991987,0.07080997054927302,0.05296132404714246,0.06901599977104603,0.0749174270478198,0.06346434635463362,0.07918354190171184,0.03654984029801093,0.036549840299577925,0.03654984029921859
2026-06-09T16:07:35,profitability_bias (bias_weight=0.5),621096.0694978324,1.5389489162622283e-13,9.08425892771254e-12,-8.104364996116184e-12,1.6005699802689703e-13,8.514894304092178e-12,-7.653867412051424e-12,7.338778885132772e-13,1.7763152484900906e-11,-1.677003249441593e-11,1.3638152953667215,1.296147538750473e-10,3.9741261520035813,7.5997579077395425,27.090146047190416,37.01739250929877,1.0956288656676299e-13,24.861821920813398,31.539343295482404,7.052866919302822,1.758397746358881,1.5760047809175385e-13,3.828207315857921e-13,3.725050404264586e-11,1.8187733430339755e-14,1.0153939457672891e-13,6.613278448196853,4.747119064003085e-14,8.300721935566229e-13,4.6090101713194115e-11,1.0561341470056957e-13,7.149026317086796e-13,3.874108402889135e-11,9.824440891329061e-14,7.7181629775286e-13,4.128717460818302e-11,1.0545696882166971e-13,7.012839796700242e-13,3.424365471155654e-11,9.807017110039475e-14,1.817201962170179e-13,1.3649606440561564e-12,0.7312029754251899,7.744857371925374e-14,2.2456564336261596e-12,4.708623221435315e-15,7.443453004854465e-14,3.3455871121931395e-12,1.7569970916123436,5.859060984257826e-13,5.1241677567759325e-11,6.52811138479592e-14,1.6304959426019546e-13,9.173106718662893e-12,2.1316282072803006e-14,1.546897448856086,6.902438575440421,72.16463331585632,3.696990504108536e-13,5.453467073109653e-11,5.376606399066968e-14,3.275245006841618e-13,1.9826972257338355e-11,4.752905557056029e-14,0.0,0.0,0.0,0.0,0.0,0.0,6.797331017539344e-14,3.588240815588506e-12,7.993605777301127e-15,0.18949999999994543,0.0,0.0,4.74487365707816,0.7403663428971115,0.0,6.918765722349801e-14,4.118483332149481e-12,6.661338147750939e-15,1.9631263881127405,0.2333630317401605,0.15141088651385193,3.0336634733874512,4.048583690519081e-11,2.7232965265720304,0.0,0.0,0.0,1.0031028454748729e-13,2.815525590449397e-12,1.3322676295501878e-14,2.4662579982029738e-14,1.6127538009996911e-12,-1.6340320739218878e-12,1.044757272712344e-13,5.1570275827472756e-12,1.071365218763276e-14,25.39534469452283,25.12198233583365,27.781187800643323,3.096045330427499e-13,3.156408467930305e-11,4.707345624410664e-14,0.06218330290564979,0.049136499665906073,0.06108934974891666,0.07438325674962622,0.057155255184908986,0.03999292858503087,0.039792963942104846,0.03979296394210496,0.03979296394210494,0.05061026066012721,0.04694151030863086,0.05003613205130379,0.07756707426430574,0.06908768679031654,0.08661802864617026,0.03177288844992869,0.03177288844993425,0.03177288844993386,0.07612221652973941,0.052961324041807464,0.07332833243729162,0.07485591727415483,0.06019867739994095,0.07461198653489472,0.03654984029976751,0.036549840299767634,0.03654984029976761
2026-06-09T16:11:54,profitability_bias (bias_weight=0.7),621096.0694938604,1.5389489162622283e-13,1.3199080917656102e-12,2.7180103846184135e-11,1.6005699802689703e-13,6.752814628881386e-13,2.2564303510793053e-11,7.338778885132772e-13,1.4656162199951785e-12,2.91087130775163e-11,1.3638152953667215,5.9239277227580155e-12,3.9741261520160434,7.5997579077395425,27.090146047222156,37.017392509318334,1.0956288656676299e-13,24.861821920981782,31.539343295491324,7.052866919302822,1.7583977464782399,2.609074120533275e-12,3.828207315857921e-13,1.2668304955434635e-12,2.784618224697681e-13,1.0153939457672891e-13,6.613278448027705,4.399525036875243e-12,8.300721935566229e-13,2.6559210244539898e-12,2.370516855769859e-12,7.149026317086796e-13,2.317010254485164e-12,2.375833103450258e-12,7.7181629775286e-13,2.4468402236097645e-12,2.1284580085304318e-12,7.012839796700242e-13,2.1698791100368786e-12,2.0638074240527162e-12,1.817201962170179e-13,9.535245966937796e-14,0.7312029754541801,7.744857371925374e-14,1.8887866855134982e-13,4.856854246262762e-13,7.443453004854465e-14,1.2695634875579402e-13,1.7569970915821744,5.859060984257826e-13,1.3624656958199921e-12,3.1162628033598594e-11,1.6304959426019546e-13,5.968558980384842e-13,1.7266188478970435e-12,1.546897448856086,6.902438575481842,72.16463331607059,3.696990504108536e-13,1.8333601720191897e-11,6.2924926292022474e-12,3.275245006841618e-13,1.1158628911050592e-12,9.441622349389478e-13,0.0,0.0,0.0,0.0,0.0,0.0,6.797331017539344e-14,1.8829382497642655e-13,3.1885605267234496e-13,0.18949999999994543,0.0,0.0,4.74487365707816,0.7403663429209866,0.0,6.918765722349801e-14,1.5054624213917123e-13,1.652011860642233e-13,1.9631263881127405,0.2333630317440436,0.1514108865097028,3.0336634733874512,3.7410075037769275e-12,2.7232965266078293,0.0,0.0,0.0,1.0031028454748729e-13,1.9184653865522705e-13,2.1316282072803006e-13,2.4662579982029738e-14,5.6627966119136905e-14,1.664249201075717e-14,1.044757272712344e-13,1.5482060078397808e-13,1.309369279667294e-13,25.39534469452283,25.121982334324045,27.781187802122858,3.096045330427499e-13,5.986322548778844e-13,2.157385381451604e-12,0.06218330290564979,0.049136499665906073,0.06108934974891666,0.07438325674962622,0.057155255184908986,0.03999292858503087,0.039792963942104846,0.03979296394210496,0.03979296394210494,0.050712061013451985,0.04754152310571851,0.05014079199967696,0.08143134917300025,0.07756723071230684,0.10057345014198495,0.03177288844993363,0.03177288844993486,0.03177288844993478,0.08084141091506873,0.05296132404216762,0.07715924245905681,0.07316045637588763,0.05636025068817763,0.06752227207628081,0.03654984029975939,0.0365498402997664,0.03654984029976469
2026-06-09T16:25:07,profitability_bias (bias_weight=1),621239.9692660042,1.5389489162622283e-13,1.0415343084418234e-11,-9.070566008228251e-12,1.6005699802689703e-13,1.1839715947815734e-12,6.04563094437179e-14,7.338778885132772e-13,1.3935023713287184e-11,-1.2589517989957029e-11,1.3638152953667215,5.5019701306834715e-11,3.9741261520052293,7.5997579077395425,27.090146047228696,37.01739250928445,1.0956288656676299e-13,24.861821920922257,31.539343295485853,7.052866919302822,1.7583977464313783,5.690539258132933e-13,3.828207315857921e-13,1.3523201340869188e-11,1.9100515057277446e-14,1.0153939457672891e-13,6.613278448084679,2.9651229297733e-14,8.300721935566229e-13,1.7644468717190288e-11,1.6894386681551295e-13,7.149026317086796e-13,1.0276977429246845e-11,1.5456654767339834e-13,7.7181629775286e-13,1.0532844302242747e-11,1.6310187292979695e-13,7.012839796700242e-13,7.370783658917753e-12,1.5262659937447241e-13,1.817201962170179e-13,1.5131679917905704e-13,0.7312029754104311,7.744857371925374e-14,1.5326016292226767e-12,3.185944892346514e-15,7.443453004854465e-14,7.867922664796393e-13,1.7569970916358109,5.859060984257826e-13,2.7394531088020813e-11,1.1945999744966684e-13,1.6304959426019546e-13,2.5508484213787597e-12,2.1316282072803006e-14,1.546897448856086,6.902438574589496,72.1646333167715,3.696990504108536e-13,1.3698586734189386,8.243740784362495e-14,3.275245006841618e-13,5.977706088571858e-12,7.67625472302675e-14,0.0,0.0,0.0,0.0,0.0,0.0,6.797331017539344e-14,1.4193091146808001e-12,9.769962616701378e-15,0.18949999999994543,0.0,0.0,4.74487365707816,0.7403663429163236,0.0,6.918765722349801e-14,1.375344282905644e-12,8.881784197001252e-15,1.9631263881127405,0.23336303174314033,0.15141088651087165,3.0336634733874512,2.9274316304395143e-10,2.723296526319782,0.0,0.0,0.0,1.0031028454748729e-13,5.03597163969971e-13,1.5987211554602254e-14,2.4662579982029738e-14,5.858143076180705e-13,-6.054015062865366e-13,1.044757272712344e-13,5.115616263928757e-12,1.3482270855291745e-14,25.39534469452283,15.593211985125222,37.309958151351836,3.096045330427499e-13,1.0526690630285884e-11,6.394884621840902e-14,0.06218330290564979,0.049136499665906073,0.06108934974891666,0.07438325674962622,0.057155255184908986,0.03999292858503087,0.039792963942104846,0.03979296394210496,0.03979296394210494,0.05146743656123866,0.04844262788658094,0.050297781922233845,0.09070378927932468,0.08273556453720826,0.1150980816319354,0.031772888449934325,0.03177288844993495,0.031772888449934915,0.0927179698730837,0.05296132404180686,0.08252767827532292,0.07131865634389391,0.047710480421300286,0.0508154988445332,0.0365498402997676,0.036549840299767634,0.036549840299767634
2026-06-09T16:27:24,profitability_bias (bias_weight=1.5),628670.0397992523,1.5389489162622283e-13,7.242465217105585e-12,-7.021638200520769e-12,1.6005699802689703e-13,4.854806399203797e-12,-4.622765431712611e-12,7.338778885132772e-13,3.9219862590599224e-12,-3.7131899974086974e-12,1.3638152953667215,1.5866119057421e-11,1.1133626701437211,7.5997579077395425,27.090146047223758,45.61294869923156,1.0956288656676299e-13,24.86182192096881,120.35675565760425,7.052866919302822,1.7583977464719227,2.860763481860697,3.828207315857921e-13,3.663750051660978e-12,8.849888551285409e-15,1.0153939457672891e-13,6.613278448042815,1.0628165529175862e-13,8.300721935566229e-13,1.266577652158251e-11,9.004314094203069e-14,7.149026317086796e-13,1.1647749245248264e-11,7.782271452519535e-14,7.7181629775286e-13,1.2463327537239004e-11,9.191449913760275e-14,7.012839796700242e-13,1.1434714716571538e-11,8.32671275848476e-14,1.817201962170179e-13,2.47238108452166e-13,2.4318537868661274e-15,7.744857371925374e-14,6.535836082232871e-13,4.169966784535276e-16,7.443453004854465e-14,3.7055736706261136e-13,2.228083677807814,5.859060984257826e-13,5.843325823207124e-12,1.1546319456101628e-14,1.6304959426019546e-13,1.5560885913146194e-12,0.0,1.546897448856086,3.418398823742468,74.83244616816964,3.696990504108536e-13,1.369858673526323,3.3028350549456886e-14,3.275245006841618e-13,2.969431200172193e-12,3.2391440700874945e-14,0.0,0.0,0.0,0.0,0.0,0.0,6.797331017539344e-14,6.830092047493963e-13,2.6645352591003757e-15,0.18949999999994543,0.0,0.0,4.74487365707816,0.7403663429198604,0.0,6.918765722349801e-14,5.559996907322784e-13,3.552713678800501e-15,1.9631263881127405,0.23336303174379758,0.15141088651021883,3.0336634733874512,2.723296526598936,0.0,0.0,0.0,0.0,1.0031028454748729e-13,7.762679388179095e-13,1.7763568394002505e-15,2.4662579982029738e-14,3.0875532441275015e-13,-3.3107848831669997e-13,1.044757272712344e-13,6.964429033473607e-13,7.41073868937292e-15,25.39534469452283,15.593211984172711,37.309958152304446,3.096045330427499e-13,2.4353852268177434e-12,3.9968028886505635e-14,0.06218330290564979,0.049136499665906073,0.06108934974891666,0.07438325674962622,0.057155255184908986,0.03999292858503087,0.039792963942104846,0.03979296394210496,0.03979296394210494,0.051721937444750815,0.049942659879285485,0.05055943179313643,0.1010999849528845,0.09357402880995716,0.1309236160760253,0.03177288844989946,0.03177288844993062,0.03177288844992819,0.09719674560847413,0.05729738943669833,0.08829764432952482,0.061048009978375624,0.0367335078389625,0.02913424434672781,0.03654984029976757,0.03654984029976763,0.036356066098032394
2026-06-09T16:29:31,profitability_bias (bias_weight=2),638910.2124924988,1.5389489162622283e-13,4.8415952058818e-12,-3.936679173875773e-12,1.6005699802689703e-13,7.135482105807237e-13,1.1715252711071199e-13,7.338778885132772e-13,2.365512270618013e-12,-1.3676727880307682e-12,1.3638152953667215,9.646120836920943e-12,1.1133626701465589,7.5997579077395425,27.09014604722361,37.017392509302674,1.0956288656676299e-13,24.86182192097406,128.95231184752404,7.052866919302822,1.758397746474428,2.8607634818616465,3.828207315857921e-13,3.868427728146692e-13,1.839342468553505e-14,1.0153939457672891e-13,6.613278448035668,175.48921429399334,8.300721935566229e-13,2.58593522771437e-12,1.297854637142968e-13,7.149026317086796e-13,2.8285272951896942e-12,1.250652660315048e-13,7.7181629775286e-13,2.7738251094033348e-12,1.3491772777203462e-13,7.012839796700242e-13,2.1238060897886147e-12,1.252921776456767e-13,1.817201962170179e-13,1.9936911412209786e-14,4.926726632933505e-16,7.744857371925374e-14,9.16262474796783e-13,2.5638899772168127e-15,7.443453004854465e-14,1.6935972742709599e-13,5.112950333199268e-15,5.859060984257826e-13,1.2652101588628284e-12,1.6431300764452317e-14,1.6304959426019546e-13,1.3713474800169934e-12,1.4210854715202004e-14,1.546897448856086,3.4183988234589116,74.83244616742157,3.696990504108536e-13,1.3698586735322824,6.467609081693376e-14,3.275245006841618e-13,8.807253763792773e-13,6.039693425414839e-14,0.0,0.0,0.0,0.0,0.0,0.0,6.797331017539344e-14,3.5349501104064984e-13,6.217248937900877e-15,0.18949999999994543,0.0,0.0,4.74487365707816,0.7403663429210718,0.0,6.918765722349801e-14,3.5926817076870066e-13,5.329070518200751e-15,1.9631263881127405,0.23336303174394324,0.15141088651007095,3.0336634733874512,2.723296526608823,0.0,0.0,0.0,0.0,1.0031028454748729e-13,1.7763568394002505e-13,9.769962616701378e-15,2.4662579982029738e-14,1.7781316974947618e-13,-1.9861506119510872e-13,1.044757272712344e-13,7.610578833805448e-14,7.820133429703446e-15,25.39534469452283,15.593211984121993,37.30995815235514,3.096045330427499e-13,2.3661073100811336e-12,2.220446049250313e-14,0.06218330290564979,0.049136499665906073,0.06108934974891666,0.07438325674962622,0.057155255184908986,0.03999292858503087,0.039792963942104846,0.03979296394210496,0.03979296394210494,0.05197643832798283,0.05144269187202583,0.05082108166408933,0.11417555547033463,0.10194780632543855,0.15032672121092247,0.03177288844993497,0.031772888449935026,0.031772888449935026,0.08098110677491865,0.05296132404180688,0.07406513162908757,0.06527828657646313,0.042450808751399574,0.024526457196197487,0.036549840299767634,0.03654984029976765,0.03636400174567255
2026-06-09T16:37:13,profitability_bias (bias_weight=5),639000.0838866776,1.5389489162622283e-13,3.934384534701957e-13,1.8405800764504898e-11,1.6005699802689703e-13,3.2925174976518187e-13,2.0647060734277858e-11,7.338778885132772e-13,2.958422763783588e-13,1.733918318144396e-11,1.3638152953667215,2.1521642266844136e-12,1.113362670152535,7.5997579077395425,27.09014604722355,37.01739250930462,1.0956288656676299e-13,24.86182192098446,128.9523118475249,7.052866919302822,1.7583977464817857,2.860763481856448,3.828207315857921e-13,6.523247298959072e-13,4.492021197703792e-13,1.0153939457672891e-13,6.613278448025163,175.48921429399087,8.300721935566229e-13,2.6627187903470744e-12,1.4163021735529307e-12,7.149026317086796e-13,1.492146271052653e-12,2.380584093590065e-12,7.7181629775286e-13,1.6294322706516633e-12,2.9284515677606972e-12,7.012839796700242e-13,1.3038409907749773e-12,2.578675077735186e-12,1.817201962170179e-13,2.630371193978919e-14,1.321715486028198e-12,7.744857371925374e-14,1.4966566386414567e-14,2.0536154376743542e-13,7.443453004854465e-14,2.1089078287138677e-14,0.03935951521932373,5.859060984257826e-13,1.603162047558726e-13,1.6688872506165353e-12,1.6304959426019546e-13,5.684341886080802e-14,2.5579538487363607e-13,1.546897448856086,4.1673331452329876e-12,65.97091324167964,3.696990504108536e-13,1.3698586735358131,9.30307919502081e-13,3.275245006841618e-13,1.5538172577776043e-13,6.437041131929265e-13,0.0,0.0,0.0,0.0,0.0,0.0,6.797331017539344e-14,3.375077994860476e-14,1.4033219031261979e-13,0.18949999999994543,0.0,0.0,4.74487365707816,0.7403663429217016,0.0,6.918765722349801e-14,2.886579864025407e-14,9.992007221626409e-14,1.9631263881127405,0.2333630317441573,0.15141088650982626,3.0336634733874512,2.7232965266121085,0.0,0.0,0.0,0.0,1.0031028454748729e-13,5.240252676230739e-14,3.419486915845482e-13,2.4662579982029738e-14,4.013873087543066e-15,1.7819901852286135e-14,1.044757272712344e-13,2.1382895454280515e-13,1.108696467966297e-13,25.39534469452283,15.593211984033388,37.309958152443116,3.096045330427499e-13,1.1013412404281553e-13,7.824851877558103e-13,0.06218330290564979,0.049136499665906073,0.06108934974891666,0.07438325674962622,0.057155255184908986,0.03999292858503087,0.039792963942104846,0.03979296394210496,0.03979296394210494,0.05211523969288519,0.060442883828359564,0.05096378199082277,0.19125096643041933,0.170338038920055,0.27702029476596746,0.031772888449935026,0.03177288844993504,0.03177288844993504,0.08820937232395293,0.06018296833576837,0.08130109474690672,0.08864239506085887,0.0705147185988444,0.026767137701621566,0.036549840299767294,0.0365498402997676,0.036334116994012775
2026-06-09T16:45:01,profitability_bias (bias_weight=10),639000.0838868051,1.5389489162622283e-13,2.477301529838638e-12,2.0611175934342695e-10,1.6005699802689703e-13,1.7804615298743883e-12,1.9459571768927496e-10,7.338778885132772e-13,1.86117021395383e-12,2.1516458386770117e-10,1.3638152953667215,3.160600509838766e-12,1.1133627275970086,7.5997579077395425,27.090146047224767,37.017392509301025,1.0956288656676299e-13,24.861821920982496,128.95231179008343,7.052866919302822,1.7583977464807468,2.8607634244217346,3.828207315857921e-13,1.426096655096354e-13,3.3542199770703917e-12,1.0153939457672891e-13,6.613278448026895,175.48921435142339,8.300721935566229e-13,3.467185764246963e-12,2.433204028431552e-11,7.149026317086796e-13,2.5916567333434796e-12,2.259818461642885e-11,7.7181629775286e-13,2.672328466390761e-12,2.4300068083269222e-11,7.012839796700242e-13,2.454495804462282e-12,2.2588726721488422e-11,1.817201962170179e-13,2.85302214287604e-14,1.4707246911931589e-08,7.744857371925374e-14,4.437472163803845e-14,4.859717797154148e-12,7.443453004854465e-14,1.6701422438717578e-14,0.03935950225409391,5.859060984257826e-13,7.696066006701585e-13,1.857847209407737e-11,1.6304959426019546e-13,6.394884621840902e-14,3.844036200462142e-12,1.546897448856086,1.8189894035458565e-12,65.97091324162203,3.696990504108536e-13,1.3698586735360816,1.181504275077886e-11,3.275245006841618e-13,7.937579359026669e-14,1.0968354641644714e-11,0.0,0.0,0.0,0.0,0.0,0.0,6.797331017539344e-14,3.907985046680551e-14,2.1440627051561023e-12,0.18949999999994543,0.0,0.0,4.74487365707816,0.7403663429217513,0.0,6.918765722349801e-14,2.708944180085382e-14,1.6697754290362354e-12,1.9631263881127405,0.23336303174417283,0.15141088650941237,3.0336634733874512,2.723296526612303,0.0,0.0,0.0,0.0,1.0031028454748729e-13,9.592326932761353e-14,2.0971668845959357e-11,2.4662579982029738e-14,7.242206355493051e-15,8.976304111388289e-13,1.044757272712344e-13,1.2159717677207027e-13,2.0758464391867903e-12,25.39534469452283,15.59321198404956,37.30995815242308,3.096045330427499e-13,9.769962616701378e-14,9.384493182551523e-12,0.06218330290564979,0.049136499665906073,0.06108934974891666,0.07438325674962622,0.057155255184908986,0.03999292858503087,0.039792963942104846,0.03979296394210496,0.03979296394210494,0.05211523969288545,0.07544320375558228,0.050963781990821605,0.32405653613750546,0.26697028009392487,0.4453009059246587,0.03177288844993473,0.031772888449935,0.03177288844993498,0.08861627708194013,0.058255827000237244,0.07937013234155485,0.13479983500060969,0.11519826279062097,0.026169197973781505,0.03654984029923803,0.0365498402996017,0.03636777592736592
2026-06-09T16:47:18,profitability_bias (bias_weight=0.1),621048.9258851412,1.5389489162622283e-13,3.3115885588709373e-12,1.0970857817581373e-11,1.6005699802689703e-13,2.622937471785245e-12,1.237083771258995e-11,7.338778885132772e-13,9.181896975721973e-12,6.026968081917257e-12,1.3638152953667215,2.008786405021079e-11,3.991695122222755e-12,7.5997579077395425,27.090146047209224,37.01739250930306,1.0956288656676299e-13,24.861821920960182,31.53934329547961,7.052866919302822,1.7583977464648015,3.9741261520063844,3.828207315857921e-13,1.6602048256604544e-11,1.083473710357285e-12,1.0153939457672891e-13,6.6132784480516245,4.499821819302386e-12,8.300721935566229e-13,1.0667036113441911e-11,3.8238578575327835e-12,7.149026317086796e-13,8.714905658478741e-12,3.308427871510201e-12,7.7181629775286e-13,9.342106626973424e-12,4.058905878169346e-12,7.012839796700242e-13,8.350521878908855e-12,3.6742530480601255e-12,1.817201962170179e-13,7.844323460002963e-13,1.3431088748614473,7.744857371925374e-14,7.115573432835493e-13,1.9474087741949568e-13,7.443453004854465e-14,9.895898180928031e-13,0.841536536214691,5.859060984257826e-13,1.5085266369396777e-11,3.622879773956811e-12,1.6304959426019546e-13,2.4442670110147446e-12,7.105427357601002e-13,1.546897448856086,6.902438575505521,65.71100930268673,3.696990504108536e-13,7.066767613117316e-12,1.1957950727267588e-12,3.275245006841618e-13,4.494161909712168e-12,1.7235102395156056e-12,0.0,0.0,0.0,0.0,0.0,0.0,6.797331017539344e-14,9.9298347322474e-13,3.2862601528904634e-13,0.18949999999994543,0.0,0.0,4.74487365707816,0.740366342906972,0.0,6.918765722349801e-14,9.561240688071848e-13,3.019806626980426e-13,1.9631263881127405,0.2333630317432127,0.15141088651064605,3.0336634733874512,5.128342195348523e-12,2.723296526603661,0.0,0.0,0.0,1.0031028454748729e-13,1.084465850453853e-12,4.556355293061642e-13,2.4662579982029738e-14,3.193029357591463e-13,-2.2203375301323705e-13,1.044757272712344e-13,1.8702123183444996e-12,2.7918639622370733e-13,25.39534469452283,30.826091143423398,22.07707899305177,3.096045330427499e-13,2.929212428171013e-12,1.5338841308221163e-12,0.06218330290564979,0.049136499665906073,0.06108934974891666,0.07438325674962622,0.057155255184908986,0.03999292858503087,0.039792963942104846,0.03979296394210496,0.03979296394210494,0.05040665995340061,0.045935445447377085,0.049826812154564096,0.06913308074029301,0.06063254682407481,0.07003855370107971,0.031772888449934276,0.031772888449934936,0.0317728884499349,0.06452938560497072,0.05296132404267568,0.06403340742924668,0.07036190772298886,0.06480864262908878,0.07992332034338208,0.03654984029976037,0.036549840299766295,0.03654984029976464
2026-06-09T16:49:34,total_cost,620992.8581577472,1.5389489162622283e-13,4.37056429031019e-12,7.187577447251548e-11,1.6005699802689703e-13,5.2468314279268835e-12,7.30719311120209e-11,7.338778885132772e-13,3.78161126738379e-12,7.256273951600089e-11,1.3638152953667215,9.686756018557682e-11,2.363329909930611e-11,7.5997579077395425,27.090146047093302,37.01739250930265,1.0956288656676299e-13,24.861821920822067,31.53934329543476,7.052866919302822,1.7583977463893137,3.9741261519991813,3.828207315857921e-13,1.342939793281904e-10,5.162324820364744e-12,1.0153939457672891e-13,6.613278448185778,5.196979611651953e-11,8.300721935566229e-13,1.244917885557029e-11,1.1357281809980103e-11,7.149026317086796e-13,1.812588744420997e-11,1.0469990150711666e-11,7.7181629775286e-13,1.8335335127939256e-11,1.1469552296738933e-11,7.012839796700242e-13,1.587393848030391e-11,1.0612875302172705e-11,1.817201962170179e-13,6.208932534813516e-12,1.6084877536269582,7.744857371925374e-14,1.9823936471204108e-11,2.895261578933414e-12,7.443453004854465e-14,3.2924341931431226e-12,6.958022931937768,5.859060984257826e-13,9.206087053141041e-11,1.5809953474810448e-11,1.6304959426019546e-13,1.349023082211774e-11,4.584444390822071e-12,1.546897448856086,6.902438575386505,19.30661302646382,3.696990504108536e-13,1.3586084493383453e-11,6.667111067548686e-12,3.275245006841618e-13,5.784200530079962e-12,5.137564027443246e-12,0.0,0.0,0.0,0.0,0.0,0.0,6.797331017539344e-14,2.83200337468265e-12,1.2015681326558858e-12,0.18949999999994543,0.0,0.0,4.74487365707816,0.7403663428458489,0.0,6.918765722349801e-14,3.3229285639267014e-12,1.0014381537354892e-12,1.9631263881127405,0.233363031740521,0.1514108865122213,3.0336634733874512,2.0373239474478517e-11,2.415297523787001e-09,0.0,0.0,0.0,1.0031028454748729e-13,1.8563452373548548e-12,9.794044544465903e-12,2.4662579982029738e-14,9.792129360305049e-13,-5.987075496881617e-13,1.044757272712344e-13,1.5390492359918536e-12,1.5631832215490023e-12,25.39534469452283,30.826091142864648,22.07707899357865,3.096045330427499e-13,5.063404028026254e-12,7.894452602362944e-12,0.06218330290564979,0.049136499665906073,0.06108934974891666,0.07438325674962622,0.057155255184908986,0.03999292858503087,0.039792963942104846,0.03979296394210496,0.03979296394210494,0.05035575977673265,0.045787241590408624,0.049774482180378,0.06566206698108405,0.05942518039888127,0.06689426730705196,0.03177288844993292,0.03177288844993477,0.03177288844993464,0.06142224186213955,0.052961324041812884,0.06175392510209931,0.06939355961657087,0.06478054593928631,0.07562502807495514,0.03654984029976682,0.036549840299767405,0.03654984029976728
2026-06-10T16:55:32,total_cost,620992.8581577472,1.5389489162622283e-13,4.37056429031019e-12,7.187577447251548e-11,1.6005699802689703e-13,5.2468314279268835e-12,7.30719311120209e-11,7.338778885132772e-13,3.78161126738379e-12,7.256273951600089e-11,1.3638152953667215,9.686756018557682e-11,2.363329909930611e-11,7.5997579077395425,27.090146047093302,37.01739250930265,1.0956288656676299e-13,24.861821920822067,31.53934329543476,7.052866919302822,1.7583977463893137,3.9741261519991813,3.828207315857921e-13,1.342939793281904e-10,5.162324820364744e-12,1.0153939457672891e-13,6.613278448185778,5.196979611651953e-11,8.300721935566229e-13,1.244917885557029e-11,1.1357281809980103e-11,7.149026317086796e-13,1.812588744420997e-11,1.0469990150711666e-11,7.7181629775286e-13,1.8335335127939256e-11,1.1469552296738933e-11,7.012839796700242e-13,1.587393848030391e-11,1.0612875302172705e-11,1.817201962170179e-13,6.208932534813516e-12,1.6084877536269582,7.744857371925374e-14,1.9823936471204108e-11,2.895261578933414e-12,7.443453004854465e-14,3.2924341931431226e-12,6.958022931937768,5.859060984257826e-13,9.206087053141041e-11,1.5809953474810448e-11,1.6304959426019546e-13,1.349023082211774e-11,4.584444390822071e-12,1.546897448856086,6.902438575386505,19.30661302646382,3.696990504108536e-13,1.3586084493383453e-11,6.667111067548686e-12,3.275245006841618e-13,5.784200530079962e-12,5.137564027443246e-12,0.0,0.0,0.0,0.0,0.0,0.0,6.797331017539344e-14,2.83200337468265e-12,1.2015681326558858e-12,0.18949999999994543,0.0,0.0,4.74487365707816,0.7403663428458489,0.0,6.918765722349801e-14,3.3229285639267014e-12,1.0014381537354892e-12,1.9631263881127405,0.233363031740521,0.1514108865122213,3.0336634733874512,2.0373239474478517e-11,2.415297523787001e-09,0.0,0.0,0.0,1.0031028454748729e-13,1.8563452373548548e-12,9.794044544465903e-12,2.4662579982029738e-14,9.792129360305049e-13,-5.987075496881617e-13,1.044757272712344e-13,1.5390492359918536e-12,1.5631832215490023e-12,25.39534469452283,30.826091142864648,22.07707899357865,3.096045330427499e-13,5.063404028026254e-12,7.894452602362944e-12,0.06218330290564979,0.049136499665906073,0.06108934974891666,0.07438325674962622,0.057155255184908986,0.03999292858503087,0.039792963942104846,0.03979296394210496,0.03979296394210494,0.05035575977673265,0.045787241590408624,0.049774482180378,0.06566206698108405,0.05942518039888127,0.06689426730705196,0.03177288844993292,0.03177288844993477,0.03177288844993464,0.06142224186213955,0.052961324041812884,0.06175392510209931,0.06939355961657087,0.06478054593928631,0.07562502807495514,0.03654984029976682,0.036549840299767405,0.03654984029976728
2026-06-10T17:25:14,"profitability_bias (bias_weight=0.3, output_carriers=electricity)",621073.8742772336,1.5389489162622283e-13,1.6676385978320687e-11,4.674655665555555e-09,1.6005699802689703e-13,6.606329778281665e-12,4.6269796151379585e-09,7.338778885132772e-13,3.2664458371638124e-11,4.807152833786617e-09,1.3638152953667215,4.249734213812679e-11,2.8317584203420347e-10,7.5997579077395425,27.09014604717505,37.017392509020844,1.0956288656676299e-13,24.861821920821775,9.649288628560059e-10,7.052866919302822,1.7583977464423644,3.9741261518763564,3.828207315857921e-13,4.3918018562243414e-11,4.432646110921207e-10,1.0153939457672891e-13,6.613278448189162,31.539343294703592,8.300721935566229e-13,2.245130920775664e-11,8.733024368236074e-10,7.149026317086796e-13,1.2324685581176758e-11,8.255769247167429e-10,7.7181629775286e-13,1.3393593862951216e-11,9.534155469369825e-10,7.012839796700242e-13,1.0487053161503905e-11,8.696620931357077e-10,1.817201962170179e-13,4.937626152114561e-13,5.098673756687772e-09,7.744857371925374e-14,2.2634058011392635e-12,2.8808059177076143e-11,7.443453004854465e-14,1.1645753702051367e-12,0.46635080926689093,5.859060984257826e-13,5.794831281491497e-11,3.172053730793323e-10,1.6304959426019546e-13,1.227107304657693e-11,1.4431833506023395e-10,1.546897448856086,6.902438575358751,23.46346820093683,3.696990504108536e-13,6.702789522052322e-11,3.6768731644944815e-10,3.275245006841618e-13,7.783515218765306e-12,4.403618215955201e-10,0.0,0.0,0.0,0.0,0.0,0.0,6.797331017539344e-14,1.4743761767022079e-12,7.687805947398374e-11,0.18949999999994543,0.0,0.0,4.74487365707816,0.7403663429081382,0.0,6.918765722349801e-14,1.1191048088221578e-12,6.59960974758178e-11,1.9631263881127405,0.2333630317421962,0.15141088648091072,3.0336634733874512,1.41877620762898e-11,2.7232965261633253,0.0,0.0,0.0,1.0031028454748729e-13,9.059419880941277e-13,7.313527561336741e-11,2.4662579982029738e-14,5.618797010047692e-13,2.909861488194529e-11,1.044757272712344e-13,1.032694763036801e-11,9.93954848982348e-11,25.39534469452283,25.121982335293566,27.781187800262813,3.096045330427499e-13,5.314859663485549e-12,2.3365398504893164e-10,0.06218330290564979,0.049136499665906073,0.06108934974891666,0.07438325674962622,0.057155255184908986,0.03999292858503087,0.039792963942104846,0.03979296394210496,0.03979296394210494,0.05050846030674785,0.04634149751154042,0.04993147210293533,0.06468171473178626,0.05903533535551137,0.06470503729718875,0.03177288844993471,0.03177288844993499,0.03177288844993498,0.07049522220099648,0.05296132404997256,0.0690159996951465,0.06751179469863967,0.06503381766440534,0.07876224342957966,0.0365498402985301,0.03654984029951039,0.036549840299542655
2026-06-10T17:57:16,total_cost,620992.8581577472,1.5389489162622283e-13,4.37056429031019e-12,7.187577447251548e-11,1.6005699802689703e-13,5.2468314279268835e-12,7.30719311120209e-11,7.338778885132772e-13,3.78161126738379e-12,7.256273951600089e-11,1.3638152953667215,9.686756018557682e-11,2.363329909930611e-11,7.5997579077395425,27.090146047093302,37.01739250930265,1.0956288656676299e-13,24.861821920822067,31.53934329543476,7.052866919302822,1.7583977463893137,3.9741261519991813,3.828207315857921e-13,1.342939793281904e-10,5.162324820364744e-12,1.0153939457672891e-13,6.613278448185778,5.196979611651953e-11,8.300721935566229e-13,1.244917885557029e-11,1.1357281809980103e-11,7.149026317086796e-13,1.812588744420997e-11,1.0469990150711666e-11,7.7181629775286e-13,1.8335335127939256e-11,1.1469552296738933e-11,7.012839796700242e-13,1.587393848030391e-11,1.0612875302172705e-11,1.817201962170179e-13,6.208932534813516e-12,1.6084877536269582,7.744857371925374e-14,1.9823936471204108e-11,2.895261578933414e-12,7.443453004854465e-14,3.2924341931431226e-12,6.958022931937768,5.859060984257826e-13,9.206087053141041e-11,1.5809953474810448e-11,1.6304959426019546e-13,1.349023082211774e-11,4.584444390822071e-12,1.546897448856086,6.902438575386505,19.30661302646382,3.696990504108536e-13,1.3586084493383453e-11,6.667111067548686e-12,3.275245006841618e-13,5.784200530079962e-12,5.137564027443246e-12,0.0,0.0,0.0,0.0,0.0,0.0,6.797331017539344e-14,2.83200337468265e-12,1.2015681326558858e-12,0.18949999999994543,0.0,0.0,4.74487365707816,0.7403663428458489,0.0,6.918765722349801e-14,3.3229285639267014e-12,1.0014381537354892e-12,1.9631263881127405,0.233363031740521,0.1514108865122213,3.0336634733874512,2.0373239474478517e-11,2.415297523787001e-09,0.0,0.0,0.0,1.0031028454748729e-13,1.8563452373548548e-12,9.794044544465903e-12,2.4662579982029738e-14,9.792129360305049e-13,-5.987075496881617e-13,1.044757272712344e-13,1.5390492359918536e-12,1.5631832215490023e-12,25.39534469452283,30.826091142864648,22.07707899357865,3.096045330427499e-13,5.063404028026254e-12,7.894452602362944e-12,0.06218330290564979,0.049136499665906073,0.06108934974891666,0.07438325674962622,0.057155255184908986,0.03999292858503087,0.039792963942104846,0.03979296394210496,0.03979296394210494,0.05035575977673265,0.045787241590408624,0.049774482180378,0.06566206698108405,0.05942518039888127,0.06689426730705196,0.03177288844993292,0.03177288844993477,0.03177288844993464,0.06142224186213955,0.052961324041812884,0.06175392510209931,0.06939355961657087,0.06478054593928631,0.07562502807495514,0.03654984029976682,0.036549840299767405,0.03654984029976728
2026-06-10T17:58:56,"profitability_bias (bias_weight=0.25, output_carriers=electricity)",621068.794104132,1.5389489162622283e-13,1.667435066627792e-13,4.62261782252164e-10,1.6005699802689703e-13,2.3099175306436016e-13,4.3738538155272707e-10,7.338778885132772e-13,6.119521726648044e-13,4.5548627121073907e-10,1.3638152953667215,3.378517516576922e-12,3.2483178457647574e-11,7.5997579077395425,27.090146047220344,37.01739250929617,1.0956288656676299e-13,24.861821920974723,1.3789521446890592e-10,7.052866919302822,1.7583977464806935,3.9741261519880258,3.828207315857921e-13,3.0354714832123406e-12,3.009265534333927e-11,1.0153939457672891e-13,6.613278448032688,31.53934329537992,8.300721935566229e-13,1.022889723708747e-12,6.601728753880446e-11,7.149026317086796e-13,8.032607079175706e-13,6.081164632365796e-11,7.7181629775286e-13,8.392721803973119e-13,6.673082586544188e-11,7.012839796700242e-13,7.061184204234416e-13,6.169654506024566e-11,1.817201962170179e-13,4.542724898814051e-14,0.4536088386441451,7.744857371925374e-14,9.311064067777085e-14,3.4166085447872066e-12,7.443453004854465e-14,8.636415386020995e-14,1.3489289830748545e-09,5.859060984257826e-13,2.218669692410913e-12,4.019584665115872e-11,1.6304959426019546e-13,7.531752999057062e-13,1.4985346297180513e-11,1.546897448856086,6.902438575278172,23.46346818372761,3.696990504108536e-13,3.1265294369521157e-13,3.579988233512085e-11,3.275245006841618e-13,2.5198014667601216e-13,3.0276862378165207e-11,0.0,0.0,0.0,0.0,0.0,0.0,6.797331017539344e-14,1.056932319443149e-13,5.827338611652522e-12,0.18949999999994543,0.0,0.0,4.74487365707816,0.7403663429208232,0.0,6.918765722349801e-14,8.837375276016246e-14,4.849898260772534e-12,1.9631263881127405,0.23336303174407869,0.15141088650653511,3.0336634733874512,6.079581282847357e-13,2.723296526571894,0.0,0.0,0.0,1.0031028454748729e-13,7.016609515630989e-14,9.552358903874847e-12,2.4662579982029738e-14,1.547402101786667e-14,2.1714992340161186e-12,1.044757272712344e-13,3.797656633608426e-13,7.134737245451106e-12,25.39534469452283,25.121982334548676,27.78118780185595,3.096045330427499e-13,3.6060043839825084e-13,2.6914470652172895e-11,0.06218330290564979,0.049136499665906073,0.06108934974891666,0.07438325674962622,0.057155255184908986,0.03999292858503087,0.039792963942104846,0.03979296394210496,0.03979296394210494,0.050483010218409285,0.046191494312268135,0.04990530711584268,0.06540540334510639,0.06104319468967073,0.06898525999688679,0.03177288844993495,0.031772888449935026,0.031772888449935026,0.06923326539274972,0.05296132404195543,0.06778852300490082,0.06735182807001637,0.06501970079480343,0.07898223313135946,0.036549840299747324,0.036549840299763714,0.03654984029976374
2026-06-11T11:12:19,total_cost,620992.8581577472,1.5389489162622283e-13,4.37056429031019e-12,7.187577447251548e-11,1.6005699802689703e-13,5.2468314279268835e-12,7.30719311120209e-11,7.338778885132772e-13,3.78161126738379e-12,7.256273951600089e-11,1.3638152953667215,9.686756018557682e-11,2.363329909930611e-11,7.5997579077395425,27.090146047093302,37.01739250930265,1.0956288656676299e-13,24.861821920822067,31.53934329543476,7.052866919302822,1.7583977463893137,3.9741261519991813,3.828207315857921e-13,1.342939793281904e-10,5.162324820364744e-12,1.0153939457672891e-13,6.613278448185778,5.196979611651953e-11,8.300721935566229e-13,1.244917885557029e-11,1.1357281809980103e-11,7.149026317086796e-13,1.812588744420997e-11,1.0469990150711666e-11,7.7181629775286e-13,1.8335335127939256e-11,1.1469552296738933e-11,7.012839796700242e-13,1.587393848030391e-11,1.0612875302172705e-11,1.817201962170179e-13,6.208932534813516e-12,1.6084877536269582,7.744857371925374e-14,1.9823936471204108e-11,2.895261578933414e-12,7.443453004854465e-14,3.2924341931431226e-12,6.958022931937768,5.859060984257826e-13,9.206087053141041e-11,1.5809953474810448e-11,1.6304959426019546e-13,1.349023082211774e-11,4.584444390822071e-12,1.546897448856086,6.902438575386505,19.30661302646382,3.696990504108536e-13,1.3586084493383453e-11,6.667111067548686e-12,3.275245006841618e-13,5.784200530079962e-12,5.137564027443246e-12,0.0,0.0,0.0,0.0,0.0,0.0,6.797331017539344e-14,2.83200337468265e-12,1.2015681326558858e-12,0.18949999999994543,0.0,0.0,4.74487365707816,0.7403663428458489,0.0,6.918765722349801e-14,3.3229285639267014e-12,1.0014381537354892e-12,1.9631263881127405,0.233363031740521,0.1514108865122213,3.0336634733874512,2.0373239474478517e-11,2.415297523787001e-09,0.0,0.0,0.0,1.0031028454748729e-13,1.8563452373548548e-12,9.794044544465903e-12,2.4662579982029738e-14,9.792129360305049e-13,-5.987075496881617e-13,1.044757272712344e-13,1.5390492359918536e-12,1.5631832215490023e-12,25.39534469452283,30.826091142864648,22.07707899357865,3.096045330427499e-13,5.063404028026254e-12,7.894452602362944e-12,0.06218330290564979,0.049136499665906073,0.06108934974891666,0.07438325674962622,0.057155255184908986,0.03999292858503087,0.039792963942104846,0.03979296394210496,0.03979296394210494,0.05035575977673265,0.045787241590408624,0.049774482180378,0.06566206698108405,0.05942518039888127,0.06689426730705196,0.03177288844993292,0.03177288844993477,0.03177288844993464,0.06142224186213955,0.052961324041812884,0.06175392510209931,0.06939355961657087,0.06478054593928631,0.07562502807495514,0.03654984029976682,0.036549840299767405,0.03654984029976728
2026-06-11T11:14:01,"profitability_bias (bias_weight=0.1, output_carriers=electricity/heat)",621048.9258851412,1.5389489162622283e-13,3.3115885588709373e-12,1.0970857817581373e-11,1.6005699802689703e-13,2.622937471785245e-12,1.237083771258995e-11,7.338778885132772e-13,9.181896975721973e-12,6.026968081917257e-12,1.3638152953667215,2.008786405021079e-11,3.991695122222755e-12,7.5997579077395425,27.090146047209224,37.01739250930306,1.0956288656676299e-13,24.861821920960182,31.53934329547961,7.052866919302822,1.7583977464648015,3.9741261520063844,3.828207315857921e-13,1.6602048256604544e-11,1.083473710357285e-12,1.0153939457672891e-13,6.6132784480516245,4.499821819302386e-12,8.300721935566229e-13,1.0667036113441911e-11,3.8238578575327835e-12,7.149026317086796e-13,8.714905658478741e-12,3.308427871510201e-12,7.7181629775286e-13,9.342106626973424e-12,4.058905878169346e-12,7.012839796700242e-13,8.350521878908855e-12,3.6742530480601255e-12,1.817201962170179e-13,7.844323460002963e-13,1.3431088748614473,7.744857371925374e-14,7.115573432835493e-13,1.9474087741949568e-13,7.443453004854465e-14,9.895898180928031e-13,0.841536536214691,5.859060984257826e-13,1.5085266369396777e-11,3.622879773956811e-12,1.6304959426019546e-13,2.4442670110147446e-12,7.105427357601002e-13,1.546897448856086,6.902438575505521,65.71100930268673,3.696990504108536e-13,7.066767613117316e-12,1.1957950727267588e-12,3.275245006841618e-13,4.494161909712168e-12,1.7235102395156056e-12,0.0,0.0,0.0,0.0,0.0,0.0,6.797331017539344e-14,9.9298347322474e-13,3.2862601528904634e-13,0.18949999999994543,0.0,0.0,4.74487365707816,0.740366342906972,0.0,6.918765722349801e-14,9.561240688071848e-13,3.019806626980426e-13,1.9631263881127405,0.2333630317432127,0.15141088651064605,3.0336634733874512,5.128342195348523e-12,2.723296526603661,0.0,0.0,0.0,1.0031028454748729e-13,1.084465850453853e-12,4.556355293061642e-13,2.4662579982029738e-14,3.193029357591463e-13,-2.2203375301323705e-13,1.044757272712344e-13,1.8702123183444996e-12,2.7918639622370733e-13,25.39534469452283,30.826091143423398,22.07707899305177,3.096045330427499e-13,2.929212428171013e-12,1.5338841308221163e-12,0.06218330290564979,0.049136499665906073,0.06108934974891666,0.07438325674962622,0.057155255184908986,0.03999292858503087,0.039792963942104846,0.03979296394210496,0.03979296394210494,0.05040665995340061,0.045935445447377085,0.049826812154564096,0.06913308074029301,0.06063254682407481,0.07003855370107971,0.031772888449934276,0.031772888449934936,0.0317728884499349,0.06452938560497072,0.05296132404267568,0.06403340742924668,0.07036190772298886,0.06480864262908878,0.07992332034338208,0.03654984029976037,0.036549840299766295,0.03654984029976464
2026-06-11T11:15:42,"profitability_bias (bias_weight=0.3, output_carriers=electricity/heat)",621096.0695245907,1.5389489162622283e-13,7.109123176751239e-10,-6.699586737436153e-10,1.6005699802689703e-13,4.2848716207313216e-10,-3.8934471189841245e-10,7.338778885132772e-13,9.458612102764823e-10,-9.041108737267295e-10,1.3638152953667215,2.709777432298804e-09,3.974126151882053,7.5997579077395425,27.090146045789332,37.01739250942582,1.0956288656676299e-13,24.861821918054105,31.539343295363725,7.052866919302822,1.7583977438678382,3.380489515377605e-11,3.828207315857921e-13,1.312745440048449e-09,1.040294977270237e-12,1.0153939457672891e-13,6.613278451072795,2.8115694460421823e-12,8.300721935566229e-13,1.2986984104746286e-09,4.7110567600143235e-12,7.149026317086796e-13,1.2184932474716615e-09,4.356456316331904e-12,7.7181629775286e-13,1.3121365524163558e-09,4.802490735445291e-12,7.012839796700242e-13,1.2328824464911422e-09,4.446414308977683e-12,1.817201962170179e-13,8.15071821251718e-11,0.7312029757910745,7.744857371925374e-14,9.01428415471522e-11,3.130576392390164e-13,7.443453004854465e-14,9.84706410157906e-11,1.756997091061413,5.859060984257826e-13,1.9210069091002424e-09,3.1881164375135995e-12,1.6304959426019546e-13,5.668994162988383e-10,1.1439738045737613e-12,1.546897448856086,6.902438556401549,72.16463333359394,3.696990504108536e-13,1.580560381411053e-09,2.629455369452921e-12,3.275245006841618e-13,5.869840855258703e-10,2.151574166198674e-12,0.0,0.0,0.0,0.0,0.0,0.0,6.797331017539344e-14,1.1016432210908533e-10,3.765876499528531e-13,0.18949999999994543,0.0,0.0,4.74487365707816,0.7403663420062436,6.810116914834907e-10,6.918765722349801e-14,1.0585177179223138e-10,3.375077994860476e-13,1.9631263881127405,0.2333630316398705,0.1514108866138777,3.0336634733874512,8.575322674175823e-10,2.7232965257529163,0.0,0.0,0.0,1.0031028454748729e-13,1.5116263796244311e-10,7.069900220812997e-13,2.4662579982029738e-14,4.200850533579574e-11,-4.188069429761954e-11,1.044757272712344e-13,2.786180314240383e-10,4.688818777687231e-13,25.39534469452283,25.121982471021056,27.781187665446822,3.096045330427499e-13,2.5705126915909204e-10,3.0730973321624333e-12,0.06218330290564979,0.049136499665906073,0.06108934974891666,0.07438325674962622,0.057155255184908986,0.03999292858503087,0.039792963942104846,0.03979296394210496,0.03979296394210494,0.050508460307153155,0.04634149751156117,0.049931472102900415,0.07504184816829054,0.06337591583229121,0.07604516745478881,0.03177288844985331,0.03177288844992493,0.03177288844991987,0.07080997054927302,0.05296132404714246,0.06901599977104603,0.0749174270478198,0.06346434635463362,0.07918354190171184,0.03654984029801093,0.036549840299577925,0.03654984029921859
2026-06-11T11:17:23,"profitability_bias (bias_weight=0.5, output_carriers=electricity/heat)",621096.0694978324,1.5389489162622283e-13,9.08425892771254e-12,-8.104364996116184e-12,1.6005699802689703e-13,8.514894304092178e-12,-7.653867412051424e-12,7.338778885132772e-13,1.7763152484900906e-11,-1.677003249441593e-11,1.3638152953667215,1.296147538750473e-10,3.9741261520035813,7.5997579077395425,27.090146047190416,37.01739250929877,1.0956288656676299e-13,24.861821920813398,31.539343295482404,7.052866919302822,1.758397746358881,1.5760047809175385e-13,3.828207315857921e-13,3.725050404264586e-11,1.8187733430339755e-14,1.0153939457672891e-13,6.613278448196853,4.747119064003085e-14,8.300721935566229e-13,4.6090101713194115e-11,1.0561341470056957e-13,7.149026317086796e-13,3.874108402889135e-11,9.824440891329061e-14,7.7181629775286e-13,4.128717460818302e-11,1.0545696882166971e-13,7.012839796700242e-13,3.424365471155654e-11,9.807017110039475e-14,1.817201962170179e-13,1.3649606440561564e-12,0.7312029754251899,7.744857371925374e-14,2.2456564336261596e-12,4.708623221435315e-15,7.443453004854465e-14,3.3455871121931395e-12,1.7569970916123436,5.859060984257826e-13,5.1241677567759325e-11,6.52811138479592e-14,1.6304959426019546e-13,9.173106718662893e-12,2.1316282072803006e-14,1.546897448856086,6.902438575440421,72.16463331585632,3.696990504108536e-13,5.453467073109653e-11,5.376606399066968e-14,3.275245006841618e-13,1.9826972257338355e-11,4.752905557056029e-14,0.0,0.0,0.0,0.0,0.0,0.0,6.797331017539344e-14,3.588240815588506e-12,7.993605777301127e-15,0.18949999999994543,0.0,0.0,4.74487365707816,0.7403663428971115,0.0,6.918765722349801e-14,4.118483332149481e-12,6.661338147750939e-15,1.9631263881127405,0.2333630317401605,0.15141088651385193,3.0336634733874512,4.048583690519081e-11,2.7232965265720304,0.0,0.0,0.0,1.0031028454748729e-13,2.815525590449397e-12,1.3322676295501878e-14,2.4662579982029738e-14,1.6127538009996911e-12,-1.6340320739218878e-12,1.044757272712344e-13,5.1570275827472756e-12,1.071365218763276e-14,25.39534469452283,25.12198233583365,27.781187800643323,3.096045330427499e-13,3.156408467930305e-11,4.707345624410664e-14,0.06218330290564979,0.049136499665906073,0.06108934974891666,0.07438325674962622,0.057155255184908986,0.03999292858503087,0.039792963942104846,0.03979296394210496,0.03979296394210494,0.05061026066012721,0.04694151030863086,0.05003613205130379,0.07756707426430574,0.06908768679031654,0.08661802864617026,0.03177288844992869,0.03177288844993425,0.03177288844993386,0.07612221652973941,0.052961324041807464,0.07332833243729162,0.07485591727415483,0.06019867739994095,0.07461198653489472,0.03654984029976751,0.036549840299767634,0.03654984029976761
2026-06-11T11:19:04,"profitability_bias (bias_weight=0.7, output_carriers=electricity/heat)",621096.0694938604,1.5389489162622283e-13,1.3199080917656102e-12,2.7180103846184135e-11,1.6005699802689703e-13,6.752814628881386e-13,2.2564303510793053e-11,7.338778885132772e-13,1.4656162199951785e-12,2.91087130775163e-11,1.3638152953667215,5.9239277227580155e-12,3.9741261520160434,7.5997579077395425,27.090146047222156,37.017392509318334,1.0956288656676299e-13,24.861821920981782,31.539343295491324,7.052866919302822,1.7583977464782399,2.609074120533275e-12,3.828207315857921e-13,1.2668304955434635e-12,2.784618224697681e-13,1.0153939457672891e-13,6.613278448027705,4.399525036875243e-12,8.300721935566229e-13,2.6559210244539898e-12,2.370516855769859e-12,7.149026317086796e-13,2.317010254485164e-12,2.375833103450258e-12,7.7181629775286e-13,2.4468402236097645e-12,2.1284580085304318e-12,7.012839796700242e-13,2.1698791100368786e-12,2.0638074240527162e-12,1.817201962170179e-13,9.535245966937796e-14,0.7312029754541801,7.744857371925374e-14,1.8887866855134982e-13,4.856854246262762e-13,7.443453004854465e-14,1.2695634875579402e-13,1.7569970915821744,5.859060984257826e-13,1.3624656958199921e-12,3.1162628033598594e-11,1.6304959426019546e-13,5.968558980384842e-13,1.7266188478970435e-12,1.546897448856086,6.902438575481842,72.16463331607059,3.696990504108536e-13,1.8333601720191897e-11,6.2924926292022474e-12,3.275245006841618e-13,1.1158628911050592e-12,9.441622349389478e-13,0.0,0.0,0.0,0.0,0.0,0.0,6.797331017539344e-14,1.8829382497642655e-13,3.1885605267234496e-13,0.18949999999994543,0.0,0.0,4.74487365707816,0.7403663429209866,0.0,6.918765722349801e-14,1.5054624213917123e-13,1.652011860642233e-13,1.9631263881127405,0.2333630317440436,0.1514108865097028,3.0336634733874512,3.7410075037769275e-12,2.7232965266078293,0.0,0.0,0.0,1.0031028454748729e-13,1.9184653865522705e-13,2.1316282072803006e-13,2.4662579982029738e-14,5.6627966119136905e-14,1.664249201075717e-14,1.044757272712344e-13,1.5482060078397808e-13,1.309369279667294e-13,25.39534469452283,25.121982334324045,27.781187802122858,3.096045330427499e-13,5.986322548778844e-13,2.157385381451604e-12,0.06218330290564979,0.049136499665906073,0.06108934974891666,0.07438325674962622,0.057155255184908986,0.03999292858503087,0.039792963942104846,0.03979296394210496,0.03979296394210494,0.050712061013451985,0.04754152310571851,0.05014079199967696,0.08143134917300025,0.07756723071230684,0.10057345014198495,0.03177288844993363,0.03177288844993486,0.03177288844993478,0.08084141091506873,0.05296132404216762,0.07715924245905681,0.07316045637588763,0.05636025068817763,0.06752227207628081,0.03654984029975939,0.0365498402997664,0.03654984029976469
2026-06-11T11:20:47,"profitability_bias (bias_weight=0.9, output_carriers=electricity/heat)",621149.3695085208,1.5389489162622283e-13,3.8362809749624355e-13,1.5885988233369686e-10,1.6005699802689703e-13,6.357349046160013e-13,1.3196382481990004e-10,7.338778885132772e-13,2.8136517188392158e-12,1.626806213352936e-10,1.3638152953667215,1.6538480367609136e-11,3.9741261508230066,7.5997579077395425,27.090146047221637,37.017392509339906,1.0956288656676299e-13,24.861821920969348,31.539343295515227,7.052866919302822,1.7583977464675038,1.2034144105000103e-09,3.828207315857921e-13,2.408666074260281e-12,2.0281684746073313e-12,1.0153939457672891e-13,6.6132784480400595,6.634666184379972e-12,8.300721935566229e-13,2.912002728202278e-12,1.689304994927804e-11,7.149026317086796e-13,1.6705341854133088e-12,1.515464967514136e-11,7.7181629775286e-13,1.8286146988145315e-12,1.641843404714393e-11,7.012839796700242e-13,1.4412904472125674e-12,1.544124174435218e-11,1.817201962170179e-13,5.605677652199559e-14,0.7312029751195324,7.744857371925374e-14,4.761909087212672e-14,6.433937781232817e-13,7.443453004854465e-14,1.5067845801766004e-13,1.7569970917662985,5.859060984257826e-13,3.734790254839027e-12,2.397104736928668e-11,1.6304959426019546e-13,4.476419235288631e-13,3.730349362740526e-12,1.546897448856086,6.902438575424995,72.16463331510161,3.696990504108536e-13,0.5922983051492823,8.442220744054201e-12,3.275245006841618e-13,1.1629505989972214e-12,7.497484847223178e-12,0.0,0.0,0.0,0.0,0.0,0.0,6.797331017539344e-14,2.5579538487363607e-13,1.5125678487493133e-12,0.18949999999994543,0.0,0.0,4.74487365707816,0.7403663429210035,0.0,6.918765722349801e-14,2.3581137043038325e-13,1.20570220474292e-12,1.9631263881127405,0.23336303174402495,0.15141088650928136,3.0336634733874512,1.0814904527478575e-11,2.7232965265982374,0.0,0.0,0.0,1.0031028454748729e-13,1.0835776720341528e-13,3.028688411177427e-12,2.4662579982029738e-14,8.427120834694942e-14,3.9954796914077467e-13,1.044757272712344e-13,7.64110996698264e-14,1.5862103297514807e-12,25.39534469452283,21.001940874940942,31.90122926148841,3.096045330427499e-13,1.7195134205394424e-12,6.331823954042193e-12,0.06218330290564979,0.049136499665906073,0.06108934974891666,0.07438325674962622,0.057155255184908986,0.03999292858503087,0.039792963942104846,0.03979296394210496,0.03979296394210494,0.051278825390169265,0.048141535902807106,0.05024545194804851,0.08620125479726735,0.08031910166030487,0.10677895799744494,0.0317728884499348,0.03177288844993501,0.03177288844993499,0.09040362001238463,0.052961324662070916,0.08070515585295245,0.07405504705921663,0.04895158882425283,0.05584043848570889,0.03654984029975645,0.03654984029976723,0.036549840299767024
2026-06-11T11:22:29,"profitability_bias (bias_weight=1.0, output_carriers=electricity/heat)",621239.9692660042,1.5389489162622283e-13,1.0415343084418234e-11,-9.070566008228251e-12,1.6005699802689703e-13,1.1839715947815734e-12,6.04563094437179e-14,7.338778885132772e-13,1.3935023713287184e-11,-1.2589517989957029e-11,1.3638152953667215,5.5019701306834715e-11,3.9741261520052293,7.5997579077395425,27.090146047228696,37.01739250928445,1.0956288656676299e-13,24.861821920922257,31.539343295485853,7.052866919302822,1.7583977464313783,5.690539258132933e-13,3.828207315857921e-13,1.3523201340869188e-11,1.9100515057277446e-14,1.0153939457672891e-13,6.613278448084679,2.9651229297733e-14,8.300721935566229e-13,1.7644468717190288e-11,1.6894386681551295e-13,7.149026317086796e-13,1.0276977429246845e-11,1.5456654767339834e-13,7.7181629775286e-13,1.0532844302242747e-11,1.6310187292979695e-13,7.012839796700242e-13,7.370783658917753e-12,1.5262659937447241e-13,1.817201962170179e-13,1.5131679917905704e-13,0.7312029754104311,7.744857371925374e-14,1.5326016292226767e-12,3.185944892346514e-15,7.443453004854465e-14,7.867922664796393e-13,1.7569970916358109,5.859060984257826e-13,2.7394531088020813e-11,1.1945999744966684e-13,1.6304959426019546e-13,2.5508484213787597e-12,2.1316282072803006e-14,1.546897448856086,6.902438574589496,72.1646333167715,3.696990504108536e-13,1.3698586734189386,8.243740784362495e-14,3.275245006841618e-13,5.977706088571858e-12,7.67625472302675e-14,0.0,0.0,0.0,0.0,0.0,0.0,6.797331017539344e-14,1.4193091146808001e-12,9.769962616701378e-15,0.18949999999994543,0.0,0.0,4.74487365707816,0.7403663429163236,0.0,6.918765722349801e-14,1.375344282905644e-12,8.881784197001252e-15,1.9631263881127405,0.23336303174314033,0.15141088651087165,3.0336634733874512,2.9274316304395143e-10,2.723296526319782,0.0,0.0,0.0,1.0031028454748729e-13,5.03597163969971e-13,1.5987211554602254e-14,2.4662579982029738e-14,5.858143076180705e-13,-6.054015062865366e-13,1.044757272712344e-13,5.115616263928757e-12,1.3482270855291745e-14,25.39534469452283,15.593211985125222,37.309958151351836,3.096045330427499e-13,1.0526690630285884e-11,6.394884621840902e-14,0.06218330290564979,0.049136499665906073,0.06108934974891666,0.07438325674962622,0.057155255184908986,0.03999292858503087,0.039792963942104846,0.03979296394210496,0.03979296394210494,0.05146743656123866,0.04844262788658094,0.050297781922233845,0.09070378927932468,0.08273556453720826,0.1150980816319354,0.031772888449934325,0.03177288844993495,0.031772888449934915,0.0927179698730837,0.05296132404180686,0.08252767827532292,0.07131865634389391,0.047710480421300286,0.0508154988445332,0.0365498402997676,0.036549840299767634,0.036549840299767634
2026-06-11T11:24:11,"profitability_bias (bias_weight=1.2, output_carriers=electricity/heat)",621510.720521967,1.5389489162622283e-13,4.49295829453345e-13,8.962025384524496e-09,1.6005699802689703e-13,4.635663398729719e-13,9.13541979863231e-09,7.338778885132772e-13,1.4626183277973638e-12,8.993980946607807e-09,1.3638152953667215,7.1946910094519005e-12,1.1133626698651002,7.5997579077395425,27.090146047222458,37.01739251894809,1.0956288656676299e-13,24.861821920978677,33.30099462669408,7.052866919302822,1.7583977464767584,2.860763483682173,3.828207315857921e-13,6.605632284701714e-13,1.436678071198947e-10,1.0153939457672891e-13,6.613278448030552,2.6502269207904255e-10,8.300721935566229e-13,3.126591851731944e-12,1.3479971295002455e-09,7.149026317086796e-13,2.2235865860355824e-12,1.187823681847846e-09,7.7181629775286e-13,2.3140138192638728e-12,1.2417947334359278e-09,7.012839796700242e-13,1.829054062775304e-12,1.166790168599033e-09,1.817201962170179e-13,3.709900887383795e-14,7.70672653498741e-10,7.744857371925374e-14,3.549262133406321e-13,2.948025461757216e-11,7.443453004854465e-14,1.0799145890826959e-13,2.22808367367397,5.859060984257826e-13,3.1721292259589973e-12,7.7514084040331e-10,1.6304959426019546e-13,7.602807272633072e-13,1.5296564015443437e-10,1.546897448856086,3.4183988236581158,74.83244616385946,3.696990504108536e-13,1.3698586735298584,5.830787232743724e-10,3.275245006841618e-13,9.366727819901938e-13,4.892987050344617e-10,0.0,0.0,0.0,0.0,0.0,0.0,6.797331017539344e-14,1.8030021919912542e-13,7.338751828456225e-11,0.18949999999994543,0.0,0.0,4.74487365707816,0.7403663429210159,0.0,6.918765722349801e-14,1.7674750552032492e-13,6.002220942491476e-11,1.9631263881127405,0.2333630317440072,0.1514108864717949,3.0336634733874512,2.7232965266013465,0.0,0.0,0.0,0.0,1.0031028454748729e-13,1.127986593019159e-13,1.0029577168779724e-10,2.4662579982029738e-14,7.298948703342422e-14,3.794731686729586e-11,1.044757272712344e-13,2.4934221354300234e-13,1.2264948084927951e-10,25.39534469452283,15.593211984089493,37.30995815141537,3.096045330427499e-13,1.815436689867056e-12,4.2379522113833445e-10,0.06218330290564979,0.049136499665906073,0.06108934974891666,0.07438325674962622,0.057155255184908986,0.03999292858503087,0.039792963942104846,0.03979296394210496,0.03979296394210494,0.05156923691458883,0.04904264068366973,0.050402441870604504,0.09452593680633645,0.08423989406798844,0.11710646079882552,0.03177288844993408,0.03177288844993492,0.03177288844993486,0.09572727172113507,0.052961324042030404,0.08450533079720872,0.0672030063076508,0.03938216876741087,0.04092003428881829,0.03654984029929144,0.03654984029969455,0.0365498402994983
2026-06-11T11:25:51,"profitability_bias (bias_weight=1.5, output_carriers=electricity/heat)",628670.0397992523,1.5389489162622283e-13,7.242465217105585e-12,-7.021638200520769e-12,1.6005699802689703e-13,4.854806399203797e-12,-4.622765431712611e-12,7.338778885132772e-13,3.9219862590599224e-12,-3.7131899974086974e-12,1.3638152953667215,1.5866119057421e-11,1.1133626701437211,7.5997579077395425,27.090146047223758,45.61294869923156,1.0956288656676299e-13,24.86182192096881,120.35675565760425,7.052866919302822,1.7583977464719227,2.860763481860697,3.828207315857921e-13,3.663750051660978e-12,8.849888551285409e-15,1.0153939457672891e-13,6.613278448042815,1.0628165529175862e-13,8.300721935566229e-13,1.266577652158251e-11,9.004314094203069e-14,7.149026317086796e-13,1.1647749245248264e-11,7.782271452519535e-14,7.7181629775286e-13,1.2463327537239004e-11,9.191449913760275e-14,7.012839796700242e-13,1.1434714716571538e-11,8.32671275848476e-14,1.817201962170179e-13,2.47238108452166e-13,2.4318537868661274e-15,7.744857371925374e-14,6.535836082232871e-13,4.169966784535276e-16,7.443453004854465e-14,3.7055736706261136e-13,2.228083677807814,5.859060984257826e-13,5.843325823207124e-12,1.1546319456101628e-14,1.6304959426019546e-13,1.5560885913146194e-12,0.0,1.546897448856086,3.418398823742468,74.83244616816964,3.696990504108536e-13,1.369858673526323,3.3028350549456886e-14,3.275245006841618e-13,2.969431200172193e-12,3.2391440700874945e-14,0.0,0.0,0.0,0.0,0.0,0.0,6.797331017539344e-14,6.830092047493963e-13,2.6645352591003757e-15,0.18949999999994543,0.0,0.0,4.74487365707816,0.7403663429198604,0.0,6.918765722349801e-14,5.559996907322784e-13,3.552713678800501e-15,1.9631263881127405,0.23336303174379758,0.15141088651021883,3.0336634733874512,2.723296526598936,0.0,0.0,0.0,0.0,1.0031028454748729e-13,7.762679388179095e-13,1.7763568394002505e-15,2.4662579982029738e-14,3.0875532441275015e-13,-3.3107848831669997e-13,1.044757272712344e-13,6.964429033473607e-13,7.41073868937292e-15,25.39534469452283,15.593211984172711,37.309958152304446,3.096045330427499e-13,2.4353852268177434e-12,3.9968028886505635e-14,0.06218330290564979,0.049136499665906073,0.06108934974891666,0.07438325674962622,0.057155255184908986,0.03999292858503087,0.039792963942104846,0.03979296394210496,0.03979296394210494,0.051721937444750815,0.049942659879285485,0.05055943179313643,0.1010999849528845,0.09357402880995716,0.1309236160760253,0.03177288844989946,0.03177288844993062,0.03177288844992819,0.09719674560847413,0.05729738943669833,0.08829764432952482,0.061048009978375624,0.0367335078389625,0.02913424434672781,0.03654984029976757,0.03654984029976763,0.036356066098032394
2026-06-11T11:27:33,"profitability_bias (bias_weight=2, output_carriers=electricity/heat)",638910.2124924988,1.5389489162622283e-13,4.8415952058818e-12,-3.936679173875773e-12,1.6005699802689703e-13,7.135482105807237e-13,1.1715252711071199e-13,7.338778885132772e-13,2.365512270618013e-12,-1.3676727880307682e-12,1.3638152953667215,9.646120836920943e-12,1.1133626701465589,7.5997579077395425,27.09014604722361,37.017392509302674,1.0956288656676299e-13,24.86182192097406,128.95231184752404,7.052866919302822,1.758397746474428,2.8607634818616465,3.828207315857921e-13,3.868427728146692e-13,1.839342468553505e-14,1.0153939457672891e-13,6.613278448035668,175.48921429399334,8.300721935566229e-13,2.58593522771437e-12,1.297854637142968e-13,7.149026317086796e-13,2.8285272951896942e-12,1.250652660315048e-13,7.7181629775286e-13,2.7738251094033348e-12,1.3491772777203462e-13,7.012839796700242e-13,2.1238060897886147e-12,1.252921776456767e-13,1.817201962170179e-13,1.9936911412209786e-14,4.926726632933505e-16,7.744857371925374e-14,9.16262474796783e-13,2.5638899772168127e-15,7.443453004854465e-14,1.6935972742709599e-13,5.112950333199268e-15,5.859060984257826e-13,1.2652101588628284e-12,1.6431300764452317e-14,1.6304959426019546e-13,1.3713474800169934e-12,1.4210854715202004e-14,1.546897448856086,3.4183988234589116,74.83244616742157,3.696990504108536e-13,1.3698586735322824,6.467609081693376e-14,3.275245006841618e-13,8.807253763792773e-13,6.039693425414839e-14,0.0,0.0,0.0,0.0,0.0,0.0,6.797331017539344e-14,3.5349501104064984e-13,6.217248937900877e-15,0.18949999999994543,0.0,0.0,4.74487365707816,0.7403663429210718,0.0,6.918765722349801e-14,3.5926817076870066e-13,5.329070518200751e-15,1.9631263881127405,0.23336303174394324,0.15141088651007095,3.0336634733874512,2.723296526608823,0.0,0.0,0.0,0.0,1.0031028454748729e-13,1.7763568394002505e-13,9.769962616701378e-15,2.4662579982029738e-14,1.7781316974947618e-13,-1.9861506119510872e-13,1.044757272712344e-13,7.610578833805448e-14,7.820133429703446e-15,25.39534469452283,15.593211984121993,37.30995815235514,3.096045330427499e-13,2.3661073100811336e-12,2.220446049250313e-14,0.06218330290564979,0.049136499665906073,0.06108934974891666,0.07438325674962622,0.057155255184908986,0.03999292858503087,0.039792963942104846,0.03979296394210496,0.03979296394210494,0.05197643832798283,0.05144269187202583,0.05082108166408933,0.11417555547033463,0.10194780632543855,0.15032672121092247,0.03177288844993497,0.031772888449935026,0.031772888449935026,0.08098110677491865,0.05296132404180688,0.07406513162908757,0.06527828657646313,0.042450808751399574,0.024526457196197487,0.036549840299767634,0.03654984029976765,0.03636400174567255
2026-06-11T11:29:14,"profitability_bias (bias_weight=5, output_carriers=electricity/heat)",639000.0838866776,1.5389489162622283e-13,3.934384534701957e-13,1.8405800764504898e-11,1.6005699802689703e-13,3.2925174976518187e-13,2.0647060734277858e-11,7.338778885132772e-13,2.958422763783588e-13,1.733918318144396e-11,1.3638152953667215,2.1521642266844136e-12,1.113362670152535,7.5997579077395425,27.09014604722355,37.01739250930462,1.0956288656676299e-13,24.86182192098446,128.9523118475249,7.052866919302822,1.7583977464817857,2.860763481856448,3.828207315857921e-13,6.523247298959072e-13,4.492021197703792e-13,1.0153939457672891e-13,6.613278448025163,175.48921429399087,8.300721935566229e-13,2.6627187903470744e-12,1.4163021735529307e-12,7.149026317086796e-13,1.492146271052653e-12,2.380584093590065e-12,7.7181629775286e-13,1.6294322706516633e-12,2.9284515677606972e-12,7.012839796700242e-13,1.3038409907749773e-12,2.578675077735186e-12,1.817201962170179e-13,2.630371193978919e-14,1.321715486028198e-12,7.744857371925374e-14,1.4966566386414567e-14,2.0536154376743542e-13,7.443453004854465e-14,2.1089078287138677e-14,0.03935951521932373,5.859060984257826e-13,1.603162047558726e-13,1.6688872506165353e-12,1.6304959426019546e-13,5.684341886080802e-14,2.5579538487363607e-13,1.546897448856086,4.1673331452329876e-12,65.97091324167964,3.696990504108536e-13,1.3698586735358131,9.30307919502081e-13,3.275245006841618e-13,1.5538172577776043e-13,6.437041131929265e-13,0.0,0.0,0.0,0.0,0.0,0.0,6.797331017539344e-14,3.375077994860476e-14,1.4033219031261979e-13,0.18949999999994543,0.0,0.0,4.74487365707816,0.7403663429217016,0.0,6.918765722349801e-14,2.886579864025407e-14,9.992007221626409e-14,1.9631263881127405,0.2333630317441573,0.15141088650982626,3.0336634733874512,2.7232965266121085,0.0,0.0,0.0,0.0,1.0031028454748729e-13,5.240252676230739e-14,3.419486915845482e-13,2.4662579982029738e-14,4.013873087543066e-15,1.7819901852286135e-14,1.044757272712344e-13,2.1382895454280515e-13,1.108696467966297e-13,25.39534469452283,15.593211984033388,37.309958152443116,3.096045330427499e-13,1.1013412404281553e-13,7.824851877558103e-13,0.06218330290564979,0.049136499665906073,0.06108934974891666,0.07438325674962622,0.057155255184908986,0.03999292858503087,0.039792963942104846,0.03979296394210496,0.03979296394210494,0.05211523969288519,0.060442883828359564,0.05096378199082277,0.19125096643041933,0.170338038920055,0.27702029476596746,0.031772888449935026,0.03177288844993504,0.03177288844993504,0.08820937232395293,0.06018296833576837,0.08130109474690672,0.08864239506085887,0.0705147185988444,0.026767137701621566,0.036549840299767294,0.0365498402997676,0.036334116994012775
2026-06-11T11:30:56,"profitability_bias (bias_weight=10, output_carriers=electricity/heat)",639000.0838868051,1.5389489162622283e-13,2.477301529838638e-12,2.0611175934342695e-10,1.6005699802689703e-13,1.7804615298743883e-12,1.9459571768927496e-10,7.338778885132772e-13,1.86117021395383e-12,2.1516458386770117e-10,1.3638152953667215,3.160600509838766e-12,1.1133627275970086,7.5997579077395425,27.090146047224767,37.017392509301025,1.0956288656676299e-13,24.861821920982496,128.95231179008343,7.052866919302822,1.7583977464807468,2.8607634244217346,3.828207315857921e-13,1.426096655096354e-13,3.3542199770703917e-12,1.0153939457672891e-13,6.613278448026895,175.48921435142339,8.300721935566229e-13,3.467185764246963e-12,2.433204028431552e-11,7.149026317086796e-13,2.5916567333434796e-12,2.259818461642885e-11,7.7181629775286e-13,2.672328466390761e-12,2.4300068083269222e-11,7.012839796700242e-13,2.454495804462282e-12,2.2588726721488422e-11,1.817201962170179e-13,2.85302214287604e-14,1.4707246911931589e-08,7.744857371925374e-14,4.437472163803845e-14,4.859717797154148e-12,7.443453004854465e-14,1.6701422438717578e-14,0.03935950225409391,5.859060984257826e-13,7.696066006701585e-13,1.857847209407737e-11,1.6304959426019546e-13,6.394884621840902e-14,3.844036200462142e-12,1.546897448856086,1.8189894035458565e-12,65.97091324162203,3.696990504108536e-13,1.3698586735360816,1.181504275077886e-11,3.275245006841618e-13,7.937579359026669e-14,1.0968354641644714e-11,0.0,0.0,0.0,0.0,0.0,0.0,6.797331017539344e-14,3.907985046680551e-14,2.1440627051561023e-12,0.18949999999994543,0.0,0.0,4.74487365707816,0.7403663429217513,0.0,6.918765722349801e-14,2.708944180085382e-14,1.6697754290362354e-12,1.9631263881127405,0.23336303174417283,0.15141088650941237,3.0336634733874512,2.723296526612303,0.0,0.0,0.0,0.0,1.0031028454748729e-13,9.592326932761353e-14,2.0971668845959357e-11,2.4662579982029738e-14,7.242206355493051e-15,8.976304111388289e-13,1.044757272712344e-13,1.2159717677207027e-13,2.0758464391867903e-12,25.39534469452283,15.59321198404956,37.30995815242308,3.096045330427499e-13,9.769962616701378e-14,9.384493182551523e-12,0.06218330290564979,0.049136499665906073,0.06108934974891666,0.07438325674962622,0.057155255184908986,0.03999292858503087,0.039792963942104846,0.03979296394210496,0.03979296394210494,0.05211523969288545,0.07544320375558228,0.050963781990821605,0.32405653613750546,0.26697028009392487,0.4453009059246587,0.03177288844993473,0.031772888449935,0.03177288844993498,0.08861627708194013,0.058255827000237244,0.07937013234155485,0.13479983500060969,0.11519826279062097,0.026169197973781505,0.03654984029923803,0.0365498402996017,0.03636777592736592
2026-06-11T11:44:01,total_cost,620992.8581577472,1.5389489162622283e-13,4.37056429031019e-12,7.187577447251548e-11,1.6005699802689703e-13,5.2468314279268835e-12,7.30719311120209e-11,7.338778885132772e-13,3.78161126738379e-12,7.256273951600089e-11,1.3638152953667215,9.686756018557682e-11,2.363329909930611e-11,7.5997579077395425,27.090146047093302,37.01739250930265,1.0956288656676299e-13,24.861821920822067,31.53934329543476,7.052866919302822,1.7583977463893137,3.9741261519991813,3.828207315857921e-13,1.342939793281904e-10,5.162324820364744e-12,1.0153939457672891e-13,6.613278448185778,5.196979611651953e-11,8.300721935566229e-13,1.244917885557029e-11,1.1357281809980103e-11,7.149026317086796e-13,1.812588744420997e-11,1.0469990150711666e-11,7.7181629775286e-13,1.8335335127939256e-11,1.1469552296738933e-11,7.012839796700242e-13,1.587393848030391e-11,1.0612875302172705e-11,1.817201962170179e-13,6.208932534813516e-12,1.6084877536269582,7.744857371925374e-14,1.9823936471204108e-11,2.895261578933414e-12,7.443453004854465e-14,3.2924341931431226e-12,6.958022931937768,5.859060984257826e-13,9.206087053141041e-11,1.5809953474810448e-11,1.6304959426019546e-13,1.349023082211774e-11,4.584444390822071e-12,1.546897448856086,6.902438575386505,19.30661302646382,3.696990504108536e-13,1.3586084493383453e-11,6.667111067548686e-12,3.275245006841618e-13,5.784200530079962e-12,5.137564027443246e-12,0.0,0.0,0.0,0.0,0.0,0.0,6.797331017539344e-14,2.83200337468265e-12,1.2015681326558858e-12,0.18949999999994543,0.0,0.0,4.74487365707816,0.7403663428458489,0.0,6.918765722349801e-14,3.3229285639267014e-12,1.0014381537354892e-12,1.9631263881127405,0.233363031740521,0.1514108865122213,3.0336634733874512,2.0373239474478517e-11,2.415297523787001e-09,0.0,0.0,0.0,1.0031028454748729e-13,1.8563452373548548e-12,9.794044544465903e-12,2.4662579982029738e-14,9.792129360305049e-13,-5.987075496881617e-13,1.044757272712344e-13,1.5390492359918536e-12,1.5631832215490023e-12,25.39534469452283,30.826091142864648,22.07707899357865,3.096045330427499e-13,5.063404028026254e-12,7.894452602362944e-12,0.06218330290564979,0.049136499665906073,0.06108934974891666,0.07438325674962622,0.057155255184908986,0.03999292858503087,0.039792963942104846,0.03979296394210496,0.03979296394210494,0.05035575977673265,0.045787241590408624,0.049774482180378,0.06566206698108405,0.05942518039888127,0.06689426730705196,0.03177288844993292,0.03177288844993477,0.03177288844993464,0.06142224186213955,0.052961324041812884,0.06175392510209931,0.06939355961657087,0.06478054593928631,0.07562502807495514,0.03654984029976682,0.036549840299767405,0.03654984029976728
2026-06-11T11:45:43,"profitability_bias (bias_weight=0.25, output_carriers=electricity)",621068.794104132,1.5389489162622283e-13,1.667435066627792e-13,4.62261782252164e-10,1.6005699802689703e-13,2.3099175306436016e-13,4.3738538155272707e-10,7.338778885132772e-13,6.119521726648044e-13,4.5548627121073907e-10,1.3638152953667215,3.378517516576922e-12,3.2483178457647574e-11,7.5997579077395425,27.090146047220344,37.01739250929617,1.0956288656676299e-13,24.861821920974723,1.3789521446890592e-10,7.052866919302822,1.7583977464806935,3.9741261519880258,3.828207315857921e-13,3.0354714832123406e-12,3.009265534333927e-11,1.0153939457672891e-13,6.613278448032688,31.53934329537992,8.300721935566229e-13,1.022889723708747e-12,6.601728753880446e-11,7.149026317086796e-13,8.032607079175706e-13,6.081164632365796e-11,7.7181629775286e-13,8.392721803973119e-13,6.673082586544188e-11,7.012839796700242e-13,7.061184204234416e-13,6.169654506024566e-11,1.817201962170179e-13,4.542724898814051e-14,0.4536088386441451,7.744857371925374e-14,9.311064067777085e-14,3.4166085447872066e-12,7.443453004854465e-14,8.636415386020995e-14,1.3489289830748545e-09,5.859060984257826e-13,2.218669692410913e-12,4.019584665115872e-11,1.6304959426019546e-13,7.531752999057062e-13,1.4985346297180513e-11,1.546897448856086,6.902438575278172,23.46346818372761,3.696990504108536e-13,3.1265294369521157e-13,3.579988233512085e-11,3.275245006841618e-13,2.5198014667601216e-13,3.0276862378165207e-11,0.0,0.0,0.0,0.0,0.0,0.0,6.797331017539344e-14,1.056932319443149e-13,5.827338611652522e-12,0.18949999999994543,0.0,0.0,4.74487365707816,0.7403663429208232,0.0,6.918765722349801e-14,8.837375276016246e-14,4.849898260772534e-12,1.9631263881127405,0.23336303174407869,0.15141088650653511,3.0336634733874512,6.079581282847357e-13,2.723296526571894,0.0,0.0,0.0,1.0031028454748729e-13,7.016609515630989e-14,9.552358903874847e-12,2.4662579982029738e-14,1.547402101786667e-14,2.1714992340161186e-12,1.044757272712344e-13,3.797656633608426e-13,7.134737245451106e-12,25.39534469452283,25.121982334548676,27.78118780185595,3.096045330427499e-13,3.6060043839825084e-13,2.6914470652172895e-11,0.06218330290564979,0.049136499665906073,0.06108934974891666,0.07438325674962622,0.057155255184908986,0.03999292858503087,0.039792963942104846,0.03979296394210496,0.03979296394210494,0.050483010218409285,0.046191494312268135,0.04990530711584268,0.06540540334510639,0.06104319468967073,0.06898525999688679,0.03177288844993495,0.031772888449935026,0.031772888449935026,0.06923326539274972,0.05296132404195543,0.06778852300490082,0.06735182807001637,0.06501970079480343,0.07898223313135946,0.036549840299747324,0.036549840299763714,0.03654984029976374
2026-06-11T11:47:24,"profitability_bias (bias_weight=0.3, output_carriers=electricity)",621073.8742772336,1.5389489162622283e-13,1.6676385978320687e-11,4.674655665555555e-09,1.6005699802689703e-13,6.606329778281665e-12,4.6269796151379585e-09,7.338778885132772e-13,3.2664458371638124e-11,4.807152833786617e-09,1.3638152953667215,4.249734213812679e-11,2.8317584203420347e-10,7.5997579077395425,27.09014604717505,37.017392509020844,1.0956288656676299e-13,24.861821920821775,9.649288628560059e-10,7.052866919302822,1.7583977464423644,3.9741261518763564,3.828207315857921e-13,4.3918018562243414e-11,4.432646110921207e-10,1.0153939457672891e-13,6.613278448189162,31.539343294703592,8.300721935566229e-13,2.245130920775664e-11,8.733024368236074e-10,7.149026317086796e-13,1.2324685581176758e-11,8.255769247167429e-10,7.7181629775286e-13,1.3393593862951216e-11,9.534155469369825e-10,7.012839796700242e-13,1.0487053161503905e-11,8.696620931357077e-10,1.817201962170179e-13,4.937626152114561e-13,5.098673756687772e-09,7.744857371925374e-14,2.2634058011392635e-12,2.8808059177076143e-11,7.443453004854465e-14,1.1645753702051367e-12,0.46635080926689093,5.859060984257826e-13,5.794831281491497e-11,3.172053730793323e-10,1.6304959426019546e-13,1.227107304657693e-11,1.4431833506023395e-10,1.546897448856086,6.902438575358751,23.46346820093683,3.696990504108536e-13,6.702789522052322e-11,3.6768731644944815e-10,3.275245006841618e-13,7.783515218765306e-12,4.403618215955201e-10,0.0,0.0,0.0,0.0,0.0,0.0,6.797331017539344e-14,1.4743761767022079e-12,7.687805947398374e-11,0.18949999999994543,0.0,0.0,4.74487365707816,0.7403663429081382,0.0,6.918765722349801e-14,1.1191048088221578e-12,6.59960974758178e-11,1.9631263881127405,0.2333630317421962,0.15141088648091072,3.0336634733874512,1.41877620762898e-11,2.7232965261633253,0.0,0.0,0.0,1.0031028454748729e-13,9.059419880941277e-13,7.313527561336741e-11,2.4662579982029738e-14,5.618797010047692e-13,2.909861488194529e-11,1.044757272712344e-13,1.032694763036801e-11,9.93954848982348e-11,25.39534469452283,25.121982335293566,27.781187800262813,3.096045330427499e-13,5.314859663485549e-12,2.3365398504893164e-10,0.06218330290564979,0.049136499665906073,0.06108934974891666,0.07438325674962622,0.057155255184908986,0.03999292858503087,0.039792963942104846,0.03979296394210496,0.03979296394210494,0.05050846030674785,0.04634149751154042,0.04993147210293533,0.06468171473178626,0.05903533535551137,0.06470503729718875,0.03177288844993471,0.03177288844993499,0.03177288844993498,0.07049522220099648,0.05296132404997256,0.0690159996951465,0.06751179469863967,0.06503381766440534,0.07876224342957966,0.0365498402985301,0.03654984029951039,0.036549840299542655
2026-06-11T15:49:22,total_cost,620992.8581577472,1.5389489162622283e-13,4.37056429031019e-12,7.187577447251548e-11,1.6005699802689703e-13,5.2468314279268835e-12,7.30719311120209e-11,7.338778885132772e-13,3.78161126738379e-12,7.256273951600089e-11,1.3638152953667215,9.686756018557682e-11,2.363329909930611e-11,7.5997579077395425,27.090146047093302,37.01739250930265,1.0956288656676299e-13,24.861821920822067,31.53934329543476,7.052866919302822,1.7583977463893137,3.9741261519991813,3.828207315857921e-13,1.342939793281904e-10,5.162324820364744e-12,1.0153939457672891e-13,6.613278448185778,5.196979611651953e-11,8.300721935566229e-13,1.244917885557029e-11,1.1357281809980103e-11,7.149026317086796e-13,1.812588744420997e-11,1.0469990150711666e-11,7.7181629775286e-13,1.8335335127939256e-11,1.1469552296738933e-11,7.012839796700242e-13,1.587393848030391e-11,1.0612875302172705e-11,1.817201962170179e-13,6.208932534813516e-12,1.6084877536269582,7.744857371925374e-14,1.9823936471204108e-11,2.895261578933414e-12,7.443453004854465e-14,3.2924341931431226e-12,6.958022931937768,5.859060984257826e-13,9.206087053141041e-11,1.5809953474810448e-11,1.6304959426019546e-13,1.349023082211774e-11,4.584444390822071e-12,1.546897448856086,6.902438575386505,19.30661302646382,3.696990504108536e-13,1.3586084493383453e-11,6.667111067548686e-12,3.275245006841618e-13,5.784200530079962e-12,5.137564027443246e-12,0.0,0.0,0.0,0.0,0.0,0.0,6.797331017539344e-14,2.83200337468265e-12,1.2015681326558858e-12,0.18949999999994543,0.0,0.0,4.74487365707816,0.7403663428458489,0.0,6.918765722349801e-14,3.3229285639267014e-12,1.0014381537354892e-12,1.9631263881127405,0.233363031740521,0.1514108865122213,3.0336634733874512,2.0373239474478517e-11,2.415297523787001e-09,0.0,0.0,0.0,1.0031028454748729e-13,1.8563452373548548e-12,9.794044544465903e-12,2.4662579982029738e-14,9.792129360305049e-13,-5.987075496881617e-13,1.044757272712344e-13,1.5390492359918536e-12,1.5631832215490023e-12,25.39534469452283,30.826091142864648,22.07707899357865,3.096045330427499e-13,5.063404028026254e-12,7.894452602362944e-12,0.06218330290564979,0.049136499665906073,0.06108934974891666,0.07438325674962622,0.057155255184908986,0.03999292858503087,0.039792963942104846,0.03979296394210496,0.03979296394210494,0.05035575977673265,0.045787241590408624,0.049774482180378,0.06566206698108405,0.05942518039888127,0.06689426730705196,0.03177288844993292,0.03177288844993477,0.03177288844993464,0.06142224186213955,0.052961324041812884,0.06175392510209931,0.06939355961657087,0.06478054593928631,0.07562502807495514,0.03654984029976682,0.036549840299767405,0.03654984029976728
2026-06-11T15:51:04,profitability_bias (bias_weight=0.1),621048.9258851412,1.5389489162622283e-13,3.3115885588709373e-12,1.0970857817581373e-11,1.6005699802689703e-13,2.622937471785245e-12,1.237083771258995e-11,7.338778885132772e-13,9.181896975721973e-12,6.026968081917257e-12,1.3638152953667215,2.008786405021079e-11,3.991695122222755e-12,7.5997579077395425,27.090146047209224,37.01739250930306,1.0956288656676299e-13,24.861821920960182,31.53934329547961,7.052866919302822,1.7583977464648015,3.9741261520063844,3.828207315857921e-13,1.6602048256604544e-11,1.083473710357285e-12,1.0153939457672891e-13,6.6132784480516245,4.499821819302386e-12,8.300721935566229e-13,1.0667036113441911e-11,3.8238578575327835e-12,7.149026317086796e-13,8.714905658478741e-12,3.308427871510201e-12,7.7181629775286e-13,9.342106626973424e-12,4.058905878169346e-12,7.012839796700242e-13,8.350521878908855e-12,3.6742530480601255e-12,1.817201962170179e-13,7.844323460002963e-13,1.3431088748614473,7.744857371925374e-14,7.115573432835493e-13,1.9474087741949568e-13,7.443453004854465e-14,9.895898180928031e-13,0.841536536214691,5.859060984257826e-13,1.5085266369396777e-11,3.622879773956811e-12,1.6304959426019546e-13,2.4442670110147446e-12,7.105427357601002e-13,1.546897448856086,6.902438575505521,65.71100930268673,3.696990504108536e-13,7.066767613117316e-12,1.1957950727267588e-12,3.275245006841618e-13,4.494161909712168e-12,1.7235102395156056e-12,0.0,0.0,0.0,0.0,0.0,0.0,6.797331017539344e-14,9.9298347322474e-13,3.2862601528904634e-13,0.18949999999994543,0.0,0.0,4.74487365707816,0.740366342906972,0.0,6.918765722349801e-14,9.561240688071848e-13,3.019806626980426e-13,1.9631263881127405,0.2333630317432127,0.15141088651064605,3.0336634733874512,5.128342195348523e-12,2.723296526603661,0.0,0.0,0.0,1.0031028454748729e-13,1.084465850453853e-12,4.556355293061642e-13,2.4662579982029738e-14,3.193029357591463e-13,-2.2203375301323705e-13,1.044757272712344e-13,1.8702123183444996e-12,2.7918639622370733e-13,25.39534469452283,30.826091143423398,22.07707899305177,3.096045330427499e-13,2.929212428171013e-12,1.5338841308221163e-12,0.06218330290564979,0.049136499665906073,0.06108934974891666,0.07438325674962622,0.057155255184908986,0.03999292858503087,0.039792963942104846,0.03979296394210496,0.03979296394210494,0.05040665995340061,0.045935445447377085,0.049826812154564096,0.06913308074029301,0.06063254682407481,0.07003855370107971,0.031772888449934276,0.031772888449934936,0.0317728884499349,0.06452938560497072,0.05296132404267568,0.06403340742924668,0.07036190772298886,0.06480864262908878,0.07992332034338208,0.03654984029976037,0.036549840299766295,0.03654984029976464
2026-06-11T15:52:46,profitability_bias (bias_weight=0.2),621048.9258884484,1.5389489162622283e-13,7.647077038157249e-14,8.936683435088828e-10,1.6005699802689703e-13,8.051351180358067e-14,8.814985009798738e-10,7.338778885132772e-13,5.809823259417351e-13,9.086024115765957e-10,1.3638152953667215,8.695203071116027e-13,6.388253958105033e-10,7.5997579077395425,27.090146047224156,37.01739250945301,1.0956288656676299e-13,24.861821920984536,31.539343295487292,7.052866919302822,1.7583977464830742,3.9741261515230812,3.828207315857921e-13,7.162466659611055e-13,3.216732339242712e-11,1.0153939457672891e-13,6.61327844802513,1.224096295945448e-10,8.300721935566229e-13,4.538772755419286e-13,1.2245600615034966e-10,7.149026317086796e-13,2.9909530226132683e-13,1.145048638089033e-10,7.7181629775286e-13,3.2230327309874866e-13,1.2721594559344903e-10,7.012839796700242e-13,2.7809794390593235e-13,1.17311938485824e-10,1.817201962170179e-13,2.460047395503759e-14,1.3431088746471525,7.744857371925374e-14,9.191759682744436e-14,9.391174850341203e-12,7.443453004854465e-14,4.274033371013441e-14,0.8415365363103481,5.859060984257826e-13,9.938716516444401e-13,8.602674128610488e-11,1.6304959426019546e-13,9.947598300641403e-14,3.360156597409514e-11,1.546897448856086,6.90243857547614,65.71100930694953,3.696990504108536e-13,1.7180768300854405e-13,6.221544479544529e-11,3.275245006841618e-13,1.5823732694993889e-13,5.760923898441747e-11,0.0,0.0,0.0,0.0,0.0,0.0,6.797331017539344e-14,3.9968028886505635e-14,1.1295853141746193e-11,0.18949999999994543,0.0,0.0,4.74487365707816,0.7403663429214786,0.0,6.918765722349801e-14,4.884981308350689e-14,9.445777493510832e-12,1.9631263881127405,0.2333630317441524,0.15141088650193524,3.0336634733874512,2.55351295663786e-13,2.723296526519145,0.0,0.0,0.0,1.0031028454748729e-13,3.197442310920451e-14,2.0481394358284888e-11,2.4662579982029738e-14,-9.517133623364087e-15,4.1816066032025296e-12,1.044757272712344e-13,1.3704315460216776e-13,1.4433190753670999e-11,25.39534469452283,30.826091143767528,22.07707899257295,3.096045330427499e-13,1.438849039914203e-13,6.17408346670345e-11,0.06218330290564979,0.049136499665906073,0.06108934974891666,0.07438325674962622,0.057155255184908986,0.03999292858503087,0.039792963942104846,0.03979296394210496,0.03979296394210494,0.05045756013007203,0.04608364930434539,0.04987914212874991,0.07225985179599347,0.06117043751737519,0.07212379996985206,0.03177288844993494,0.031772888449935026,0.031772888449935026,0.06770531599491146,0.05296132405854359,0.06661154322550208,0.07330299164149116,0.06431690081566659,0.07963374567419582,0.03654984029711567,0.03654984029913082,0.036549840298689636
2026-06-11T15:54:27,profitability_bias (bias_weight=0.3),621096.0695245907,1.5389489162622283e-13,7.109123176751239e-10,-6.699586737436153e-10,1.6005699802689703e-13,4.2848716207313216e-10,-3.8934471189841245e-10,7.338778885132772e-13,9.458612102764823e-10,-9.041108737267295e-10,1.3638152953667215,2.709777432298804e-09,3.974126151882053,7.5997579077395425,27.090146045789332,37.01739250942582,1.0956288656676299e-13,24.861821918054105,31.539343295363725,7.052866919302822,1.7583977438678382,3.380489515377605e-11,3.828207315857921e-13,1.312745440048449e-09,1.040294977270237e-12,1.0153939457672891e-13,6.613278451072795,2.8115694460421823e-12,8.300721935566229e-13,1.2986984104746286e-09,4.7110567600143235e-12,7.149026317086796e-13,1.2184932474716615e-09,4.356456316331904e-12,7.7181629775286e-13,1.3121365524163558e-09,4.802490735445291e-12,7.012839796700242e-13,1.2328824464911422e-09,4.446414308977683e-12,1.817201962170179e-13,8.15071821251718e-11,0.7312029757910745,7.744857371925374e-14,9.01428415471522e-11,3.130576392390164e-13,7.443453004854465e-14,9.84706410157906e-11,1.756997091061413,5.859060984257826e-13,1.9210069091002424e-09,3.1881164375135995e-12,1.6304959426019546e-13,5.668994162988383e-10,1.1439738045737613e-12,1.546897448856086,6.902438556401549,72.16463333359394,3.696990504108536e-13,1.580560381411053e-09,2.629455369452921e-12,3.275245006841618e-13,5.869840855258703e-10,2.151574166198674e-12,0.0,0.0,0.0,0.0,0.0,0.0,6.797331017539344e-14,1.1016432210908533e-10,3.765876499528531e-13,0.18949999999994543,0.0,0.0,4.74487365707816,0.7403663420062436,6.810116914834907e-10,6.918765722349801e-14,1.0585177179223138e-10,3.375077994860476e-13,1.9631263881127405,0.2333630316398705,0.1514108866138777,3.0336634733874512,8.575322674175823e-10,2.7232965257529163,0.0,0.0,0.0,1.0031028454748729e-13,1.5116263796244311e-10,7.069900220812997e-13,2.4662579982029738e-14,4.200850533579574e-11,-4.188069429761954e-11,1.044757272712344e-13,2.786180314240383e-10,4.688818777687231e-13,25.39534469452283,25.121982471021056,27.781187665446822,3.096045330427499e-13,2.5705126915909204e-10,3.0730973321624333e-12,0.06218330290564979,0.049136499665906073,0.06108934974891666,0.07438325674962622,0.057155255184908986,0.03999292858503087,0.039792963942104846,0.03979296394210496,0.03979296394210494,0.050508460307153155,0.04634149751156117,0.049931472102900415,0.07504184816829054,0.06337591583229121,0.07604516745478881,0.03177288844985331,0.03177288844992493,0.03177288844991987,0.07080997054927302,0.05296132404714246,0.06901599977104603,0.0749174270478198,0.06346434635463362,0.07918354190171184,0.03654984029801093,0.036549840299577925,0.03654984029921859
2026-06-11T15:56:08,profitability_bias (bias_weight=0.5),621096.0694978324,1.5389489162622283e-13,9.08425892771254e-12,-8.104364996116184e-12,1.6005699802689703e-13,8.514894304092178e-12,-7.653867412051424e-12,7.338778885132772e-13,1.7763152484900906e-11,-1.677003249441593e-11,1.3638152953667215,1.296147538750473e-10,3.9741261520035813,7.5997579077395425,27.090146047190416,37.01739250929877,1.0956288656676299e-13,24.861821920813398,31.539343295482404,7.052866919302822,1.758397746358881,1.5760047809175385e-13,3.828207315857921e-13,3.725050404264586e-11,1.8187733430339755e-14,1.0153939457672891e-13,6.613278448196853,4.747119064003085e-14,8.300721935566229e-13,4.6090101713194115e-11,1.0561341470056957e-13,7.149026317086796e-13,3.874108402889135e-11,9.824440891329061e-14,7.7181629775286e-13,4.128717460818302e-11,1.0545696882166971e-13,7.012839796700242e-13,3.424365471155654e-11,9.807017110039475e-14,1.817201962170179e-13,1.3649606440561564e-12,0.7312029754251899,7.744857371925374e-14,2.2456564336261596e-12,4.708623221435315e-15,7.443453004854465e-14,3.3455871121931395e-12,1.7569970916123436,5.859060984257826e-13,5.1241677567759325e-11,6.52811138479592e-14,1.6304959426019546e-13,9.173106718662893e-12,2.1316282072803006e-14,1.546897448856086,6.902438575440421,72.16463331585632,3.696990504108536e-13,5.453467073109653e-11,5.376606399066968e-14,3.275245006841618e-13,1.9826972257338355e-11,4.752905557056029e-14,0.0,0.0,0.0,0.0,0.0,0.0,6.797331017539344e-14,3.588240815588506e-12,7.993605777301127e-15,0.18949999999994543,0.0,0.0,4.74487365707816,0.7403663428971115,0.0,6.918765722349801e-14,4.118483332149481e-12,6.661338147750939e-15,1.9631263881127405,0.2333630317401605,0.15141088651385193,3.0336634733874512,4.048583690519081e-11,2.7232965265720304,0.0,0.0,0.0,1.0031028454748729e-13,2.815525590449397e-12,1.3322676295501878e-14,2.4662579982029738e-14,1.6127538009996911e-12,-1.6340320739218878e-12,1.044757272712344e-13,5.1570275827472756e-12,1.071365218763276e-14,25.39534469452283,25.12198233583365,27.781187800643323,3.096045330427499e-13,3.156408467930305e-11,4.707345624410664e-14,0.06218330290564979,0.049136499665906073,0.06108934974891666,0.07438325674962622,0.057155255184908986,0.03999292858503087,0.039792963942104846,0.03979296394210496,0.03979296394210494,0.05061026066012721,0.04694151030863086,0.05003613205130379,0.07756707426430574,0.06908768679031654,0.08661802864617026,0.03177288844992869,0.03177288844993425,0.03177288844993386,0.07612221652973941,0.052961324041807464,0.07332833243729162,0.07485591727415483,0.06019867739994095,0.07461198653489472,0.03654984029976751,0.036549840299767634,0.03654984029976761
2026-06-11T15:57:50,profitability_bias (bias_weight=0.7),621096.0694938604,1.5389489162622283e-13,1.3199080917656102e-12,2.7180103846184135e-11,1.6005699802689703e-13,6.752814628881386e-13,2.2564303510793053e-11,7.338778885132772e-13,1.4656162199951785e-12,2.91087130775163e-11,1.3638152953667215,5.9239277227580155e-12,3.9741261520160434,7.5997579077395425,27.090146047222156,37.017392509318334,1.0956288656676299e-13,24.861821920981782,31.539343295491324,7.052866919302822,1.7583977464782399,2.609074120533275e-12,3.828207315857921e-13,1.2668304955434635e-12,2.784618224697681e-13,1.0153939457672891e-13,6.613278448027705,4.399525036875243e-12,8.300721935566229e-13,2.6559210244539898e-12,2.370516855769859e-12,7.149026317086796e-13,2.317010254485164e-12,2.375833103450258e-12,7.7181629775286e-13,2.4468402236097645e-12,2.1284580085304318e-12,7.012839796700242e-13,2.1698791100368786e-12,2.0638074240527162e-12,1.817201962170179e-13,9.535245966937796e-14,0.7312029754541801,7.744857371925374e-14,1.8887866855134982e-13,4.856854246262762e-13,7.443453004854465e-14,1.2695634875579402e-13,1.7569970915821744,5.859060984257826e-13,1.3624656958199921e-12,3.1162628033598594e-11,1.6304959426019546e-13,5.968558980384842e-13,1.7266188478970435e-12,1.546897448856086,6.902438575481842,72.16463331607059,3.696990504108536e-13,1.8333601720191897e-11,6.2924926292022474e-12,3.275245006841618e-13,1.1158628911050592e-12,9.441622349389478e-13,0.0,0.0,0.0,0.0,0.0,0.0,6.797331017539344e-14,1.8829382497642655e-13,3.1885605267234496e-13,0.18949999999994543,0.0,0.0,4.74487365707816,0.7403663429209866,0.0,6.918765722349801e-14,1.5054624213917123e-13,1.652011860642233e-13,1.9631263881127405,0.2333630317440436,0.1514108865097028,3.0336634733874512,3.7410075037769275e-12,2.7232965266078293,0.0,0.0,0.0,1.0031028454748729e-13,1.9184653865522705e-13,2.1316282072803006e-13,2.4662579982029738e-14,5.6627966119136905e-14,1.664249201075717e-14,1.044757272712344e-13,1.5482060078397808e-13,1.309369279667294e-13,25.39534469452283,25.121982334324045,27.781187802122858,3.096045330427499e-13,5.986322548778844e-13,2.157385381451604e-12,0.06218330290564979,0.049136499665906073,0.06108934974891666,0.07438325674962622,0.057155255184908986,0.03999292858503087,0.039792963942104846,0.03979296394210496,0.03979296394210494,0.050712061013451985,0.04754152310571851,0.05014079199967696,0.08143134917300025,0.07756723071230684,0.10057345014198495,0.03177288844993363,0.03177288844993486,0.03177288844993478,0.08084141091506873,0.05296132404216762,0.07715924245905681,0.07316045637588763,0.05636025068817763,0.06752227207628081,0.03654984029975939,0.0365498402997664,0.03654984029976469
2026-06-11T15:59:31,profitability_bias (bias_weight=1.0),621239.9692660042,1.5389489162622283e-13,1.0415343084418234e-11,-9.070566008228251e-12,1.6005699802689703e-13,1.1839715947815734e-12,6.04563094437179e-14,7.338778885132772e-13,1.3935023713287184e-11,-1.2589517989957029e-11,1.3638152953667215,5.5019701306834715e-11,3.9741261520052293,7.5997579077395425,27.090146047228696,37.01739250928445,1.0956288656676299e-13,24.861821920922257,31.539343295485853,7.052866919302822,1.7583977464313783,5.690539258132933e-13,3.828207315857921e-13,1.3523201340869188e-11,1.9100515057277446e-14,1.0153939457672891e-13,6.613278448084679,2.9651229297733e-14,8.300721935566229e-13,1.7644468717190288e-11,1.6894386681551295e-13,7.149026317086796e-13,1.0276977429246845e-11,1.5456654767339834e-13,7.7181629775286e-13,1.0532844302242747e-11,1.6310187292979695e-13,7.012839796700242e-13,7.370783658917753e-12,1.5262659937447241e-13,1.817201962170179e-13,1.5131679917905704e-13,0.7312029754104311,7.744857371925374e-14,1.5326016292226767e-12,3.185944892346514e-15,7.443453004854465e-14,7.867922664796393e-13,1.7569970916358109,5.859060984257826e-13,2.7394531088020813e-11,1.1945999744966684e-13,1.6304959426019546e-13,2.5508484213787597e-12,2.1316282072803006e-14,1.546897448856086,6.902438574589496,72.1646333167715,3.696990504108536e-13,1.3698586734189386,8.243740784362495e-14,3.275245006841618e-13,5.977706088571858e-12,7.67625472302675e-14,0.0,0.0,0.0,0.0,0.0,0.0,6.797331017539344e-14,1.4193091146808001e-12,9.769962616701378e-15,0.18949999999994543,0.0,0.0,4.74487365707816,0.7403663429163236,0.0,6.918765722349801e-14,1.375344282905644e-12,8.881784197001252e-15,1.9631263881127405,0.23336303174314033,0.15141088651087165,3.0336634733874512,2.9274316304395143e-10,2.723296526319782,0.0,0.0,0.0,1.0031028454748729e-13,5.03597163969971e-13,1.5987211554602254e-14,2.4662579982029738e-14,5.858143076180705e-13,-6.054015062865366e-13,1.044757272712344e-13,5.115616263928757e-12,1.3482270855291745e-14,25.39534469452283,15.593211985125222,37.309958151351836,3.096045330427499e-13,1.0526690630285884e-11,6.394884621840902e-14,0.06218330290564979,0.049136499665906073,0.06108934974891666,0.07438325674962622,0.057155255184908986,0.03999292858503087,0.039792963942104846,0.03979296394210496,0.03979296394210494,0.05146743656123866,0.04844262788658094,0.050297781922233845,0.09070378927932468,0.08273556453720826,0.1150980816319354,0.031772888449934325,0.03177288844993495,0.031772888449934915,0.0927179698730837,0.05296132404180686,0.08252767827532292,0.07131865634389391,0.047710480421300286,0.0508154988445332,0.0365498402997676,0.036549840299767634,0.036549840299767634
2026-06-11T16:01:12,profitability_bias (bias_weight=1.5),628670.0397992523,1.5389489162622283e-13,7.242465217105585e-12,-7.021638200520769e-12,1.6005699802689703e-13,4.854806399203797e-12,-4.622765431712611e-12,7.338778885132772e-13,3.9219862590599224e-12,-3.7131899974086974e-12,1.3638152953667215,1.5866119057421e-11,1.1133626701437211,7.5997579077395425,27.090146047223758,45.61294869923156,1.0956288656676299e-13,24.86182192096881,120.35675565760425,7.052866919302822,1.7583977464719227,2.860763481860697,3.828207315857921e-13,3.663750051660978e-12,8.849888551285409e-15,1.0153939457672891e-13,6.613278448042815,1.0628165529175862e-13,8.300721935566229e-13,1.266577652158251e-11,9.004314094203069e-14,7.149026317086796e-13,1.1647749245248264e-11,7.782271452519535e-14,7.7181629775286e-13,1.2463327537239004e-11,9.191449913760275e-14,7.012839796700242e-13,1.1434714716571538e-11,8.32671275848476e-14,1.817201962170179e-13,2.47238108452166e-13,2.4318537868661274e-15,7.744857371925374e-14,6.535836082232871e-13,4.169966784535276e-16,7.443453004854465e-14,3.7055736706261136e-13,2.228083677807814,5.859060984257826e-13,5.843325823207124e-12,1.1546319456101628e-14,1.6304959426019546e-13,1.5560885913146194e-12,0.0,1.546897448856086,3.418398823742468,74.83244616816964,3.696990504108536e-13,1.369858673526323,3.3028350549456886e-14,3.275245006841618e-13,2.969431200172193e-12,3.2391440700874945e-14,0.0,0.0,0.0,0.0,0.0,0.0,6.797331017539344e-14,6.830092047493963e-13,2.6645352591003757e-15,0.18949999999994543,0.0,0.0,4.74487365707816,0.7403663429198604,0.0,6.918765722349801e-14,5.559996907322784e-13,3.552713678800501e-15,1.9631263881127405,0.23336303174379758,0.15141088651021883,3.0336634733874512,2.723296526598936,0.0,0.0,0.0,0.0,1.0031028454748729e-13,7.762679388179095e-13,1.7763568394002505e-15,2.4662579982029738e-14,3.0875532441275015e-13,-3.3107848831669997e-13,1.044757272712344e-13,6.964429033473607e-13,7.41073868937292e-15,25.39534469452283,15.593211984172711,37.309958152304446,3.096045330427499e-13,2.4353852268177434e-12,3.9968028886505635e-14,0.06218330290564979,0.049136499665906073,0.06108934974891666,0.07438325674962622,0.057155255184908986,0.03999292858503087,0.039792963942104846,0.03979296394210496,0.03979296394210494,0.051721937444750815,0.049942659879285485,0.05055943179313643,0.1010999849528845,0.09357402880995716,0.1309236160760253,0.03177288844989946,0.03177288844993062,0.03177288844992819,0.09719674560847413,0.05729738943669833,0.08829764432952482,0.061048009978375624,0.0367335078389625,0.02913424434672781,0.03654984029976757,0.03654984029976763,0.036356066098032394
2026-06-11T16:02:54,profitability_bias (bias_weight=2.0),638910.2124924988,1.5389489162622283e-13,4.8415952058818e-12,-3.936679173875773e-12,1.6005699802689703e-13,7.135482105807237e-13,1.1715252711071199e-13,7.338778885132772e-13,2.365512270618013e-12,-1.3676727880307682e-12,1.3638152953667215,9.646120836920943e-12,1.1133626701465589,7.5997579077395425,27.09014604722361,37.017392509302674,1.0956288656676299e-13,24.86182192097406,128.95231184752404,7.052866919302822,1.758397746474428,2.8607634818616465,3.828207315857921e-13,3.868427728146692e-13,1.839342468553505e-14,1.0153939457672891e-13,6.613278448035668,175.48921429399334,8.300721935566229e-13,2.58593522771437e-12,1.297854637142968e-13,7.149026317086796e-13,2.8285272951896942e-12,1.250652660315048e-13,7.7181629775286e-13,2.7738251094033348e-12,1.3491772777203462e-13,7.012839796700242e-13,2.1238060897886147e-12,1.252921776456767e-13,1.817201962170179e-13,1.9936911412209786e-14,4.926726632933505e-16,7.744857371925374e-14,9.16262474796783e-13,2.5638899772168127e-15,7.443453004854465e-14,1.6935972742709599e-13,5.112950333199268e-15,5.859060984257826e-13,1.2652101588628284e-12,1.6431300764452317e-14,1.6304959426019546e-13,1.3713474800169934e-12,1.4210854715202004e-14,1.546897448856086,3.4183988234589116,74.83244616742157,3.696990504108536e-13,1.3698586735322824,6.467609081693376e-14,3.275245006841618e-13,8.807253763792773e-13,6.039693425414839e-14,0.0,0.0,0.0,0.0,0.0,0.0,6.797331017539344e-14,3.5349501104064984e-13,6.217248937900877e-15,0.18949999999994543,0.0,0.0,4.74487365707816,0.7403663429210718,0.0,6.918765722349801e-14,3.5926817076870066e-13,5.329070518200751e-15,1.9631263881127405,0.23336303174394324,0.15141088651007095,3.0336634733874512,2.723296526608823,0.0,0.0,0.0,0.0,1.0031028454748729e-13,1.7763568394002505e-13,9.769962616701378e-15,2.4662579982029738e-14,1.7781316974947618e-13,-1.9861506119510872e-13,1.044757272712344e-13,7.610578833805448e-14,7.820133429703446e-15,25.39534469452283,15.593211984121993,37.30995815235514,3.096045330427499e-13,2.3661073100811336e-12,2.220446049250313e-14,0.06218330290564979,0.049136499665906073,0.06108934974891666,0.07438325674962622,0.057155255184908986,0.03999292858503087,0.039792963942104846,0.03979296394210496,0.03979296394210494,0.05197643832798283,0.05144269187202583,0.05082108166408933,0.11417555547033463,0.10194780632543855,0.15032672121092247,0.03177288844993497,0.031772888449935026,0.031772888449935026,0.08098110677491865,0.05296132404180688,0.07406513162908757,0.06527828657646313,0.042450808751399574,0.024526457196197487,0.036549840299767634,0.03654984029976765,0.03636400174567255
2026-06-11T16:04:36,profitability_bias (bias_weight=5.0),639000.0838866776,1.5389489162622283e-13,3.934384534701957e-13,1.8405800764504898e-11,1.6005699802689703e-13,3.2925174976518187e-13,2.0647060734277858e-11,7.338778885132772e-13,2.958422763783588e-13,1.733918318144396e-11,1.3638152953667215,2.1521642266844136e-12,1.113362670152535,7.5997579077395425,27.09014604722355,37.01739250930462,1.0956288656676299e-13,24.86182192098446,128.9523118475249,7.052866919302822,1.7583977464817857,2.860763481856448,3.828207315857921e-13,6.523247298959072e-13,4.492021197703792e-13,1.0153939457672891e-13,6.613278448025163,175.48921429399087,8.300721935566229e-13,2.6627187903470744e-12,1.4163021735529307e-12,7.149026317086796e-13,1.492146271052653e-12,2.380584093590065e-12,7.7181629775286e-13,1.6294322706516633e-12,2.9284515677606972e-12,7.012839796700242e-13,1.3038409907749773e-12,2.578675077735186e-12,1.817201962170179e-13,2.630371193978919e-14,1.321715486028198e-12,7.744857371925374e-14,1.4966566386414567e-14,2.0536154376743542e-13,7.443453004854465e-14,2.1089078287138677e-14,0.03935951521932373,5.859060984257826e-13,1.603162047558726e-13,1.6688872506165353e-12,1.6304959426019546e-13,5.684341886080802e-14,2.5579538487363607e-13,1.546897448856086,4.1673331452329876e-12,65.97091324167964,3.696990504108536e-13,1.3698586735358131,9.30307919502081e-13,3.275245006841618e-13,1.5538172577776043e-13,6.437041131929265e-13,0.0,0.0,0.0,0.0,0.0,0.0,6.797331017539344e-14,3.375077994860476e-14,1.4033219031261979e-13,0.18949999999994543,0.0,0.0,4.74487365707816,0.7403663429217016,0.0,6.918765722349801e-14,2.886579864025407e-14,9.992007221626409e-14,1.9631263881127405,0.2333630317441573,0.15141088650982626,3.0336634733874512,2.7232965266121085,0.0,0.0,0.0,0.0,1.0031028454748729e-13,5.240252676230739e-14,3.419486915845482e-13,2.4662579982029738e-14,4.013873087543066e-15,1.7819901852286135e-14,1.044757272712344e-13,2.1382895454280515e-13,1.108696467966297e-13,25.39534469452283,15.593211984033388,37.309958152443116,3.096045330427499e-13,1.1013412404281553e-13,7.824851877558103e-13,0.06218330290564979,0.049136499665906073,0.06108934974891666,0.07438325674962622,0.057155255184908986,0.03999292858503087,0.039792963942104846,0.03979296394210496,0.03979296394210494,0.05211523969288519,0.060442883828359564,0.05096378199082277,0.19125096643041933,0.170338038920055,0.27702029476596746,0.031772888449935026,0.03177288844993504,0.03177288844993504,0.08820937232395293,0.06018296833576837,0.08130109474690672,0.08864239506085887,0.0705147185988444,0.026767137701621566,0.036549840299767294,0.0365498402997676,0.036334116994012775
2026-06-11T16:06:18,profitability_bias (bias_weight=10.0),639000.0838868051,1.5389489162622283e-13,2.477301529838638e-12,2.0611175934342695e-10,1.6005699802689703e-13,1.7804615298743883e-12,1.9459571768927496e-10,7.338778885132772e-13,1.86117021395383e-12,2.1516458386770117e-10,1.3638152953667215,3.160600509838766e-12,1.1133627275970086,7.5997579077395425,27.090146047224767,37.017392509301025,1.0956288656676299e-13,24.861821920982496,128.95231179008343,7.052866919302822,1.7583977464807468,2.8607634244217346,3.828207315857921e-13,1.426096655096354e-13,3.3542199770703917e-12,1.0153939457672891e-13,6.613278448026895,175.48921435142339,8.300721935566229e-13,3.467185764246963e-12,2.433204028431552e-11,7.149026317086796e-13,2.5916567333434796e-12,2.259818461642885e-11,7.7181629775286e-13,2.672328466390761e-12,2.4300068083269222e-11,7.012839796700242e-13,2.454495804462282e-12,2.2588726721488422e-11,1.817201962170179e-13,2.85302214287604e-14,1.4707246911931589e-08,7.744857371925374e-14,4.437472163803845e-14,4.859717797154148e-12,7.443453004854465e-14,1.6701422438717578e-14,0.03935950225409391,5.859060984257826e-13,7.696066006701585e-13,1.857847209407737e-11,1.6304959426019546e-13,6.394884621840902e-14,3.844036200462142e-12,1.546897448856086,1.8189894035458565e-12,65.97091324162203,3.696990504108536e-13,1.3698586735360816,1.181504275077886e-11,3.275245006841618e-13,7.937579359026669e-14,1.0968354641644714e-11,0.0,0.0,0.0,0.0,0.0,0.0,6.797331017539344e-14,3.907985046680551e-14,2.1440627051561023e-12,0.18949999999994543,0.0,0.0,4.74487365707816,0.7403663429217513,0.0,6.918765722349801e-14,2.708944180085382e-14,1.6697754290362354e-12,1.9631263881127405,0.23336303174417283,0.15141088650941237,3.0336634733874512,2.723296526612303,0.0,0.0,0.0,0.0,1.0031028454748729e-13,9.592326932761353e-14,2.0971668845959357e-11,2.4662579982029738e-14,7.242206355493051e-15,8.976304111388289e-13,1.044757272712344e-13,1.2159717677207027e-13,2.0758464391867903e-12,25.39534469452283,15.59321198404956,37.30995815242308,3.096045330427499e-13,9.769962616701378e-14,9.384493182551523e-12,0.06218330290564979,0.049136499665906073,0.06108934974891666,0.07438325674962622,0.057155255184908986,0.03999292858503087,0.039792963942104846,0.03979296394210496,0.03979296394210494,0.05211523969288545,0.07544320375558228,0.050963781990821605,0.32405653613750546,0.26697028009392487,0.4453009059246587,0.03177288844993473,0.031772888449935,0.03177288844993498,0.08861627708194013,0.058255827000237244,0.07937013234155485,0.13479983500060969,0.11519826279062097,0.026169197973781505,0.03654984029923803,0.0365498402996017,0.03636777592736592
2026-06-11T16:07:59,profitability_bias (bias_weight=50),639991.9943567475,1.5389489162622283e-13,3.6869218463026664e-11,1.0478511016663607e-09,1.6005699802689703e-13,2.764145084582587e-11,1.013830446001679e-09,7.338778885132772e-13,3.2625131959349736e-11,1.115478902337304e-09,1.3638152953667215,4.488882295018763e-11,3.9741261518756423,7.5997579077395425,27.09014604723499,37.017392509296506,1.0956288656676299e-13,24.861821920930463,126.09154836580805,7.052866919302822,1.7583977464405893,1.5585962582707846e-10,3.828207315857921e-13,6.669193987368148e-13,1.4565991652997185e-11,1.0153939457672891e-13,6.613278448078579,178.34997777570868,8.300721935566229e-13,1.1093206068405965e-10,1.4603515114949583e-10,7.149026317086796e-13,6.050100649800115e-11,1.358274467877043e-10,7.7181629775286e-13,6.059983756186816e-11,1.4611665940312197e-10,7.012839796700242e-13,5.477439887318203e-11,1.358107239499165e-10,1.817201962170179e-13,2.1556600260739044e-13,1.969254424763563e-12,7.744857371925374e-14,2.811137570541037e-13,10.445027507289911,7.443453004854465e-14,7.392780876162547e-14,1.593851371939011e-12,5.859060984257826e-13,5.9685589803848416e-12,8.520879340451852,1.6304959426019546e-13,2.8421709430404007e-13,2.729905190790305e-11,1.546897448856086,1.1372236485840403e-11,57.450033900993944,3.696990504108536e-13,1.3698586735349847,8.11179079140106e-11,3.275245006841618e-13,4.398291524998098e-13,6.587002333738406e-11,0.0,0.0,0.0,0.0,0.0,0.0,6.797331017539344e-14,2.0161650127192843e-13,1.2526868431450566e-11,0.18949999999994543,0.0,0.0,4.74487365707816,0.7403663429212193,0.0,6.918765722349801e-14,1.2789769243681803e-13,1.021627227260069e-11,1.9631263881127405,0.2333630317440729,0.15141088650900913,3.0336634733874512,2.72329652661109,0.0,0.0,0.0,0.0,1.0031028454748729e-13,7.229772336359019e-13,5.699384268622242,2.4662579982029738e-14,1.517481384368064e-13,6.1198685796297095e-12,1.044757272712344e-13,1.5792922525292852e-13,1.4274831316996028e-11,25.39534469452283,15.593211984093031,37.309958152375884,3.096045330427499e-13,1.319833131674386e-12,5.2235549219403765e-11,0.06218330290564979,0.049136499665906073,0.06108934974891666,0.07438325674962622,0.057155255184908986,0.03999292858503087,0.039792963942104846,0.03979296394210496,0.03979296394210494,0.0521152396928903,0.1954457631733623,0.050963781990800996,1.207092503299225,1.3632630842483706,2.474949309894822,0.03177288844992929,0.031772888449934325,0.03177288844993395,0.09755891102126893,0.052913568860598566,0.07406513163004302,0.5138021201971402,0.46270502166005,0.024526457196647995,0.036549840298828934,0.03654984029960568,0.03634452970986265
2026-06-11T16:09:41,profitability_bias (bias_weight=100),641297.1913519332,1.5389489162622283e-13,1.612174255704925e-11,-1.6071988267609084e-11,1.6005699802689703e-13,1.955217611537783e-11,0.2323999384526693,7.338778885132772e-13,1.478789230190543e-11,-1.473501679387777e-11,1.3638152953667215,5.054769797116061e-12,3.974126152007627,7.5997579077395425,27.09014604722564,37.01739250930043,1.0956288656676299e-13,24.861821920980642,126.09154836567559,7.052866919302822,1.7583977464795042,9.105034663143585e-16,3.828207315857921e-13,3.460115799024582e-13,4.899797639414152e-16,1.0153939457672891e-13,6.613278448029378,178.34997777585215,8.300721935566229e-13,6.106575522613938e-11,6.596704596525396e-15,7.149026317086796e-13,5.695252641752527e-11,6.086805625364015e-15,7.7181629775286e-13,6.124510451754587e-11,6.546569698821853e-15,7.012839796700242e-13,5.716292646280668e-11,6.084040372643552e-15,1.817201962170179e-13,8.443517183568242e-14,3.37532347890142e-17,7.744857371925374e-14,5.1843329031379685e-14,10.424516884665863,7.443453004854465e-14,3.6099555891003426e-14,3.094185120530615e-17,5.859060984257826e-13,5.049294315995212e-13,8.520879339423342,1.6304959426019546e-13,1.5631940186722204e-13,0.0,1.546897448856086,1.950439809661475e-12,57.42952327962841,3.696990504108536e-13,1.3698586735360143,3.655167310766489e-15,3.275245006841618e-13,1.497312916276731e-13,2.950052026419871e-15,0.0,0.0,0.0,0.0,0.0,0.0,6.797331017539344e-14,7.549516567451064e-14,8.881784197001252e-16,0.18949999999994543,0.0,0.0,4.74487365707816,0.7403663429216998,0.0,6.918765722349801e-14,5.773159728050814e-14,4.440892098500626e-16,1.9631263881127405,0.23336303174415862,0.15141088650985912,3.0336634733874512,2.7232965266122373,0.0,0.0,0.0,0.0,1.0031028454748729e-13,2.0694557179012918e-13,5.67887364600524,2.4662579982029738e-14,6.008283884279737e-14,-8.446229917252164e-14,1.044757272712344e-13,9.395262345890387e-14,7.563394355258879e-16,25.39534469452283,14.56768085266171,38.33548928381546,3.096045330427499e-13,3.6770586575585185e-13,2.6645352591003757e-15,0.06218330290564979,0.049136499665906073,0.06108934974891666,0.07438325674962622,0.057155255184908986,0.03999292858503087,0.039792963942104846,0.03979296394210496,0.03979296394210494,0.052115239692942024,0.34544896244555523,0.05096378199058336,2.5755165476031157,2.3036578868246167,4.1337640996831775,0.03177288844987171,0.031772888449927185,0.03177288844992309,0.09749532494877561,0.0529135688613343,0.07406513162908762,0.9387098592480474,0.8777012398259055,0.024526457196197508,0.036549840299767634,0.036549840299767634,0.036360477638816814
2026-06-11T16:11:26,total_cost,620992.8581577472,1.5389489162622283e-13,4.37056429031019e-12,7.187577447251548e-11,1.6005699802689703e-13,5.2468314279268835e-12,7.30719311120209e-11,7.338778885132772e-13,3.78161126738379e-12,7.256273951600089e-11,1.3638152953667215,9.686756018557682e-11,2.363329909930611e-11,7.5997579077395425,27.090146047093302,37.01739250930265,1.0956288656676299e-13,24.861821920822067,31.53934329543476,7.052866919302822,1.7583977463893137,3.9741261519991813,3.828207315857921e-13,1.342939793281904e-10,5.162324820364744e-12,1.0153939457672891e-13,6.613278448185778,5.196979611651953e-11,8.300721935566229e-13,1.244917885557029e-11,1.1357281809980103e-11,7.149026317086796e-13,1.812588744420997e-11,1.0469990150711666e-11,7.7181629775286e-13,1.8335335127939256e-11,1.1469552296738933e-11,7.012839796700242e-13,1.587393848030391e-11,1.0612875302172705e-11,1.817201962170179e-13,6.208932534813516e-12,1.6084877536269582,7.744857371925374e-14,1.9823936471204108e-11,2.895261578933414e-12,7.443453004854465e-14,3.2924341931431226e-12,6.958022931937768,5.859060984257826e-13,9.206087053141041e-11,1.5809953474810448e-11,1.6304959426019546e-13,1.349023082211774e-11,4.584444390822071e-12,1.546897448856086,6.902438575386505,19.30661302646382,3.696990504108536e-13,1.3586084493383453e-11,6.667111067548686e-12,3.275245006841618e-13,5.784200530079962e-12,5.137564027443246e-12,0.0,0.0,0.0,0.0,0.0,0.0,6.797331017539344e-14,2.83200337468265e-12,1.2015681326558858e-12,0.18949999999994543,0.0,0.0,4.74487365707816,0.7403663428458489,0.0,6.918765722349801e-14,3.3229285639267014e-12,1.0014381537354892e-12,1.9631263881127405,0.233363031740521,0.1514108865122213,3.0336634733874512,2.0373239474478517e-11,2.415297523787001e-09,0.0,0.0,0.0,1.0031028454748729e-13,1.8563452373548548e-12,9.794044544465903e-12,2.4662579982029738e-14,9.792129360305049e-13,-5.987075496881617e-13,1.044757272712344e-13,1.5390492359918536e-12,1.5631832215490023e-12,25.39534469452283,30.826091142864648,22.07707899357865,3.096045330427499e-13,5.063404028026254e-12,7.894452602362944e-12,0.06218330290564979,0.049136499665906073,0.06108934974891666,0.07438325674962622,0.057155255184908986,0.03999292858503087,0.039792963942104846,0.03979296394210496,0.03979296394210494,0.05035575977673265,0.045787241590408624,0.049774482180378,0.06566206698108405,0.05942518039888127,0.06689426730705196,0.03177288844993292,0.03177288844993477,0.03177288844993464,0.06142224186213955,0.052961324041812884,0.06175392510209931,0.06939355961657087,0.06478054593928631,0.07562502807495514,0.03654984029976682,0.036549840299767405,0.03654984029976728
2026-06-11T16:13:07,profitability_bias (bias_weight=0.1),621048.9258851412,1.5389489162622283e-13,3.3115885588709373e-12,1.0970857817581373e-11,1.6005699802689703e-13,2.622937471785245e-12,1.237083771258995e-11,7.338778885132772e-13,9.181896975721973e-12,6.026968081917257e-12,1.3638152953667215,2.008786405021079e-11,3.991695122222755e-12,7.5997579077395425,27.090146047209224,37.01739250930306,1.0956288656676299e-13,24.861821920960182,31.53934329547961,7.052866919302822,1.7583977464648015,3.9741261520063844,3.828207315857921e-13,1.6602048256604544e-11,1.083473710357285e-12,1.0153939457672891e-13,6.6132784480516245,4.499821819302386e-12,8.300721935566229e-13,1.0667036113441911e-11,3.8238578575327835e-12,7.149026317086796e-13,8.714905658478741e-12,3.308427871510201e-12,7.7181629775286e-13,9.342106626973424e-12,4.058905878169346e-12,7.012839796700242e-13,8.350521878908855e-12,3.6742530480601255e-12,1.817201962170179e-13,7.844323460002963e-13,1.3431088748614473,7.744857371925374e-14,7.115573432835493e-13,1.9474087741949568e-13,7.443453004854465e-14,9.895898180928031e-13,0.841536536214691,5.859060984257826e-13,1.5085266369396777e-11,3.622879773956811e-12,1.6304959426019546e-13,2.4442670110147446e-12,7.105427357601002e-13,1.546897448856086,6.902438575505521,65.71100930268673,3.696990504108536e-13,7.066767613117316e-12,1.1957950727267588e-12,3.275245006841618e-13,4.494161909712168e-12,1.7235102395156056e-12,0.0,0.0,0.0,0.0,0.0,0.0,6.797331017539344e-14,9.9298347322474e-13,3.2862601528904634e-13,0.18949999999994543,0.0,0.0,4.74487365707816,0.740366342906972,0.0,6.918765722349801e-14,9.561240688071848e-13,3.019806626980426e-13,1.9631263881127405,0.2333630317432127,0.15141088651064605,3.0336634733874512,5.128342195348523e-12,2.723296526603661,0.0,0.0,0.0,1.0031028454748729e-13,1.084465850453853e-12,4.556355293061642e-13,2.4662579982029738e-14,3.193029357591463e-13,-2.2203375301323705e-13,1.044757272712344e-13,1.8702123183444996e-12,2.7918639622370733e-13,25.39534469452283,30.826091143423398,22.07707899305177,3.096045330427499e-13,2.929212428171013e-12,1.5338841308221163e-12,0.06218330290564979,0.049136499665906073,0.06108934974891666,0.07438325674962622,0.057155255184908986,0.03999292858503087,0.039792963942104846,0.03979296394210496,0.03979296394210494,0.05040665995340061,0.045935445447377085,0.049826812154564096,0.06913308074029301,0.06063254682407481,0.07003855370107971,0.031772888449934276,0.031772888449934936,0.0317728884499349,0.06452938560497072,0.05296132404267568,0.06403340742924668,0.07036190772298886,0.06480864262908878,0.07992332034338208,0.03654984029976037,0.036549840299766295,0.03654984029976464
2026-06-11T16:14:51,profitability_bias (bias_weight=0.2),621048.9258884484,1.5389489162622283e-13,7.647077038157249e-14,8.936683435088828e-10,1.6005699802689703e-13,8.051351180358067e-14,8.814985009798738e-10,7.338778885132772e-13,5.809823259417351e-13,9.086024115765957e-10,1.3638152953667215,8.695203071116027e-13,6.388253958105033e-10,7.5997579077395425,27.090146047224156,37.01739250945301,1.0956288656676299e-13,24.861821920984536,31.539343295487292,7.052866919302822,1.7583977464830742,3.9741261515230812,3.828207315857921e-13,7.162466659611055e-13,3.216732339242712e-11,1.0153939457672891e-13,6.61327844802513,1.224096295945448e-10,8.300721935566229e-13,4.538772755419286e-13,1.2245600615034966e-10,7.149026317086796e-13,2.9909530226132683e-13,1.145048638089033e-10,7.7181629775286e-13,3.2230327309874866e-13,1.2721594559344903e-10,7.012839796700242e-13,2.7809794390593235e-13,1.17311938485824e-10,1.817201962170179e-13,2.460047395503759e-14,1.3431088746471525,7.744857371925374e-14,9.191759682744436e-14,9.391174850341203e-12,7.443453004854465e-14,4.274033371013441e-14,0.8415365363103481,5.859060984257826e-13,9.938716516444401e-13,8.602674128610488e-11,1.6304959426019546e-13,9.947598300641403e-14,3.360156597409514e-11,1.546897448856086,6.90243857547614,65.71100930694953,3.696990504108536e-13,1.7180768300854405e-13,6.221544479544529e-11,3.275245006841618e-13,1.5823732694993889e-13,5.760923898441747e-11,0.0,0.0,0.0,0.0,0.0,0.0,6.797331017539344e-14,3.9968028886505635e-14,1.1295853141746193e-11,0.18949999999994543,0.0,0.0,4.74487365707816,0.7403663429214786,0.0,6.918765722349801e-14,4.884981308350689e-14,9.445777493510832e-12,1.9631263881127405,0.2333630317441524,0.15141088650193524,3.0336634733874512,2.55351295663786e-13,2.723296526519145,0.0,0.0,0.0,1.0031028454748729e-13,3.197442310920451e-14,2.0481394358284888e-11,2.4662579982029738e-14,-9.517133623364087e-15,4.1816066032025296e-12,1.044757272712344e-13,1.3704315460216776e-13,1.4433190753670999e-11,25.39534469452283,30.826091143767528,22.07707899257295,3.096045330427499e-13,1.438849039914203e-13,6.17408346670345e-11,0.06218330290564979,0.049136499665906073,0.06108934974891666,0.07438325674962622,0.057155255184908986,0.03999292858503087,0.039792963942104846,0.03979296394210496,0.03979296394210494,0.05045756013007203,0.04608364930434539,0.04987914212874991,0.07225985179599347,0.06117043751737519,0.07212379996985206,0.03177288844993494,0.031772888449935026,0.031772888449935026,0.06770531599491146,0.05296132405854359,0.06661154322550208,0.07330299164149116,0.06431690081566659,0.07963374567419582,0.03654984029711567,0.03654984029913082,0.036549840298689636
2026-06-11T16:16:32,profitability_bias (bias_weight=0.3),621096.0695245907,1.5389489162622283e-13,7.109123176751239e-10,-6.699586737436153e-10,1.6005699802689703e-13,4.2848716207313216e-10,-3.8934471189841245e-10,7.338778885132772e-13,9.458612102764823e-10,-9.041108737267295e-10,1.3638152953667215,2.709777432298804e-09,3.974126151882053,7.5997579077395425,27.090146045789332,37.01739250942582,1.0956288656676299e-13,24.861821918054105,31.539343295363725,7.052866919302822,1.7583977438678382,3.380489515377605e-11,3.828207315857921e-13,1.312745440048449e-09,1.040294977270237e-12,1.0153939457672891e-13,6.613278451072795,2.8115694460421823e-12,8.300721935566229e-13,1.2986984104746286e-09,4.7110567600143235e-12,7.149026317086796e-13,1.2184932474716615e-09,4.356456316331904e-12,7.7181629775286e-13,1.3121365524163558e-09,4.802490735445291e-12,7.012839796700242e-13,1.2328824464911422e-09,4.446414308977683e-12,1.817201962170179e-13,8.15071821251718e-11,0.7312029757910745,7.744857371925374e-14,9.01428415471522e-11,3.130576392390164e-13,7.443453004854465e-14,9.84706410157906e-11,1.756997091061413,5.859060984257826e-13,1.9210069091002424e-09,3.1881164375135995e-12,1.6304959426019546e-13,5.668994162988383e-10,1.1439738045737613e-12,1.546897448856086,6.902438556401549,72.16463333359394,3.696990504108536e-13,1.580560381411053e-09,2.629455369452921e-12,3.275245006841618e-13,5.869840855258703e-10,2.151574166198674e-12,0.0,0.0,0.0,0.0,0.0,0.0,6.797331017539344e-14,1.1016432210908533e-10,3.765876499528531e-13,0.18949999999994543,0.0,0.0,4.74487365707816,0.7403663420062436,6.810116914834907e-10,6.918765722349801e-14,1.0585177179223138e-10,3.375077994860476e-13,1.9631263881127405,0.2333630316398705,0.1514108866138777,3.0336634733874512,8.575322674175823e-10,2.7232965257529163,0.0,0.0,0.0,1.0031028454748729e-13,1.5116263796244311e-10,7.069900220812997e-13,2.4662579982029738e-14,4.200850533579574e-11,-4.188069429761954e-11,1.044757272712344e-13,2.786180314240383e-10,4.688818777687231e-13,25.39534469452283,25.121982471021056,27.781187665446822,3.096045330427499e-13,2.5705126915909204e-10,3.0730973321624333e-12,0.06218330290564979,0.049136499665906073,0.06108934974891666,0.07438325674962622,0.057155255184908986,0.03999292858503087,0.039792963942104846,0.03979296394210496,0.03979296394210494,0.050508460307153155,0.04634149751156117,0.049931472102900415,0.07504184816829054,0.06337591583229121,0.07604516745478881,0.03177288844985331,0.03177288844992493,0.03177288844991987,0.07080997054927302,0.05296132404714246,0.06901599977104603,0.0749174270478198,0.06346434635463362,0.07918354190171184,0.03654984029801093,0.036549840299577925,0.03654984029921859
2026-06-11T16:18:13,profitability_bias (bias_weight=0.5),621096.0694978324,1.5389489162622283e-13,9.08425892771254e-12,-8.104364996116184e-12,1.6005699802689703e-13,8.514894304092178e-12,-7.653867412051424e-12,7.338778885132772e-13,1.7763152484900906e-11,-1.677003249441593e-11,1.3638152953667215,1.296147538750473e-10,3.9741261520035813,7.5997579077395425,27.090146047190416,37.01739250929877,1.0956288656676299e-13,24.861821920813398,31.539343295482404,7.052866919302822,1.758397746358881,1.5760047809175385e-13,3.828207315857921e-13,3.725050404264586e-11,1.8187733430339755e-14,1.0153939457672891e-13,6.613278448196853,4.747119064003085e-14,8.300721935566229e-13,4.6090101713194115e-11,1.0561341470056957e-13,7.149026317086796e-13,3.874108402889135e-11,9.824440891329061e-14,7.7181629775286e-13,4.128717460818302e-11,1.0545696882166971e-13,7.012839796700242e-13,3.424365471155654e-11,9.807017110039475e-14,1.817201962170179e-13,1.3649606440561564e-12,0.7312029754251899,7.744857371925374e-14,2.2456564336261596e-12,4.708623221435315e-15,7.443453004854465e-14,3.3455871121931395e-12,1.7569970916123436,5.859060984257826e-13,5.1241677567759325e-11,6.52811138479592e-14,1.6304959426019546e-13,9.173106718662893e-12,2.1316282072803006e-14,1.546897448856086,6.902438575440421,72.16463331585632,3.696990504108536e-13,5.453467073109653e-11,5.376606399066968e-14,3.275245006841618e-13,1.9826972257338355e-11,4.752905557056029e-14,0.0,0.0,0.0,0.0,0.0,0.0,6.797331017539344e-14,3.588240815588506e-12,7.993605777301127e-15,0.18949999999994543,0.0,0.0,4.74487365707816,0.7403663428971115,0.0,6.918765722349801e-14,4.118483332149481e-12,6.661338147750939e-15,1.9631263881127405,0.2333630317401605,0.15141088651385193,3.0336634733874512,4.048583690519081e-11,2.7232965265720304,0.0,0.0,0.0,1.0031028454748729e-13,2.815525590449397e-12,1.3322676295501878e-14,2.4662579982029738e-14,1.6127538009996911e-12,-1.6340320739218878e-12,1.044757272712344e-13,5.1570275827472756e-12,1.071365218763276e-14,25.39534469452283,25.12198233583365,27.781187800643323,3.096045330427499e-13,3.156408467930305e-11,4.707345624410664e-14,0.06218330290564979,0.049136499665906073,0.06108934974891666,0.07438325674962622,0.057155255184908986,0.03999292858503087,0.039792963942104846,0.03979296394210496,0.03979296394210494,0.05061026066012721,0.04694151030863086,0.05003613205130379,0.07756707426430574,0.06908768679031654,0.08661802864617026,0.03177288844992869,0.03177288844993425,0.03177288844993386,0.07612221652973941,0.052961324041807464,0.07332833243729162,0.07485591727415483,0.06019867739994095,0.07461198653489472,0.03654984029976751,0.036549840299767634,0.03654984029976761
2026-06-11T16:19:54,profitability_bias (bias_weight=0.7),621096.0694938604,1.5389489162622283e-13,1.3199080917656102e-12,2.7180103846184135e-11,1.6005699802689703e-13,6.752814628881386e-13,2.2564303510793053e-11,7.338778885132772e-13,1.4656162199951785e-12,2.91087130775163e-11,1.3638152953667215,5.9239277227580155e-12,3.9741261520160434,7.5997579077395425,27.090146047222156,37.017392509318334,1.0956288656676299e-13,24.861821920981782,31.539343295491324,7.052866919302822,1.7583977464782399,2.609074120533275e-12,3.828207315857921e-13,1.2668304955434635e-12,2.784618224697681e-13,1.0153939457672891e-13,6.613278448027705,4.399525036875243e-12,8.300721935566229e-13,2.6559210244539898e-12,2.370516855769859e-12,7.149026317086796e-13,2.317010254485164e-12,2.375833103450258e-12,7.7181629775286e-13,2.4468402236097645e-12,2.1284580085304318e-12,7.012839796700242e-13,2.1698791100368786e-12,2.0638074240527162e-12,1.817201962170179e-13,9.535245966937796e-14,0.7312029754541801,7.744857371925374e-14,1.8887866855134982e-13,4.856854246262762e-13,7.443453004854465e-14,1.2695634875579402e-13,1.7569970915821744,5.859060984257826e-13,1.3624656958199921e-12,3.1162628033598594e-11,1.6304959426019546e-13,5.968558980384842e-13,1.7266188478970435e-12,1.546897448856086,6.902438575481842,72.16463331607059,3.696990504108536e-13,1.8333601720191897e-11,6.2924926292022474e-12,3.275245006841618e-13,1.1158628911050592e-12,9.441622349389478e-13,0.0,0.0,0.0,0.0,0.0,0.0,6.797331017539344e-14,1.8829382497642655e-13,3.1885605267234496e-13,0.18949999999994543,0.0,0.0,4.74487365707816,0.7403663429209866,0.0,6.918765722349801e-14,1.5054624213917123e-13,1.652011860642233e-13,1.9631263881127405,0.2333630317440436,0.1514108865097028,3.0336634733874512,3.7410075037769275e-12,2.7232965266078293,0.0,0.0,0.0,1.0031028454748729e-13,1.9184653865522705e-13,2.1316282072803006e-13,2.4662579982029738e-14,5.6627966119136905e-14,1.664249201075717e-14,1.044757272712344e-13,1.5482060078397808e-13,1.309369279667294e-13,25.39534469452283,25.121982334324045,27.781187802122858,3.096045330427499e-13,5.986322548778844e-13,2.157385381451604e-12,0.06218330290564979,0.049136499665906073,0.06108934974891666,0.07438325674962622,0.057155255184908986,0.03999292858503087,0.039792963942104846,0.03979296394210496,0.03979296394210494,0.050712061013451985,0.04754152310571851,0.05014079199967696,0.08143134917300025,0.07756723071230684,0.10057345014198495,0.03177288844993363,0.03177288844993486,0.03177288844993478,0.08084141091506873,0.05296132404216762,0.07715924245905681,0.07316045637588763,0.05636025068817763,0.06752227207628081,0.03654984029975939,0.0365498402997664,0.03654984029976469
2026-06-11T16:21:37,profitability_bias (bias_weight=1.0),621239.9692660042,1.5389489162622283e-13,1.0415343084418234e-11,-9.070566008228251e-12,1.6005699802689703e-13,1.1839715947815734e-12,6.04563094437179e-14,7.338778885132772e-13,1.3935023713287184e-11,-1.2589517989957029e-11,1.3638152953667215,5.5019701306834715e-11,3.9741261520052293,7.5997579077395425,27.090146047228696,37.01739250928445,1.0956288656676299e-13,24.861821920922257,31.539343295485853,7.052866919302822,1.7583977464313783,5.690539258132933e-13,3.828207315857921e-13,1.3523201340869188e-11,1.9100515057277446e-14,1.0153939457672891e-13,6.613278448084679,2.9651229297733e-14,8.300721935566229e-13,1.7644468717190288e-11,1.6894386681551295e-13,7.149026317086796e-13,1.0276977429246845e-11,1.5456654767339834e-13,7.7181629775286e-13,1.0532844302242747e-11,1.6310187292979695e-13,7.012839796700242e-13,7.370783658917753e-12,1.5262659937447241e-13,1.817201962170179e-13,1.5131679917905704e-13,0.7312029754104311,7.744857371925374e-14,1.5326016292226767e-12,3.185944892346514e-15,7.443453004854465e-14,7.867922664796393e-13,1.7569970916358109,5.859060984257826e-13,2.7394531088020813e-11,1.1945999744966684e-13,1.6304959426019546e-13,2.5508484213787597e-12,2.1316282072803006e-14,1.546897448856086,6.902438574589496,72.1646333167715,3.696990504108536e-13,1.3698586734189386,8.243740784362495e-14,3.275245006841618e-13,5.977706088571858e-12,7.67625472302675e-14,0.0,0.0,0.0,0.0,0.0,0.0,6.797331017539344e-14,1.4193091146808001e-12,9.769962616701378e-15,0.18949999999994543,0.0,0.0,4.74487365707816,0.7403663429163236,0.0,6.918765722349801e-14,1.375344282905644e-12,8.881784197001252e-15,1.9631263881127405,0.23336303174314033,0.15141088651087165,3.0336634733874512,2.9274316304395143e-10,2.723296526319782,0.0,0.0,0.0,1.0031028454748729e-13,5.03597163969971e-13,1.5987211554602254e-14,2.4662579982029738e-14,5.858143076180705e-13,-6.054015062865366e-13,1.044757272712344e-13,5.115616263928757e-12,1.3482270855291745e-14,25.39534469452283,15.593211985125222,37.309958151351836,3.096045330427499e-13,1.0526690630285884e-11,6.394884621840902e-14,0.06218330290564979,0.049136499665906073,0.06108934974891666,0.07438325674962622,0.057155255184908986,0.03999292858503087,0.039792963942104846,0.03979296394210496,0.03979296394210494,0.05146743656123866,0.04844262788658094,0.050297781922233845,0.09070378927932468,0.08273556453720826,0.1150980816319354,0.031772888449934325,0.03177288844993495,0.031772888449934915,0.0927179698730837,0.05296132404180686,0.08252767827532292,0.07131865634389391,0.047710480421300286,0.0508154988445332,0.0365498402997676,0.036549840299767634,0.036549840299767634
2026-06-11T16:23:17,profitability_bias (bias_weight=1.5),628670.0397992523,1.5389489162622283e-13,7.242465217105585e-12,-7.021638200520769e-12,1.6005699802689703e-13,4.854806399203797e-12,-4.622765431712611e-12,7.338778885132772e-13,3.9219862590599224e-12,-3.7131899974086974e-12,1.3638152953667215,1.5866119057421e-11,1.1133626701437211,7.5997579077395425,27.090146047223758,45.61294869923156,1.0956288656676299e-13,24.86182192096881,120.35675565760425,7.052866919302822,1.7583977464719227,2.860763481860697,3.828207315857921e-13,3.663750051660978e-12,8.849888551285409e-15,1.0153939457672891e-13,6.613278448042815,1.0628165529175862e-13,8.300721935566229e-13,1.266577652158251e-11,9.004314094203069e-14,7.149026317086796e-13,1.1647749245248264e-11,7.782271452519535e-14,7.7181629775286e-13,1.2463327537239004e-11,9.191449913760275e-14,7.012839796700242e-13,1.1434714716571538e-11,8.32671275848476e-14,1.817201962170179e-13,2.47238108452166e-13,2.4318537868661274e-15,7.744857371925374e-14,6.535836082232871e-13,4.169966784535276e-16,7.443453004854465e-14,3.7055736706261136e-13,2.228083677807814,5.859060984257826e-13,5.843325823207124e-12,1.1546319456101628e-14,1.6304959426019546e-13,1.5560885913146194e-12,0.0,1.546897448856086,3.418398823742468,74.83244616816964,3.696990504108536e-13,1.369858673526323,3.3028350549456886e-14,3.275245006841618e-13,2.969431200172193e-12,3.2391440700874945e-14,0.0,0.0,0.0,0.0,0.0,0.0,6.797331017539344e-14,6.830092047493963e-13,2.6645352591003757e-15,0.18949999999994543,0.0,0.0,4.74487365707816,0.7403663429198604,0.0,6.918765722349801e-14,5.559996907322784e-13,3.552713678800501e-15,1.9631263881127405,0.23336303174379758,0.15141088651021883,3.0336634733874512,2.723296526598936,0.0,0.0,0.0,0.0,1.0031028454748729e-13,7.762679388179095e-13,1.7763568394002505e-15,2.4662579982029738e-14,3.0875532441275015e-13,-3.3107848831669997e-13,1.044757272712344e-13,6.964429033473607e-13,7.41073868937292e-15,25.39534469452283,15.593211984172711,37.309958152304446,3.096045330427499e-13,2.4353852268177434e-12,3.9968028886505635e-14,0.06218330290564979,0.049136499665906073,0.06108934974891666,0.07438325674962622,0.057155255184908986,0.03999292858503087,0.039792963942104846,0.03979296394210496,0.03979296394210494,0.051721937444750815,0.049942659879285485,0.05055943179313643,0.1010999849528845,0.09357402880995716,0.1309236160760253,0.03177288844989946,0.03177288844993062,0.03177288844992819,0.09719674560847413,0.05729738943669833,0.08829764432952482,0.061048009978375624,0.0367335078389625,0.02913424434672781,0.03654984029976757,0.03654984029976763,0.036356066098032394
2026-06-11T16:24:59,profitability_bias (bias_weight=2.0),638910.2124924988,1.5389489162622283e-13,4.8415952058818e-12,-3.936679173875773e-12,1.6005699802689703e-13,7.135482105807237e-13,1.1715252711071199e-13,7.338778885132772e-13,2.365512270618013e-12,-1.3676727880307682e-12,1.3638152953667215,9.646120836920943e-12,1.1133626701465589,7.5997579077395425,27.09014604722361,37.017392509302674,1.0956288656676299e-13,24.86182192097406,128.95231184752404,7.052866919302822,1.758397746474428,2.8607634818616465,3.828207315857921e-13,3.868427728146692e-13,1.839342468553505e-14,1.0153939457672891e-13,6.613278448035668,175.48921429399334,8.300721935566229e-13,2.58593522771437e-12,1.297854637142968e-13,7.149026317086796e-13,2.8285272951896942e-12,1.250652660315048e-13,7.7181629775286e-13,2.7738251094033348e-12,1.3491772777203462e-13,7.012839796700242e-13,2.1238060897886147e-12,1.252921776456767e-13,1.817201962170179e-13,1.9936911412209786e-14,4.926726632933505e-16,7.744857371925374e-14,9.16262474796783e-13,2.5638899772168127e-15,7.443453004854465e-14,1.6935972742709599e-13,5.112950333199268e-15,5.859060984257826e-13,1.2652101588628284e-12,1.6431300764452317e-14,1.6304959426019546e-13,1.3713474800169934e-12,1.4210854715202004e-14,1.546897448856086,3.4183988234589116,74.83244616742157,3.696990504108536e-13,1.3698586735322824,6.467609081693376e-14,3.275245006841618e-13,8.807253763792773e-13,6.039693425414839e-14,0.0,0.0,0.0,0.0,0.0,0.0,6.797331017539344e-14,3.5349501104064984e-13,6.217248937900877e-15,0.18949999999994543,0.0,0.0,4.74487365707816,0.7403663429210718,0.0,6.918765722349801e-14,3.5926817076870066e-13,5.329070518200751e-15,1.9631263881127405,0.23336303174394324,0.15141088651007095,3.0336634733874512,2.723296526608823,0.0,0.0,0.0,0.0,1.0031028454748729e-13,1.7763568394002505e-13,9.769962616701378e-15,2.4662579982029738e-14,1.7781316974947618e-13,-1.9861506119510872e-13,1.044757272712344e-13,7.610578833805448e-14,7.820133429703446e-15,25.39534469452283,15.593211984121993,37.30995815235514,3.096045330427499e-13,2.3661073100811336e-12,2.220446049250313e-14,0.06218330290564979,0.049136499665906073,0.06108934974891666,0.07438325674962622,0.057155255184908986,0.03999292858503087,0.039792963942104846,0.03979296394210496,0.03979296394210494,0.05197643832798283,0.05144269187202583,0.05082108166408933,0.11417555547033463,0.10194780632543855,0.15032672121092247,0.03177288844993497,0.031772888449935026,0.031772888449935026,0.08098110677491865,0.05296132404180688,0.07406513162908757,0.06527828657646313,0.042450808751399574,0.024526457196197487,0.036549840299767634,0.03654984029976765,0.03636400174567255
2026-06-11T16:26:40,profitability_bias (bias_weight=5.0),639000.0838866776,1.5389489162622283e-13,3.934384534701957e-13,1.8405800764504898e-11,1.6005699802689703e-13,3.2925174976518187e-13,2.0647060734277858e-11,7.338778885132772e-13,2.958422763783588e-13,1.733918318144396e-11,1.3638152953667215,2.1521642266844136e-12,1.113362670152535,7.5997579077395425,27.09014604722355,37.01739250930462,1.0956288656676299e-13,24.86182192098446,128.9523118475249,7.052866919302822,1.7583977464817857,2.860763481856448,3.828207315857921e-13,6.523247298959072e-13,4.492021197703792e-13,1.0153939457672891e-13,6.613278448025163,175.48921429399087,8.300721935566229e-13,2.6627187903470744e-12,1.4163021735529307e-12,7.149026317086796e-13,1.492146271052653e-12,2.380584093590065e-12,7.7181629775286e-13,1.6294322706516633e-12,2.9284515677606972e-12,7.012839796700242e-13,1.3038409907749773e-12,2.578675077735186e-12,1.817201962170179e-13,2.630371193978919e-14,1.321715486028198e-12,7.744857371925374e-14,1.4966566386414567e-14,2.0536154376743542e-13,7.443453004854465e-14,2.1089078287138677e-14,0.03935951521932373,5.859060984257826e-13,1.603162047558726e-13,1.6688872506165353e-12,1.6304959426019546e-13,5.684341886080802e-14,2.5579538487363607e-13,1.546897448856086,4.1673331452329876e-12,65.97091324167964,3.696990504108536e-13,1.3698586735358131,9.30307919502081e-13,3.275245006841618e-13,1.5538172577776043e-13,6.437041131929265e-13,0.0,0.0,0.0,0.0,0.0,0.0,6.797331017539344e-14,3.375077994860476e-14,1.4033219031261979e-13,0.18949999999994543,0.0,0.0,4.74487365707816,0.7403663429217016,0.0,6.918765722349801e-14,2.886579864025407e-14,9.992007221626409e-14,1.9631263881127405,0.2333630317441573,0.15141088650982626,3.0336634733874512,2.7232965266121085,0.0,0.0,0.0,0.0,1.0031028454748729e-13,5.240252676230739e-14,3.419486915845482e-13,2.4662579982029738e-14,4.013873087543066e-15,1.7819901852286135e-14,1.044757272712344e-13,2.1382895454280515e-13,1.108696467966297e-13,25.39534469452283,15.593211984033388,37.309958152443116,3.096045330427499e-13,1.1013412404281553e-13,7.824851877558103e-13,0.06218330290564979,0.049136499665906073,0.06108934974891666,0.07438325674962622,0.057155255184908986,0.03999292858503087,0.039792963942104846,0.03979296394210496,0.03979296394210494,0.05211523969288519,0.060442883828359564,0.05096378199082277,0.19125096643041933,0.170338038920055,0.27702029476596746,0.031772888449935026,0.03177288844993504,0.03177288844993504,0.08820937232395293,0.06018296833576837,0.08130109474690672,0.08864239506085887,0.0705147185988444,0.026767137701621566,0.036549840299767294,0.0365498402997676,0.036334116994012775
2026-06-11T16:28:23,profitability_bias (bias_weight=10.0),639000.0838868051,1.5389489162622283e-13,2.477301529838638e-12,2.0611175934342695e-10,1.6005699802689703e-13,1.7804615298743883e-12,1.9459571768927496e-10,7.338778885132772e-13,1.86117021395383e-12,2.1516458386770117e-10,1.3638152953667215,3.160600509838766e-12,1.1133627275970086,7.5997579077395425,27.090146047224767,37.017392509301025,1.0956288656676299e-13,24.861821920982496,128.95231179008343,7.052866919302822,1.7583977464807468,2.8607634244217346,3.828207315857921e-13,1.426096655096354e-13,3.3542199770703917e-12,1.0153939457672891e-13,6.613278448026895,175.48921435142339,8.300721935566229e-13,3.467185764246963e-12,2.433204028431552e-11,7.149026317086796e-13,2.5916567333434796e-12,2.259818461642885e-11,7.7181629775286e-13,2.672328466390761e-12,2.4300068083269222e-11,7.012839796700242e-13,2.454495804462282e-12,2.2588726721488422e-11,1.817201962170179e-13,2.85302214287604e-14,1.4707246911931589e-08,7.744857371925374e-14,4.437472163803845e-14,4.859717797154148e-12,7.443453004854465e-14,1.6701422438717578e-14,0.03935950225409391,5.859060984257826e-13,7.696066006701585e-13,1.857847209407737e-11,1.6304959426019546e-13,6.394884621840902e-14,3.844036200462142e-12,1.546897448856086,1.8189894035458565e-12,65.97091324162203,3.696990504108536e-13,1.3698586735360816,1.181504275077886e-11,3.275245006841618e-13,7.937579359026669e-14,1.0968354641644714e-11,0.0,0.0,0.0,0.0,0.0,0.0,6.797331017539344e-14,3.907985046680551e-14,2.1440627051561023e-12,0.18949999999994543,0.0,0.0,4.74487365707816,0.7403663429217513,0.0,6.918765722349801e-14,2.708944180085382e-14,1.6697754290362354e-12,1.9631263881127405,0.23336303174417283,0.15141088650941237,3.0336634733874512,2.723296526612303,0.0,0.0,0.0,0.0,1.0031028454748729e-13,9.592326932761353e-14,2.0971668845959357e-11,2.4662579982029738e-14,7.242206355493051e-15,8.976304111388289e-13,1.044757272712344e-13,1.2159717677207027e-13,2.0758464391867903e-12,25.39534469452283,15.59321198404956,37.30995815242308,3.096045330427499e-13,9.769962616701378e-14,9.384493182551523e-12,0.06218330290564979,0.049136499665906073,0.06108934974891666,0.07438325674962622,0.057155255184908986,0.03999292858503087,0.039792963942104846,0.03979296394210496,0.03979296394210494,0.05211523969288545,0.07544320375558228,0.050963781990821605,0.32405653613750546,0.26697028009392487,0.4453009059246587,0.03177288844993473,0.031772888449935,0.03177288844993498,0.08861627708194013,0.058255827000237244,0.07937013234155485,0.13479983500060969,0.11519826279062097,0.026169197973781505,0.03654984029923803,0.0365498402996017,0.03636777592736592
2026-06-11T16:30:03,profitability_bias (bias_weight=50),639991.9943567475,1.5389489162622283e-13,3.6869218463026664e-11,1.0478511016663607e-09,1.6005699802689703e-13,2.764145084582587e-11,1.013830446001679e-09,7.338778885132772e-13,3.2625131959349736e-11,1.115478902337304e-09,1.3638152953667215,4.488882295018763e-11,3.9741261518756423,7.5997579077395425,27.09014604723499,37.017392509296506,1.0956288656676299e-13,24.861821920930463,126.09154836580805,7.052866919302822,1.7583977464405893,1.5585962582707846e-10,3.828207315857921e-13,6.669193987368148e-13,1.4565991652997185e-11,1.0153939457672891e-13,6.613278448078579,178.34997777570868,8.300721935566229e-13,1.1093206068405965e-10,1.4603515114949583e-10,7.149026317086796e-13,6.050100649800115e-11,1.358274467877043e-10,7.7181629775286e-13,6.059983756186816e-11,1.4611665940312197e-10,7.012839796700242e-13,5.477439887318203e-11,1.358107239499165e-10,1.817201962170179e-13,2.1556600260739044e-13,1.969254424763563e-12,7.744857371925374e-14,2.811137570541037e-13,10.445027507289911,7.443453004854465e-14,7.392780876162547e-14,1.593851371939011e-12,5.859060984257826e-13,5.9685589803848416e-12,8.520879340451852,1.6304959426019546e-13,2.8421709430404007e-13,2.729905190790305e-11,1.546897448856086,1.1372236485840403e-11,57.450033900993944,3.696990504108536e-13,1.3698586735349847,8.11179079140106e-11,3.275245006841618e-13,4.398291524998098e-13,6.587002333738406e-11,0.0,0.0,0.0,0.0,0.0,0.0,6.797331017539344e-14,2.0161650127192843e-13,1.2526868431450566e-11,0.18949999999994543,0.0,0.0,4.74487365707816,0.7403663429212193,0.0,6.918765722349801e-14,1.2789769243681803e-13,1.021627227260069e-11,1.9631263881127405,0.2333630317440729,0.15141088650900913,3.0336634733874512,2.72329652661109,0.0,0.0,0.0,0.0,1.0031028454748729e-13,7.229772336359019e-13,5.699384268622242,2.4662579982029738e-14,1.517481384368064e-13,6.1198685796297095e-12,1.044757272712344e-13,1.5792922525292852e-13,1.4274831316996028e-11,25.39534469452283,15.593211984093031,37.309958152375884,3.096045330427499e-13,1.319833131674386e-12,5.2235549219403765e-11,0.06218330290564979,0.049136499665906073,0.06108934974891666,0.07438325674962622,0.057155255184908986,0.03999292858503087,0.039792963942104846,0.03979296394210496,0.03979296394210494,0.0521152396928903,0.1954457631733623,0.050963781990800996,1.207092503299225,1.3632630842483706,2.474949309894822,0.03177288844992929,0.031772888449934325,0.03177288844993395,0.09755891102126893,0.052913568860598566,0.07406513163004302,0.5138021201971402,0.46270502166005,0.024526457196647995,0.036549840298828934,0.03654984029960568,0.03634452970986265
2026-06-11T16:31:44,profitability_bias (bias_weight=100),641297.1913519332,1.5389489162622283e-13,1.612174255704925e-11,-1.6071988267609084e-11,1.6005699802689703e-13,1.955217611537783e-11,0.2323999384526693,7.338778885132772e-13,1.478789230190543e-11,-1.473501679387777e-11,1.3638152953667215,5.054769797116061e-12,3.974126152007627,7.5997579077395425,27.09014604722564,37.01739250930043,1.0956288656676299e-13,24.861821920980642,126.09154836567559,7.052866919302822,1.7583977464795042,9.105034663143585e-16,3.828207315857921e-13,3.460115799024582e-13,4.899797639414152e-16,1.0153939457672891e-13,6.613278448029378,178.34997777585215,8.300721935566229e-13,6.106575522613938e-11,6.596704596525396e-15,7.149026317086796e-13,5.695252641752527e-11,6.086805625364015e-15,7.7181629775286e-13,6.124510451754587e-11,6.546569698821853e-15,7.012839796700242e-13,5.716292646280668e-11,6.084040372643552e-15,1.817201962170179e-13,8.443517183568242e-14,3.37532347890142e-17,7.744857371925374e-14,5.1843329031379685e-14,10.424516884665863,7.443453004854465e-14,3.6099555891003426e-14,3.094185120530615e-17,5.859060984257826e-13,5.049294315995212e-13,8.520879339423342,1.6304959426019546e-13,1.5631940186722204e-13,0.0,1.546897448856086,1.950439809661475e-12,57.42952327962841,3.696990504108536e-13,1.3698586735360143,3.655167310766489e-15,3.275245006841618e-13,1.497312916276731e-13,2.950052026419871e-15,0.0,0.0,0.0,0.0,0.0,0.0,6.797331017539344e-14,7.549516567451064e-14,8.881784197001252e-16,0.18949999999994543,0.0,0.0,4.74487365707816,0.7403663429216998,0.0,6.918765722349801e-14,5.773159728050814e-14,4.440892098500626e-16,1.9631263881127405,0.23336303174415862,0.15141088650985912,3.0336634733874512,2.7232965266122373,0.0,0.0,0.0,0.0,1.0031028454748729e-13,2.0694557179012918e-13,5.67887364600524,2.4662579982029738e-14,6.008283884279737e-14,-8.446229917252164e-14,1.044757272712344e-13,9.395262345890387e-14,7.563394355258879e-16,25.39534469452283,14.56768085266171,38.33548928381546,3.096045330427499e-13,3.6770586575585185e-13,2.6645352591003757e-15,0.06218330290564979,0.049136499665906073,0.06108934974891666,0.07438325674962622,0.057155255184908986,0.03999292858503087,0.039792963942104846,0.03979296394210496,0.03979296394210494,0.052115239692942024,0.34544896244555523,0.05096378199058336,2.5755165476031157,2.3036578868246167,4.1337640996831775,0.03177288844987171,0.031772888449927185,0.03177288844992309,0.09749532494877561,0.0529135688613343,0.07406513162908762,0.9387098592480474,0.8777012398259055,0.024526457196197508,0.036549840299767634,0.036549840299767634,0.036360477638816814
2026-06-11T18:25:09,profitability_bias (bias_weight=0.3),621088.8848071366,1.5389489162622283e-13,6.590102650381854e-15,1.693860170487803e-11,1.6005699802689703e-13,6.922124912117728e-15,1.5998584330805127e-11,7.338778885132772e-13,1.2280123076565038e-13,1.7213794007947797e-11,1.3638152953667215,2.687619009393013e-13,3.974126151998529,7.5997579077395425,27.090146047224692,37.017392509302475,1.0956288656676299e-13,24.861821920985573,31.539343295482094,7.052866919302822,1.7583977464836358,1.0285530261641159e-11,3.828207315857921e-13,1.984192171982366e-14,4.4468201670221643e-13,1.0153939457672891e-13,6.613278448024156,1.584190451412937e-12,8.300721935566229e-13,5.772754091443835e-14,2.3143060672636518e-12,7.149026317086796e-13,3.648739211793354e-14,2.1295989957224507e-12,7.7181629775286e-13,3.89759619148815e-14,2.2475546931844937e-12,7.012839796700242e-13,3.0656959249435285e-14,2.0998445908074573e-12,1.817201962170179e-13,1.9095675872566424e-15,0.7312029754120115,7.744857371925374e-14,1.5579640910410426e-15,1.8601021912995864e-13,7.443453004854465e-14,4.854820872686341e-15,1.756997091631033,5.859060984257826e-13,1.6120438317557273e-13,1.5334400416122662e-12,1.6304959426019546e-13,4.973799150320701e-14,6.679101716144942e-13,1.546897448856086,6.902438575471081,72.16463331597643,3.696990504108536e-13,2.898054758728759e-14,1.2947795253264663e-12,3.275245006841618e-13,1.9681362415485594e-14,1.0034877278799003e-12,0.0,0.0,0.0,0.0,0.0,0.0,6.797331017539344e-14,5.329070518200751e-15,1.9895196601282805e-13,0.18949999999994543,0.0,0.0,4.74487365707816,0.7403663429217948,0.0,6.918765722349801e-14,5.773159728050814e-15,1.5898393712632242e-13,1.9631263881127405,0.23336303174418838,0.15141088650967838,3.0336634733874512,2.042810365310288e-14,2.7232965266113616,0.0,0.0,0.0,1.0031028454748729e-13,2.6645352591003757e-15,3.090860900556436e-13,2.4662579982029738e-14,-2.2313002645399542e-14,5.247581111256567e-14,1.044757272712344e-13,3.300137940698278e-14,2.8715224642539283e-13,25.39534469452283,30.82609114386065,22.077078992614545,3.096045330427499e-13,2.842170943040401e-14,1.1670664434859646e-12,0.06218330290564979,0.049136499665906073,0.06108934974891666,0.07438325674962622,0.057155255184908986,0.03999292858503087,0.039792963942104846,0.03979296394210496,0.03979296394210494,0.05050846030674633,0.04469360581794314,0.04993147210293547,0.07277530155746155,0.06267834621629234,0.077173321626397,0.031772888449935026,0.03177288844993504,0.031772888449935026,0.07158110402350679,0.05296132404180745,0.06964198428311438,0.07520352686545037,0.06199931343842376,0.07827302478871384,0.03654984029976751,0.036549840299767634,0.0365498402997676
