time,ES,DE,AT,FR,IT,CH
0,1.0,0.9997347991519856,0.8200392962054103,0.8511205270966005,0.7828176120519434,0.6785824275700797
1,1.0,0.9997347991519856,0.8200392962054103,0.8511205270966005,0.7828176120519434,0.6785824275700797
2,1.0,0.9997347991519856,0.8200392962054103,0.8511205270966005,0.7828176120519434,0.6785824275700797
3,1.0,0.9997347991519856,0.8200392962054103,0.8511205270966005,0.7828176120519434,0.6785824275700797
4,1.0,0.9997347991519856,0.8200392962054103,0.8511205270966005,0.7828176120519434,0.6785824275700797
5,1.0,0.9997347991519856,0.8200392962054103,0.8511205270966005,0.7828176120519434,0.6785824275700797
6,1.0,0.9997347991519856,0.8200392962054103,0.8511205270966005,0.7828176120519434,0.6785824275700797
7,1.0,0.9997347991519856,0.8200392962054103,0.8511205270966005,0.7828176120519434,0.6785824275700797
8,1.0,0.9997347991519856,0.8200392962054103,0.8511205270966005,0.7828176120519434,0.6785824275700797
9,1.0,0.9997347991519856,0.8200392962054103,0.8511205270966005,0.7828176120519434,0.6785824275700797
10,1.0,0.9997347991519856,0.8200392962054103,0.8511205270966005,0.7828176120519434,0.6785824275700797
11,1.0,0.9997347991519856,0.8200392962054103,0.8511205270966005,0.7828176120519434,0.6785824275700797
12,1.0,0.9997347991519856,0.8200392962054103,0.8511205270966005,0.7828176120519434,0.6785824275700797
13,1.0,0.9997347991519856,0.8200392962054103,0.8511205270966005,0.7828176120519434,0.6785824275700797
14,1.0,0.9997347991519856,0.8200392962054103,0.8511205270966005,0.7828176120519434,0.6785824275700797
15,1.0,0.9997347991519856,0.8200392962054103,0.8511205270966005,0.7828176120519434,0.6785824275700797
16,1.0,0.9997347991519856,0.8200392962054103,0.8511205270966005,0.7828176120519434,0.6785824275700797
17,1.0,0.9997347991519856,0.8200392962054103,0.8511205270966005,0.7828176120519434,0.6785824275700797
18,1.0,0.9997347991519856,0.8200392962054103,0.8511205270966005,0.7828176120519434,0.6785824275700797
19,1.0,0.9997347991519856,0.8200392962054103,0.8511205270966005,0.7828176120519434,0.6785824275700797
20,1.0,0.9997347991519856,0.8200392962054103,0.8511205270966005,0.7828176120519434,0.6785824275700797
21,1.0,0.9997347991519856,0.8200392962054103,0.8511205270966005,0.7828176120519434,0.6785824275700797
22,1.0,0.9997347991519856,0.8200392962054103,0.8511205270966005,0.7828176120519434,0.6785824275700797
23,1.0,0.9997347991519856,0.8200392962054103,0.8511205270966005,0.7828176120519434,0.6785824275700797
24,1.0,0.9997273107795214,0.8146912880175011,0.8474941158359276,0.7787335047988272,0.6686703018297284
25,1.0,0.9997273107795214,0.8146912880175011,0.8474941158359276,0.7787335047988272,0.6686703018297284
26,1.0,0.9997273107795214,0.8146912880175011,0.8474941158359276,0.7787335047988272,0.6686703018297284
27,1.0,0.9997273107795214,0.8146912880175011,0.8474941158359276,0.7787335047988272,0.6686703018297284
28,1.0,0.9997273107795214,0.8146912880175011,0.8474941158359276,0.7787335047988272,0.6686703018297284
29,1.0,0.9997273107795214,0.8146912880175011,0.8474941158359276,0.7787335047988272,0.6686703018297284
30,1.0,0.9997273107795214,0.8146912880175011,0.8474941158359276,0.7787335047988272,0.6686703018297284
31,1.0,0.9997273107795214,0.8146912880175011,0.8474941158359276,0.7787335047988272,0.6686703018297284
32,1.0,0.9997273107795214,0.8146912880175011,0.8474941158359276,0.7787335047988272,0.6686703018297284
33,1.0,0.9997273107795214,0.8146912880175011,0.8474941158359276,0.7787335047988272,0.6686703018297284
34,1.0,0.9997273107795214,0.8146912880175011,0.8474941158359276,0.7787335047988272,0.6686703018297284
35,1.0,0.9997273107795214,0.8146912880175011,0.8474941158359276,0.7787335047988272,0.6686703018297284
36,1.0,0.9997273107795214,0.8146912880175011,0.8474941158359276,0.7787335047988272,0.6686703018297284
37,1.0,0.9997273107795214,0.8146912880175011,0.8474941158359276,0.7787335047988272,0.6686703018297284
38,1.0,0.9997273107795214,0.8146912880175011,0.8474941158359276,0.7787335047988272,0.6686703018297284
39,1.0,0.9997273107795214,0.8146912880175011,0.8474941158359276,0.7787335047988272,0.6686703018297284
40,1.0,0.9997273107795214,0.8146912880175011,0.8474941158359276,0.7787335047988272,0.6686703018297284
41,1.0,0.9997273107795214,0.8146912880175011,0.8474941158359276,0.7787335047988272,0.6686703018297284
42,1.0,0.9997273107795214,0.8146912880175011,0.8474941158359276,0.7787335047988272,0.6686703018297284
43,1.0,0.9997273107795214,0.8146912880175011,0.8474941158359276,0.7787335047988272,0.6686703018297284
44,1.0,0.9997273107795214,0.8146912880175011,0.8474941158359276,0.7787335047988272,0.6686703018297284
45,1.0,0.9997273107795214,0.8146912880175011,0.8474941158359276,0.7787335047988272,0.6686703018297284
46,1.0,0.9997273107795214,0.8146912880175011,0.8474941158359276,0.7787335047988272,0.6686703018297284
47,1.0,0.9997273107795214,0.8146912880175011,0.8474941158359276,0.7787335047988272,0.6686703018297284
48,1.0,0.9997217225086081,0.8111447871368211,0.844623268348605,0.7755273763681697,0.6603977467172132
49,1.0,0.9997217225086081,0.8111447871368211,0.844623268348605,0.7755273763681697,0.6603977467172132
50,1.0,0.9997217225086081,0.8111447871368211,0.844623268348605,0.7755273763681697,0.6603977467172132
51,1.0,0.9997217225086081,0.8111447871368211,0.844623268348605,0.7755273763681697,0.6603977467172132
52,1.0,0.9997217225086081,0.8111447871368211,0.844623268348605,0.7755273763681697,0.6603977467172132
53,1.0,0.9997217225086081,0.8111447871368211,0.844623268348605,0.7755273763681697,0.6603977467172132
54,1.0,0.9997217225086081,0.8111447871368211,0.844623268348605,0.7755273763681697,0.6603977467172132
55,1.0,0.9997217225086081,0.8111447871368211,0.844623268348605,0.7755273763681697,0.6603977467172132
56,1.0,0.9997217225086081,0.8111447871368211,0.844623268348605,0.7755273763681697,0.6603977467172132
57,1.0,0.9997217225086081,0.8111447871368211,0.844623268348605,0.7755273763681697,0.6603977467172132
58,1.0,0.9997217225086081,0.8111447871368211,0.844623268348605,0.7755273763681697,0.6603977467172132
59,1.0,0.9997217225086081,0.8111447871368211,0.844623268348605,0.7755273763681697,0.6603977467172132
60,1.0,0.9997217225086081,0.8111447871368211,0.844623268348605,0.7755273763681697,0.6603977467172132
61,1.0,0.9997217225086081,0.8111447871368211,0.844623268348605,0.7755273763681697,0.6603977467172132
62,1.0,0.9997217225086081,0.8111447871368211,0.844623268348605,0.7755273763681697,0.6603977467172132
63,1.0,0.9997217225086081,0.8111447871368211,0.844623268348605,0.7755273763681697,0.6603977467172132
64,1.0,0.9997217225086081,0.8111447871368211,0.844623268348605,0.7755273763681697,0.6603977467172132
65,1.0,0.9997217225086081,0.8111447871368211,0.844623268348605,0.7755273763681697,0.6603977467172132
66,1.0,0.9997217225086081,0.8111447871368211,0.844623268348605,0.7755273763681697,0.6603977467172132
67,1.0,0.9997217225086081,0.8111447871368211,0.844623268348605,0.7755273763681697,0.6603977467172132
68,1.0,0.9997217225086081,0.8111447871368211,0.844623268348605,0.7755273763681697,0.6603977467172132
69,1.0,0.9997217225086081,0.8111447871368211,0.844623268348605,0.7755273763681697,0.6603977467172132
70,1.0,0.9997217225086081,0.8111447871368211,0.844623268348605,0.7755273763681697,0.6603977467172132
71,1.0,0.9997217225086081,0.8111447871368211,0.844623268348605,0.7755273763681697,0.6603977467172132
72,1.0,0.9997148526505631,0.8067057891551462,0.8411120937843362,0.7717708345421966,0.6506623645665106
73,1.0,0.9997148526505631,0.8067057891551462,0.8411120937843362,0.7717708345421966,0.6506623645665106
74,1.0,0.9997148526505631,0.8067057891551462,0.8411120937843362,0.7717708345421966,0.6506623645665106
75,1.0,0.9997148526505631,0.8067057891551462,0.8411120937843362,0.7717708345421966,0.6506623645665106
76,1.0,0.9997148526505631,0.8067057891551462,0.8411120937843362,0.7717708345421966,0.6506623645665106
77,1.0,0.9997148526505631,0.8067057891551462,0.8411120937843362,0.7717708345421966,0.6506623645665106
78,1.0,0.9997148526505631,0.8067057891551462,0.8411120937843362,0.7717708345421966,0.6506623645665106
79,1.0,0.9997148526505631,0.8067057891551462,0.8411120937843362,0.7717708345421966,0.6506623645665106
80,1.0,0.9997148526505631,0.8067057891551462,0.8411120937843362,0.7717708345421966,0.6506623645665106
81,1.0,0.9997148526505631,0.8067057891551462,0.8411120937843362,0.7717708345421966,0.6506623645665106
82,1.0,0.9997148526505631,0.8067057891551462,0.8411120937843362,0.7717708345421966,0.6506623645665106
83,1.0,0.9997148526505631,0.8067057891551462,0.8411120937843362,0.7717708345421966,0.6506623645665106
84,1.0,0.9997148526505631,0.8067057891551462,0.8411120937843362,0.7717708345421966,0.6506623645665106
85,1.0,0.9997148526505631,0.8067057891551462,0.8411120937843362,0.7717708345421966,0.6506623645665106
86,1.0,0.9997148526505631,0.8067057891551462,0.8411120937843362,0.7717708345421966,0.6506623645665106
87,1.0,0.9997148526505631,0.8067057891551462,0.8411120937843362,0.7717708345421966,0.6506623645665106
88,1.0,0.9997148526505631,0.8067057891551462,0.8411120937843362,0.7717708345421966,0.6506623645665106
89,1.0,0.9997148526505631,0.8067057891551462,0.8411120937843362,0.7717708345421966,0.6506623645665106
90,1.0,0.9997148526505631,0.8067057891551462,0.8411120937843362,0.7717708345421966,0.6506623645665106
91,1.0,0.9997148526505631,0.8067057891551462,0.8411120937843362,0.7717708345421966,0.6506623645665106
92,1.0,0.9997148526505631,0.8067057891551462,0.8411120937843362,0.7717708345421966,0.6506623645665106
93,1.0,0.9997148526505631,0.8067057891551462,0.8411120937843362,0.7717708345421966,0.6506623645665106
94,1.0,0.9997148526505631,0.8067057891551462,0.8411120937843362,0.7717708345421966,0.6506623645665106
95,1.0,0.9997148526505631,0.8067057891551462,0.8411120937843362,0.7717708345421966,0.6506623645665106
96,1.0,0.9997056377983667,0.7998945015388408,0.8367945618051028,0.7668925981928458,0.6391284292155127
97,1.0,0.9997056377983667,0.7998945015388408,0.8367945618051028,0.7668925981928458,0.6391284292155127
98,1.0,0.9997056377983667,0.7998945015388408,0.8367945618051028,0.7668925981928458,0.6391284292155127
99,1.0,0.9997056377983667,0.7998945015388408,0.8367945618051028,0.7668925981928458,0.6391284292155127
100,1.0,0.9997056377983667,0.7998945015388408,0.8367945618051028,0.7668925981928458,0.6391284292155127
101,1.0,0.9997056377983667,0.7998945015388408,0.8367945618051028,0.7668925981928458,0.6391284292155127
102,1.0,0.9997056377983667,0.7998945015388408,0.8367945618051028,0.7668925981928458,0.6391284292155127
103,1.0,0.9997056377983667,0.7998945015388408,0.8367945618051028,0.7668925981928458,0.6391284292155127
104,1.0,0.9997056377983667,0.7998945015388408,0.8367945618051028,0.7668925981928458,0.6391284292155127
105,1.0,0.9997056377983667,0.7998945015388408,0.8367945618051028,0.7668925981928458,0.6391284292155127
106,1.0,0.9997056377983667,0.7998945015388408,0.8367945618051028,0.7668925981928458,0.6391284292155127
107,1.0,0.9997056377983667,0.7998945015388408,0.8367945618051028,0.7668925981928458,0.6391284292155127
108,1.0,0.9997056377983667,0.7998945015388408,0.8367945618051028,0.7668925981928458,0.6391284292155127
109,1.0,0.9997056377983667,0.7998945015388408,0.8367945618051028,0.7668925981928458,0.6391284292155127
110,1.0,0.9997056377983667,0.7998945015388408,0.8367945618051028,0.7668925981928458,0.6391284292155127
111,1.0,0.9997056377983667,0.7998945015388408,0.8367945618051028,0.7668925981928458,0.6391284292155127
112,1.0,0.9997056377983667,0.7998945015388408,0.8367945618051028,0.7668925981928458,0.6391284292155127
113,1.0,0.9997056377983667,0.7998945015388408,0.8367945618051028,0.7668925981928458,0.6391284292155127
114,1.0,0.9997056377983667,0.7998945015388408,0.8367945618051028,0.7668925981928458,0.6391284292155127
115,1.0,0.9997056377983667,0.7998945015388408,0.8367945618051028,0.7668925981928458,0.6391284292155127
116,1.0,0.9997056377983667,0.7998945015388408,0.8367945618051028,0.7668925981928458,0.6391284292155127
117,1.0,0.9997056377983667,0.7998945015388408,0.8367945618051028,0.7668925981928458,0.6391284292155127
118,1.0,0.9997056377983667,0.7998945015388408,0.8367945618051028,0.7668925981928458,0.6391284292155127
119,1.0,0.9997056377983667,0.7998945015388408,0.8367945618051028,0.7668925981928458,0.6391284292155127
120,1.0,0.9996957884591796,0.7928773158647929,0.8321061267044226,0.7617798577946023,0.6266601782981857
121,1.0,0.9996957884591796,0.7928773158647929,0.8321061267044226,0.7617798577946023,0.6266601782981857
122,1.0,0.9996957884591796,0.7928773158647929,0.8321061267044226,0.7617798577946023,0.6266601782981857
123,1.0,0.9996957884591796,0.7928773158647929,0.8321061267044226,0.7617798577946023,0.6266601782981857
124,1.0,0.9996957884591796,0.7928773158647929,0.8321061267044226,0.7617798577946023,0.6266601782981857
125,1.0,0.9996957884591796,0.7928773158647929,0.8321061267044226,0.7617798577946023,0.6266601782981857
126,1.0,0.9996957884591796,0.7928773158647929,0.8321061267044226,0.7617798577946023,0.6266601782981857
127,1.0,0.9996957884591796,0.7928773158647929,0.8321061267044226,0.7617798577946023,0.6266601782981857
128,1.0,0.9996957884591796,0.7928773158647929,0.8321061267044226,0.7617798577946023,0.6266601782981857
129,1.0,0.9996957884591796,0.7928773158647929,0.8321061267044226,0.7617798577946023,0.6266601782981857
130,1.0,0.9996957884591796,0.7928773158647929,0.8321061267044226,0.7617798577946023,0.6266601782981857
131,1.0,0.9996957884591796,0.7928773158647929,0.8321061267044226,0.7617798577946023,0.6266601782981857
132,1.0,0.9996957884591796,0.7928773158647929,0.8321061267044226,0.7617798577946023,0.6266601782981857
133,1.0,0.9996957884591796,0.7928773158647929,0.8321061267044226,0.7617798577946023,0.6266601782981857
134,1.0,0.9996957884591796,0.7928773158647929,0.8321061267044226,0.7617798577946023,0.6266601782981857
135,1.0,0.9996957884591796,0.7928773158647929,0.8321061267044226,0.7617798577946023,0.6266601782981857
136,1.0,0.9996957884591796,0.7928773158647929,0.8321061267044226,0.7617798577946023,0.6266601782981857
137,1.0,0.9996957884591796,0.7928773158647929,0.8321061267044226,0.7617798577946023,0.6266601782981857
138,1.0,0.9996957884591796,0.7928773158647929,0.8321061267044226,0.7617798577946023,0.6266601782981857
139,1.0,0.9996957884591796,0.7928773158647929,0.8321061267044226,0.7617798577946023,0.6266601782981857
140,1.0,0.9996957884591796,0.7928773158647929,0.8321061267044226,0.7617798577946023,0.6266601782981857
141,1.0,0.9996957884591796,0.7928773158647929,0.8321061267044226,0.7617798577946023,0.6266601782981857
142,1.0,0.9996957884591796,0.7928773158647929,0.8321061267044226,0.7617798577946023,0.6266601782981857
143,1.0,0.9996957884591796,0.7928773158647929,0.8321061267044226,0.7617798577946023,0.6266601782981857
144,1.0,0.9996820591317134,0.7827809984419903,0.8258934403465624,0.7279680485605695,0.610138323803714
145,1.0,0.9996820591317134,0.7827809984419903,0.8258934403465624,0.7279680485605695,0.610138323803714
146,1.0,0.9996820591317134,0.7827809984419903,0.8258934403465624,0.7279680485605695,0.610138323803714
147,1.0,0.9996820591317134,0.7827809984419903,0.8258934403465624,0.7279680485605695,0.610138323803714
148,1.0,0.9996820591317134,0.7827809984419903,0.8258934403465624,0.7279680485605695,0.610138323803714
149,1.0,0.9996820591317134,0.7827809984419903,0.8258934403465624,0.7279680485605695,0.610138323803714
150,1.0,0.9996820591317134,0.7827809984419903,0.8258934403465624,0.7279680485605695,0.610138323803714
151,1.0,0.9996820591317134,0.7827809984419903,0.8258934403465624,0.7279680485605695,0.610138323803714
152,1.0,0.9996820591317134,0.7827809984419903,0.8258934403465624,0.7279680485605695,0.610138323803714
153,1.0,0.9996820591317134,0.7827809984419903,0.8258934403465624,0.7279680485605695,0.610138323803714
154,1.0,0.9996820591317134,0.7827809984419903,0.8258934403465624,0.7279680485605695,0.610138323803714
155,1.0,0.9996820591317134,0.7827809984419903,0.8258934403465624,0.7279680485605695,0.610138323803714
156,1.0,0.9996820591317134,0.7827809984419903,0.8258934403465624,0.7279680485605695,0.610138323803714
157,1.0,0.9996820591317134,0.7827809984419903,0.8258934403465624,0.7279680485605695,0.610138323803714
158,1.0,0.9996820591317134,0.7827809984419903,0.8258934403465624,0.7279680485605695,0.610138323803714
159,1.0,0.9996820591317134,0.7827809984419903,0.8258934403465624,0.7279680485605695,0.610138323803714
160,1.0,0.9996820591317134,0.7827809984419903,0.8258934403465624,0.7279680485605695,0.610138323803714
161,1.0,0.9996820591317134,0.7827809984419903,0.8258934403465624,0.7279680485605695,0.610138323803714
162,1.0,0.9996820591317134,0.7827809984419903,0.8258934403465624,0.7279680485605695,0.610138323803714
163,1.0,0.9996820591317134,0.7827809984419903,0.8258934403465624,0.7279680485605695,0.610138323803714
164,1.0,0.9996820591317134,0.7827809984419903,0.8258934403465624,0.7279680485605695,0.610138323803714
165,1.0,0.9996820591317134,0.7827809984419903,0.8258934403465624,0.7279680485605695,0.610138323803714
166,1.0,0.9996820591317134,0.7827809984419903,0.8258934403465624,0.7279680485605695,0.610138323803714
167,1.0,0.9996820591317134,0.7827809984419903,0.8258934403465624,0.7279680485605695,0.610138323803714
168,1.0,0.9996756964371215,0.7784698727644015,0.8227143559360188,0.7083391842538774,0.6012329405843488
169,1.0,0.9996756964371215,0.7784698727644015,0.8227143559360188,0.7083391842538774,0.6012329405843488
170,1.0,0.9996756964371215,0.7784698727644015,0.8227143559360188,0.7083391842538774,0.6012329405843488
171,1.0,0.9996756964371215,0.7784698727644015,0.8227143559360188,0.7083391842538774,0.6012329405843488
172,1.0,0.9996756964371215,0.7784698727644015,0.8227143559360188,0.7083391842538774,0.6012329405843488
173,1.0,0.9996756964371215,0.7784698727644015,0.8227143559360188,0.7083391842538774,0.6012329405843488
174,1.0,0.9996756964371215,0.7784698727644015,0.8227143559360188,0.7083391842538774,0.6012329405843488
175,1.0,0.9996756964371215,0.7784698727644015,0.8227143559360188,0.7083391842538774,0.6012329405843488
176,1.0,0.9996756964371215,0.7784698727644015,0.8227143559360188,0.7083391842538774,0.6012329405843488
177,1.0,0.9996756964371215,0.7784698727644015,0.8227143559360188,0.7083391842538774,0.6012329405843488
178,1.0,0.9996756964371215,0.7784698727644015,0.8227143559360188,0.7083391842538774,0.6012329405843488
179,1.0,0.9996756964371215,0.7784698727644015,0.8227143559360188,0.7083391842538774,0.6012329405843488
180,1.0,0.9996756964371215,0.7784698727644015,0.8227143559360188,0.7083391842538774,0.6012329405843488
181,1.0,0.9996756964371215,0.7784698727644015,0.8227143559360188,0.7083391842538774,0.6012329405843488
182,1.0,0.9996756964371215,0.7784698727644015,0.8227143559360188,0.7083391842538774,0.6012329405843488
183,1.0,0.9996756964371215,0.7784698727644015,0.8227143559360188,0.7083391842538774,0.6012329405843488
184,1.0,0.9996756964371215,0.7784698727644015,0.8227143559360188,0.7083391842538774,0.6012329405843488
185,1.0,0.9996756964371215,0.7784698727644015,0.8227143559360188,0.7083391842538774,0.6012329405843488
186,1.0,0.9996756964371215,0.7784698727644015,0.8227143559360188,0.7083391842538774,0.6012329405843488
187,1.0,0.9996756964371215,0.7784698727644015,0.8227143559360188,0.7083391842538774,0.6012329405843488
188,1.0,0.9996756964371215,0.7784698727644015,0.8227143559360188,0.7083391842538774,0.6012329405843488
189,1.0,0.9996756964371215,0.7784698727644015,0.8227143559360188,0.7083391842538774,0.6012329405843488
190,1.0,0.9996756964371215,0.7784698727644015,0.8227143559360188,0.7083391842538774,0.6012329405843488
191,1.0,0.9996756964371215,0.7784698727644015,0.8227143559360188,0.7083391842538774,0.6012329405843488
192,1.0,0.9996696067858357,0.7751813639583928,0.8193816475494736,0.6898199229473284,0.5918381404943062
193,1.0,0.9996696067858357,0.7751813639583928,0.8193816475494736,0.6898199229473284,0.5918381404943062
194,1.0,0.9996696067858357,0.7751813639583928,0.8193816475494736,0.6898199229473284,0.5918381404943062
195,1.0,0.9996696067858357,0.7751813639583928,0.8193816475494736,0.6898199229473284,0.5918381404943062
196,1.0,0.9996696067858357,0.7751813639583928,0.8193816475494736,0.6898199229473284,0.5918381404943062
197,1.0,0.9996696067858357,0.7751813639583928,0.8193816475494736,0.6898199229473284,0.5918381404943062
198,1.0,0.9996696067858357,0.7751813639583928,0.8193816475494736,0.6898199229473284,0.5918381404943062
199,1.0,0.9996696067858357,0.7751813639583928,0.8193816475494736,0.6898199229473284,0.5918381404943062
200,1.0,0.9996696067858357,0.7751813639583928,0.8193816475494736,0.6898199229473284,0.5918381404943062
201,1.0,0.9996696067858357,0.7751813639583928,0.8193816475494736,0.6898199229473284,0.5918381404943062
202,1.0,0.9996696067858357,0.7751813639583928,0.8193816475494736,0.6898199229473284,0.5918381404943062
203,1.0,0.9996696067858357,0.7751813639583928,0.8193816475494736,0.6898199229473284,0.5918381404943062
204,1.0,0.9996696067858357,0.7751813639583928,0.8193816475494736,0.6898199229473284,0.5918381404943062
205,1.0,0.9996696067858357,0.7751813639583928,0.8193816475494736,0.6898199229473284,0.5918381404943062
206,1.0,0.9996696067858357,0.7751813639583928,0.8193816475494736,0.6898199229473284,0.5918381404943062
207,1.0,0.9996696067858357,0.7751813639583928,0.8193816475494736,0.6898199229473284,0.5918381404943062
208,1.0,0.9996696067858357,0.7751813639583928,0.8193816475494736,0.6898199229473284,0.5918381404943062
209,1.0,0.9996696067858357,0.7751813639583928,0.8193816475494736,0.6898199229473284,0.5918381404943062
210,1.0,0.9996696067858357,0.7751813639583928,0.8193816475494736,0.6898199229473284,0.5918381404943062
211,1.0,0.9996696067858357,0.7751813639583928,0.8193816475494736,0.6898199229473284,0.5918381404943062
212,1.0,0.9996696067858357,0.7751813639583928,0.8193816475494736,0.6898199229473284,0.5918381404943062
213,1.0,0.9996696067858357,0.7751813639583928,0.8193816475494736,0.6898199229473284,0.5918381404943062
214,1.0,0.9996696067858357,0.7751813639583928,0.8193816475494736,0.6898199229473284,0.5918381404943062
215,1.0,0.9996696067858357,0.7751813639583928,0.8193816475494736,0.6898199229473284,0.5918381404943062
216,1.0,0.999665696917806,0.7739991468400841,0.8168771974943944,0.6766635222697225,0.5843256830848161
217,1.0,0.999665696917806,0.7739991468400841,0.8168771974943944,0.6766635222697225,0.5843256830848161
218,1.0,0.999665696917806,0.7739991468400841,0.8168771974943944,0.6766635222697225,0.5843256830848161
219,1.0,0.999665696917806,0.7739991468400841,0.8168771974943944,0.6766635222697225,0.5843256830848161
220,1.0,0.999665696917806,0.7739991468400841,0.8168771974943944,0.6766635222697225,0.5843256830848161
221,1.0,0.999665696917806,0.7739991468400841,0.8168771974943944,0.6766635222697225,0.5843256830848161
222,1.0,0.999665696917806,0.7739991468400841,0.8168771974943944,0.6766635222697225,0.5843256830848161
223,1.0,0.999665696917806,0.7739991468400841,0.8168771974943944,0.6766635222697225,0.5843256830848161
224,1.0,0.999665696917806,0.7739991468400841,0.8168771974943944,0.6766635222697225,0.5843256830848161
225,1.0,0.999665696917806,0.7739991468400841,0.8168771974943944,0.6766635222697225,0.5843256830848161
226,1.0,0.999665696917806,0.7739991468400841,0.8168771974943944,0.6766635222697225,0.5843256830848161
227,1.0,0.999665696917806,0.7739991468400841,0.8168771974943944,0.6766635222697225,0.5843256830848161
228,1.0,0.999665696917806,0.7739991468400841,0.8168771974943944,0.6766635222697225,0.5843256830848161
229,1.0,0.999665696917806,0.7739991468400841,0.8168771974943944,0.6766635222697225,0.5843256830848161
230,1.0,0.999665696917806,0.7739991468400841,0.8168771974943944,0.6766635222697225,0.5843256830848161
231,1.0,0.999665696917806,0.7739991468400841,0.8168771974943944,0.6766635222697225,0.5843256830848161
232,1.0,0.999665696917806,0.7739991468400841,0.8168771974943944,0.6766635222697225,0.5843256830848161
233,1.0,0.999665696917806,0.7739991468400841,0.8168771974943944,0.6766635222697225,0.5843256830848161
234,1.0,0.999665696917806,0.7739991468400841,0.8168771974943944,0.6766635222697225,0.5843256830848161
235,1.0,0.999665696917806,0.7739991468400841,0.8168771974943944,0.6766635222697225,0.5843256830848161
236,1.0,0.999665696917806,0.7739991468400841,0.8168771974943944,0.6766635222697225,0.5843256830848161
237,1.0,0.999665696917806,0.7739991468400841,0.8168771974943944,0.6766635222697225,0.5843256830848161
238,1.0,0.999665696917806,0.7739991468400841,0.8168771974943944,0.6766635222697225,0.5843256830848161
239,1.0,0.999665696917806,0.7739991468400841,0.8168771974943944,0.6766635222697225,0.5843256830848161
240,1.0,0.9996630122767841,0.7735001866620799,0.815070412159685,0.6661701167980404,0.5784970178653247
241,1.0,0.9996630122767841,0.7735001866620799,0.815070412159685,0.6661701167980404,0.5784970178653247
242,1.0,0.9996630122767841,0.7735001866620799,0.815070412159685,0.6661701167980404,0.5784970178653247
243,1.0,0.9996630122767841,0.7735001866620799,0.815070412159685,0.6661701167980404,0.5784970178653247
244,1.0,0.9996630122767841,0.7735001866620799,0.815070412159685,0.6661701167980404,0.5784970178653247
245,1.0,0.9996630122767841,0.7735001866620799,0.815070412159685,0.6661701167980404,0.5784970178653247
246,1.0,0.9996630122767841,0.7735001866620799,0.815070412159685,0.6661701167980404,0.5784970178653247
247,1.0,0.9996630122767841,0.7735001866620799,0.815070412159685,0.6661701167980404,0.5784970178653247
248,1.0,0.9996630122767841,0.7735001866620799,0.815070412159685,0.6661701167980404,0.5784970178653247
249,1.0,0.9996630122767841,0.7735001866620799,0.815070412159685,0.6661701167980404,0.5784970178653247
250,1.0,0.9996630122767841,0.7735001866620799,0.815070412159685,0.6661701167980404,0.5784970178653247
251,1.0,0.9996630122767841,0.7735001866620799,0.815070412159685,0.6661701167980404,0.5784970178653247
252,1.0,0.9996630122767841,0.7735001866620799,0.815070412159685,0.6661701167980404,0.5784970178653247
253,1.0,0.9996630122767841,0.7735001866620799,0.815070412159685,0.6661701167980404,0.5784970178653247
254,1.0,0.9996630122767841,0.7735001866620799,0.815070412159685,0.6661701167980404,0.5784970178653247
255,1.0,0.9996630122767841,0.7735001866620799,0.815070412159685,0.6661701167980404,0.5784970178653247
256,1.0,0.9996630122767841,0.7735001866620799,0.815070412159685,0.6661701167980404,0.5784970178653247
257,1.0,0.9996630122767841,0.7735001866620799,0.815070412159685,0.6661701167980404,0.5784970178653247
258,1.0,0.9996630122767841,0.7735001866620799,0.815070412159685,0.6661701167980404,0.5784970178653247
259,1.0,0.9996630122767841,0.7735001866620799,0.815070412159685,0.6661701167980404,0.5784970178653247
260,1.0,0.9996630122767841,0.7735001866620799,0.815070412159685,0.6661701167980404,0.5784970178653247
261,1.0,0.9996630122767841,0.7735001866620799,0.815070412159685,0.6661701167980404,0.5784970178653247
262,1.0,0.9996630122767841,0.7735001866620799,0.815070412159685,0.6661701167980404,0.5784970178653247
263,1.0,0.9996630122767841,0.7735001866620799,0.815070412159685,0.6661701167980404,0.5784970178653247
264,1.0,0.9996655230691265,0.7765939986143701,0.8157284513746225,0.6729132621866999,0.5799171615261522
265,1.0,0.9996655230691265,0.7765939986143701,0.8157284513746225,0.6729132621866999,0.5799171615261522
266,1.0,0.9996655230691265,0.7765939986143701,0.8157284513746225,0.6729132621866999,0.5799171615261522
267,1.0,0.9996655230691265,0.7765939986143701,0.8157284513746225,0.6729132621866999,0.5799171615261522
268,1.0,0.9996655230691265,0.7765939986143701,0.8157284513746225,0.6729132621866999,0.5799171615261522
269,1.0,0.9996655230691265,0.7765939986143701,0.8157284513746225,0.6729132621866999,0.5799171615261522
270,1.0,0.9996655230691265,0.7765939986143701,0.8157284513746225,0.6729132621866999,0.5799171615261522
271,1.0,0.9996655230691265,0.7765939986143701,0.8157284513746225,0.6729132621866999,0.5799171615261522
272,1.0,0.9996655230691265,0.7765939986143701,0.8157284513746225,0.6729132621866999,0.5799171615261522
273,1.0,0.9996655230691265,0.7765939986143701,0.8157284513746225,0.6729132621866999,0.5799171615261522
274,1.0,0.9996655230691265,0.7765939986143701,0.8157284513746225,0.6729132621866999,0.5799171615261522
275,1.0,0.9996655230691265,0.7765939986143701,0.8157284513746225,0.6729132621866999,0.5799171615261522
276,1.0,0.9996655230691265,0.7765939986143701,0.8157284513746225,0.6729132621866999,0.5799171615261522
277,1.0,0.9996655230691265,0.7765939986143701,0.8157284513746225,0.6729132621866999,0.5799171615261522
278,1.0,0.9996655230691265,0.7765939986143701,0.8157284513746225,0.6729132621866999,0.5799171615261522
279,1.0,0.9996655230691265,0.7765939986143701,0.8157284513746225,0.6729132621866999,0.5799171615261522
280,1.0,0.9996655230691265,0.7765939986143701,0.8157284513746225,0.6729132621866999,0.5799171615261522
281,1.0,0.9996655230691265,0.7765939986143701,0.8157284513746225,0.6729132621866999,0.5799171615261522
282,1.0,0.9996655230691265,0.7765939986143701,0.8157284513746225,0.6729132621866999,0.5799171615261522
283,1.0,0.9996655230691265,0.7765939986143701,0.8157284513746225,0.6729132621866999,0.5799171615261522
284,1.0,0.9996655230691265,0.7765939986143701,0.8157284513746225,0.6729132621866999,0.5799171615261522
285,1.0,0.9996655230691265,0.7765939986143701,0.8157284513746225,0.6729132621866999,0.5799171615261522
286,1.0,0.9996655230691265,0.7765939986143701,0.8157284513746225,0.6729132621866999,0.5799171615261522
287,1.0,0.9996655230691265,0.7765939986143701,0.8157284513746225,0.6729132621866999,0.5799171615261522
288,1.0,0.9996666062023888,0.7775634417531236,0.8160487727291647,0.6757640229185661,0.5805340070417592
289,1.0,0.9996666062023888,0.7775634417531236,0.8160487727291647,0.6757640229185661,0.5805340070417592
290,1.0,0.9996666062023888,0.7775634417531236,0.8160487727291647,0.6757640229185661,0.5805340070417592
291,1.0,0.9996666062023888,0.7775634417531236,0.8160487727291647,0.6757640229185661,0.5805340070417592
292,1.0,0.9996666062023888,0.7775634417531236,0.8160487727291647,0.6757640229185661,0.5805340070417592
293,1.0,0.9996666062023888,0.7775634417531236,0.8160487727291647,0.6757640229185661,0.5805340070417592
294,1.0,0.9996666062023888,0.7775634417531236,0.8160487727291647,0.6757640229185661,0.5805340070417592
295,1.0,0.9996666062023888,0.7775634417531236,0.8160487727291647,0.6757640229185661,0.5805340070417592
296,1.0,0.9996666062023888,0.7775634417531236,0.8160487727291647,0.6757640229185661,0.5805340070417592
297,1.0,0.9996666062023888,0.7775634417531236,0.8160487727291647,0.6757640229185661,0.5805340070417592
298,1.0,0.9996666062023888,0.7775634417531236,0.8160487727291647,0.6757640229185661,0.5805340070417592
299,1.0,0.9996666062023888,0.7775634417531236,0.8160487727291647,0.6757640229185661,0.5805340070417592
300,1.0,0.9996666062023888,0.7775634417531236,0.8160487727291647,0.6757640229185661,0.5805340070417592
301,1.0,0.9996666062023888,0.7775634417531236,0.8160487727291647,0.6757640229185661,0.5805340070417592
302,1.0,0.9996666062023888,0.7775634417531236,0.8160487727291647,0.6757640229185661,0.5805340070417592
303,1.0,0.9996666062023888,0.7775634417531236,0.8160487727291647,0.6757640229185661,0.5805340070417592
304,1.0,0.9996666062023888,0.7775634417531236,0.8160487727291647,0.6757640229185661,0.5805340070417592
305,1.0,0.9996666062023888,0.7775634417531236,0.8160487727291647,0.6757640229185661,0.5805340070417592
306,1.0,0.9996666062023888,0.7775634417531236,0.8160487727291647,0.6757640229185661,0.5805340070417592
307,1.0,0.9996666062023888,0.7775634417531236,0.8160487727291647,0.6757640229185661,0.5805340070417592
308,1.0,0.9996666062023888,0.7775634417531236,0.8160487727291647,0.6757640229185661,0.5805340070417592
309,1.0,0.9996666062023888,0.7775634417531236,0.8160487727291647,0.6757640229185661,0.5805340070417592
310,1.0,0.9996666062023888,0.7775634417531236,0.8160487727291647,0.6757640229185661,0.5805340070417592
311,1.0,0.9996666062023888,0.7775634417531236,0.8160487727291647,0.6757640229185661,0.5805340070417592
312,1.0,0.9996675769106075,0.7784523982508601,0.8162951865418918,0.6782159131139326,0.5810782993078415
313,1.0,0.9996675769106075,0.7784523982508601,0.8162951865418918,0.6782159131139326,0.5810782993078415
314,1.0,0.9996675769106075,0.7784523982508601,0.8162951865418918,0.6782159131139326,0.5810782993078415
315,1.0,0.9996675769106075,0.7784523982508601,0.8162951865418918,0.6782159131139326,0.5810782993078415
316,1.0,0.9996675769106075,0.7784523982508601,0.8162951865418918,0.6782159131139326,0.5810782993078415
317,1.0,0.9996675769106075,0.7784523982508601,0.8162951865418918,0.6782159131139326,0.5810782993078415
318,1.0,0.9996675769106075,0.7784523982508601,0.8162951865418918,0.6782159131139326,0.5810782993078415
319,1.0,0.9996675769106075,0.7784523982508601,0.8162951865418918,0.6782159131139326,0.5810782993078415
320,1.0,0.9996675769106075,0.7784523982508601,0.8162951865418918,0.6782159131139326,0.5810782993078415
321,1.0,0.9996675769106075,0.7784523982508601,0.8162951865418918,0.6782159131139326,0.5810782993078415
322,1.0,0.9996675769106075,0.7784523982508601,0.8162951865418918,0.6782159131139326,0.5810782993078415
323,1.0,0.9996675769106075,0.7784523982508601,0.8162951865418918,0.6782159131139326,0.5810782993078415
324,1.0,0.9996675769106075,0.7784523982508601,0.8162951865418918,0.6782159131139326,0.5810782993078415
325,1.0,0.9996675769106075,0.7784523982508601,0.8162951865418918,0.6782159131139326,0.5810782993078415
326,1.0,0.9996675769106075,0.7784523982508601,0.8162951865418918,0.6782159131139326,0.5810782993078415
327,1.0,0.9996675769106075,0.7784523982508601,0.8162951865418918,0.6782159131139326,0.5810782993078415
328,1.0,0.9996675769106075,0.7784523982508601,0.8162951865418918,0.6782159131139326,0.5810782993078415
329,1.0,0.9996675769106075,0.7784523982508601,0.8162951865418918,0.6782159131139326,0.5810782993078415
330,1.0,0.9996675769106075,0.7784523982508601,0.8162951865418918,0.6782159131139326,0.5810782993078415
331,1.0,0.9996675769106075,0.7784523982508601,0.8162951865418918,0.6782159131139326,0.5810782993078415
332,1.0,0.9996675769106075,0.7784523982508601,0.8162951865418918,0.6782159131139326,0.5810782993078415
333,1.0,0.9996675769106075,0.7784523982508601,0.8162951865418918,0.6782159131139326,0.5810782993078415
334,1.0,0.9996675769106075,0.7784523982508601,0.8162951865418918,0.6782159131139326,0.5810782993078415
335,1.0,0.9996675769106075,0.7784523982508601,0.8162951865418918,0.6782159131139326,0.5810782993078415
336,1.0,0.9996653058199784,0.7754507140247017,0.8157083622311877,0.6722697641333669,0.579832026012359
337,1.0,0.9996653058199784,0.7754507140247017,0.8157083622311877,0.6722697641333669,0.579832026012359
338,1.0,0.9996653058199784,0.7754507140247017,0.8157083622311877,0.6722697641333669,0.579832026012359
339,1.0,0.9996653058199784,0.7754507140247017,0.8157083622311877,0.6722697641333669,0.579832026012359
340,1.0,0.9996653058199784,0.7754507140247017,0.8157083622311877,0.6722697641333669,0.579832026012359
341,1.0,0.9996653058199784,0.7754507140247017,0.8157083622311877,0.6722697641333669,0.579832026012359
342,1.0,0.9996653058199784,0.7754507140247017,0.8157083622311877,0.6722697641333669,0.579832026012359
343,1.0,0.9996653058199784,0.7754507140247017,0.8157083622311877,0.6722697641333669,0.579832026012359
344,1.0,0.9996653058199784,0.7754507140247017,0.8157083622311877,0.6722697641333669,0.579832026012359
345,1.0,0.9996653058199784,0.7754507140247017,0.8157083622311877,0.6722697641333669,0.579832026012359
346,1.0,0.9996653058199784,0.7754507140247017,0.8157083622311877,0.6722697641333669,0.579832026012359
347,1.0,0.9996653058199784,0.7754507140247017,0.8157083622311877,0.6722697641333669,0.579832026012359
348,1.0,0.9996653058199784,0.7754507140247017,0.8157083622311877,0.6722697641333669,0.579832026012359
349,1.0,0.9996653058199784,0.7754507140247017,0.8157083622311877,0.6722697641333669,0.579832026012359
350,1.0,0.9996653058199784,0.7754507140247017,0.8157083622311877,0.6722697641333669,0.579832026012359
351,1.0,0.9996653058199784,0.7754507140247017,0.8157083622311877,0.6722697641333669,0.579832026012359
352,1.0,0.9996653058199784,0.7754507140247017,0.8157083622311877,0.6722697641333669,0.579832026012359
353,1.0,0.9996653058199784,0.7754507140247017,0.8157083622311877,0.6722697641333669,0.579832026012359
354,1.0,0.9996653058199784,0.7754507140247017,0.8157083622311877,0.6722697641333669,0.579832026012359
355,1.0,0.9996653058199784,0.7754507140247017,0.8157083622311877,0.6722697641333669,0.579832026012359
356,1.0,0.9996653058199784,0.7754507140247017,0.8157083622311877,0.6722697641333669,0.579832026012359
357,1.0,0.9996653058199784,0.7754507140247017,0.8157083622311877,0.6722697641333669,0.579832026012359
358,1.0,0.9996653058199784,0.7754507140247017,0.8157083622311877,0.6722697641333669,0.579832026012359
359,1.0,0.9996653058199784,0.7754507140247017,0.8157083622311877,0.6722697641333669,0.579832026012359
360,1.0,0.9996652311800261,0.7753453863897687,0.8156898052695097,0.6720727911344152,0.5797987429655969
361,1.0,0.9996652311800261,0.7753453863897687,0.8156898052695097,0.6720727911344152,0.5797987429655969
362,1.0,0.9996652311800261,0.7753453863897687,0.8156898052695097,0.6720727911344152,0.5797987429655969
363,1.0,0.9996652311800261,0.7753453863897687,0.8156898052695097,0.6720727911344152,0.5797987429655969
364,1.0,0.9996652311800261,0.7753453863897687,0.8156898052695097,0.6720727911344152,0.5797987429655969
365,1.0,0.9996652311800261,0.7753453863897687,0.8156898052695097,0.6720727911344152,0.5797987429655969
366,1.0,0.9996652311800261,0.7753453863897687,0.8156898052695097,0.6720727911344152,0.5797987429655969
367,1.0,0.9996652311800261,0.7753453863897687,0.8156898052695097,0.6720727911344152,0.5797987429655969
368,1.0,0.9996652311800261,0.7753453863897687,0.8156898052695097,0.6720727911344152,0.5797987429655969
369,1.0,0.9996652311800261,0.7753453863897687,0.8156898052695097,0.6720727911344152,0.5797987429655969
370,1.0,0.9996652311800261,0.7753453863897687,0.8156898052695097,0.6720727911344152,0.5797987429655969
371,1.0,0.9996652311800261,0.7753453863897687,0.8156898052695097,0.6720727911344152,0.5797987429655969
372,1.0,0.9996652311800261,0.7753453863897687,0.8156898052695097,0.6720727911344152,0.5797987429655969
373,1.0,0.9996652311800261,0.7753453863897687,0.8156898052695097,0.6720727911344152,0.5797987429655969
374,1.0,0.9996652311800261,0.7753453863897687,0.8156898052695097,0.6720727911344152,0.5797987429655969
375,1.0,0.9996652311800261,0.7753453863897687,0.8156898052695097,0.6720727911344152,0.5797987429655969
376,1.0,0.9996652311800261,0.7753453863897687,0.8156898052695097,0.6720727911344152,0.5797987429655969
377,1.0,0.9996652311800261,0.7753453863897687,0.8156898052695097,0.6720727911344152,0.5797987429655969
378,1.0,0.9996652311800261,0.7753453863897687,0.8156898052695097,0.6720727911344152,0.5797987429655969
379,1.0,0.9996652311800261,0.7753453863897687,0.8156898052695097,0.6720727911344152,0.5797987429655969
380,1.0,0.9996652311800261,0.7753453863897687,0.8156898052695097,0.6720727911344152,0.5797987429655969
381,1.0,0.9996652311800261,0.7753453863897687,0.8156898052695097,0.6720727911344152,0.5797987429655969
382,1.0,0.9996652311800261,0.7753453863897687,0.8156898052695097,0.6720727911344152,0.5797987429655969
383,1.0,0.9996652311800261,0.7753453863897687,0.8156898052695097,0.6720727911344152,0.5797987429655969
384,1.0,0.999665042370841,0.7751041358920653,0.8156403032276817,0.6715717180670393,0.5797008470432737
385,1.0,0.999665042370841,0.7751041358920653,0.8156403032276817,0.6715717180670393,0.5797008470432737
386,1.0,0.999665042370841,0.7751041358920653,0.8156403032276817,0.6715717180670393,0.5797008470432737
387,1.0,0.999665042370841,0.7751041358920653,0.8156403032276817,0.6715717180670393,0.5797008470432737
388,1.0,0.999665042370841,0.7751041358920653,0.8156403032276817,0.6715717180670393,0.5797008470432737
389,1.0,0.999665042370841,0.7751041358920653,0.8156403032276817,0.6715717180670393,0.5797008470432737
390,1.0,0.999665042370841,0.7751041358920653,0.8156403032276817,0.6715717180670393,0.5797008470432737
391,1.0,0.999665042370841,0.7751041358920653,0.8156403032276817,0.6715717180670393,0.5797008470432737
392,1.0,0.999665042370841,0.7751041358920653,0.8156403032276817,0.6715717180670393,0.5797008470432737
393,1.0,0.999665042370841,0.7751041358920653,0.8156403032276817,0.6715717180670393,0.5797008470432737
394,1.0,0.999665042370841,0.7751041358920653,0.8156403032276817,0.6715717180670393,0.5797008470432737
395,1.0,0.999665042370841,0.7751041358920653,0.8156403032276817,0.6715717180670393,0.5797008470432737
396,1.0,0.999665042370841,0.7751041358920653,0.8156403032276817,0.6715717180670393,0.5797008470432737
397,1.0,0.999665042370841,0.7751041358920653,0.8156403032276817,0.6715717180670393,0.5797008470432737
398,1.0,0.999665042370841,0.7751041358920653,0.8156403032276817,0.6715717180670393,0.5797008470432737
399,1.0,0.999665042370841,0.7751041358920653,0.8156403032276817,0.6715717180670393,0.5797008470432737
400,1.0,0.999665042370841,0.7751041358920653,0.8156403032276817,0.6715717180670393,0.5797008470432737
401,1.0,0.999665042370841,0.7751041358920653,0.8156403032276817,0.6715717180670393,0.5797008470432737
402,1.0,0.999665042370841,0.7751041358920653,0.8156403032276817,0.6715717180670393,0.5797008470432737
403,1.0,0.999665042370841,0.7751041358920653,0.8156403032276817,0.6715717180670393,0.5797008470432737
404,1.0,0.999665042370841,0.7751041358920653,0.8156403032276817,0.6715717180670393,0.5797008470432737
405,1.0,0.999665042370841,0.7751041358920653,0.8156403032276817,0.6715717180670393,0.5797008470432737
406,1.0,0.999665042370841,0.7751041358920653,0.8156403032276817,0.6715717180670393,0.5797008470432737
407,1.0,0.999665042370841,0.7751041358920653,0.8156403032276817,0.6715717180670393,0.5797008470432737
408,1.0,0.9996624496250398,0.7722670376199221,0.8149420545765361,0.6644229286498786,0.5781901528391332
409,1.0,0.9996624496250398,0.7722670376199221,0.8149420545765361,0.6644229286498786,0.5781901528391332
410,1.0,0.9996624496250398,0.7722670376199221,0.8149420545765361,0.6644229286498786,0.5781901528391332
411,1.0,0.9996624496250398,0.7722670376199221,0.8149420545765361,0.6644229286498786,0.5781901528391332
412,1.0,0.9996624496250398,0.7722670376199221,0.8149420545765361,0.6644229286498786,0.5781901528391332
413,1.0,0.9996624496250398,0.7722670376199221,0.8149420545765361,0.6644229286498786,0.5781901528391332
414,1.0,0.9996624496250398,0.7722670376199221,0.8149420545765361,0.6644229286498786,0.5781901528391332
415,1.0,0.9996624496250398,0.7722670376199221,0.8149420545765361,0.6644229286498786,0.5781901528391332
416,1.0,0.9996624496250398,0.7722670376199221,0.8149420545765361,0.6644229286498786,0.5781901528391332
417,1.0,0.9996624496250398,0.7722670376199221,0.8149420545765361,0.6644229286498786,0.5781901528391332
418,1.0,0.9996624496250398,0.7722670376199221,0.8149420545765361,0.6644229286498786,0.5781901528391332
419,1.0,0.9996624496250398,0.7722670376199221,0.8149420545765361,0.6644229286498786,0.5781901528391332
420,1.0,0.9996624496250398,0.7722670376199221,0.8149420545765361,0.6644229286498786,0.5781901528391332
421,1.0,0.9996624496250398,0.7722670376199221,0.8149420545765361,0.6644229286498786,0.5781901528391332
422,1.0,0.9996624496250398,0.7722670376199221,0.8149420545765361,0.6644229286498786,0.5781901528391332
423,1.0,0.9996624496250398,0.7722670376199221,0.8149420545765361,0.6644229286498786,0.5781901528391332
424,1.0,0.9996624496250398,0.7722670376199221,0.8149420545765361,0.6644229286498786,0.5781901528391332
425,1.0,0.9996624496250398,0.7722670376199221,0.8149420545765361,0.6644229286498786,0.5781901528391332
426,1.0,0.9996624496250398,0.7722670376199221,0.8149420545765361,0.6644229286498786,0.5781901528391332
427,1.0,0.9996624496250398,0.7722670376199221,0.8149420545765361,0.6644229286498786,0.5781901528391332
428,1.0,0.9996624496250398,0.7722670376199221,0.8149420545765361,0.6644229286498786,0.5781901528391332
429,1.0,0.9996624496250398,0.7722670376199221,0.8149420545765361,0.6644229286498786,0.5781901528391332
430,1.0,0.9996624496250398,0.7722670376199221,0.8149420545765361,0.6644229286498786,0.5781901528391332
431,1.0,0.9996624496250398,0.7722670376199221,0.8149420545765361,0.6644229286498786,0.5781901528391332
432,1.0,0.9996582349208065,0.7654794469909215,0.8158516693962107,0.6649794295278125,0.5778147543495233
433,1.0,0.9996582349208065,0.7654794469909215,0.8158516693962107,0.6649794295278125,0.5778147543495233
434,1.0,0.9996582349208065,0.7654794469909215,0.8158516693962107,0.6649794295278125,0.5778147543495233
435,1.0,0.9996582349208065,0.7654794469909215,0.8158516693962107,0.6649794295278125,0.5778147543495233
436,1.0,0.9996582349208065,0.7654794469909215,0.8158516693962107,0.6649794295278125,0.5778147543495233
437,1.0,0.9996582349208065,0.7654794469909215,0.8158516693962107,0.6649794295278125,0.5778147543495233
438,1.0,0.9996582349208065,0.7654794469909215,0.8158516693962107,0.6649794295278125,0.5778147543495233
439,1.0,0.9996582349208065,0.7654794469909215,0.8158516693962107,0.6649794295278125,0.5778147543495233
440,1.0,0.9996582349208065,0.7654794469909215,0.8158516693962107,0.6649794295278125,0.5778147543495233
441,1.0,0.9996582349208065,0.7654794469909215,0.8158516693962107,0.6649794295278125,0.5778147543495233
442,1.0,0.9996582349208065,0.7654794469909215,0.8158516693962107,0.6649794295278125,0.5778147543495233
443,1.0,0.9996582349208065,0.7654794469909215,0.8158516693962107,0.6649794295278125,0.5778147543495233
444,1.0,0.9996582349208065,0.7654794469909215,0.8158516693962107,0.6649794295278125,0.5778147543495233
445,1.0,0.9996582349208065,0.7654794469909215,0.8158516693962107,0.6649794295278125,0.5778147543495233
446,1.0,0.9996582349208065,0.7654794469909215,0.8158516693962107,0.6649794295278125,0.5778147543495233
447,1.0,0.9996582349208065,0.7654794469909215,0.8158516693962107,0.6649794295278125,0.5778147543495233
448,1.0,0.9996582349208065,0.7654794469909215,0.8158516693962107,0.6649794295278125,0.5778147543495233
449,1.0,0.9996582349208065,0.7654794469909215,0.8158516693962107,0.6649794295278125,0.5778147543495233
450,1.0,0.9996582349208065,0.7654794469909215,0.8158516693962107,0.6649794295278125,0.5778147543495233
451,1.0,0.9996582349208065,0.7654794469909215,0.8158516693962107,0.6649794295278125,0.5778147543495233
452,1.0,0.9996582349208065,0.7654794469909215,0.8158516693962107,0.6649794295278125,0.5778147543495233
453,1.0,0.9996582349208065,0.7654794469909215,0.8158516693962107,0.6649794295278125,0.5778147543495233
454,1.0,0.9996582349208065,0.7654794469909215,0.8158516693962107,0.6649794295278125,0.5778147543495233
455,1.0,0.9996582349208065,0.7654794469909215,0.8158516693962107,0.6649794295278125,0.5778147543495233
456,1.0,0.9996520323409871,0.7568494925320914,0.8162090283266963,0.660376785462496,0.5763385473438519
457,1.0,0.9996520323409871,0.7568494925320914,0.8162090283266963,0.660376785462496,0.5763385473438519
458,1.0,0.9996520323409871,0.7568494925320914,0.8162090283266963,0.660376785462496,0.5763385473438519
459,1.0,0.9996520323409871,0.7568494925320914,0.8162090283266963,0.660376785462496,0.5763385473438519
460,1.0,0.9996520323409871,0.7568494925320914,0.8162090283266963,0.660376785462496,0.5763385473438519
461,1.0,0.9996520323409871,0.7568494925320914,0.8162090283266963,0.660376785462496,0.5763385473438519
462,1.0,0.9996520323409871,0.7568494925320914,0.8162090283266963,0.660376785462496,0.5763385473438519
463,1.0,0.9996520323409871,0.7568494925320914,0.8162090283266963,0.660376785462496,0.5763385473438519
464,1.0,0.9996520323409871,0.7568494925320914,0.8162090283266963,0.660376785462496,0.5763385473438519
465,1.0,0.9996520323409871,0.7568494925320914,0.8162090283266963,0.660376785462496,0.5763385473438519
466,1.0,0.9996520323409871,0.7568494925320914,0.8162090283266963,0.660376785462496,0.5763385473438519
467,1.0,0.9996520323409871,0.7568494925320914,0.8162090283266963,0.660376785462496,0.5763385473438519
468,1.0,0.9996520323409871,0.7568494925320914,0.8162090283266963,0.660376785462496,0.5763385473438519
469,1.0,0.9996520323409871,0.7568494925320914,0.8162090283266963,0.660376785462496,0.5763385473438519
470,1.0,0.9996520323409871,0.7568494925320914,0.8162090283266963,0.660376785462496,0.5763385473438519
471,1.0,0.9996520323409871,0.7568494925320914,0.8162090283266963,0.660376785462496,0.5763385473438519
472,1.0,0.9996520323409871,0.7568494925320914,0.8162090283266963,0.660376785462496,0.5763385473438519
473,1.0,0.9996520323409871,0.7568494925320914,0.8162090283266963,0.660376785462496,0.5763385473438519
474,1.0,0.9996520323409871,0.7568494925320914,0.8162090283266963,0.660376785462496,0.5763385473438519
475,1.0,0.9996520323409871,0.7568494925320914,0.8162090283266963,0.660376785462496,0.5763385473438519
476,1.0,0.9996520323409871,0.7568494925320914,0.8162090283266963,0.660376785462496,0.5763385473438519
477,1.0,0.9996520323409871,0.7568494925320914,0.8162090283266963,0.660376785462496,0.5763385473438519
478,1.0,0.9996520323409871,0.7568494925320914,0.8162090283266963,0.660376785462496,0.5763385473438519
479,1.0,0.9996520323409871,0.7568494925320914,0.8162090283266963,0.660376785462496,0.5763385473438519
480,1.0,0.9996523959679796,0.75475080379208,0.8186070649292477,0.6736732502571985,0.5788280515793569
481,1.0,0.9996523959679796,0.75475080379208,0.8186070649292477,0.6736732502571985,0.5788280515793569
482,1.0,0.9996523959679796,0.75475080379208,0.8186070649292477,0.6736732502571985,0.5788280515793569
483,1.0,0.9996523959679796,0.75475080379208,0.8186070649292477,0.6736732502571985,0.5788280515793569
484,1.0,0.9996523959679796,0.75475080379208,0.8186070649292477,0.6736732502571985,0.5788280515793569
485,1.0,0.9996523959679796,0.75475080379208,0.8186070649292477,0.6736732502571985,0.5788280515793569
486,1.0,0.9996523959679796,0.75475080379208,0.8186070649292477,0.6736732502571985,0.5788280515793569
487,1.0,0.9996523959679796,0.75475080379208,0.8186070649292477,0.6736732502571985,0.5788280515793569
488,1.0,0.9996523959679796,0.75475080379208,0.8186070649292477,0.6736732502571985,0.5788280515793569
489,1.0,0.9996523959679796,0.75475080379208,0.8186070649292477,0.6736732502571985,0.5788280515793569
490,1.0,0.9996523959679796,0.75475080379208,0.8186070649292477,0.6736732502571985,0.5788280515793569
491,1.0,0.9996523959679796,0.75475080379208,0.8186070649292477,0.6736732502571985,0.5788280515793569
492,1.0,0.9996523959679796,0.75475080379208,0.8186070649292477,0.6736732502571985,0.5788280515793569
493,1.0,0.9996523959679796,0.75475080379208,0.8186070649292477,0.6736732502571985,0.5788280515793569
494,1.0,0.9996523959679796,0.75475080379208,0.8186070649292477,0.6736732502571985,0.5788280515793569
495,1.0,0.9996523959679796,0.75475080379208,0.8186070649292477,0.6736732502571985,0.5788280515793569
496,1.0,0.9996523959679796,0.75475080379208,0.8186070649292477,0.6736732502571985,0.5788280515793569
497,1.0,0.9996523959679796,0.75475080379208,0.8186070649292477,0.6736732502571985,0.5788280515793569
498,1.0,0.9996523959679796,0.75475080379208,0.8186070649292477,0.6736732502571985,0.5788280515793569
499,1.0,0.9996523959679796,0.75475080379208,0.8186070649292477,0.6736732502571985,0.5788280515793569
500,1.0,0.9996523959679796,0.75475080379208,0.8186070649292477,0.6736732502571985,0.5788280515793569
501,1.0,0.9996523959679796,0.75475080379208,0.8186070649292477,0.6736732502571985,0.5788280515793569
502,1.0,0.9996523959679796,0.75475080379208,0.8186070649292477,0.6736732502571985,0.5788280515793569
503,1.0,0.9996523959679796,0.75475080379208,0.8186070649292477,0.6736732502571985,0.5788280515793569
504,1.0,0.999649556151458,0.7499436032716047,0.8195502194705803,0.6773391516172643,0.5789870499593405
505,1.0,0.999649556151458,0.7499436032716047,0.8195502194705803,0.6773391516172643,0.5789870499593405
506,1.0,0.999649556151458,0.7499436032716047,0.8195502194705803,0.6773391516172643,0.5789870499593405
507,1.0,0.999649556151458,0.7499436032716047,0.8195502194705803,0.6773391516172643,0.5789870499593405
508,1.0,0.999649556151458,0.7499436032716047,0.8195502194705803,0.6773391516172643,0.5789870499593405
509,1.0,0.999649556151458,0.7499436032716047,0.8195502194705803,0.6773391516172643,0.5789870499593405
510,1.0,0.999649556151458,0.7499436032716047,0.8195502194705803,0.6773391516172643,0.5789870499593405
511,1.0,0.999649556151458,0.7499436032716047,0.8195502194705803,0.6773391516172643,0.5789870499593405
512,1.0,0.999649556151458,0.7499436032716047,0.8195502194705803,0.6773391516172643,0.5789870499593405
513,1.0,0.999649556151458,0.7499436032716047,0.8195502194705803,0.6773391516172643,0.5789870499593405
514,1.0,0.999649556151458,0.7499436032716047,0.8195502194705803,0.6773391516172643,0.5789870499593405
515,1.0,0.999649556151458,0.7499436032716047,0.8195502194705803,0.6773391516172643,0.5789870499593405
516,1.0,0.999649556151458,0.7499436032716047,0.8195502194705803,0.6773391516172643,0.5789870499593405
517,1.0,0.999649556151458,0.7499436032716047,0.8195502194705803,0.6773391516172643,0.5789870499593405
518,1.0,0.999649556151458,0.7499436032716047,0.8195502194705803,0.6773391516172643,0.5789870499593405
519,1.0,0.999649556151458,0.7499436032716047,0.8195502194705803,0.6773391516172643,0.5789870499593405
520,1.0,0.999649556151458,0.7499436032716047,0.8195502194705803,0.6773391516172643,0.5789870499593405
521,1.0,0.999649556151458,0.7499436032716047,0.8195502194705803,0.6773391516172643,0.5789870499593405
522,1.0,0.999649556151458,0.7499436032716047,0.8195502194705803,0.6773391516172643,0.5789870499593405
523,1.0,0.999649556151458,0.7499436032716047,0.8195502194705803,0.6773391516172643,0.5789870499593405
524,1.0,0.999649556151458,0.7499436032716047,0.8195502194705803,0.6773391516172643,0.5789870499593405
525,1.0,0.999649556151458,0.7499436032716047,0.8195502194705803,0.6773391516172643,0.5789870499593405
526,1.0,0.999649556151458,0.7499436032716047,0.8195502194705803,0.6773391516172643,0.5789870499593405
527,1.0,0.999649556151458,0.7499436032716047,0.8195502194705803,0.6773391516172643,0.5789870499593405
528,1.0,0.9996504240564605,0.7493481954145765,0.8217338521551674,0.6914367659061823,0.5813689934773826
529,1.0,0.9996504240564605,0.7493481954145765,0.8217338521551674,0.6914367659061823,0.5813689934773826
530,1.0,0.9996504240564605,0.7493481954145765,0.8217338521551674,0.6914367659061823,0.5813689934773826
531,1.0,0.9996504240564605,0.7493481954145765,0.8217338521551674,0.6914367659061823,0.5813689934773826
532,1.0,0.9996504240564605,0.7493481954145765,0.8217338521551674,0.6914367659061823,0.5813689934773826
533,1.0,0.9996504240564605,0.7493481954145765,0.8217338521551674,0.6914367659061823,0.5813689934773826
534,1.0,0.9996504240564605,0.7493481954145765,0.8217338521551674,0.6914367659061823,0.5813689934773826
535,1.0,0.9996504240564605,0.7493481954145765,0.8217338521551674,0.6914367659061823,0.5813689934773826
536,1.0,0.9996504240564605,0.7493481954145765,0.8217338521551674,0.6914367659061823,0.5813689934773826
537,1.0,0.9996504240564605,0.7493481954145765,0.8217338521551674,0.6914367659061823,0.5813689934773826
538,1.0,0.9996504240564605,0.7493481954145765,0.8217338521551674,0.6914367659061823,0.5813689934773826
539,1.0,0.9996504240564605,0.7493481954145765,0.8217338521551674,0.6914367659061823,0.5813689934773826
540,1.0,0.9996504240564605,0.7493481954145765,0.8217338521551674,0.6914367659061823,0.5813689934773826
541,1.0,0.9996504240564605,0.7493481954145765,0.8217338521551674,0.6914367659061823,0.5813689934773826
542,1.0,0.9996504240564605,0.7493481954145765,0.8217338521551674,0.6914367659061823,0.5813689934773826
543,1.0,0.9996504240564605,0.7493481954145765,0.8217338521551674,0.6914367659061823,0.5813689934773826
544,1.0,0.9996504240564605,0.7493481954145765,0.8217338521551674,0.6914367659061823,0.5813689934773826
545,1.0,0.9996504240564605,0.7493481954145765,0.8217338521551674,0.6914367659061823,0.5813689934773826
546,1.0,0.9996504240564605,0.7493481954145765,0.8217338521551674,0.6914367659061823,0.5813689934773826
547,1.0,0.9996504240564605,0.7493481954145765,0.8217338521551674,0.6914367659061823,0.5813689934773826
548,1.0,0.9996504240564605,0.7493481954145765,0.8217338521551674,0.6914367659061823,0.5813689934773826
549,1.0,0.9996504240564605,0.7493481954145765,0.8217338521551674,0.6914367659061823,0.5813689934773826
550,1.0,0.9996504240564605,0.7493481954145765,0.8217338521551674,0.6914367659061823,0.5813689934773826
551,1.0,0.9996504240564605,0.7493481954145765,0.8217338521551674,0.6914367659061823,0.5813689934773826
552,1.0,0.9996495738579707,0.7472915190981001,0.8230861038351113,0.7000931733233396,0.582536538547228
553,1.0,0.9996495738579707,0.7472915190981001,0.8230861038351113,0.7000931733233396,0.582536538547228
554,1.0,0.9996495738579707,0.7472915190981001,0.8230861038351113,0.7000931733233396,0.582536538547228
555,1.0,0.9996495738579707,0.7472915190981001,0.8230861038351113,0.7000931733233396,0.582536538547228
556,1.0,0.9996495738579707,0.7472915190981001,0.8230861038351113,0.7000931733233396,0.582536538547228
557,1.0,0.9996495738579707,0.7472915190981001,0.8230861038351113,0.7000931733233396,0.582536538547228
558,1.0,0.9996495738579707,0.7472915190981001,0.8230861038351113,0.7000931733233396,0.582536538547228
559,1.0,0.9996495738579707,0.7472915190981001,0.8230861038351113,0.7000931733233396,0.582536538547228
560,1.0,0.9996495738579707,0.7472915190981001,0.8230861038351113,0.7000931733233396,0.582536538547228
561,1.0,0.9996495738579707,0.7472915190981001,0.8230861038351113,0.7000931733233396,0.582536538547228
562,1.0,0.9996495738579707,0.7472915190981001,0.8230861038351113,0.7000931733233396,0.582536538547228
563,1.0,0.9996495738579707,0.7472915190981001,0.8230861038351113,0.7000931733233396,0.582536538547228
564,1.0,0.9996495738579707,0.7472915190981001,0.8230861038351113,0.7000931733233396,0.582536538547228
565,1.0,0.9996495738579707,0.7472915190981001,0.8230861038351113,0.7000931733233396,0.582536538547228
566,1.0,0.9996495738579707,0.7472915190981001,0.8230861038351113,0.7000931733233396,0.582536538547228
567,1.0,0.9996495738579707,0.7472915190981001,0.8230861038351113,0.7000931733233396,0.582536538547228
568,1.0,0.9996495738579707,0.7472915190981001,0.8230861038351113,0.7000931733233396,0.582536538547228
569,1.0,0.9996495738579707,0.7472915190981001,0.8230861038351113,0.7000931733233396,0.582536538547228
570,1.0,0.9996495738579707,0.7472915190981001,0.8230861038351113,0.7000931733233396,0.582536538547228
571,1.0,0.9996495738579707,0.7472915190981001,0.8230861038351113,0.7000931733233396,0.582536538547228
572,1.0,0.9996495738579707,0.7472915190981001,0.8230861038351113,0.7000931733233396,0.582536538547228
573,1.0,0.9996495738579707,0.7472915190981001,0.8230861038351113,0.7000931733233396,0.582536538547228
574,1.0,0.9996495738579707,0.7472915190981001,0.8230861038351113,0.7000931733233396,0.582536538547228
575,1.0,0.9996495738579707,0.7472915190981001,0.8230861038351113,0.7000931733233396,0.582536538547228
576,1.0,0.9996475540976911,0.7439044986107658,0.8240719208072278,0.7054695743744935,0.5830486547787203
577,1.0,0.9996475540976911,0.7439044986107658,0.8240719208072278,0.7054695743744935,0.5830486547787203
578,1.0,0.9996475540976911,0.7439044986107658,0.8240719208072278,0.7054695743744935,0.5830486547787203
579,1.0,0.9996475540976911,0.7439044986107658,0.8240719208072278,0.7054695743744935,0.5830486547787203
580,1.0,0.9996475540976911,0.7439044986107658,0.8240719208072278,0.7054695743744935,0.5830486547787203
581,1.0,0.9996475540976911,0.7439044986107658,0.8240719208072278,0.7054695743744935,0.5830486547787203
582,1.0,0.9996475540976911,0.7439044986107658,0.8240719208072278,0.7054695743744935,0.5830486547787203
583,1.0,0.9996475540976911,0.7439044986107658,0.8240719208072278,0.7054695743744935,0.5830486547787203
584,1.0,0.9996475540976911,0.7439044986107658,0.8240719208072278,0.7054695743744935,0.5830486547787203
585,1.0,0.9996475540976911,0.7439044986107658,0.8240719208072278,0.7054695743744935,0.5830486547787203
586,1.0,0.9996475540976911,0.7439044986107658,0.8240719208072278,0.7054695743744935,0.5830486547787203
587,1.0,0.9996475540976911,0.7439044986107658,0.8240719208072278,0.7054695743744935,0.5830486547787203
588,1.0,0.9996475540976911,0.7439044986107658,0.8240719208072278,0.7054695743744935,0.5830486547787203
589,1.0,0.9996475540976911,0.7439044986107658,0.8240719208072278,0.7054695743744935,0.5830486547787203
590,1.0,0.9996475540976911,0.7439044986107658,0.8240719208072278,0.7054695743744935,0.5830486547787203
591,1.0,0.9996475540976911,0.7439044986107658,0.8240719208072278,0.7054695743744935,0.5830486547787203
592,1.0,0.9996475540976911,0.7439044986107658,0.8240719208072278,0.7054695743744935,0.5830486547787203
593,1.0,0.9996475540976911,0.7439044986107658,0.8240719208072278,0.7054695743744935,0.5830486547787203
594,1.0,0.9996475540976911,0.7439044986107658,0.8240719208072278,0.7054695743744935,0.5830486547787203
595,1.0,0.9996475540976911,0.7439044986107658,0.8240719208072278,0.7054695743744935,0.5830486547787203
596,1.0,0.9996475540976911,0.7439044986107658,0.8240719208072278,0.7054695743744935,0.5830486547787203
597,1.0,0.9996475540976911,0.7439044986107658,0.8240719208072278,0.7054695743744935,0.5830486547787203
598,1.0,0.9996475540976911,0.7439044986107658,0.8240719208072278,0.7054695743744935,0.5830486547787203
599,1.0,0.9996475540976911,0.7439044986107658,0.8240719208072278,0.7054695743744935,0.5830486547787203
600,1.0,0.9996472815428447,0.7423701501894514,0.8257035011977051,0.7160183112155534,0.5846036528323927
601,1.0,0.9996472815428447,0.7423701501894514,0.8257035011977051,0.7160183112155534,0.5846036528323927
602,1.0,0.9996472815428447,0.7423701501894514,0.8257035011977051,0.7160183112155534,0.5846036528323927
603,1.0,0.9996472815428447,0.7423701501894514,0.8257035011977051,0.7160183112155534,0.5846036528323927
604,1.0,0.9996472815428447,0.7423701501894514,0.8257035011977051,0.7160183112155534,0.5846036528323927
605,1.0,0.9996472815428447,0.7423701501894514,0.8257035011977051,0.7160183112155534,0.5846036528323927
606,1.0,0.9996472815428447,0.7423701501894514,0.8257035011977051,0.7160183112155534,0.5846036528323927
607,1.0,0.9996472815428447,0.7423701501894514,0.8257035011977051,0.7160183112155534,0.5846036528323927
608,1.0,0.9996472815428447,0.7423701501894514,0.8257035011977051,0.7160183112155534,0.5846036528323927
609,1.0,0.9996472815428447,0.7423701501894514,0.8257035011977051,0.7160183112155534,0.5846036528323927
610,1.0,0.9996472815428447,0.7423701501894514,0.8257035011977051,0.7160183112155534,0.5846036528323927
611,1.0,0.9996472815428447,0.7423701501894514,0.8257035011977051,0.7160183112155534,0.5846036528323927
612,1.0,0.9996472815428447,0.7423701501894514,0.8257035011977051,0.7160183112155534,0.5846036528323927
613,1.0,0.9996472815428447,0.7423701501894514,0.8257035011977051,0.7160183112155534,0.5846036528323927
614,1.0,0.9996472815428447,0.7423701501894514,0.8257035011977051,0.7160183112155534,0.5846036528323927
615,1.0,0.9996472815428447,0.7423701501894514,0.8257035011977051,0.7160183112155534,0.5846036528323927
616,1.0,0.9996472815428447,0.7423701501894514,0.8257035011977051,0.7160183112155534,0.5846036528323927
617,1.0,0.9996472815428447,0.7423701501894514,0.8257035011977051,0.7160183112155534,0.5846036528323927
618,1.0,0.9996472815428447,0.7423701501894514,0.8257035011977051,0.7160183112155534,0.5846036528323927
619,1.0,0.9996472815428447,0.7423701501894514,0.8257035011977051,0.7160183112155534,0.5846036528323927
620,1.0,0.9996472815428447,0.7423701501894514,0.8257035011977051,0.7160183112155534,0.5846036528323927
621,1.0,0.9996472815428447,0.7423701501894514,0.8257035011977051,0.7160183112155534,0.5846036528323927
622,1.0,0.9996472815428447,0.7423701501894514,0.8257035011977051,0.7160183112155534,0.5846036528323927
623,1.0,0.9996472815428447,0.7423701501894514,0.8257035011977051,0.7160183112155534,0.5846036528323927
624,1.0,0.999648943263415,0.7421225165362738,0.8283700332089983,0.7325873434702305,0.5877427052267108
625,1.0,0.999648943263415,0.7421225165362738,0.8283700332089983,0.7325873434702305,0.5877427052267108
626,1.0,0.999648943263415,0.7421225165362738,0.8283700332089983,0.7325873434702305,0.5877427052267108
627,1.0,0.999648943263415,0.7421225165362738,0.8283700332089983,0.7325873434702305,0.5877427052267108
628,1.0,0.999648943263415,0.7421225165362738,0.8283700332089983,0.7325873434702305,0.5877427052267108
629,1.0,0.999648943263415,0.7421225165362738,0.8283700332089983,0.7325873434702305,0.5877427052267108
630,1.0,0.999648943263415,0.7421225165362738,0.8283700332089983,0.7325873434702305,0.5877427052267108
631,1.0,0.999648943263415,0.7421225165362738,0.8283700332089983,0.7325873434702305,0.5877427052267108
632,1.0,0.999648943263415,0.7421225165362738,0.8283700332089983,0.7325873434702305,0.5877427052267108
633,1.0,0.999648943263415,0.7421225165362738,0.8283700332089983,0.7325873434702305,0.5877427052267108
634,1.0,0.999648943263415,0.7421225165362738,0.8283700332089983,0.7325873434702305,0.5877427052267108
635,1.0,0.999648943263415,0.7421225165362738,0.8283700332089983,0.7325873434702305,0.5877427052267108
636,1.0,0.999648943263415,0.7421225165362738,0.8283700332089983,0.7325873434702305,0.5877427052267108
637,1.0,0.999648943263415,0.7421225165362738,0.8283700332089983,0.7325873434702305,0.5877427052267108
638,1.0,0.999648943263415,0.7421225165362738,0.8283700332089983,0.7325873434702305,0.5877427052267108
639,1.0,0.999648943263415,0.7421225165362738,0.8283700332089983,0.7325873434702305,0.5877427052267108
640,1.0,0.999648943263415,0.7421225165362738,0.8283700332089983,0.7325873434702305,0.5877427052267108
641,1.0,0.999648943263415,0.7421225165362738,0.8283700332089983,0.7325873434702305,0.5877427052267108
642,1.0,0.999648943263415,0.7421225165362738,0.8283700332089983,0.7325873434702305,0.5877427052267108
643,1.0,0.999648943263415,0.7421225165362738,0.8283700332089983,0.7325873434702305,0.5877427052267108
644,1.0,0.999648943263415,0.7421225165362738,0.8283700332089983,0.7325873434702305,0.5877427052267108
645,1.0,0.999648943263415,0.7421225165362738,0.8283700332089983,0.7325873434702305,0.5877427052267108
646,1.0,0.999648943263415,0.7421225165362738,0.8283700332089983,0.7325873434702305,0.5877427052267108
647,1.0,0.999648943263415,0.7421225165362738,0.8283700332089983,0.7325873434702305,0.5877427052267108
648,1.0,0.9996487783812039,0.740579496863612,0.8301118067136696,0.7435866744637863,0.5894390464014885
649,1.0,0.9996487783812039,0.740579496863612,0.8301118067136696,0.7435866744637863,0.5894390464014885
650,1.0,0.9996487783812039,0.740579496863612,0.8301118067136696,0.7435866744637863,0.5894390464014885
651,1.0,0.9996487783812039,0.740579496863612,0.8301118067136696,0.7435866744637863,0.5894390464014885
652,1.0,0.9996487783812039,0.740579496863612,0.8301118067136696,0.7435866744637863,0.5894390464014885
653,1.0,0.9996487783812039,0.740579496863612,0.8301118067136696,0.7435866744637863,0.5894390464014885
654,1.0,0.9996487783812039,0.740579496863612,0.8301118067136696,0.7435866744637863,0.5894390464014885
655,1.0,0.9996487783812039,0.740579496863612,0.8301118067136696,0.7435866744637863,0.5894390464014885
656,1.0,0.9996487783812039,0.740579496863612,0.8301118067136696,0.7435866744637863,0.5894390464014885
657,1.0,0.9996487783812039,0.740579496863612,0.8301118067136696,0.7435866744637863,0.5894390464014885
658,1.0,0.9996487783812039,0.740579496863612,0.8301118067136696,0.7435866744637863,0.5894390464014885
659,1.0,0.9996487783812039,0.740579496863612,0.8301118067136696,0.7435866744637863,0.5894390464014885
660,1.0,0.9996487783812039,0.740579496863612,0.8301118067136696,0.7435866744637863,0.5894390464014885
661,1.0,0.9996487783812039,0.740579496863612,0.8301118067136696,0.7435866744637863,0.5894390464014885
662,1.0,0.9996487783812039,0.740579496863612,0.8301118067136696,0.7435866744637863,0.5894390464014885
663,1.0,0.9996487783812039,0.740579496863612,0.8301118067136696,0.7435866744637863,0.5894390464014885
664,1.0,0.9996487783812039,0.740579496863612,0.8301118067136696,0.7435866744637863,0.5894390464014885
665,1.0,0.9996487783812039,0.740579496863612,0.8301118067136696,0.7435866744637863,0.5894390464014885
666,1.0,0.9996487783812039,0.740579496863612,0.8301118067136696,0.7435866744637863,0.5894390464014885
667,1.0,0.9996487783812039,0.740579496863612,0.8301118067136696,0.7435866744637863,0.5894390464014885
668,1.0,0.9996487783812039,0.740579496863612,0.8301118067136696,0.7435866744637863,0.5894390464014885
669,1.0,0.9996487783812039,0.740579496863612,0.8301118067136696,0.7435866744637863,0.5894390464014885
670,1.0,0.9996487783812039,0.740579496863612,0.8301118067136696,0.7435866744637863,0.5894390464014885
671,1.0,0.9996487783812039,0.740579496863612,0.8301118067136696,0.7435866744637863,0.5894390464014885
672,1.0,0.9996481986976492,0.7387467746568254,0.8315953002493511,0.7530629818645095,0.5908029146166437
673,1.0,0.9996481986976492,0.7387467746568254,0.8315953002493511,0.7530629818645095,0.5908029146166437
674,1.0,0.9996481986976492,0.7387467746568254,0.8315953002493511,0.7530629818645095,0.5908029146166437
675,1.0,0.9996481986976492,0.7387467746568254,0.8315953002493511,0.7530629818645095,0.5908029146166437
676,1.0,0.9996481986976492,0.7387467746568254,0.8315953002493511,0.7530629818645095,0.5908029146166437
677,1.0,0.9996481986976492,0.7387467746568254,0.8315953002493511,0.7530629818645095,0.5908029146166437
678,1.0,0.9996481986976492,0.7387467746568254,0.8315953002493511,0.7530629818645095,0.5908029146166437
679,1.0,0.9996481986976492,0.7387467746568254,0.8315953002493511,0.7530629818645095,0.5908029146166437
680,1.0,0.9996481986976492,0.7387467746568254,0.8315953002493511,0.7530629818645095,0.5908029146166437
681,1.0,0.9996481986976492,0.7387467746568254,0.8315953002493511,0.7530629818645095,0.5908029146166437
682,1.0,0.9996481986976492,0.7387467746568254,0.8315953002493511,0.7530629818645095,0.5908029146166437
683,1.0,0.9996481986976492,0.7387467746568254,0.8315953002493511,0.7530629818645095,0.5908029146166437
684,1.0,0.9996481986976492,0.7387467746568254,0.8315953002493511,0.7530629818645095,0.5908029146166437
685,1.0,0.9996481986976492,0.7387467746568254,0.8315953002493511,0.7530629818645095,0.5908029146166437
686,1.0,0.9996481986976492,0.7387467746568254,0.8315953002493511,0.7530629818645095,0.5908029146166437
687,1.0,0.9996481986976492,0.7387467746568254,0.8315953002493511,0.7530629818645095,0.5908029146166437
688,1.0,0.9996481986976492,0.7387467746568254,0.8315953002493511,0.7530629818645095,0.5908029146166437
689,1.0,0.9996481986976492,0.7387467746568254,0.8315953002493511,0.7530629818645095,0.5908029146166437
690,1.0,0.9996481986976492,0.7387467746568254,0.8315953002493511,0.7530629818645095,0.5908029146166437
691,1.0,0.9996481986976492,0.7387467746568254,0.8315953002493511,0.7530629818645095,0.5908029146166437
692,1.0,0.9996481986976492,0.7387467746568254,0.8315953002493511,0.7530629818645095,0.5908029146166437
693,1.0,0.9996481986976492,0.7387467746568254,0.8315953002493511,0.7530629818645095,0.5908029146166437
694,1.0,0.9996481986976492,0.7387467746568254,0.8315953002493511,0.7530629818645095,0.5908029146166437
695,1.0,0.9996481986976492,0.7387467746568254,0.8315953002493511,0.7530629818645095,0.5908029146166437
696,1.0,0.9996446909154543,0.7335804149480181,0.8321206987738737,0.7542756278918863,0.5904708083482922
697,1.0,0.9996446909154543,0.7335804149480181,0.8321206987738737,0.7542756278918863,0.5904708083482922
698,1.0,0.9996446909154543,0.7335804149480181,0.8321206987738737,0.7542756278918863,0.5904708083482922
699,1.0,0.9996446909154543,0.7335804149480181,0.8321206987738737,0.7542756278918863,0.5904708083482922
700,1.0,0.9996446909154543,0.7335804149480181,0.8321206987738737,0.7542756278918863,0.5904708083482922
701,1.0,0.9996446909154543,0.7335804149480181,0.8321206987738737,0.7542756278918863,0.5904708083482922
702,1.0,0.9996446909154543,0.7335804149480181,0.8321206987738737,0.7542756278918863,0.5904708083482922
703,1.0,0.9996446909154543,0.7335804149480181,0.8321206987738737,0.7542756278918863,0.5904708083482922
704,1.0,0.9996446909154543,0.7335804149480181,0.8321206987738737,0.7542756278918863,0.5904708083482922
705,1.0,0.9996446909154543,0.7335804149480181,0.8321206987738737,0.7542756278918863,0.5904708083482922
706,1.0,0.9996446909154543,0.7335804149480181,0.8321206987738737,0.7542756278918863,0.5904708083482922
707,1.0,0.9996446909154543,0.7335804149480181,0.8321206987738737,0.7542756278918863,0.5904708083482922
708,1.0,0.9996446909154543,0.7335804149480181,0.8321206987738737,0.7542756278918863,0.5904708083482922
709,1.0,0.9996446909154543,0.7335804149480181,0.8321206987738737,0.7542756278918863,0.5904708083482922
710,1.0,0.9996446909154543,0.7335804149480181,0.8321206987738737,0.7542756278918863,0.5904708083482922
711,1.0,0.9996446909154543,0.7335804149480181,0.8321206987738737,0.7542756278918863,0.5904708083482922
712,1.0,0.9996446909154543,0.7335804149480181,0.8321206987738737,0.7542756278918863,0.5904708083482922
713,1.0,0.9996446909154543,0.7335804149480181,0.8321206987738737,0.7542756278918863,0.5904708083482922
714,1.0,0.9996446909154543,0.7335804149480181,0.8321206987738737,0.7542756278918863,0.5904708083482922
715,1.0,0.9996446909154543,0.7335804149480181,0.8321206987738737,0.7542756278918863,0.5904708083482922
716,1.0,0.9996446909154543,0.7335804149480181,0.8321206987738737,0.7542756278918863,0.5904708083482922
717,1.0,0.9996446909154543,0.7335804149480181,0.8321206987738737,0.7542756278918863,0.5904708083482922
718,1.0,0.9996446909154543,0.7335804149480181,0.8321206987738737,0.7542756278918863,0.5904708083482922
719,1.0,0.9996446909154543,0.7335804149480181,0.8321206987738737,0.7542756278918863,0.5904708083482922
720,1.0,0.9996418473813917,0.7287839118778443,0.8330136451328318,0.7577761382193721,0.590612040510324
721,1.0,0.9996418473813917,0.7287839118778443,0.8330136451328318,0.7577761382193721,0.590612040510324
722,1.0,0.9996418473813917,0.7287839118778443,0.8330136451328318,0.7577761382193721,0.590612040510324
723,1.0,0.9996418473813917,0.7287839118778443,0.8330136451328318,0.7577761382193721,0.590612040510324
724,1.0,0.9996418473813917,0.7287839118778443,0.8330136451328318,0.7577761382193721,0.590612040510324
725,1.0,0.9996418473813917,0.7287839118778443,0.8330136451328318,0.7577761382193721,0.590612040510324
726,1.0,0.9996418473813917,0.7287839118778443,0.8330136451328318,0.7577761382193721,0.590612040510324
727,1.0,0.9996418473813917,0.7287839118778443,0.8330136451328318,0.7577761382193721,0.590612040510324
728,1.0,0.9996418473813917,0.7287839118778443,0.8330136451328318,0.7577761382193721,0.590612040510324
729,1.0,0.9996418473813917,0.7287839118778443,0.8330136451328318,0.7577761382193721,0.590612040510324
730,1.0,0.9996418473813917,0.7287839118778443,0.8330136451328318,0.7577761382193721,0.590612040510324
731,1.0,0.9996418473813917,0.7287839118778443,0.8330136451328318,0.7577761382193721,0.590612040510324
732,1.0,0.9996418473813917,0.7287839118778443,0.8330136451328318,0.7577761382193721,0.590612040510324
733,1.0,0.9996418473813917,0.7287839118778443,0.8330136451328318,0.7577761382193721,0.590612040510324
734,1.0,0.9996418473813917,0.7287839118778443,0.8330136451328318,0.7577761382193721,0.590612040510324
735,1.0,0.9996418473813917,0.7287839118778443,0.8330136451328318,0.7577761382193721,0.590612040510324
736,1.0,0.9996418473813917,0.7287839118778443,0.8330136451328318,0.7577761382193721,0.590612040510324
737,1.0,0.9996418473813917,0.7287839118778443,0.8330136451328318,0.7577761382193721,0.590612040510324
738,1.0,0.9996418473813917,0.7287839118778443,0.8330136451328318,0.7577761382193721,0.590612040510324
739,1.0,0.9996418473813917,0.7287839118778443,0.8330136451328318,0.7577761382193721,0.590612040510324
740,1.0,0.9996418473813917,0.7287839118778443,0.8330136451328318,0.7577761382193721,0.590612040510324
741,1.0,0.9996418473813917,0.7287839118778443,0.8330136451328318,0.7577761382193721,0.590612040510324
742,1.0,0.9996418473813917,0.7287839118778443,0.8330136451328318,0.7577761382193721,0.590612040510324
743,1.0,0.9996418473813917,0.7287839118778443,0.8330136451328318,0.7577761382193721,0.590612040510324
744,1.0,0.9996419854026269,0.727297808647402,0.8349968465545802,0.7627789917357042,0.592601792883692
745,1.0,0.9996419854026269,0.727297808647402,0.8349968465545802,0.7627789917357042,0.592601792883692
746,1.0,0.9996419854026269,0.727297808647402,0.8349968465545802,0.7627789917357042,0.592601792883692
747,1.0,0.9996419854026269,0.727297808647402,0.8349968465545802,0.7627789917357042,0.592601792883692
748,1.0,0.9996419854026269,0.727297808647402,0.8349968465545802,0.7627789917357042,0.592601792883692
749,1.0,0.9996419854026269,0.727297808647402,0.8349968465545802,0.7627789917357042,0.592601792883692
750,1.0,0.9996419854026269,0.727297808647402,0.8349968465545802,0.7627789917357042,0.592601792883692
751,1.0,0.9996419854026269,0.727297808647402,0.8349968465545802,0.7627789917357042,0.592601792883692
752,1.0,0.9996419854026269,0.727297808647402,0.8349968465545802,0.7627789917357042,0.592601792883692
753,1.0,0.9996419854026269,0.727297808647402,0.8349968465545802,0.7627789917357042,0.592601792883692
754,1.0,0.9996419854026269,0.727297808647402,0.8349968465545802,0.7627789917357042,0.592601792883692
755,1.0,0.9996419854026269,0.727297808647402,0.8349968465545802,0.7627789917357042,0.592601792883692
756,1.0,0.9996419854026269,0.727297808647402,0.8349968465545802,0.7627789917357042,0.592601792883692
757,1.0,0.9996419854026269,0.727297808647402,0.8349968465545802,0.7627789917357042,0.592601792883692
758,1.0,0.9996419854026269,0.727297808647402,0.8349968465545802,0.7627789917357042,0.592601792883692
759,1.0,0.9996419854026269,0.727297808647402,0.8349968465545802,0.7627789917357042,0.592601792883692
760,1.0,0.9996419854026269,0.727297808647402,0.8349968465545802,0.7627789917357042,0.592601792883692
761,1.0,0.9996419854026269,0.727297808647402,0.8349968465545802,0.7627789917357042,0.592601792883692
762,1.0,0.9996419854026269,0.727297808647402,0.8349968465545802,0.7627789917357042,0.592601792883692
763,1.0,0.9996419854026269,0.727297808647402,0.8349968465545802,0.7627789917357042,0.592601792883692
764,1.0,0.9996419854026269,0.727297808647402,0.8349968465545802,0.7627789917357042,0.592601792883692
765,1.0,0.9996419854026269,0.727297808647402,0.8349968465545802,0.7627789917357042,0.592601792883692
766,1.0,0.9996419854026269,0.727297808647402,0.8349968465545802,0.7627789917357042,0.592601792883692
767,1.0,0.9996419854026269,0.727297808647402,0.8349968465545802,0.7627789917357042,0.592601792883692
768,1.0,0.9996398289794063,0.7225791523678996,0.8365445457591206,0.7638869444406976,0.5935147615121551
769,1.0,0.9996398289794063,0.7225791523678996,0.8365445457591206,0.7638869444406976,0.5935147615121551
770,1.0,0.9996398289794063,0.7225791523678996,0.8365445457591206,0.7638869444406976,0.5935147615121551
771,1.0,0.9996398289794063,0.7225791523678996,0.8365445457591206,0.7638869444406976,0.5935147615121551
772,1.0,0.9996398289794063,0.7225791523678996,0.8365445457591206,0.7638869444406976,0.5935147615121551
773,1.0,0.9996398289794063,0.7225791523678996,0.8365445457591206,0.7638869444406976,0.5935147615121551
774,1.0,0.9996398289794063,0.7225791523678996,0.8365445457591206,0.7638869444406976,0.5935147615121551
775,1.0,0.9996398289794063,0.7225791523678996,0.8365445457591206,0.7638869444406976,0.5935147615121551
776,1.0,0.9996398289794063,0.7225791523678996,0.8365445457591206,0.7638869444406976,0.5935147615121551
777,1.0,0.9996398289794063,0.7225791523678996,0.8365445457591206,0.7638869444406976,0.5935147615121551
778,1.0,0.9996398289794063,0.7225791523678996,0.8365445457591206,0.7638869444406976,0.5935147615121551
779,1.0,0.9996398289794063,0.7225791523678996,0.8365445457591206,0.7638869444406976,0.5935147615121551
780,1.0,0.9996398289794063,0.7225791523678996,0.8365445457591206,0.7638869444406976,0.5935147615121551
781,1.0,0.9996398289794063,0.7225791523678996,0.8365445457591206,0.7638869444406976,0.5935147615121551
782,1.0,0.9996398289794063,0.7225791523678996,0.8365445457591206,0.7638869444406976,0.5935147615121551
783,1.0,0.9996398289794063,0.7225791523678996,0.8365445457591206,0.7638869444406976,0.5935147615121551
784,1.0,0.9996398289794063,0.7225791523678996,0.8365445457591206,0.7638869444406976,0.5935147615121551
785,1.0,0.9996398289794063,0.7225791523678996,0.8365445457591206,0.7638869444406976,0.5935147615121551
786,1.0,0.9996398289794063,0.7225791523678996,0.8365445457591206,0.7638869444406976,0.5935147615121551
787,1.0,0.9996398289794063,0.7225791523678996,0.8365445457591206,0.7638869444406976,0.5935147615121551
788,1.0,0.9996398289794063,0.7225791523678996,0.8365445457591206,0.7638869444406976,0.5935147615121551
789,1.0,0.9996398289794063,0.7225791523678996,0.8365445457591206,0.7638869444406976,0.5935147615121551
790,1.0,0.9996398289794063,0.7225791523678996,0.8365445457591206,0.7638869444406976,0.5935147615121551
791,1.0,0.9996398289794063,0.7225791523678996,0.8365445457591206,0.7638869444406976,0.5935147615121551
792,1.0,0.9996359805337792,0.7160286388366474,0.8378587019718987,0.7642559864086752,0.5936280958376701
793,1.0,0.9996359805337792,0.7160286388366474,0.8378587019718987,0.7642559864086752,0.5936280958376701
794,1.0,0.9996359805337792,0.7160286388366474,0.8378587019718987,0.7642559864086752,0.5936280958376701
795,1.0,0.9996359805337792,0.7160286388366474,0.8378587019718987,0.7642559864086752,0.5936280958376701
796,1.0,0.9996359805337792,0.7160286388366474,0.8378587019718987,0.7642559864086752,0.5936280958376701
797,1.0,0.9996359805337792,0.7160286388366474,0.8378587019718987,0.7642559864086752,0.5936280958376701
798,1.0,0.9996359805337792,0.7160286388366474,0.8378587019718987,0.7642559864086752,0.5936280958376701
799,1.0,0.9996359805337792,0.7160286388366474,0.8378587019718987,0.7642559864086752,0.5936280958376701
800,1.0,0.9996359805337792,0.7160286388366474,0.8378587019718987,0.7642559864086752,0.5936280958376701
801,1.0,0.9996359805337792,0.7160286388366474,0.8378587019718987,0.7642559864086752,0.5936280958376701
802,1.0,0.9996359805337792,0.7160286388366474,0.8378587019718987,0.7642559864086752,0.5936280958376701
803,1.0,0.9996359805337792,0.7160286388366474,0.8378587019718987,0.7642559864086752,0.5936280958376701
804,1.0,0.9996359805337792,0.7160286388366474,0.8378587019718987,0.7642559864086752,0.5936280958376701
805,1.0,0.9996359805337792,0.7160286388366474,0.8378587019718987,0.7642559864086752,0.5936280958376701
806,1.0,0.9996359805337792,0.7160286388366474,0.8378587019718987,0.7642559864086752,0.5936280958376701
807,1.0,0.9996359805337792,0.7160286388366474,0.8378587019718987,0.7642559864086752,0.5936280958376701
808,1.0,0.9996359805337792,0.7160286388366474,0.8378587019718987,0.7642559864086752,0.5936280958376701
809,1.0,0.9996359805337792,0.7160286388366474,0.8378587019718987,0.7642559864086752,0.5936280958376701
810,1.0,0.9996359805337792,0.7160286388366474,0.8378587019718987,0.7642559864086752,0.5936280958376701
811,1.0,0.9996359805337792,0.7160286388366474,0.8378587019718987,0.7642559864086752,0.5936280958376701
812,1.0,0.9996359805337792,0.7160286388366474,0.8378587019718987,0.7642559864086752,0.5936280958376701
813,1.0,0.9996359805337792,0.7160286388366474,0.8378587019718987,0.7642559864086752,0.5936280958376701
814,1.0,0.9996359805337792,0.7160286388366474,0.8378587019718987,0.7642559864086752,0.5936280958376701
815,1.0,0.9996359805337792,0.7160286388366474,0.8378587019718987,0.7642559864086752,0.5936280958376701
816,1.0,0.9996328696690758,0.7101654248277506,0.8394614773620886,0.7650142569383797,0.5942404769008973
817,1.0,0.9996328696690758,0.7101654248277506,0.8394614773620886,0.7650142569383797,0.5942404769008973
818,1.0,0.9996328696690758,0.7101654248277506,0.8394614773620886,0.7650142569383797,0.5942404769008973
819,1.0,0.9996328696690758,0.7101654248277506,0.8394614773620886,0.7650142569383797,0.5942404769008973
820,1.0,0.9996328696690758,0.7101654248277506,0.8394614773620886,0.7650142569383797,0.5942404769008973
821,1.0,0.9996328696690758,0.7101654248277506,0.8394614773620886,0.7650142569383797,0.5942404769008973
822,1.0,0.9996328696690758,0.7101654248277506,0.8394614773620886,0.7650142569383797,0.5942404769008973
823,1.0,0.9996328696690758,0.7101654248277506,0.8394614773620886,0.7650142569383797,0.5942404769008973
824,1.0,0.9996328696690758,0.7101654248277506,0.8394614773620886,0.7650142569383797,0.5942404769008973
825,1.0,0.9996328696690758,0.7101654248277506,0.8394614773620886,0.7650142569383797,0.5942404769008973
826,1.0,0.9996328696690758,0.7101654248277506,0.8394614773620886,0.7650142569383797,0.5942404769008973
827,1.0,0.9996328696690758,0.7101654248277506,0.8394614773620886,0.7650142569383797,0.5942404769008973
828,1.0,0.9996328696690758,0.7101654248277506,0.8394614773620886,0.7650142569383797,0.5942404769008973
829,1.0,0.9996328696690758,0.7101654248277506,0.8394614773620886,0.7650142569383797,0.5942404769008973
830,1.0,0.9996328696690758,0.7101654248277506,0.8394614773620886,0.7650142569383797,0.5942404769008973
831,1.0,0.9996328696690758,0.7101654248277506,0.8394614773620886,0.7650142569383797,0.5942404769008973
832,1.0,0.9996328696690758,0.7101654248277506,0.8394614773620886,0.7650142569383797,0.5942404769008973
833,1.0,0.9996328696690758,0.7101654248277506,0.8394614773620886,0.7650142569383797,0.5942404769008973
834,1.0,0.9996328696690758,0.7101654248277506,0.8394614773620886,0.7650142569383797,0.5942404769008973
835,1.0,0.9996328696690758,0.7101654248277506,0.8394614773620886,0.7650142569383797,0.5942404769008973
836,1.0,0.9996328696690758,0.7101654248277506,0.8394614773620886,0.7650142569383797,0.5942404769008973
837,1.0,0.9996328696690758,0.7101654248277506,0.8394614773620886,0.7650142569383797,0.5942404769008973
838,1.0,0.9996328696690758,0.7101654248277506,0.8394614773620886,0.7650142569383797,0.5942404769008973
839,1.0,0.9996328696690758,0.7101654248277506,0.8394614773620886,0.7650142569383797,0.5942404769008973
840,1.0,0.9996360039291053,0.7113299815896483,0.8427527798678055,0.7688369662217299,0.5984135393697624
841,1.0,0.9996360039291053,0.7113299815896483,0.8427527798678055,0.7688369662217299,0.5984135393697624
842,1.0,0.9996360039291053,0.7113299815896483,0.8427527798678055,0.7688369662217299,0.5984135393697624
843,1.0,0.9996360039291053,0.7113299815896483,0.8427527798678055,0.7688369662217299,0.5984135393697624
844,1.0,0.9996360039291053,0.7113299815896483,0.8427527798678055,0.7688369662217299,0.5984135393697624
845,1.0,0.9996360039291053,0.7113299815896483,0.8427527798678055,0.7688369662217299,0.5984135393697624
846,1.0,0.9996360039291053,0.7113299815896483,0.8427527798678055,0.7688369662217299,0.5984135393697624
847,1.0,0.9996360039291053,0.7113299815896483,0.8427527798678055,0.7688369662217299,0.5984135393697624
848,1.0,0.9996360039291053,0.7113299815896483,0.8427527798678055,0.7688369662217299,0.5984135393697624
849,1.0,0.9996360039291053,0.7113299815896483,0.8427527798678055,0.7688369662217299,0.5984135393697624
850,1.0,0.9996360039291053,0.7113299815896483,0.8427527798678055,0.7688369662217299,0.5984135393697624
851,1.0,0.9996360039291053,0.7113299815896483,0.8427527798678055,0.7688369662217299,0.5984135393697624
852,1.0,0.9996360039291053,0.7113299815896483,0.8427527798678055,0.7688369662217299,0.5984135393697624
853,1.0,0.9996360039291053,0.7113299815896483,0.8427527798678055,0.7688369662217299,0.5984135393697624
854,1.0,0.9996360039291053,0.7113299815896483,0.8427527798678055,0.7688369662217299,0.5984135393697624
855,1.0,0.9996360039291053,0.7113299815896483,0.8427527798678055,0.7688369662217299,0.5984135393697624
856,1.0,0.9996360039291053,0.7113299815896483,0.8427527798678055,0.7688369662217299,0.5984135393697624
857,1.0,0.9996360039291053,0.7113299815896483,0.8427527798678055,0.7688369662217299,0.5984135393697624
858,1.0,0.9996360039291053,0.7113299815896483,0.8427527798678055,0.7688369662217299,0.5984135393697624
859,1.0,0.9996360039291053,0.7113299815896483,0.8427527798678055,0.7688369662217299,0.5984135393697624
860,1.0,0.9996360039291053,0.7113299815896483,0.8427527798678055,0.7688369662217299,0.5984135393697624
861,1.0,0.9996360039291053,0.7113299815896483,0.8427527798678055,0.7688369662217299,0.5984135393697624
862,1.0,0.9996360039291053,0.7113299815896483,0.8427527798678055,0.7688369662217299,0.5984135393697624
863,1.0,0.9996360039291053,0.7113299815896483,0.8427527798678055,0.7688369662217299,0.5984135393697624
864,1.0,0.9996375829376403,0.7110848515698467,0.8453593295398076,0.7718248817520861,0.6014770418594636
865,1.0,0.9996375829376403,0.7110848515698467,0.8453593295398076,0.7718248817520861,0.6014770418594636
866,1.0,0.9996375829376403,0.7110848515698467,0.8453593295398076,0.7718248817520861,0.6014770418594636
867,1.0,0.9996375829376403,0.7110848515698467,0.8453593295398076,0.7718248817520861,0.6014770418594636
868,1.0,0.9996375829376403,0.7110848515698467,0.8453593295398076,0.7718248817520861,0.6014770418594636
869,1.0,0.9996375829376403,0.7110848515698467,0.8453593295398076,0.7718248817520861,0.6014770418594636
870,1.0,0.9996375829376403,0.7110848515698467,0.8453593295398076,0.7718248817520861,0.6014770418594636
871,1.0,0.9996375829376403,0.7110848515698467,0.8453593295398076,0.7718248817520861,0.6014770418594636
872,1.0,0.9996375829376403,0.7110848515698467,0.8453593295398076,0.7718248817520861,0.6014770418594636
873,1.0,0.9996375829376403,0.7110848515698467,0.8453593295398076,0.7718248817520861,0.6014770418594636
874,1.0,0.9996375829376403,0.7110848515698467,0.8453593295398076,0.7718248817520861,0.6014770418594636
875,1.0,0.9996375829376403,0.7110848515698467,0.8453593295398076,0.7718248817520861,0.6014770418594636
876,1.0,0.9996375829376403,0.7110848515698467,0.8453593295398076,0.7718248817520861,0.6014770418594636
877,1.0,0.9996375829376403,0.7110848515698467,0.8453593295398076,0.7718248817520861,0.6014770418594636
878,1.0,0.9996375829376403,0.7110848515698467,0.8453593295398076,0.7718248817520861,0.6014770418594636
879,1.0,0.9996375829376403,0.7110848515698467,0.8453593295398076,0.7718248817520861,0.6014770418594636
880,1.0,0.9996375829376403,0.7110848515698467,0.8453593295398076,0.7718248817520861,0.6014770418594636
881,1.0,0.9996375829376403,0.7110848515698467,0.8453593295398076,0.7718248817520861,0.6014770418594636
882,1.0,0.9996375829376403,0.7110848515698467,0.8453593295398076,0.7718248817520861,0.6014770418594636
883,1.0,0.9996375829376403,0.7110848515698467,0.8453593295398076,0.7718248817520861,0.6014770418594636
884,1.0,0.9996375829376403,0.7110848515698467,0.8453593295398076,0.7718248817520861,0.6014770418594636
885,1.0,0.9996375829376403,0.7110848515698467,0.8453593295398076,0.7718248817520861,0.6014770418594636
886,1.0,0.9996375829376403,0.7110848515698467,0.8453593295398076,0.7718248817520861,0.6014770418594636
887,1.0,0.9996375829376403,0.7110848515698467,0.8453593295398076,0.7718248817520861,0.6014770418594636
888,1.0,0.9996347842720451,0.7062138817344071,0.8463616415611525,0.7725488494391431,0.6016863008854704
889,1.0,0.9996347842720451,0.7062138817344071,0.8463616415611525,0.7725488494391431,0.6016863008854704
890,1.0,0.9996347842720451,0.7062138817344071,0.8463616415611525,0.7725488494391431,0.6016863008854704
891,1.0,0.9996347842720451,0.7062138817344071,0.8463616415611525,0.7725488494391431,0.6016863008854704
892,1.0,0.9996347842720451,0.7062138817344071,0.8463616415611525,0.7725488494391431,0.6016863008854704
893,1.0,0.9996347842720451,0.7062138817344071,0.8463616415611525,0.7725488494391431,0.6016863008854704
894,1.0,0.9996347842720451,0.7062138817344071,0.8463616415611525,0.7725488494391431,0.6016863008854704
895,1.0,0.9996347842720451,0.7062138817344071,0.8463616415611525,0.7725488494391431,0.6016863008854704
896,1.0,0.9996347842720451,0.7062138817344071,0.8463616415611525,0.7725488494391431,0.6016863008854704
897,1.0,0.9996347842720451,0.7062138817344071,0.8463616415611525,0.7725488494391431,0.6016863008854704
898,1.0,0.9996347842720451,0.7062138817344071,0.8463616415611525,0.7725488494391431,0.6016863008854704
899,1.0,0.9996347842720451,0.7062138817344071,0.8463616415611525,0.7725488494391431,0.6016863008854704
900,1.0,0.9996347842720451,0.7062138817344071,0.8463616415611525,0.7725488494391431,0.6016863008854704
901,1.0,0.9996347842720451,0.7062138817344071,0.8463616415611525,0.7725488494391431,0.6016863008854704
902,1.0,0.9996347842720451,0.7062138817344071,0.8463616415611525,0.7725488494391431,0.6016863008854704
903,1.0,0.9996347842720451,0.7062138817344071,0.8463616415611525,0.7725488494391431,0.6016863008854704
904,1.0,0.9996347842720451,0.7062138817344071,0.8463616415611525,0.7725488494391431,0.6016863008854704
905,1.0,0.9996347842720451,0.7062138817344071,0.8463616415611525,0.7725488494391431,0.6016863008854704
906,1.0,0.9996347842720451,0.7062138817344071,0.8463616415611525,0.7725488494391431,0.6016863008854704
907,1.0,0.9996347842720451,0.7062138817344071,0.8463616415611525,0.7725488494391431,0.6016863008854704
908,1.0,0.9996347842720451,0.7062138817344071,0.8463616415611525,0.7725488494391431,0.6016863008854704
909,1.0,0.9996347842720451,0.7062138817344071,0.8463616415611525,0.7725488494391431,0.6016863008854704
910,1.0,0.9996347842720451,0.7062138817344071,0.8463616415611525,0.7725488494391431,0.6016863008854704
911,1.0,0.9996347842720451,0.7062138817344071,0.8463616415611525,0.7725488494391431,0.6016863008854704
912,1.0,0.9996309369819936,0.7004934275159208,0.8468383071833055,0.7726417904785348,0.6011904456214253
913,1.0,0.9996309369819936,0.7004934275159208,0.8468383071833055,0.7726417904785348,0.6011904456214253
914,1.0,0.9996309369819936,0.7004934275159208,0.8468383071833055,0.7726417904785348,0.6011904456214253
915,1.0,0.9996309369819936,0.7004934275159208,0.8468383071833055,0.7726417904785348,0.6011904456214253
916,1.0,0.9996309369819936,0.7004934275159208,0.8468383071833055,0.7726417904785348,0.6011904456214253
917,1.0,0.9996309369819936,0.7004934275159208,0.8468383071833055,0.7726417904785348,0.6011904456214253
918,1.0,0.9996309369819936,0.7004934275159208,0.8468383071833055,0.7726417904785348,0.6011904456214253
919,1.0,0.9996309369819936,0.7004934275159208,0.8468383071833055,0.7726417904785348,0.6011904456214253
920,1.0,0.9996309369819936,0.7004934275159208,0.8468383071833055,0.7726417904785348,0.6011904456214253
921,1.0,0.9996309369819936,0.7004934275159208,0.8468383071833055,0.7726417904785348,0.6011904456214253
922,1.0,0.9996309369819936,0.7004934275159208,0.8468383071833055,0.7726417904785348,0.6011904456214253
923,1.0,0.9996309369819936,0.7004934275159208,0.8468383071833055,0.7726417904785348,0.6011904456214253
924,1.0,0.9996309369819936,0.7004934275159208,0.8468383071833055,0.7726417904785348,0.6011904456214253
925,1.0,0.9996309369819936,0.7004934275159208,0.8468383071833055,0.7726417904785348,0.6011904456214253
926,1.0,0.9996309369819936,0.7004934275159208,0.8468383071833055,0.7726417904785348,0.6011904456214253
927,1.0,0.9996309369819936,0.7004934275159208,0.8468383071833055,0.7726417904785348,0.6011904456214253
928,1.0,0.9996309369819936,0.7004934275159208,0.8468383071833055,0.7726417904785348,0.6011904456214253
929,1.0,0.9996309369819936,0.7004934275159208,0.8468383071833055,0.7726417904785348,0.6011904456214253
930,1.0,0.9996309369819936,0.7004934275159208,0.8468383071833055,0.7726417904785348,0.6011904456214253
931,1.0,0.9996309369819936,0.7004934275159208,0.8468383071833055,0.7726417904785348,0.6011904456214253
932,1.0,0.9996309369819936,0.7004934275159208,0.8468383071833055,0.7726417904785348,0.6011904456214253
933,1.0,0.9996309369819936,0.7004934275159208,0.8468383071833055,0.7726417904785348,0.6011904456214253
934,1.0,0.9996309369819936,0.7004934275159208,0.8468383071833055,0.7726417904785348,0.6011904456214253
935,1.0,0.9996309369819936,0.7004934275159208,0.8468383071833055,0.7726417904785348,0.6011904456214253
936,1.0,0.9996310753071765,0.7006147085039113,0.8469009963999121,0.7727093509769026,0.601309365983281
937,1.0,0.9996310753071765,0.7006147085039113,0.8469009963999121,0.7727093509769026,0.601309365983281
938,1.0,0.9996310753071765,0.7006147085039113,0.8469009963999121,0.7727093509769026,0.601309365983281
939,1.0,0.9996310753071765,0.7006147085039113,0.8469009963999121,0.7727093509769026,0.601309365983281
940,1.0,0.9996310753071765,0.7006147085039113,0.8469009963999121,0.7727093509769026,0.601309365983281
941,1.0,0.9996310753071765,0.7006147085039113,0.8469009963999121,0.7727093509769026,0.601309365983281
942,1.0,0.9996310753071765,0.7006147085039113,0.8469009963999121,0.7727093509769026,0.601309365983281
943,1.0,0.9996310753071765,0.7006147085039113,0.8469009963999121,0.7727093509769026,0.601309365983281
944,1.0,0.9996310753071765,0.7006147085039113,0.8469009963999121,0.7727093509769026,0.601309365983281
945,1.0,0.9996310753071765,0.7006147085039113,0.8469009963999121,0.7727093509769026,0.601309365983281
946,1.0,0.9996310753071765,0.7006147085039113,0.8469009963999121,0.7727093509769026,0.601309365983281
947,1.0,0.9996310753071765,0.7006147085039113,0.8469009963999121,0.7727093509769026,0.601309365983281
948,1.0,0.9996310753071765,0.7006147085039113,0.8469009963999121,0.7727093509769026,0.601309365983281
949,1.0,0.9996310753071765,0.7006147085039113,0.8469009963999121,0.7727093509769026,0.601309365983281
950,1.0,0.9996310753071765,0.7006147085039113,0.8469009963999121,0.7727093509769026,0.601309365983281
951,1.0,0.9996310753071765,0.7006147085039113,0.8469009963999121,0.7727093509769026,0.601309365983281
952,1.0,0.9996310753071765,0.7006147085039113,0.8469009963999121,0.7727093509769026,0.601309365983281
953,1.0,0.9996310753071765,0.7006147085039113,0.8469009963999121,0.7727093509769026,0.601309365983281
954,1.0,0.9996310753071765,0.7006147085039113,0.8469009963999121,0.7727093509769026,0.601309365983281
955,1.0,0.9996310753071765,0.7006147085039113,0.8469009963999121,0.7727093509769026,0.601309365983281
956,1.0,0.9996310753071765,0.7006147085039113,0.8469009963999121,0.7727093509769026,0.601309365983281
957,1.0,0.9996310753071765,0.7006147085039113,0.8469009963999121,0.7727093509769026,0.601309365983281
958,1.0,0.9996310753071765,0.7006147085039113,0.8469009963999121,0.7727093509769026,0.601309365983281
959,1.0,0.9996310753071765,0.7006147085039113,0.8469009963999121,0.7727093509769026,0.601309365983281
960,1.0,0.9996311732830604,0.7006950302993324,0.8469411269657541,0.7727634103650228,0.6013685014455186
961,1.0,0.9996311732830604,0.7006950302993324,0.8469411269657541,0.7727634103650228,0.6013685014455186
962,1.0,0.9996311732830604,0.7006950302993324,0.8469411269657541,0.7727634103650228,0.6013685014455186
963,1.0,0.9996311732830604,0.7006950302993324,0.8469411269657541,0.7727634103650228,0.6013685014455186
964,1.0,0.9996311732830604,0.7006950302993324,0.8469411269657541,0.7727634103650228,0.6013685014455186
965,1.0,0.9996311732830604,0.7006950302993324,0.8469411269657541,0.7727634103650228,0.6013685014455186
966,1.0,0.9996311732830604,0.7006950302993324,0.8469411269657541,0.7727634103650228,0.6013685014455186
967,1.0,0.9996311732830604,0.7006950302993324,0.8469411269657541,0.7727634103650228,0.6013685014455186
968,1.0,0.9996311732830604,0.7006950302993324,0.8469411269657541,0.7727634103650228,0.6013685014455186
969,1.0,0.9996311732830604,0.7006950302993324,0.8469411269657541,0.7727634103650228,0.6013685014455186
970,1.0,0.9996311732830604,0.7006950302993324,0.8469411269657541,0.7727634103650228,0.6013685014455186
971,1.0,0.9996311732830604,0.7006950302993324,0.8469411269657541,0.7727634103650228,0.6013685014455186
972,1.0,0.9996311732830604,0.7006950302993324,0.8469411269657541,0.7727634103650228,0.6013685014455186
973,1.0,0.9996311732830604,0.7006950302993324,0.8469411269657541,0.7727634103650228,0.6013685014455186
974,1.0,0.9996311732830604,0.7006950302993324,0.8469411269657541,0.7727634103650228,0.6013685014455186
975,1.0,0.9996311732830604,0.7006950302993324,0.8469411269657541,0.7727634103650228,0.6013685014455186
976,1.0,0.9996311732830604,0.7006950302993324,0.8469411269657541,0.7727634103650228,0.6013685014455186
977,1.0,0.9996311732830604,0.7006950302993324,0.8469411269657541,0.7727634103650228,0.6013685014455186
978,1.0,0.9996311732830604,0.7006950302993324,0.8469411269657541,0.7727634103650228,0.6013685014455186
979,1.0,0.9996311732830604,0.7006950302993324,0.8469411269657541,0.7727634103650228,0.6013685014455186
980,1.0,0.9996311732830604,0.7006950302993324,0.8469411269657541,0.7727634103650228,0.6013685014455186
981,1.0,0.9996311732830604,0.7006950302993324,0.8469411269657541,0.7727634103650228,0.6013685014455186
982,1.0,0.9996311732830604,0.7006950302993324,0.8469411269657541,0.7727634103650228,0.6013685014455186
983,1.0,0.9996311732830604,0.7006950302993324,0.8469411269657541,0.7727634103650228,0.6013685014455186
984,1.0,0.9996310331050396,0.7005637358758712,0.8468712457582601,0.7726845229760735,0.6012663290579963
985,1.0,0.9996310331050396,0.7005637358758712,0.8468712457582601,0.7726845229760735,0.6012663290579963
986,1.0,0.9996310331050396,0.7005637358758712,0.8468712457582601,0.7726845229760735,0.6012663290579963
987,1.0,0.9996310331050396,0.7005637358758712,0.8468712457582601,0.7726845229760735,0.6012663290579963
988,1.0,0.9996310331050396,0.7005637358758712,0.8468712457582601,0.7726845229760735,0.6012663290579963
989,1.0,0.9996310331050396,0.7005637358758712,0.8468712457582601,0.7726845229760735,0.6012663290579963
990,1.0,0.9996310331050396,0.7005637358758712,0.8468712457582601,0.7726845229760735,0.6012663290579963
991,1.0,0.9996310331050396,0.7005637358758712,0.8468712457582601,0.7726845229760735,0.6012663290579963
992,1.0,0.9996310331050396,0.7005637358758712,0.8468712457582601,0.7726845229760735,0.6012663290579963
993,1.0,0.9996310331050396,0.7005637358758712,0.8468712457582601,0.7726845229760735,0.6012663290579963
994,1.0,0.9996310331050396,0.7005637358758712,0.8468712457582601,0.7726845229760735,0.6012663290579963
995,1.0,0.9996310331050396,0.7005637358758712,0.8468712457582601,0.7726845229760735,0.6012663290579963
996,1.0,0.9996310331050396,0.7005637358758712,0.8468712457582601,0.7726845229760735,0.6012663290579963
997,1.0,0.9996310331050396,0.7005637358758712,0.8468712457582601,0.7726845229760735,0.6012663290579963
998,1.0,0.9996310331050396,0.7005637358758712,0.8468712457582601,0.7726845229760735,0.6012663290579963
999,1.0,0.9996310331050396,0.7005637358758712,0.8468712457582601,0.7726845229760735,0.6012663290579963
1000,1.0,0.9996310331050396,0.7005637358758712,0.8468712457582601,0.7726845229760735,0.6012663290579963
1001,1.0,0.9996310331050396,0.7005637358758712,0.8468712457582601,0.7726845229760735,0.6012663290579963
1002,1.0,0.9996310331050396,0.7005637358758712,0.8468712457582601,0.7726845229760735,0.6012663290579963
1003,1.0,0.9996310331050396,0.7005637358758712,0.8468712457582601,0.7726845229760735,0.6012663290579963
1004,1.0,0.9996310331050396,0.7005637358758712,0.8468712457582601,0.7726845229760735,0.6012663290579963
1005,1.0,0.9996310331050396,0.7005637358758712,0.8468712457582601,0.7726845229760735,0.6012663290579963
1006,1.0,0.9996310331050396,0.7005637358758712,0.8468712457582601,0.7726845229760735,0.6012663290579963
1007,1.0,0.9996310331050396,0.7005637358758712,0.8468712457582601,0.7726845229760735,0.6012663290579963
1008,1.0,0.9996352828853109,0.7041506617564063,0.8488788136701921,0.7750556037142761,0.6044159845538292
1009,1.0,0.9996352828853109,0.7041506617564063,0.8488788136701921,0.7750556037142761,0.6044159845538292
1010,1.0,0.9996352828853109,0.7041506617564063,0.8488788136701921,0.7750556037142761,0.6044159845538292
1011,1.0,0.9996352828853109,0.7041506617564063,0.8488788136701921,0.7750556037142761,0.6044159845538292
1012,1.0,0.9996352828853109,0.7041506617564063,0.8488788136701921,0.7750556037142761,0.6044159845538292
1013,1.0,0.9996352828853109,0.7041506617564063,0.8488788136701921,0.7750556037142761,0.6044159845538292
1014,1.0,0.9996352828853109,0.7041506617564063,0.8488788136701921,0.7750556037142761,0.6044159845538292
1015,1.0,0.9996352828853109,0.7041506617564063,0.8488788136701921,0.7750556037142761,0.6044159845538292
1016,1.0,0.9996352828853109,0.7041506617564063,0.8488788136701921,0.7750556037142761,0.6044159845538292
1017,1.0,0.9996352828853109,0.7041506617564063,0.8488788136701921,0.7750556037142761,0.6044159845538292
1018,1.0,0.9996352828853109,0.7041506617564063,0.8488788136701921,0.7750556037142761,0.6044159845538292
1019,1.0,0.9996352828853109,0.7041506617564063,0.8488788136701921,0.7750556037142761,0.6044159845538292
1020,1.0,0.9996352828853109,0.7041506617564063,0.8488788136701921,0.7750556037142761,0.6044159845538292
1021,1.0,0.9996352828853109,0.7041506617564063,0.8488788136701921,0.7750556037142761,0.6044159845538292
1022,1.0,0.9996352828853109,0.7041506617564063,0.8488788136701921,0.7750556037142761,0.6044159845538292
1023,1.0,0.9996352828853109,0.7041506617564063,0.8488788136701921,0.7750556037142761,0.6044159845538292
1024,1.0,0.9996352828853109,0.7041506617564063,0.8488788136701921,0.7750556037142761,0.6044159845538292
1025,1.0,0.9996352828853109,0.7041506617564063,0.8488788136701921,0.7750556037142761,0.6044159845538292
1026,1.0,0.9996352828853109,0.7041506617564063,0.8488788136701921,0.7750556037142761,0.6044159845538292
1027,1.0,0.9996352828853109,0.7041506617564063,0.8488788136701921,0.7750556037142761,0.6044159845538292
1028,1.0,0.9996352828853109,0.7041506617564063,0.8488788136701921,0.7750556037142761,0.6044159845538292
1029,1.0,0.9996352828853109,0.7041506617564063,0.8488788136701921,0.7750556037142761,0.6044159845538292
1030,1.0,0.9996352828853109,0.7041506617564063,0.8488788136701921,0.7750556037142761,0.6044159845538292
1031,1.0,0.9996352828853109,0.7041506617564063,0.8488788136701921,0.7750556037142761,0.6044159845538292
1032,1.0,0.9996379330785198,0.7063785064752993,0.8500873796715185,0.7764889913647229,0.6063959910900918
1033,1.0,0.9996379330785198,0.7063785064752993,0.8500873796715185,0.7764889913647229,0.6063959910900918
1034,1.0,0.9996379330785198,0.7063785064752993,0.8500873796715185,0.7764889913647229,0.6063959910900918
1035,1.0,0.9996379330785198,0.7063785064752993,0.8500873796715185,0.7764889913647229,0.6063959910900918
1036,1.0,0.9996379330785198,0.7063785064752993,0.8500873796715185,0.7764889913647229,0.6063959910900918
1037,1.0,0.9996379330785198,0.7063785064752993,0.8500873796715185,0.7764889913647229,0.6063959910900918
1038,1.0,0.9996379330785198,0.7063785064752993,0.8500873796715185,0.7764889913647229,0.6063959910900918
1039,1.0,0.9996379330785198,0.7063785064752993,0.8500873796715185,0.7764889913647229,0.6063959910900918
1040,1.0,0.9996379330785198,0.7063785064752993,0.8500873796715185,0.7764889913647229,0.6063959910900918
1041,1.0,0.9996379330785198,0.7063785064752993,0.8500873796715185,0.7764889913647229,0.6063959910900918
1042,1.0,0.9996379330785198,0.7063785064752993,0.8500873796715185,0.7764889913647229,0.6063959910900918
1043,1.0,0.9996379330785198,0.7063785064752993,0.8500873796715185,0.7764889913647229,0.6063959910900918
1044,1.0,0.9996379330785198,0.7063785064752993,0.8500873796715185,0.7764889913647229,0.6063959910900918
1045,1.0,0.9996379330785198,0.7063785064752993,0.8500873796715185,0.7764889913647229,0.6063959910900918
1046,1.0,0.9996379330785198,0.7063785064752993,0.8500873796715185,0.7764889913647229,0.6063959910900918
1047,1.0,0.9996379330785198,0.7063785064752993,0.8500873796715185,0.7764889913647229,0.6063959910900918
1048,1.0,0.9996379330785198,0.7063785064752993,0.8500873796715185,0.7764889913647229,0.6063959910900918
1049,1.0,0.9996379330785198,0.7063785064752993,0.8500873796715185,0.7764889913647229,0.6063959910900918
1050,1.0,0.9996379330785198,0.7063785064752993,0.8500873796715185,0.7764889913647229,0.6063959910900918
1051,1.0,0.9996379330785198,0.7063785064752993,0.8500873796715185,0.7764889913647229,0.6063959910900918
1052,1.0,0.9996379330785198,0.7063785064752993,0.8500873796715185,0.7764889913647229,0.6063959910900918
1053,1.0,0.9996379330785198,0.7063785064752993,0.8500873796715185,0.7764889913647229,0.6063959910900918
1054,1.0,0.9996379330785198,0.7063785064752993,0.8500873796715185,0.7764889913647229,0.6063959910900918
1055,1.0,0.9996379330785198,0.7063785064752993,0.8500873796715185,0.7764889913647229,0.6063959910900918
1056,1.0,0.9996407468711098,0.7087128570938576,0.8514314879347213,0.778081749544815,0.6084746181748969
1057,1.0,0.9996407468711098,0.7087128570938576,0.8514314879347213,0.778081749544815,0.6084746181748969
1058,1.0,0.9996407468711098,0.7087128570938576,0.8514314879347213,0.778081749544815,0.6084746181748969
1059,1.0,0.9996407468711098,0.7087128570938576,0.8514314879347213,0.778081749544815,0.6084746181748969
1060,1.0,0.9996407468711098,0.7087128570938576,0.8514314879347213,0.778081749544815,0.6084746181748969
1061,1.0,0.9996407468711098,0.7087128570938576,0.8514314879347213,0.778081749544815,0.6084746181748969
1062,1.0,0.9996407468711098,0.7087128570938576,0.8514314879347213,0.778081749544815,0.6084746181748969
1063,1.0,0.9996407468711098,0.7087128570938576,0.8514314879347213,0.778081749544815,0.6084746181748969
1064,1.0,0.9996407468711098,0.7087128570938576,0.8514314879347213,0.778081749544815,0.6084746181748969
1065,1.0,0.9996407468711098,0.7087128570938576,0.8514314879347213,0.778081749544815,0.6084746181748969
1066,1.0,0.9996407468711098,0.7087128570938576,0.8514314879347213,0.778081749544815,0.6084746181748969
1067,1.0,0.9996407468711098,0.7087128570938576,0.8514314879347213,0.778081749544815,0.6084746181748969
1068,1.0,0.9996407468711098,0.7087128570938576,0.8514314879347213,0.778081749544815,0.6084746181748969
1069,1.0,0.9996407468711098,0.7087128570938576,0.8514314879347213,0.778081749544815,0.6084746181748969
1070,1.0,0.9996407468711098,0.7087128570938576,0.8514314879347213,0.778081749544815,0.6084746181748969
1071,1.0,0.9996407468711098,0.7087128570938576,0.8514314879347213,0.778081749544815,0.6084746181748969
1072,1.0,0.9996407468711098,0.7087128570938576,0.8514314879347213,0.778081749544815,0.6084746181748969
1073,1.0,0.9996407468711098,0.7087128570938576,0.8514314879347213,0.778081749544815,0.6084746181748969
1074,1.0,0.9996407468711098,0.7087128570938576,0.8514314879347213,0.778081749544815,0.6084746181748969
1075,1.0,0.9996407468711098,0.7087128570938576,0.8514314879347213,0.778081749544815,0.6084746181748969
1076,1.0,0.9996407468711098,0.7087128570938576,0.8514314879347213,0.778081749544815,0.6084746181748969
1077,1.0,0.9996407468711098,0.7087128570938576,0.8514314879347213,0.778081749544815,0.6084746181748969
1078,1.0,0.9996407468711098,0.7087128570938576,0.8514314879347213,0.778081749544815,0.6084746181748969
1079,1.0,0.9996407468711098,0.7087128570938576,0.8514314879347213,0.778081749544815,0.6084746181748969
1080,1.0,0.9996417483431804,0.7095573324033326,0.8519190164753864,0.7786715635222334,0.6091502090987406
1081,1.0,0.9996417483431804,0.7095573324033326,0.8519190164753864,0.7786715635222334,0.6091502090987406
1082,1.0,0.9996417483431804,0.7095573324033326,0.8519190164753864,0.7786715635222334,0.6091502090987406
1083,1.0,0.9996417483431804,0.7095573324033326,0.8519190164753864,0.7786715635222334,0.6091502090987406
1084,1.0,0.9996417483431804,0.7095573324033326,0.8519190164753864,0.7786715635222334,0.6091502090987406
1085,1.0,0.9996417483431804,0.7095573324033326,0.8519190164753864,0.7786715635222334,0.6091502090987406
1086,1.0,0.9996417483431804,0.7095573324033326,0.8519190164753864,0.7786715635222334,0.6091502090987406
1087,1.0,0.9996417483431804,0.7095573324033326,0.8519190164753864,0.7786715635222334,0.6091502090987406
1088,1.0,0.9996417483431804,0.7095573324033326,0.8519190164753864,0.7786715635222334,0.6091502090987406
1089,1.0,0.9996417483431804,0.7095573324033326,0.8519190164753864,0.7786715635222334,0.6091502090987406
1090,1.0,0.9996417483431804,0.7095573324033326,0.8519190164753864,0.7786715635222334,0.6091502090987406
1091,1.0,0.9996417483431804,0.7095573324033326,0.8519190164753864,0.7786715635222334,0.6091502090987406
1092,1.0,0.9996417483431804,0.7095573324033326,0.8519190164753864,0.7786715635222334,0.6091502090987406
1093,1.0,0.9996417483431804,0.7095573324033326,0.8519190164753864,0.7786715635222334,0.6091502090987406
1094,1.0,0.9996417483431804,0.7095573324033326,0.8519190164753864,0.7786715635222334,0.6091502090987406
1095,1.0,0.9996417483431804,0.7095573324033326,0.8519190164753864,0.7786715635222334,0.6091502090987406
1096,1.0,0.9996417483431804,0.7095573324033326,0.8519190164753864,0.7786715635222334,0.6091502090987406
1097,1.0,0.9996417483431804,0.7095573324033326,0.8519190164753864,0.7786715635222334,0.6091502090987406
1098,1.0,0.9996417483431804,0.7095573324033326,0.8519190164753864,0.7786715635222334,0.6091502090987406
1099,1.0,0.9996417483431804,0.7095573324033326,0.8519190164753864,0.7786715635222334,0.6091502090987406
1100,1.0,0.9996417483431804,0.7095573324033326,0.8519190164753864,0.7786715635222334,0.6091502090987406
1101,1.0,0.9996417483431804,0.7095573324033326,0.8519190164753864,0.7786715635222334,0.6091502090987406
1102,1.0,0.9996417483431804,0.7095573324033326,0.8519190164753864,0.7786715635222334,0.6091502090987406
1103,1.0,0.9996417483431804,0.7095573324033326,0.8519190164753864,0.7786715635222334,0.6091502090987406
1104,1.0,0.999642431143759,0.7101157534464954,0.852260731183908,0.7790630861601601,0.6096413508533038
1105,1.0,0.999642431143759,0.7101157534464954,0.852260731183908,0.7790630861601601,0.6096413508533038
1106,1.0,0.999642431143759,0.7101157534464954,0.852260731183908,0.7790630861601601,0.6096413508533038
1107,1.0,0.999642431143759,0.7101157534464954,0.852260731183908,0.7790630861601601,0.6096413508533038
1108,1.0,0.999642431143759,0.7101157534464954,0.852260731183908,0.7790630861601601,0.6096413508533038
1109,1.0,0.999642431143759,0.7101157534464954,0.852260731183908,0.7790630861601601,0.6096413508533038
1110,1.0,0.999642431143759,0.7101157534464954,0.852260731183908,0.7790630861601601,0.6096413508533038
1111,1.0,0.999642431143759,0.7101157534464954,0.852260731183908,0.7790630861601601,0.6096413508533038
1112,1.0,0.999642431143759,0.7101157534464954,0.852260731183908,0.7790630861601601,0.6096413508533038
1113,1.0,0.999642431143759,0.7101157534464954,0.852260731183908,0.7790630861601601,0.6096413508533038
1114,1.0,0.999642431143759,0.7101157534464954,0.852260731183908,0.7790630861601601,0.6096413508533038
1115,1.0,0.999642431143759,0.7101157534464954,0.852260731183908,0.7790630861601601,0.6096413508533038
1116,1.0,0.999642431143759,0.7101157534464954,0.852260731183908,0.7790630861601601,0.6096413508533038
1117,1.0,0.999642431143759,0.7101157534464954,0.852260731183908,0.7790630861601601,0.6096413508533038
1118,1.0,0.999642431143759,0.7101157534464954,0.852260731183908,0.7790630861601601,0.6096413508533038
1119,1.0,0.999642431143759,0.7101157534464954,0.852260731183908,0.7790630861601601,0.6096413508533038
1120,1.0,0.999642431143759,0.7101157534464954,0.852260731183908,0.7790630861601601,0.6096413508533038
1121,1.0,0.999642431143759,0.7101157534464954,0.852260731183908,0.7790630861601601,0.6096413508533038
1122,1.0,0.999642431143759,0.7101157534464954,0.852260731183908,0.7790630861601601,0.6096413508533038
1123,1.0,0.999642431143759,0.7101157534464954,0.852260731183908,0.7790630861601601,0.6096413508533038
1124,1.0,0.999642431143759,0.7101157534464954,0.852260731183908,0.7790630861601601,0.6096413508533038
1125,1.0,0.999642431143759,0.7101157534464954,0.852260731183908,0.7790630861601601,0.6096413508533038
1126,1.0,0.999642431143759,0.7101157534464954,0.852260731183908,0.7790630861601601,0.6096413508533038
1127,1.0,0.999642431143759,0.7101157534464954,0.852260731183908,0.7790630861601601,0.6096413508533038
1128,1.0,0.9996435776655668,0.7111035908286899,0.8527961661211828,0.7796941513552915,0.6104852977452587
1129,1.0,0.9996435776655668,0.7111035908286899,0.8527961661211828,0.7796941513552915,0.6104852977452587
1130,1.0,0.9996435776655668,0.7111035908286899,0.8527961661211828,0.7796941513552915,0.6104852977452587
1131,1.0,0.9996435776655668,0.7111035908286899,0.8527961661211828,0.7796941513552915,0.6104852977452587
1132,1.0,0.9996435776655668,0.7111035908286899,0.8527961661211828,0.7796941513552915,0.6104852977452587
1133,1.0,0.9996435776655668,0.7111035908286899,0.8527961661211828,0.7796941513552915,0.6104852977452587
1134,1.0,0.9996435776655668,0.7111035908286899,0.8527961661211828,0.7796941513552915,0.6104852977452587
1135,1.0,0.9996435776655668,0.7111035908286899,0.8527961661211828,0.7796941513552915,0.6104852977452587
1136,1.0,0.9996435776655668,0.7111035908286899,0.8527961661211828,0.7796941513552915,0.6104852977452587
1137,1.0,0.9996435776655668,0.7111035908286899,0.8527961661211828,0.7796941513552915,0.6104852977452587
1138,1.0,0.9996435776655668,0.7111035908286899,0.8527961661211828,0.7796941513552915,0.6104852977452587
1139,1.0,0.9996435776655668,0.7111035908286899,0.8527961661211828,0.7796941513552915,0.6104852977452587
1140,1.0,0.9996435776655668,0.7111035908286899,0.8527961661211828,0.7796941513552915,0.6104852977452587
1141,1.0,0.9996435776655668,0.7111035908286899,0.8527961661211828,0.7796941513552915,0.6104852977452587
1142,1.0,0.9996435776655668,0.7111035908286899,0.8527961661211828,0.7796941513552915,0.6104852977452587
1143,1.0,0.9996435776655668,0.7111035908286899,0.8527961661211828,0.7796941513552915,0.6104852977452587
1144,1.0,0.9996435776655668,0.7111035908286899,0.8527961661211828,0.7796941513552915,0.6104852977452587
1145,1.0,0.9996435776655668,0.7111035908286899,0.8527961661211828,0.7796941513552915,0.6104852977452587
1146,1.0,0.9996435776655668,0.7111035908286899,0.8527961661211828,0.7796941513552915,0.6104852977452587
1147,1.0,0.9996435776655668,0.7111035908286899,0.8527961661211828,0.7796941513552915,0.6104852977452587
1148,1.0,0.9996435776655668,0.7111035908286899,0.8527961661211828,0.7796941513552915,0.6104852977452587
1149,1.0,0.9996435776655668,0.7111035908286899,0.8527961661211828,0.7796941513552915,0.6104852977452587
1150,1.0,0.9996435776655668,0.7111035908286899,0.8527961661211828,0.7796941513552915,0.6104852977452587
1151,1.0,0.9996435776655668,0.7111035908286899,0.8527961661211828,0.7796941513552915,0.6104852977452587
1152,1.0,0.9996459217522462,0.7130129269646951,0.8538895068281631,0.7809773995864187,0.6122209951105139
1153,1.0,0.9996459217522462,0.7130129269646951,0.8538895068281631,0.7809773995864187,0.6122209951105139
1154,1.0,0.9996459217522462,0.7130129269646951,0.8538895068281631,0.7809773995864187,0.6122209951105139
1155,1.0,0.9996459217522462,0.7130129269646951,0.8538895068281631,0.7809773995864187,0.6122209951105139
1156,1.0,0.9996459217522462,0.7130129269646951,0.8538895068281631,0.7809773995864187,0.6122209951105139
1157,1.0,0.9996459217522462,0.7130129269646951,0.8538895068281631,0.7809773995864187,0.6122209951105139
1158,1.0,0.9996459217522462,0.7130129269646951,0.8538895068281631,0.7809773995864187,0.6122209951105139
1159,1.0,0.9996459217522462,0.7130129269646951,0.8538895068281631,0.7809773995864187,0.6122209951105139
1160,1.0,0.9996459217522462,0.7130129269646951,0.8538895068281631,0.7809773995864187,0.6122209951105139
1161,1.0,0.9996459217522462,0.7130129269646951,0.8538895068281631,0.7809773995864187,0.6122209951105139
1162,1.0,0.9996459217522462,0.7130129269646951,0.8538895068281631,0.7809773995864187,0.6122209951105139
1163,1.0,0.9996459217522462,0.7130129269646951,0.8538895068281631,0.7809773995864187,0.6122209951105139
1164,1.0,0.9996459217522462,0.7130129269646951,0.8538895068281631,0.7809773995864187,0.6122209951105139
1165,1.0,0.9996459217522462,0.7130129269646951,0.8538895068281631,0.7809773995864187,0.6122209951105139
1166,1.0,0.9996459217522462,0.7130129269646951,0.8538895068281631,0.7809773995864187,0.6122209951105139
1167,1.0,0.9996459217522462,0.7130129269646951,0.8538895068281631,0.7809773995864187,0.6122209951105139
1168,1.0,0.9996459217522462,0.7130129269646951,0.8538895068281631,0.7809773995864187,0.6122209951105139
1169,1.0,0.9996459217522462,0.7130129269646951,0.8538895068281631,0.7809773995864187,0.6122209951105139
1170,1.0,0.9996459217522462,0.7130129269646951,0.8538895068281631,0.7809773995864187,0.6122209951105139
1171,1.0,0.9996459217522462,0.7130129269646951,0.8538895068281631,0.7809773995864187,0.6122209951105139
1172,1.0,0.9996459217522462,0.7130129269646951,0.8538895068281631,0.7809773995864187,0.6122209951105139
1173,1.0,0.9996459217522462,0.7130129269646951,0.8538895068281631,0.7809773995864187,0.6122209951105139
1174,1.0,0.9996459217522462,0.7130129269646951,0.8538895068281631,0.7809773995864187,0.6122209951105139
1175,1.0,0.9996459217522462,0.7130129269646951,0.8538895068281631,0.7809773995864187,0.6122209951105139
1176,1.0,0.9996495180070194,0.7175923747548273,0.855046812486255,0.7861932237404843,0.6134556942891127
1177,1.0,0.9996495180070194,0.7175923747548273,0.855046812486255,0.7861932237404843,0.6134556942891127
1178,1.0,0.9996495180070194,0.7175923747548273,0.855046812486255,0.7861932237404843,0.6134556942891127
1179,1.0,0.9996495180070194,0.7175923747548273,0.855046812486255,0.7861932237404843,0.6134556942891127
1180,1.0,0.9996495180070194,0.7175923747548273,0.855046812486255,0.7861932237404843,0.6134556942891127
1181,1.0,0.9996495180070194,0.7175923747548273,0.855046812486255,0.7861932237404843,0.6134556942891127
1182,1.0,0.9996495180070194,0.7175923747548273,0.855046812486255,0.7861932237404843,0.6134556942891127
1183,1.0,0.9996495180070194,0.7175923747548273,0.855046812486255,0.7861932237404843,0.6134556942891127
1184,1.0,0.9996495180070194,0.7175923747548273,0.855046812486255,0.7861932237404843,0.6134556942891127
1185,1.0,0.9996495180070194,0.7175923747548273,0.855046812486255,0.7861932237404843,0.6134556942891127
1186,1.0,0.9996495180070194,0.7175923747548273,0.855046812486255,0.7861932237404843,0.6134556942891127
1187,1.0,0.9996495180070194,0.7175923747548273,0.855046812486255,0.7861932237404843,0.6134556942891127
1188,1.0,0.9996495180070194,0.7175923747548273,0.855046812486255,0.7861932237404843,0.6134556942891127
1189,1.0,0.9996495180070194,0.7175923747548273,0.855046812486255,0.7861932237404843,0.6134556942891127
1190,1.0,0.9996495180070194,0.7175923747548273,0.855046812486255,0.7861932237404843,0.6134556942891127
1191,1.0,0.9996495180070194,0.7175923747548273,0.855046812486255,0.7861932237404843,0.6134556942891127
1192,1.0,0.9996495180070194,0.7175923747548273,0.855046812486255,0.7861932237404843,0.6134556942891127
1193,1.0,0.9996495180070194,0.7175923747548273,0.855046812486255,0.7861932237404843,0.6134556942891127
1194,1.0,0.9996495180070194,0.7175923747548273,0.855046812486255,0.7861932237404843,0.6134556942891127
1195,1.0,0.9996495180070194,0.7175923747548273,0.855046812486255,0.7861932237404843,0.6134556942891127
1196,1.0,0.9996495180070194,0.7175923747548273,0.855046812486255,0.7861932237404843,0.6134556942891127
1197,1.0,0.9996495180070194,0.7175923747548273,0.855046812486255,0.7861932237404843,0.6134556942891127
1198,1.0,0.9996495180070194,0.7175923747548273,0.855046812486255,0.7861932237404843,0.6134556942891127
1199,1.0,0.9996495180070194,0.7175923747548273,0.855046812486255,0.7861932237404843,0.6134556942891127
1200,1.0,0.9996524904729335,0.721165663729825,0.855917599831634,0.7906835738544903,0.6142970157821338
1201,1.0,0.9996524904729335,0.721165663729825,0.855917599831634,0.7906835738544903,0.6142970157821338
1202,1.0,0.9996524904729335,0.721165663729825,0.855917599831634,0.7906835738544903,0.6142970157821338
1203,1.0,0.9996524904729335,0.721165663729825,0.855917599831634,0.7906835738544903,0.6142970157821338
1204,1.0,0.9996524904729335,0.721165663729825,0.855917599831634,0.7906835738544903,0.6142970157821338
1205,1.0,0.9996524904729335,0.721165663729825,0.855917599831634,0.7906835738544903,0.6142970157821338
1206,1.0,0.9996524904729335,0.721165663729825,0.855917599831634,0.7906835738544903,0.6142970157821338
1207,1.0,0.9996524904729335,0.721165663729825,0.855917599831634,0.7906835738544903,0.6142970157821338
1208,1.0,0.9996524904729335,0.721165663729825,0.855917599831634,0.7906835738544903,0.6142970157821338
1209,1.0,0.9996524904729335,0.721165663729825,0.855917599831634,0.7906835738544903,0.6142970157821338
1210,1.0,0.9996524904729335,0.721165663729825,0.855917599831634,0.7906835738544903,0.6142970157821338
1211,1.0,0.9996524904729335,0.721165663729825,0.855917599831634,0.7906835738544903,0.6142970157821338
1212,1.0,0.9996524904729335,0.721165663729825,0.855917599831634,0.7906835738544903,0.6142970157821338
1213,1.0,0.9996524904729335,0.721165663729825,0.855917599831634,0.7906835738544903,0.6142970157821338
1214,1.0,0.9996524904729335,0.721165663729825,0.855917599831634,0.7906835738544903,0.6142970157821338
1215,1.0,0.9996524904729335,0.721165663729825,0.855917599831634,0.7906835738544903,0.6142970157821338
1216,1.0,0.9996524904729335,0.721165663729825,0.855917599831634,0.7906835738544903,0.6142970157821338
1217,1.0,0.9996524904729335,0.721165663729825,0.855917599831634,0.7906835738544903,0.6142970157821338
1218,1.0,0.9996524904729335,0.721165663729825,0.855917599831634,0.7906835738544903,0.6142970157821338
1219,1.0,0.9996524904729335,0.721165663729825,0.855917599831634,0.7906835738544903,0.6142970157821338
1220,1.0,0.9996524904729335,0.721165663729825,0.855917599831634,0.7906835738544903,0.6142970157821338
1221,1.0,0.9996524904729335,0.721165663729825,0.855917599831634,0.7906835738544903,0.6142970157821338
1222,1.0,0.9996524904729335,0.721165663729825,0.855917599831634,0.7906835738544903,0.6142970157821338
1223,1.0,0.9996524904729335,0.721165663729825,0.855917599831634,0.7906835738544903,0.6142970157821338
1224,1.0,0.9996551959307801,0.724740364371322,0.8566606754135964,0.7951874717669364,0.614939782976089
1225,1.0,0.9996551959307801,0.724740364371322,0.8566606754135964,0.7951874717669364,0.614939782976089
1226,1.0,0.9996551959307801,0.724740364371322,0.8566606754135964,0.7951874717669364,0.614939782976089
1227,1.0,0.9996551959307801,0.724740364371322,0.8566606754135964,0.7951874717669364,0.614939782976089
1228,1.0,0.9996551959307801,0.724740364371322,0.8566606754135964,0.7951874717669364,0.614939782976089
1229,1.0,0.9996551959307801,0.724740364371322,0.8566606754135964,0.7951874717669364,0.614939782976089
1230,1.0,0.9996551959307801,0.724740364371322,0.8566606754135964,0.7951874717669364,0.614939782976089
1231,1.0,0.9996551959307801,0.724740364371322,0.8566606754135964,0.7951874717669364,0.614939782976089
1232,1.0,0.9996551959307801,0.724740364371322,0.8566606754135964,0.7951874717669364,0.614939782976089
1233,1.0,0.9996551959307801,0.724740364371322,0.8566606754135964,0.7951874717669364,0.614939782976089
1234,1.0,0.9996551959307801,0.724740364371322,0.8566606754135964,0.7951874717669364,0.614939782976089
1235,1.0,0.9996551959307801,0.724740364371322,0.8566606754135964,0.7951874717669364,0.614939782976089
1236,1.0,0.9996551959307801,0.724740364371322,0.8566606754135964,0.7951874717669364,0.614939782976089
1237,1.0,0.9996551959307801,0.724740364371322,0.8566606754135964,0.7951874717669364,0.614939782976089
1238,1.0,0.9996551959307801,0.724740364371322,0.8566606754135964,0.7951874717669364,0.614939782976089
1239,1.0,0.9996551959307801,0.724740364371322,0.8566606754135964,0.7951874717669364,0.614939782976089
1240,1.0,0.9996551959307801,0.724740364371322,0.8566606754135964,0.7951874717669364,0.614939782976089
1241,1.0,0.9996551959307801,0.724740364371322,0.8566606754135964,0.7951874717669364,0.614939782976089
1242,1.0,0.9996551959307801,0.724740364371322,0.8566606754135964,0.7951874717669364,0.614939782976089
1243,1.0,0.9996551959307801,0.724740364371322,0.8566606754135964,0.7951874717669364,0.614939782976089
1244,1.0,0.9996551959307801,0.724740364371322,0.8566606754135964,0.7951874717669364,0.614939782976089
1245,1.0,0.9996551959307801,0.724740364371322,0.8566606754135964,0.7951874717669364,0.614939782976089
1246,1.0,0.9996551959307801,0.724740364371322,0.8566606754135964,0.7951874717669364,0.614939782976089
1247,1.0,0.9996551959307801,0.724740364371322,0.8566606754135964,0.7951874717669364,0.614939782976089
1248,1.0,0.9996585843367171,0.7294821075991448,0.8576733026677342,0.8004965866959478,0.6160309232387833
1249,1.0,0.9996585843367171,0.7294821075991448,0.8576733026677342,0.8004965866959478,0.6160309232387833
1250,1.0,0.9996585843367171,0.7294821075991448,0.8576733026677342,0.8004965866959478,0.6160309232387833
1251,1.0,0.9996585843367171,0.7294821075991448,0.8576733026677342,0.8004965866959478,0.6160309232387833
1252,1.0,0.9996585843367171,0.7294821075991448,0.8576733026677342,0.8004965866959478,0.6160309232387833
1253,1.0,0.9996585843367171,0.7294821075991448,0.8576733026677342,0.8004965866959478,0.6160309232387833
1254,1.0,0.9996585843367171,0.7294821075991448,0.8576733026677342,0.8004965866959478,0.6160309232387833
1255,1.0,0.9996585843367171,0.7294821075991448,0.8576733026677342,0.8004965866959478,0.6160309232387833
1256,1.0,0.9996585843367171,0.7294821075991448,0.8576733026677342,0.8004965866959478,0.6160309232387833
1257,1.0,0.9996585843367171,0.7294821075991448,0.8576733026677342,0.8004965866959478,0.6160309232387833
1258,1.0,0.9996585843367171,0.7294821075991448,0.8576733026677342,0.8004965866959478,0.6160309232387833
1259,1.0,0.9996585843367171,0.7294821075991448,0.8576733026677342,0.8004965866959478,0.6160309232387833
1260,1.0,0.9996585843367171,0.7294821075991448,0.8576733026677342,0.8004965866959478,0.6160309232387833
1261,1.0,0.9996585843367171,0.7294821075991448,0.8576733026677342,0.8004965866959478,0.6160309232387833
1262,1.0,0.9996585843367171,0.7294821075991448,0.8576733026677342,0.8004965866959478,0.6160309232387833
1263,1.0,0.9996585843367171,0.7294821075991448,0.8576733026677342,0.8004965866959478,0.6160309232387833
1264,1.0,0.9996585843367171,0.7294821075991448,0.8576733026677342,0.8004965866959478,0.6160309232387833
1265,1.0,0.9996585843367171,0.7294821075991448,0.8576733026677342,0.8004965866959478,0.6160309232387833
1266,1.0,0.9996585843367171,0.7294821075991448,0.8576733026677342,0.8004965866959478,0.6160309232387833
1267,1.0,0.9996585843367171,0.7294821075991448,0.8576733026677342,0.8004965866959478,0.6160309232387833
1268,1.0,0.9996585843367171,0.7294821075991448,0.8576733026677342,0.8004965866959478,0.6160309232387833
1269,1.0,0.9996585843367171,0.7294821075991448,0.8576733026677342,0.8004965866959478,0.6160309232387833
1270,1.0,0.9996585843367171,0.7294821075991448,0.8576733026677342,0.8004965866959478,0.6160309232387833
1271,1.0,0.9996585843367171,0.7294821075991448,0.8576733026677342,0.8004965866959478,0.6160309232387833
1272,1.0,0.9996606619786793,0.7329998777367321,0.858125064628071,0.8050140279658589,0.6161196669212773
1273,1.0,0.9996606619786793,0.7329998777367321,0.858125064628071,0.8050140279658589,0.6161196669212773
1274,1.0,0.9996606619786793,0.7329998777367321,0.858125064628071,0.8050140279658589,0.6161196669212773
1275,1.0,0.9996606619786793,0.7329998777367321,0.858125064628071,0.8050140279658589,0.6161196669212773
1276,1.0,0.9996606619786793,0.7329998777367321,0.858125064628071,0.8050140279658589,0.6161196669212773
1277,1.0,0.9996606619786793,0.7329998777367321,0.858125064628071,0.8050140279658589,0.6161196669212773
1278,1.0,0.9996606619786793,0.7329998777367321,0.858125064628071,0.8050140279658589,0.6161196669212773
1279,1.0,0.9996606619786793,0.7329998777367321,0.858125064628071,0.8050140279658589,0.6161196669212773
1280,1.0,0.9996606619786793,0.7329998777367321,0.858125064628071,0.8050140279658589,0.6161196669212773
1281,1.0,0.9996606619786793,0.7329998777367321,0.858125064628071,0.8050140279658589,0.6161196669212773
1282,1.0,0.9996606619786793,0.7329998777367321,0.858125064628071,0.8050140279658589,0.6161196669212773
1283,1.0,0.9996606619786793,0.7329998777367321,0.858125064628071,0.8050140279658589,0.6161196669212773
1284,1.0,0.9996606619786793,0.7329998777367321,0.858125064628071,0.8050140279658589,0.6161196669212773
1285,1.0,0.9996606619786793,0.7329998777367321,0.858125064628071,0.8050140279658589,0.6161196669212773
1286,1.0,0.9996606619786793,0.7329998777367321,0.858125064628071,0.8050140279658589,0.6161196669212773
1287,1.0,0.9996606619786793,0.7329998777367321,0.858125064628071,0.8050140279658589,0.6161196669212773
1288,1.0,0.9996606619786793,0.7329998777367321,0.858125064628071,0.8050140279658589,0.6161196669212773
1289,1.0,0.9996606619786793,0.7329998777367321,0.858125064628071,0.8050140279658589,0.6161196669212773
1290,1.0,0.9996606619786793,0.7329998777367321,0.858125064628071,0.8050140279658589,0.6161196669212773
1291,1.0,0.9996606619786793,0.7329998777367321,0.858125064628071,0.8050140279658589,0.6161196669212773
1292,1.0,0.9996606619786793,0.7329998777367321,0.858125064628071,0.8050140279658589,0.6161196669212773
1293,1.0,0.9996606619786793,0.7329998777367321,0.858125064628071,0.8050140279658589,0.6161196669212773
1294,1.0,0.9996606619786793,0.7329998777367321,0.858125064628071,0.8050140279658589,0.6161196669212773
1295,1.0,0.9996606619786793,0.7329998777367321,0.858125064628071,0.8050140279658589,0.6161196669212773
1296,1.0,0.9996606138097617,0.7344125317264338,0.857533546295722,0.8081160845043002,0.6146867992442977
1297,1.0,0.9996606138097617,0.7344125317264338,0.857533546295722,0.8081160845043002,0.6146867992442977
1298,1.0,0.9996606138097617,0.7344125317264338,0.857533546295722,0.8081160845043002,0.6146867992442977
1299,1.0,0.9996606138097617,0.7344125317264338,0.857533546295722,0.8081160845043002,0.6146867992442977
1300,1.0,0.9996606138097617,0.7344125317264338,0.857533546295722,0.8081160845043002,0.6146867992442977
1301,1.0,0.9996606138097617,0.7344125317264338,0.857533546295722,0.8081160845043002,0.6146867992442977
1302,1.0,0.9996606138097617,0.7344125317264338,0.857533546295722,0.8081160845043002,0.6146867992442977
1303,1.0,0.9996606138097617,0.7344125317264338,0.857533546295722,0.8081160845043002,0.6146867992442977
1304,1.0,0.9996606138097617,0.7344125317264338,0.857533546295722,0.8081160845043002,0.6146867992442977
1305,1.0,0.9996606138097617,0.7344125317264338,0.857533546295722,0.8081160845043002,0.6146867992442977
1306,1.0,0.9996606138097617,0.7344125317264338,0.857533546295722,0.8081160845043002,0.6146867992442977
1307,1.0,0.9996606138097617,0.7344125317264338,0.857533546295722,0.8081160845043002,0.6146867992442977
1308,1.0,0.9996606138097617,0.7344125317264338,0.857533546295722,0.8081160845043002,0.6146867992442977
1309,1.0,0.9996606138097617,0.7344125317264338,0.857533546295722,0.8081160845043002,0.6146867992442977
1310,1.0,0.9996606138097617,0.7344125317264338,0.857533546295722,0.8081160845043002,0.6146867992442977
1311,1.0,0.9996606138097617,0.7344125317264338,0.857533546295722,0.8081160845043002,0.6146867992442977
1312,1.0,0.9996606138097617,0.7344125317264338,0.857533546295722,0.8081160845043002,0.6146867992442977
1313,1.0,0.9996606138097617,0.7344125317264338,0.857533546295722,0.8081160845043002,0.6146867992442977
1314,1.0,0.9996606138097617,0.7344125317264338,0.857533546295722,0.8081160845043002,0.6146867992442977
1315,1.0,0.9996606138097617,0.7344125317264338,0.857533546295722,0.8081160845043002,0.6146867992442977
1316,1.0,0.9996606138097617,0.7344125317264338,0.857533546295722,0.8081160845043002,0.6146867992442977
1317,1.0,0.9996606138097617,0.7344125317264338,0.857533546295722,0.8081160845043002,0.6146867992442977
1318,1.0,0.9996606138097617,0.7344125317264338,0.857533546295722,0.8081160845043002,0.6146867992442977
1319,1.0,0.9996606138097617,0.7344125317264338,0.857533546295722,0.8081160845043002,0.6146867992442977
1320,1.0,0.9996601681679484,0.7354463612973053,0.856771225592717,0.8109862951451414,0.6129479399016463
1321,1.0,0.9996601681679484,0.7354463612973053,0.856771225592717,0.8109862951451414,0.6129479399016463
1322,1.0,0.9996601681679484,0.7354463612973053,0.856771225592717,0.8109862951451414,0.6129479399016463
1323,1.0,0.9996601681679484,0.7354463612973053,0.856771225592717,0.8109862951451414,0.6129479399016463
1324,1.0,0.9996601681679484,0.7354463612973053,0.856771225592717,0.8109862951451414,0.6129479399016463
1325,1.0,0.9996601681679484,0.7354463612973053,0.856771225592717,0.8109862951451414,0.6129479399016463
1326,1.0,0.9996601681679484,0.7354463612973053,0.856771225592717,0.8109862951451414,0.6129479399016463
1327,1.0,0.9996601681679484,0.7354463612973053,0.856771225592717,0.8109862951451414,0.6129479399016463
1328,1.0,0.9996601681679484,0.7354463612973053,0.856771225592717,0.8109862951451414,0.6129479399016463
1329,1.0,0.9996601681679484,0.7354463612973053,0.856771225592717,0.8109862951451414,0.6129479399016463
1330,1.0,0.9996601681679484,0.7354463612973053,0.856771225592717,0.8109862951451414,0.6129479399016463
1331,1.0,0.9996601681679484,0.7354463612973053,0.856771225592717,0.8109862951451414,0.6129479399016463
1332,1.0,0.9996601681679484,0.7354463612973053,0.856771225592717,0.8109862951451414,0.6129479399016463
1333,1.0,0.9996601681679484,0.7354463612973053,0.856771225592717,0.8109862951451414,0.6129479399016463
1334,1.0,0.9996601681679484,0.7354463612973053,0.856771225592717,0.8109862951451414,0.6129479399016463
1335,1.0,0.9996601681679484,0.7354463612973053,0.856771225592717,0.8109862951451414,0.6129479399016463
1336,1.0,0.9996601681679484,0.7354463612973053,0.856771225592717,0.8109862951451414,0.6129479399016463
1337,1.0,0.9996601681679484,0.7354463612973053,0.856771225592717,0.8109862951451414,0.6129479399016463
1338,1.0,0.9996601681679484,0.7354463612973053,0.856771225592717,0.8109862951451414,0.6129479399016463
1339,1.0,0.9996601681679484,0.7354463612973053,0.856771225592717,0.8109862951451414,0.6129479399016463
1340,1.0,0.9996601681679484,0.7354463612973053,0.856771225592717,0.8109862951451414,0.6129479399016463
1341,1.0,0.9996601681679484,0.7354463612973053,0.856771225592717,0.8109862951451414,0.6129479399016463
1342,1.0,0.9996601681679484,0.7354463612973053,0.856771225592717,0.8109862951451414,0.6129479399016463
1343,1.0,0.9996601681679484,0.7354463612973053,0.856771225592717,0.8109862951451414,0.6129479399016463
1344,1.0,0.9996628185571854,0.7399553222512608,0.8574960709383204,0.8164619724348364,0.6135002347254686
1345,1.0,0.9996628185571854,0.7399553222512608,0.8574960709383204,0.8164619724348364,0.6135002347254686
1346,1.0,0.9996628185571854,0.7399553222512608,0.8574960709383204,0.8164619724348364,0.6135002347254686
1347,1.0,0.9996628185571854,0.7399553222512608,0.8574960709383204,0.8164619724348364,0.6135002347254686
1348,1.0,0.9996628185571854,0.7399553222512608,0.8574960709383204,0.8164619724348364,0.6135002347254686
1349,1.0,0.9996628185571854,0.7399553222512608,0.8574960709383204,0.8164619724348364,0.6135002347254686
1350,1.0,0.9996628185571854,0.7399553222512608,0.8574960709383204,0.8164619724348364,0.6135002347254686
1351,1.0,0.9996628185571854,0.7399553222512608,0.8574960709383204,0.8164619724348364,0.6135002347254686
1352,1.0,0.9996628185571854,0.7399553222512608,0.8574960709383204,0.8164619724348364,0.6135002347254686
1353,1.0,0.9996628185571854,0.7399553222512608,0.8574960709383204,0.8164619724348364,0.6135002347254686
1354,1.0,0.9996628185571854,0.7399553222512608,0.8574960709383204,0.8164619724348364,0.6135002347254686
1355,1.0,0.9996628185571854,0.7399553222512608,0.8574960709383204,0.8164619724348364,0.6135002347254686
1356,1.0,0.9996628185571854,0.7399553222512608,0.8574960709383204,0.8164619724348364,0.6135002347254686
1357,1.0,0.9996628185571854,0.7399553222512608,0.8574960709383204,0.8164619724348364,0.6135002347254686
1358,1.0,0.9996628185571854,0.7399553222512608,0.8574960709383204,0.8164619724348364,0.6135002347254686
1359,1.0,0.9996628185571854,0.7399553222512608,0.8574960709383204,0.8164619724348364,0.6135002347254686
1360,1.0,0.9996628185571854,0.7399553222512608,0.8574960709383204,0.8164619724348364,0.6135002347254686
1361,1.0,0.9996628185571854,0.7399553222512608,0.8574960709383204,0.8164619724348364,0.6135002347254686
1362,1.0,0.9996628185571854,0.7399553222512608,0.8574960709383204,0.8164619724348364,0.6135002347254686
1363,1.0,0.9996628185571854,0.7399553222512608,0.8574960709383204,0.8164619724348364,0.6135002347254686
1364,1.0,0.9996628185571854,0.7399553222512608,0.8574960709383204,0.8164619724348364,0.6135002347254686
1365,1.0,0.9996628185571854,0.7399553222512608,0.8574960709383204,0.8164619724348364,0.6135002347254686
1366,1.0,0.9996628185571854,0.7399553222512608,0.8574960709383204,0.8164619724348364,0.6135002347254686
1367,1.0,0.9996628185571854,0.7399553222512608,0.8574960709383204,0.8164619724348364,0.6135002347254686
1368,1.0,0.9996648619557019,0.7435927481115915,0.8579112359934261,0.8210399188566676,0.6135574062955015
1369,1.0,0.9996648619557019,0.7435927481115915,0.8579112359934261,0.8210399188566676,0.6135574062955015
1370,1.0,0.9996648619557019,0.7435927481115915,0.8579112359934261,0.8210399188566676,0.6135574062955015
1371,1.0,0.9996648619557019,0.7435927481115915,0.8579112359934261,0.8210399188566676,0.6135574062955015
1372,1.0,0.9996648619557019,0.7435927481115915,0.8579112359934261,0.8210399188566676,0.6135574062955015
1373,1.0,0.9996648619557019,0.7435927481115915,0.8579112359934261,0.8210399188566676,0.6135574062955015
1374,1.0,0.9996648619557019,0.7435927481115915,0.8579112359934261,0.8210399188566676,0.6135574062955015
1375,1.0,0.9996648619557019,0.7435927481115915,0.8579112359934261,0.8210399188566676,0.6135574062955015
1376,1.0,0.9996648619557019,0.7435927481115915,0.8579112359934261,0.8210399188566676,0.6135574062955015
1377,1.0,0.9996648619557019,0.7435927481115915,0.8579112359934261,0.8210399188566676,0.6135574062955015
1378,1.0,0.9996648619557019,0.7435927481115915,0.8579112359934261,0.8210399188566676,0.6135574062955015
1379,1.0,0.9996648619557019,0.7435927481115915,0.8579112359934261,0.8210399188566676,0.6135574062955015
1380,1.0,0.9996648619557019,0.7435927481115915,0.8579112359934261,0.8210399188566676,0.6135574062955015
1381,1.0,0.9996648619557019,0.7435927481115915,0.8579112359934261,0.8210399188566676,0.6135574062955015
1382,1.0,0.9996648619557019,0.7435927481115915,0.8579112359934261,0.8210399188566676,0.6135574062955015
1383,1.0,0.9996648619557019,0.7435927481115915,0.8579112359934261,0.8210399188566676,0.6135574062955015
1384,1.0,0.9996648619557019,0.7435927481115915,0.8579112359934261,0.8210399188566676,0.6135574062955015
1385,1.0,0.9996648619557019,0.7435927481115915,0.8579112359934261,0.8210399188566676,0.6135574062955015
1386,1.0,0.9996648619557019,0.7435927481115915,0.8579112359934261,0.8210399188566676,0.6135574062955015
1387,1.0,0.9996648619557019,0.7435927481115915,0.8579112359934261,0.8210399188566676,0.6135574062955015
1388,1.0,0.9996648619557019,0.7435927481115915,0.8579112359934261,0.8210399188566676,0.6135574062955015
1389,1.0,0.9996648619557019,0.7435927481115915,0.8579112359934261,0.8210399188566676,0.6135574062955015
1390,1.0,0.9996648619557019,0.7435927481115915,0.8579112359934261,0.8210399188566676,0.6135574062955015
1391,1.0,0.9996648619557019,0.7435927481115915,0.8579112359934261,0.8210399188566676,0.6135574062955015
1392,1.0,0.9996695511337449,0.7495161501838538,0.8595753535258389,0.8271914709232333,0.6156655981845006
1393,1.0,0.9996695511337449,0.7495161501838538,0.8595753535258389,0.8271914709232333,0.6156655981845006
1394,1.0,0.9996695511337449,0.7495161501838538,0.8595753535258389,0.8271914709232333,0.6156655981845006
1395,1.0,0.9996695511337449,0.7495161501838538,0.8595753535258389,0.8271914709232333,0.6156655981845006
1396,1.0,0.9996695511337449,0.7495161501838538,0.8595753535258389,0.8271914709232333,0.6156655981845006
1397,1.0,0.9996695511337449,0.7495161501838538,0.8595753535258389,0.8271914709232333,0.6156655981845006
1398,1.0,0.9996695511337449,0.7495161501838538,0.8595753535258389,0.8271914709232333,0.6156655981845006
1399,1.0,0.9996695511337449,0.7495161501838538,0.8595753535258389,0.8271914709232333,0.6156655981845006
1400,1.0,0.9996695511337449,0.7495161501838538,0.8595753535258389,0.8271914709232333,0.6156655981845006
1401,1.0,0.9996695511337449,0.7495161501838538,0.8595753535258389,0.8271914709232333,0.6156655981845006
1402,1.0,0.9996695511337449,0.7495161501838538,0.8595753535258389,0.8271914709232333,0.6156655981845006
1403,1.0,0.9996695511337449,0.7495161501838538,0.8595753535258389,0.8271914709232333,0.6156655981845006
1404,1.0,0.9996695511337449,0.7495161501838538,0.8595753535258389,0.8271914709232333,0.6156655981845006
1405,1.0,0.9996695511337449,0.7495161501838538,0.8595753535258389,0.8271914709232333,0.6156655981845006
1406,1.0,0.9996695511337449,0.7495161501838538,0.8595753535258389,0.8271914709232333,0.6156655981845006
1407,1.0,0.9996695511337449,0.7495161501838538,0.8595753535258389,0.8271914709232333,0.6156655981845006
1408,1.0,0.9996695511337449,0.7495161501838538,0.8595753535258389,0.8271914709232333,0.6156655981845006
1409,1.0,0.9996695511337449,0.7495161501838538,0.8595753535258389,0.8271914709232333,0.6156655981845006
1410,1.0,0.9996695511337449,0.7495161501838538,0.8595753535258389,0.8271914709232333,0.6156655981845006
1411,1.0,0.9996695511337449,0.7495161501838538,0.8595753535258389,0.8271914709232333,0.6156655981845006
1412,1.0,0.9996695511337449,0.7495161501838538,0.8595753535258389,0.8271914709232333,0.6156655981845006
1413,1.0,0.9996695511337449,0.7495161501838538,0.8595753535258389,0.8271914709232333,0.6156655981845006
1414,1.0,0.9996695511337449,0.7495161501838538,0.8595753535258389,0.8271914709232333,0.6156655981845006
1415,1.0,0.9996695511337449,0.7495161501838538,0.8595753535258389,0.8271914709232333,0.6156655981845006
1416,1.0,0.9996754214180751,0.7564573484517615,0.861804334443598,0.834037355000761,0.6185657648437514
1417,1.0,0.9996754214180751,0.7564573484517615,0.861804334443598,0.834037355000761,0.6185657648437514
1418,1.0,0.9996754214180751,0.7564573484517615,0.861804334443598,0.834037355000761,0.6185657648437514
1419,1.0,0.9996754214180751,0.7564573484517615,0.861804334443598,0.834037355000761,0.6185657648437514
1420,1.0,0.9996754214180751,0.7564573484517615,0.861804334443598,0.834037355000761,0.6185657648437514
1421,1.0,0.9996754214180751,0.7564573484517615,0.861804334443598,0.834037355000761,0.6185657648437514
1422,1.0,0.9996754214180751,0.7564573484517615,0.861804334443598,0.834037355000761,0.6185657648437514
1423,1.0,0.9996754214180751,0.7564573484517615,0.861804334443598,0.834037355000761,0.6185657648437514
1424,1.0,0.9996754214180751,0.7564573484517615,0.861804334443598,0.834037355000761,0.6185657648437514
1425,1.0,0.9996754214180751,0.7564573484517615,0.861804334443598,0.834037355000761,0.6185657648437514
1426,1.0,0.9996754214180751,0.7564573484517615,0.861804334443598,0.834037355000761,0.6185657648437514
1427,1.0,0.9996754214180751,0.7564573484517615,0.861804334443598,0.834037355000761,0.6185657648437514
1428,1.0,0.9996754214180751,0.7564573484517615,0.861804334443598,0.834037355000761,0.6185657648437514
1429,1.0,0.9996754214180751,0.7564573484517615,0.861804334443598,0.834037355000761,0.6185657648437514
1430,1.0,0.9996754214180751,0.7564573484517615,0.861804334443598,0.834037355000761,0.6185657648437514
1431,1.0,0.9996754214180751,0.7564573484517615,0.861804334443598,0.834037355000761,0.6185657648437514
1432,1.0,0.9996754214180751,0.7564573484517615,0.861804334443598,0.834037355000761,0.6185657648437514
1433,1.0,0.9996754214180751,0.7564573484517615,0.861804334443598,0.834037355000761,0.6185657648437514
1434,1.0,0.9996754214180751,0.7564573484517615,0.861804334443598,0.834037355000761,0.6185657648437514
1435,1.0,0.9996754214180751,0.7564573484517615,0.861804334443598,0.834037355000761,0.6185657648437514
1436,1.0,0.9996754214180751,0.7564573484517615,0.861804334443598,0.834037355000761,0.6185657648437514
1437,1.0,0.9996754214180751,0.7564573484517615,0.861804334443598,0.834037355000761,0.6185657648437514
1438,1.0,0.9996754214180751,0.7564573484517615,0.861804334443598,0.834037355000761,0.6185657648437514
1439,1.0,0.9996754214180751,0.7564573484517615,0.861804334443598,0.834037355000761,0.6185657648437514
1440,1.0,0.9996780770787064,0.7605245433590562,0.8625129326570571,0.838928009646975,0.6190631678066659
1441,1.0,0.9996780770787064,0.7605245433590562,0.8625129326570571,0.838928009646975,0.6190631678066659
1442,1.0,0.9996780770787064,0.7605245433590562,0.8625129326570571,0.838928009646975,0.6190631678066659
1443,1.0,0.9996780770787064,0.7605245433590562,0.8625129326570571,0.838928009646975,0.6190631678066659
1444,1.0,0.9996780770787064,0.7605245433590562,0.8625129326570571,0.838928009646975,0.6190631678066659
1445,1.0,0.9996780770787064,0.7605245433590562,0.8625129326570571,0.838928009646975,0.6190631678066659
1446,1.0,0.9996780770787064,0.7605245433590562,0.8625129326570571,0.838928009646975,0.6190631678066659
1447,1.0,0.9996780770787064,0.7605245433590562,0.8625129326570571,0.838928009646975,0.6190631678066659
1448,1.0,0.9996780770787064,0.7605245433590562,0.8625129326570571,0.838928009646975,0.6190631678066659
1449,1.0,0.9996780770787064,0.7605245433590562,0.8625129326570571,0.838928009646975,0.6190631678066659
1450,1.0,0.9996780770787064,0.7605245433590562,0.8625129326570571,0.838928009646975,0.6190631678066659
1451,1.0,0.9996780770787064,0.7605245433590562,0.8625129326570571,0.838928009646975,0.6190631678066659
1452,1.0,0.9996780770787064,0.7605245433590562,0.8625129326570571,0.838928009646975,0.6190631678066659
1453,1.0,0.9996780770787064,0.7605245433590562,0.8625129326570571,0.838928009646975,0.6190631678066659
1454,1.0,0.9996780770787064,0.7605245433590562,0.8625129326570571,0.838928009646975,0.6190631678066659
1455,1.0,0.9996780770787064,0.7605245433590562,0.8625129326570571,0.838928009646975,0.6190631678066659
1456,1.0,0.9996780770787064,0.7605245433590562,0.8625129326570571,0.838928009646975,0.6190631678066659
1457,1.0,0.9996780770787064,0.7605245433590562,0.8625129326570571,0.838928009646975,0.6190631678066659
1458,1.0,0.9996780770787064,0.7605245433590562,0.8625129326570571,0.838928009646975,0.6190631678066659
1459,1.0,0.9996780770787064,0.7605245433590562,0.8625129326570571,0.838928009646975,0.6190631678066659
1460,1.0,0.9996780770787064,0.7605245433590562,0.8625129326570571,0.838928009646975,0.6190631678066659
1461,1.0,0.9996780770787064,0.7605245433590562,0.8625129326570571,0.838928009646975,0.6190631678066659
1462,1.0,0.9996780770787064,0.7605245433590562,0.8625129326570571,0.838928009646975,0.6190631678066659
1463,1.0,0.9996780770787064,0.7605245433590562,0.8625129326570571,0.838928009646975,0.6190631678066659
1464,1.0,0.999680380230596,0.7642819814912207,0.8630507304271876,0.8436340332419824,0.6193008519893851
1465,1.0,0.999680380230596,0.7642819814912207,0.8630507304271876,0.8436340332419824,0.6193008519893851
1466,1.0,0.999680380230596,0.7642819814912207,0.8630507304271876,0.8436340332419824,0.6193008519893851
1467,1.0,0.999680380230596,0.7642819814912207,0.8630507304271876,0.8436340332419824,0.6193008519893851
1468,1.0,0.999680380230596,0.7642819814912207,0.8630507304271876,0.8436340332419824,0.6193008519893851
1469,1.0,0.999680380230596,0.7642819814912207,0.8630507304271876,0.8436340332419824,0.6193008519893851
1470,1.0,0.999680380230596,0.7642819814912207,0.8630507304271876,0.8436340332419824,0.6193008519893851
1471,1.0,0.999680380230596,0.7642819814912207,0.8630507304271876,0.8436340332419824,0.6193008519893851
1472,1.0,0.999680380230596,0.7642819814912207,0.8630507304271876,0.8436340332419824,0.6193008519893851
1473,1.0,0.999680380230596,0.7642819814912207,0.8630507304271876,0.8436340332419824,0.6193008519893851
1474,1.0,0.999680380230596,0.7642819814912207,0.8630507304271876,0.8436340332419824,0.6193008519893851
1475,1.0,0.999680380230596,0.7642819814912207,0.8630507304271876,0.8436340332419824,0.6193008519893851
1476,1.0,0.999680380230596,0.7642819814912207,0.8630507304271876,0.8436340332419824,0.6193008519893851
1477,1.0,0.999680380230596,0.7642819814912207,0.8630507304271876,0.8436340332419824,0.6193008519893851
1478,1.0,0.999680380230596,0.7642819814912207,0.8630507304271876,0.8436340332419824,0.6193008519893851
1479,1.0,0.999680380230596,0.7642819814912207,0.8630507304271876,0.8436340332419824,0.6193008519893851
1480,1.0,0.999680380230596,0.7642819814912207,0.8630507304271876,0.8436340332419824,0.6193008519893851
1481,1.0,0.999680380230596,0.7642819814912207,0.8630507304271876,0.8436340332419824,0.6193008519893851
1482,1.0,0.999680380230596,0.7642819814912207,0.8630507304271876,0.8436340332419824,0.6193008519893851
1483,1.0,0.999680380230596,0.7642819814912207,0.8630507304271876,0.8436340332419824,0.6193008519893851
1484,1.0,0.999680380230596,0.7642819814912207,0.8630507304271876,0.8436340332419824,0.6193008519893851
1485,1.0,0.999680380230596,0.7642819814912207,0.8630507304271876,0.8436340332419824,0.6193008519893851
1486,1.0,0.999680380230596,0.7642819814912207,0.8630507304271876,0.8436340332419824,0.6193008519893851
1487,1.0,0.999680380230596,0.7642819814912207,0.8630507304271876,0.8436340332419824,0.6193008519893851
1488,1.0,0.9996813174598618,0.7667629366518542,0.8629553337396035,0.8474542762069204,0.6185694095177737
1489,1.0,0.9996813174598618,0.7667629366518542,0.8629553337396035,0.8474542762069204,0.6185694095177737
1490,1.0,0.9996813174598618,0.7667629366518542,0.8629553337396035,0.8474542762069204,0.6185694095177737
1491,1.0,0.9996813174598618,0.7667629366518542,0.8629553337396035,0.8474542762069204,0.6185694095177737
1492,1.0,0.9996813174598618,0.7667629366518542,0.8629553337396035,0.8474542762069204,0.6185694095177737
1493,1.0,0.9996813174598618,0.7667629366518542,0.8629553337396035,0.8474542762069204,0.6185694095177737
1494,1.0,0.9996813174598618,0.7667629366518542,0.8629553337396035,0.8474542762069204,0.6185694095177737
1495,1.0,0.9996813174598618,0.7667629366518542,0.8629553337396035,0.8474542762069204,0.6185694095177737
1496,1.0,0.9996813174598618,0.7667629366518542,0.8629553337396035,0.8474542762069204,0.6185694095177737
1497,1.0,0.9996813174598618,0.7667629366518542,0.8629553337396035,0.8474542762069204,0.6185694095177737
1498,1.0,0.9996813174598618,0.7667629366518542,0.8629553337396035,0.8474542762069204,0.6185694095177737
1499,1.0,0.9996813174598618,0.7667629366518542,0.8629553337396035,0.8474542762069204,0.6185694095177737
1500,1.0,0.9996813174598618,0.7667629366518542,0.8629553337396035,0.8474542762069204,0.6185694095177737
1501,1.0,0.9996813174598618,0.7667629366518542,0.8629553337396035,0.8474542762069204,0.6185694095177737
1502,1.0,0.9996813174598618,0.7667629366518542,0.8629553337396035,0.8474542762069204,0.6185694095177737
1503,1.0,0.9996813174598618,0.7667629366518542,0.8629553337396035,0.8474542762069204,0.6185694095177737
1504,1.0,0.9996813174598618,0.7667629366518542,0.8629553337396035,0.8474542762069204,0.6185694095177737
1505,1.0,0.9996813174598618,0.7667629366518542,0.8629553337396035,0.8474542762069204,0.6185694095177737
1506,1.0,0.9996813174598618,0.7667629366518542,0.8629553337396035,0.8474542762069204,0.6185694095177737
1507,1.0,0.9996813174598618,0.7667629366518542,0.8629553337396035,0.8474542762069204,0.6185694095177737
1508,1.0,0.9996813174598618,0.7667629366518542,0.8629553337396035,0.8474542762069204,0.6185694095177737
1509,1.0,0.9996813174598618,0.7667629366518542,0.8629553337396035,0.8474542762069204,0.6185694095177737
1510,1.0,0.9996813174598618,0.7667629366518542,0.8629553337396035,0.8474542762069204,0.6185694095177737
1511,1.0,0.9996813174598618,0.7667629366518542,0.8629553337396035,0.8474542762069204,0.6185694095177737
1512,1.0,0.9996796256935477,0.7665909622604358,0.8616081848281397,0.8494883190834446,0.6159636777051155
1513,1.0,0.9996796256935477,0.7665909622604358,0.8616081848281397,0.8494883190834446,0.6159636777051155
1514,1.0,0.9996796256935477,0.7665909622604358,0.8616081848281397,0.8494883190834446,0.6159636777051155
1515,1.0,0.9996796256935477,0.7665909622604358,0.8616081848281397,0.8494883190834446,0.6159636777051155
1516,1.0,0.9996796256935477,0.7665909622604358,0.8616081848281397,0.8494883190834446,0.6159636777051155
1517,1.0,0.9996796256935477,0.7665909622604358,0.8616081848281397,0.8494883190834446,0.6159636777051155
1518,1.0,0.9996796256935477,0.7665909622604358,0.8616081848281397,0.8494883190834446,0.6159636777051155
1519,1.0,0.9996796256935477,0.7665909622604358,0.8616081848281397,0.8494883190834446,0.6159636777051155
1520,1.0,0.9996796256935477,0.7665909622604358,0.8616081848281397,0.8494883190834446,0.6159636777051155
1521,1.0,0.9996796256935477,0.7665909622604358,0.8616081848281397,0.8494883190834446,0.6159636777051155
1522,1.0,0.9996796256935477,0.7665909622604358,0.8616081848281397,0.8494883190834446,0.6159636777051155
1523,1.0,0.9996796256935477,0.7665909622604358,0.8616081848281397,0.8494883190834446,0.6159636777051155
1524,1.0,0.9996796256935477,0.7665909622604358,0.8616081848281397,0.8494883190834446,0.6159636777051155
1525,1.0,0.9996796256935477,0.7665909622604358,0.8616081848281397,0.8494883190834446,0.6159636777051155
1526,1.0,0.9996796256935477,0.7665909622604358,0.8616081848281397,0.8494883190834446,0.6159636777051155
1527,1.0,0.9996796256935477,0.7665909622604358,0.8616081848281397,0.8494883190834446,0.6159636777051155
1528,1.0,0.9996796256935477,0.7665909622604358,0.8616081848281397,0.8494883190834446,0.6159636777051155
1529,1.0,0.9996796256935477,0.7665909622604358,0.8616081848281397,0.8494883190834446,0.6159636777051155
1530,1.0,0.9996796256935477,0.7665909622604358,0.8616081848281397,0.8494883190834446,0.6159636777051155
1531,1.0,0.9996796256935477,0.7665909622604358,0.8616081848281397,0.8494883190834446,0.6159636777051155
1532,1.0,0.9996796256935477,0.7665909622604358,0.8616081848281397,0.8494883190834446,0.6159636777051155
1533,1.0,0.9996796256935477,0.7665909622604358,0.8616081848281397,0.8494883190834446,0.6159636777051155
1534,1.0,0.9996796256935477,0.7665909622604358,0.8616081848281397,0.8494883190834446,0.6159636777051155
1535,1.0,0.9996796256935477,0.7665909622604358,0.8616081848281397,0.8494883190834446,0.6159636777051155
1536,1.0,0.9996772537145233,0.7656107035385867,0.8599602744785683,0.8508654103750701,0.6130050028687518
1537,1.0,0.9996772537145233,0.7656107035385867,0.8599602744785683,0.8508654103750701,0.6130050028687518
1538,1.0,0.9996772537145233,0.7656107035385867,0.8599602744785683,0.8508654103750701,0.6130050028687518
1539,1.0,0.9996772537145233,0.7656107035385867,0.8599602744785683,0.8508654103750701,0.6130050028687518
1540,1.0,0.9996772537145233,0.7656107035385867,0.8599602744785683,0.8508654103750701,0.6130050028687518
1541,1.0,0.9996772537145233,0.7656107035385867,0.8599602744785683,0.8508654103750701,0.6130050028687518
1542,1.0,0.9996772537145233,0.7656107035385867,0.8599602744785683,0.8508654103750701,0.6130050028687518
1543,1.0,0.9996772537145233,0.7656107035385867,0.8599602744785683,0.8508654103750701,0.6130050028687518
1544,1.0,0.9996772537145233,0.7656107035385867,0.8599602744785683,0.8508654103750701,0.6130050028687518
1545,1.0,0.9996772537145233,0.7656107035385867,0.8599602744785683,0.8508654103750701,0.6130050028687518
1546,1.0,0.9996772537145233,0.7656107035385867,0.8599602744785683,0.8508654103750701,0.6130050028687518
1547,1.0,0.9996772537145233,0.7656107035385867,0.8599602744785683,0.8508654103750701,0.6130050028687518
1548,1.0,0.9996772537145233,0.7656107035385867,0.8599602744785683,0.8508654103750701,0.6130050028687518
1549,1.0,0.9996772537145233,0.7656107035385867,0.8599602744785683,0.8508654103750701,0.6130050028687518
1550,1.0,0.9996772537145233,0.7656107035385867,0.8599602744785683,0.8508654103750701,0.6130050028687518
1551,1.0,0.9996772537145233,0.7656107035385867,0.8599602744785683,0.8508654103750701,0.6130050028687518
1552,1.0,0.9996772537145233,0.7656107035385867,0.8599602744785683,0.8508654103750701,0.6130050028687518
1553,1.0,0.9996772537145233,0.7656107035385867,0.8599602744785683,0.8508654103750701,0.6130050028687518
1554,1.0,0.9996772537145233,0.7656107035385867,0.8599602744785683,0.8508654103750701,0.6130050028687518
1555,1.0,0.9996772537145233,0.7656107035385867,0.8599602744785683,0.8508654103750701,0.6130050028687518
1556,1.0,0.9996772537145233,0.7656107035385867,0.8599602744785683,0.8508654103750701,0.6130050028687518
1557,1.0,0.9996772537145233,0.7656107035385867,0.8599602744785683,0.8508654103750701,0.6130050028687518
1558,1.0,0.9996772537145233,0.7656107035385867,0.8599602744785683,0.8508654103750701,0.6130050028687518
1559,1.0,0.9996772537145233,0.7656107035385867,0.8599602744785683,0.8508654103750701,0.6130050028687518
1560,1.0,0.9996768973352609,0.7664883525741151,0.8592749222595429,0.8535257830905224,0.6114280344446431
1561,1.0,0.9996768973352609,0.7664883525741151,0.8592749222595429,0.8535257830905224,0.6114280344446431
1562,1.0,0.9996768973352609,0.7664883525741151,0.8592749222595429,0.8535257830905224,0.6114280344446431
1563,1.0,0.9996768973352609,0.7664883525741151,0.8592749222595429,0.8535257830905224,0.6114280344446431
1564,1.0,0.9996768973352609,0.7664883525741151,0.8592749222595429,0.8535257830905224,0.6114280344446431
1565,1.0,0.9996768973352609,0.7664883525741151,0.8592749222595429,0.8535257830905224,0.6114280344446431
1566,1.0,0.9996768973352609,0.7664883525741151,0.8592749222595429,0.8535257830905224,0.6114280344446431
1567,1.0,0.9996768973352609,0.7664883525741151,0.8592749222595429,0.8535257830905224,0.6114280344446431
1568,1.0,0.9996768973352609,0.7664883525741151,0.8592749222595429,0.8535257830905224,0.6114280344446431
1569,1.0,0.9996768973352609,0.7664883525741151,0.8592749222595429,0.8535257830905224,0.6114280344446431
1570,1.0,0.9996768973352609,0.7664883525741151,0.8592749222595429,0.8535257830905224,0.6114280344446431
1571,1.0,0.9996768973352609,0.7664883525741151,0.8592749222595429,0.8535257830905224,0.6114280344446431
1572,1.0,0.9996768973352609,0.7664883525741151,0.8592749222595429,0.8535257830905224,0.6114280344446431
1573,1.0,0.9996768973352609,0.7664883525741151,0.8592749222595429,0.8535257830905224,0.6114280344446431
1574,1.0,0.9996768973352609,0.7664883525741151,0.8592749222595429,0.8535257830905224,0.6114280344446431
1575,1.0,0.9996768973352609,0.7664883525741151,0.8592749222595429,0.8535257830905224,0.6114280344446431
1576,1.0,0.9996768973352609,0.7664883525741151,0.8592749222595429,0.8535257830905224,0.6114280344446431
1577,1.0,0.9996768973352609,0.7664883525741151,0.8592749222595429,0.8535257830905224,0.6114280344446431
1578,1.0,0.9996768973352609,0.7664883525741151,0.8592749222595429,0.8535257830905224,0.6114280344446431
1579,1.0,0.9996768973352609,0.7664883525741151,0.8592749222595429,0.8535257830905224,0.6114280344446431
1580,1.0,0.9996768973352609,0.7664883525741151,0.8592749222595429,0.8535257830905224,0.6114280344446431
1581,1.0,0.9996768973352609,0.7664883525741151,0.8592749222595429,0.8535257830905224,0.6114280344446431
1582,1.0,0.9996768973352609,0.7664883525741151,0.8592749222595429,0.8535257830905224,0.6114280344446431
1583,1.0,0.9996768973352609,0.7664883525741151,0.8592749222595429,0.8535257830905224,0.6114280344446431
1584,1.0,0.9996788640312761,0.7692971898831328,0.8596782705102372,0.8574971936333565,0.6115742115133846
1585,1.0,0.9996788640312761,0.7692971898831328,0.8596782705102372,0.8574971936333565,0.6115742115133846
1586,1.0,0.9996788640312761,0.7692971898831328,0.8596782705102372,0.8574971936333565,0.6115742115133846
1587,1.0,0.9996788640312761,0.7692971898831328,0.8596782705102372,0.8574971936333565,0.6115742115133846
1588,1.0,0.9996788640312761,0.7692971898831328,0.8596782705102372,0.8574971936333565,0.6115742115133846
1589,1.0,0.9996788640312761,0.7692971898831328,0.8596782705102372,0.8574971936333565,0.6115742115133846
1590,1.0,0.9996788640312761,0.7692971898831328,0.8596782705102372,0.8574971936333565,0.6115742115133846
1591,1.0,0.9996788640312761,0.7692971898831328,0.8596782705102372,0.8574971936333565,0.6115742115133846
1592,1.0,0.9996788640312761,0.7692971898831328,0.8596782705102372,0.8574971936333565,0.6115742115133846
1593,1.0,0.9996788640312761,0.7692971898831328,0.8596782705102372,0.8574971936333565,0.6115742115133846
1594,1.0,0.9996788640312761,0.7692971898831328,0.8596782705102372,0.8574971936333565,0.6115742115133846
1595,1.0,0.9996788640312761,0.7692971898831328,0.8596782705102372,0.8574971936333565,0.6115742115133846
1596,1.0,0.9996788640312761,0.7692971898831328,0.8596782705102372,0.8574971936333565,0.6115742115133846
1597,1.0,0.9996788640312761,0.7692971898831328,0.8596782705102372,0.8574971936333565,0.6115742115133846
1598,1.0,0.9996788640312761,0.7692971898831328,0.8596782705102372,0.8574971936333565,0.6115742115133846
1599,1.0,0.9996788640312761,0.7692971898831328,0.8596782705102372,0.8574971936333565,0.6115742115133846
1600,1.0,0.9996788640312761,0.7692971898831328,0.8596782705102372,0.8574971936333565,0.6115742115133846
1601,1.0,0.9996788640312761,0.7692971898831328,0.8596782705102372,0.8574971936333565,0.6115742115133846
1602,1.0,0.9996788640312761,0.7692971898831328,0.8596782705102372,0.8574971936333565,0.6115742115133846
1603,1.0,0.9996788640312761,0.7692971898831328,0.8596782705102372,0.8574971936333565,0.6115742115133846
1604,1.0,0.9996788640312761,0.7692971898831328,0.8596782705102372,0.8574971936333565,0.6115742115133846
1605,1.0,0.9996788640312761,0.7692971898831328,0.8596782705102372,0.8574971936333565,0.6115742115133846
1606,1.0,0.9996788640312761,0.7692971898831328,0.8596782705102372,0.8574971936333565,0.6115742115133846
1607,1.0,0.9996788640312761,0.7692971898831328,0.8596782705102372,0.8574971936333565,0.6115742115133846
1608,1.0,0.9996806609101841,0.7720984398749048,0.8599582955035358,0.861451152142871,0.6115757953738735
1609,1.0,0.9996806609101841,0.7720984398749048,0.8599582955035358,0.861451152142871,0.6115757953738735
1610,1.0,0.9996806609101841,0.7720984398749048,0.8599582955035358,0.861451152142871,0.6115757953738735
1611,1.0,0.9996806609101841,0.7720984398749048,0.8599582955035358,0.861451152142871,0.6115757953738735
1612,1.0,0.9996806609101841,0.7720984398749048,0.8599582955035358,0.861451152142871,0.6115757953738735
1613,1.0,0.9996806609101841,0.7720984398749048,0.8599582955035358,0.861451152142871,0.6115757953738735
1614,1.0,0.9996806609101841,0.7720984398749048,0.8599582955035358,0.861451152142871,0.6115757953738735
1615,1.0,0.9996806609101841,0.7720984398749048,0.8599582955035358,0.861451152142871,0.6115757953738735
1616,1.0,0.9996806609101841,0.7720984398749048,0.8599582955035358,0.861451152142871,0.6115757953738735
1617,1.0,0.9996806609101841,0.7720984398749048,0.8599582955035358,0.861451152142871,0.6115757953738735
1618,1.0,0.9996806609101841,0.7720984398749048,0.8599582955035358,0.861451152142871,0.6115757953738735
1619,1.0,0.9996806609101841,0.7720984398749048,0.8599582955035358,0.861451152142871,0.6115757953738735
1620,1.0,0.9996806609101841,0.7720984398749048,0.8599582955035358,0.861451152142871,0.6115757953738735
1621,1.0,0.9996806609101841,0.7720984398749048,0.8599582955035358,0.861451152142871,0.6115757953738735
1622,1.0,0.9996806609101841,0.7720984398749048,0.8599582955035358,0.861451152142871,0.6115757953738735
1623,1.0,0.9996806609101841,0.7720984398749048,0.8599582955035358,0.861451152142871,0.6115757953738735
1624,1.0,0.9996806609101841,0.7720984398749048,0.8599582955035358,0.861451152142871,0.6115757953738735
1625,1.0,0.9996806609101841,0.7720984398749048,0.8599582955035358,0.861451152142871,0.6115757953738735
1626,1.0,0.9996806609101841,0.7720984398749048,0.8599582955035358,0.861451152142871,0.6115757953738735
1627,1.0,0.9996806609101841,0.7720984398749048,0.8599582955035358,0.861451152142871,0.6115757953738735
1628,1.0,0.9996806609101841,0.7720984398749048,0.8599582955035358,0.861451152142871,0.6115757953738735
1629,1.0,0.9996806609101841,0.7720984398749048,0.8599582955035358,0.861451152142871,0.6115757953738735
1630,1.0,0.9996806609101841,0.7720984398749048,0.8599582955035358,0.861451152142871,0.6115757953738735
1631,1.0,0.9996806609101841,0.7720984398749048,0.8599582955035358,0.861451152142871,0.6115757953738735
1632,1.0,0.9996799628946942,0.7729446985359353,0.8590874125918248,0.8641858087330089,0.6096670904360538
1633,1.0,0.9996799628946942,0.7729446985359353,0.8590874125918248,0.8641858087330089,0.6096670904360538
1634,1.0,0.9996799628946942,0.7729446985359353,0.8590874125918248,0.8641858087330089,0.6096670904360538
1635,1.0,0.9996799628946942,0.7729446985359353,0.8590874125918248,0.8641858087330089,0.6096670904360538
1636,1.0,0.9996799628946942,0.7729446985359353,0.8590874125918248,0.8641858087330089,0.6096670904360538
1637,1.0,0.9996799628946942,0.7729446985359353,0.8590874125918248,0.8641858087330089,0.6096670904360538
1638,1.0,0.9996799628946942,0.7729446985359353,0.8590874125918248,0.8641858087330089,0.6096670904360538
1639,1.0,0.9996799628946942,0.7729446985359353,0.8590874125918248,0.8641858087330089,0.6096670904360538
1640,1.0,0.9996799628946942,0.7729446985359353,0.8590874125918248,0.8641858087330089,0.6096670904360538
1641,1.0,0.9996799628946942,0.7729446985359353,0.8590874125918248,0.8641858087330089,0.6096670904360538
1642,1.0,0.9996799628946942,0.7729446985359353,0.8590874125918248,0.8641858087330089,0.6096670904360538
1643,1.0,0.9996799628946942,0.7729446985359353,0.8590874125918248,0.8641858087330089,0.6096670904360538
1644,1.0,0.9996799628946942,0.7729446985359353,0.8590874125918248,0.8641858087330089,0.6096670904360538
1645,1.0,0.9996799628946942,0.7729446985359353,0.8590874125918248,0.8641858087330089,0.6096670904360538
1646,1.0,0.9996799628946942,0.7729446985359353,0.8590874125918248,0.8641858087330089,0.6096670904360538
1647,1.0,0.9996799628946942,0.7729446985359353,0.8590874125918248,0.8641858087330089,0.6096670904360538
1648,1.0,0.9996799628946942,0.7729446985359353,0.8590874125918248,0.8641858087330089,0.6096670904360538
1649,1.0,0.9996799628946942,0.7729446985359353,0.8590874125918248,0.8641858087330089,0.6096670904360538
1650,1.0,0.9996799628946942,0.7729446985359353,0.8590874125918248,0.8641858087330089,0.6096670904360538
1651,1.0,0.9996799628946942,0.7729446985359353,0.8590874125918248,0.8641858087330089,0.6096670904360538
1652,1.0,0.9996799628946942,0.7729446985359353,0.8590874125918248,0.8641858087330089,0.6096670904360538
1653,1.0,0.9996799628946942,0.7729446985359353,0.8590874125918248,0.8641858087330089,0.6096670904360538
1654,1.0,0.9996799628946942,0.7729446985359353,0.8590874125918248,0.8641858087330089,0.6096670904360538
1655,1.0,0.9996799628946942,0.7729446985359353,0.8590874125918248,0.8641858087330089,0.6096670904360538
1656,1.0,0.9996819705290038,0.7766484922434295,0.8594993750117855,0.8688361189266743,0.6097728854716197
1657,1.0,0.9996819705290038,0.7766484922434295,0.8594993750117855,0.8688361189266743,0.6097728854716197
1658,1.0,0.9996819705290038,0.7766484922434295,0.8594993750117855,0.8688361189266743,0.6097728854716197
1659,1.0,0.9996819705290038,0.7766484922434295,0.8594993750117855,0.8688361189266743,0.6097728854716197
1660,1.0,0.9996819705290038,0.7766484922434295,0.8594993750117855,0.8688361189266743,0.6097728854716197
1661,1.0,0.9996819705290038,0.7766484922434295,0.8594993750117855,0.8688361189266743,0.6097728854716197
1662,1.0,0.9996819705290038,0.7766484922434295,0.8594993750117855,0.8688361189266743,0.6097728854716197
1663,1.0,0.9996819705290038,0.7766484922434295,0.8594993750117855,0.8688361189266743,0.6097728854716197
1664,1.0,0.9996819705290038,0.7766484922434295,0.8594993750117855,0.8688361189266743,0.6097728854716197
1665,1.0,0.9996819705290038,0.7766484922434295,0.8594993750117855,0.8688361189266743,0.6097728854716197
1666,1.0,0.9996819705290038,0.7766484922434295,0.8594993750117855,0.8688361189266743,0.6097728854716197
1667,1.0,0.9996819705290038,0.7766484922434295,0.8594993750117855,0.8688361189266743,0.6097728854716197
1668,1.0,0.9996819705290038,0.7766484922434295,0.8594993750117855,0.8688361189266743,0.6097728854716197
1669,1.0,0.9996819705290038,0.7766484922434295,0.8594993750117855,0.8688361189266743,0.6097728854716197
1670,1.0,0.9996819705290038,0.7766484922434295,0.8594993750117855,0.8688361189266743,0.6097728854716197
1671,1.0,0.9996819705290038,0.7766484922434295,0.8594993750117855,0.8688361189266743,0.6097728854716197
1672,1.0,0.9996819705290038,0.7766484922434295,0.8594993750117855,0.8688361189266743,0.6097728854716197
1673,1.0,0.9996819705290038,0.7766484922434295,0.8594993750117855,0.8688361189266743,0.6097728854716197
1674,1.0,0.9996819705290038,0.7766484922434295,0.8594993750117855,0.8688361189266743,0.6097728854716197
1675,1.0,0.9996819705290038,0.7766484922434295,0.8594993750117855,0.8688361189266743,0.6097728854716197
1676,1.0,0.9996819705290038,0.7766484922434295,0.8594993750117855,0.8688361189266743,0.6097728854716197
1677,1.0,0.9996819705290038,0.7766484922434295,0.8594993750117855,0.8688361189266743,0.6097728854716197
1678,1.0,0.9996819705290038,0.7766484922434295,0.8594993750117855,0.8688361189266743,0.6097728854716197
1679,1.0,0.9996819705290038,0.7766484922434295,0.8594993750117855,0.8688361189266743,0.6097728854716197
1680,1.0,0.9996827083761897,0.7774603945423406,0.8598607474097865,0.8694042122105298,0.6103012861491419
1681,1.0,0.9996827083761897,0.7774603945423406,0.8598607474097865,0.8694042122105298,0.6103012861491419
1682,1.0,0.9996827083761897,0.7774603945423406,0.8598607474097865,0.8694042122105298,0.6103012861491419
1683,1.0,0.9996827083761897,0.7774603945423406,0.8598607474097865,0.8694042122105298,0.6103012861491419
1684,1.0,0.9996827083761897,0.7774603945423406,0.8598607474097865,0.8694042122105298,0.6103012861491419
1685,1.0,0.9996827083761897,0.7774603945423406,0.8598607474097865,0.8694042122105298,0.6103012861491419
1686,1.0,0.9996827083761897,0.7774603945423406,0.8598607474097865,0.8694042122105298,0.6103012861491419
1687,1.0,0.9996827083761897,0.7774603945423406,0.8598607474097865,0.8694042122105298,0.6103012861491419
1688,1.0,0.9996827083761897,0.7774603945423406,0.8598607474097865,0.8694042122105298,0.6103012861491419
1689,1.0,0.9996827083761897,0.7774603945423406,0.8598607474097865,0.8694042122105298,0.6103012861491419
1690,1.0,0.9996827083761897,0.7774603945423406,0.8598607474097865,0.8694042122105298,0.6103012861491419
1691,1.0,0.9996827083761897,0.7774603945423406,0.8598607474097865,0.8694042122105298,0.6103012861491419
1692,1.0,0.9996827083761897,0.7774603945423406,0.8598607474097865,0.8694042122105298,0.6103012861491419
1693,1.0,0.9996827083761897,0.7774603945423406,0.8598607474097865,0.8694042122105298,0.6103012861491419
1694,1.0,0.9996827083761897,0.7774603945423406,0.8598607474097865,0.8694042122105298,0.6103012861491419
1695,1.0,0.9996827083761897,0.7774603945423406,0.8598607474097865,0.8694042122105298,0.6103012861491419
1696,1.0,0.9996827083761897,0.7774603945423406,0.8598607474097865,0.8694042122105298,0.6103012861491419
1697,1.0,0.9996827083761897,0.7774603945423406,0.8598607474097865,0.8694042122105298,0.6103012861491419
1698,1.0,0.9996827083761897,0.7774603945423406,0.8598607474097865,0.8694042122105298,0.6103012861491419
1699,1.0,0.9996827083761897,0.7774603945423406,0.8598607474097865,0.8694042122105298,0.6103012861491419
1700,1.0,0.9996827083761897,0.7774603945423406,0.8598607474097865,0.8694042122105298,0.6103012861491419
1701,1.0,0.9996827083761897,0.7774603945423406,0.8598607474097865,0.8694042122105298,0.6103012861491419
1702,1.0,0.9996827083761897,0.7774603945423406,0.8598607474097865,0.8694042122105298,0.6103012861491419
1703,1.0,0.9996827083761897,0.7774603945423406,0.8598607474097865,0.8694042122105298,0.6103012861491419
1704,1.0,0.999684414535145,0.7793923001414825,0.8606357917739639,0.8707619151919347,0.6113950890202202
1705,1.0,0.999684414535145,0.7793923001414825,0.8606357917739639,0.8707619151919347,0.6113950890202202
1706,1.0,0.999684414535145,0.7793923001414825,0.8606357917739639,0.8707619151919347,0.6113950890202202
1707,1.0,0.999684414535145,0.7793923001414825,0.8606357917739639,0.8707619151919347,0.6113950890202202
1708,1.0,0.999684414535145,0.7793923001414825,0.8606357917739639,0.8707619151919347,0.6113950890202202
1709,1.0,0.999684414535145,0.7793923001414825,0.8606357917739639,0.8707619151919347,0.6113950890202202
1710,1.0,0.999684414535145,0.7793923001414825,0.8606357917739639,0.8707619151919347,0.6113950890202202
1711,1.0,0.999684414535145,0.7793923001414825,0.8606357917739639,0.8707619151919347,0.6113950890202202
1712,1.0,0.999684414535145,0.7793923001414825,0.8606357917739639,0.8707619151919347,0.6113950890202202
1713,1.0,0.999684414535145,0.7793923001414825,0.8606357917739639,0.8707619151919347,0.6113950890202202
1714,1.0,0.999684414535145,0.7793923001414825,0.8606357917739639,0.8707619151919347,0.6113950890202202
1715,1.0,0.999684414535145,0.7793923001414825,0.8606357917739639,0.8707619151919347,0.6113950890202202
1716,1.0,0.999684414535145,0.7793923001414825,0.8606357917739639,0.8707619151919347,0.6113950890202202
1717,1.0,0.999684414535145,0.7793923001414825,0.8606357917739639,0.8707619151919347,0.6113950890202202
1718,1.0,0.999684414535145,0.7793923001414825,0.8606357917739639,0.8707619151919347,0.6113950890202202
1719,1.0,0.999684414535145,0.7793923001414825,0.8606357917739639,0.8707619151919347,0.6113950890202202
1720,1.0,0.999684414535145,0.7793923001414825,0.8606357917739639,0.8707619151919347,0.6113950890202202
1721,1.0,0.999684414535145,0.7793923001414825,0.8606357917739639,0.8707619151919347,0.6113950890202202
1722,1.0,0.999684414535145,0.7793923001414825,0.8606357917739639,0.8707619151919347,0.6113950890202202
1723,1.0,0.999684414535145,0.7793923001414825,0.8606357917739639,0.8707619151919347,0.6113950890202202
1724,1.0,0.999684414535145,0.7793923001414825,0.8606357917739639,0.8707619151919347,0.6113950890202202
1725,1.0,0.999684414535145,0.7793923001414825,0.8606357917739639,0.8707619151919347,0.6113950890202202
1726,1.0,0.999684414535145,0.7793923001414825,0.8606357917739639,0.8707619151919347,0.6113950890202202
1727,1.0,0.999684414535145,0.7793923001414825,0.8606357917739639,0.8707619151919347,0.6113950890202202
1728,1.0,0.999685373243694,0.780484860591996,0.8610722699597358,0.8715278571520925,0.6120238849833032
1729,1.0,0.999685373243694,0.780484860591996,0.8610722699597358,0.8715278571520925,0.6120238849833032
1730,1.0,0.999685373243694,0.780484860591996,0.8610722699597358,0.8715278571520925,0.6120238849833032
1731,1.0,0.999685373243694,0.780484860591996,0.8610722699597358,0.8715278571520925,0.6120238849833032
1732,1.0,0.999685373243694,0.780484860591996,0.8610722699597358,0.8715278571520925,0.6120238849833032
1733,1.0,0.999685373243694,0.780484860591996,0.8610722699597358,0.8715278571520925,0.6120238849833032
1734,1.0,0.999685373243694,0.780484860591996,0.8610722699597358,0.8715278571520925,0.6120238849833032
1735,1.0,0.999685373243694,0.780484860591996,0.8610722699597358,0.8715278571520925,0.6120238849833032
1736,1.0,0.999685373243694,0.780484860591996,0.8610722699597358,0.8715278571520925,0.6120238849833032
1737,1.0,0.999685373243694,0.780484860591996,0.8610722699597358,0.8715278571520925,0.6120238849833032
1738,1.0,0.999685373243694,0.780484860591996,0.8610722699597358,0.8715278571520925,0.6120238849833032
1739,1.0,0.999685373243694,0.780484860591996,0.8610722699597358,0.8715278571520925,0.6120238849833032
1740,1.0,0.999685373243694,0.780484860591996,0.8610722699597358,0.8715278571520925,0.6120238849833032
1741,1.0,0.999685373243694,0.780484860591996,0.8610722699597358,0.8715278571520925,0.6120238849833032
1742,1.0,0.999685373243694,0.780484860591996,0.8610722699597358,0.8715278571520925,0.6120238849833032
1743,1.0,0.999685373243694,0.780484860591996,0.8610722699597358,0.8715278571520925,0.6120238849833032
1744,1.0,0.999685373243694,0.780484860591996,0.8610722699597358,0.8715278571520925,0.6120238849833032
1745,1.0,0.999685373243694,0.780484860591996,0.8610722699597358,0.8715278571520925,0.6120238849833032
1746,1.0,0.999685373243694,0.780484860591996,0.8610722699597358,0.8715278571520925,0.6120238849833032
1747,1.0,0.999685373243694,0.780484860591996,0.8610722699597358,0.8715278571520925,0.6120238849833032
1748,1.0,0.999685373243694,0.780484860591996,0.8610722699597358,0.8715278571520925,0.6120238849833032
1749,1.0,0.999685373243694,0.780484860591996,0.8610722699597358,0.8715278571520925,0.6120238849833032
1750,1.0,0.999685373243694,0.780484860591996,0.8610722699597358,0.8715278571520925,0.6120238849833032
1751,1.0,0.999685373243694,0.780484860591996,0.8610722699597358,0.8715278571520925,0.6120238849833032
1752,1.0,0.999683530474393,0.7783456389160294,0.8602242357526687,0.8700636660915313,0.6107350598226872
1753,1.0,0.999683530474393,0.7783456389160294,0.8602242357526687,0.8700636660915313,0.6107350598226872
1754,1.0,0.999683530474393,0.7783456389160294,0.8602242357526687,0.8700636660915313,0.6107350598226872
1755,1.0,0.999683530474393,0.7783456389160294,0.8602242357526687,0.8700636660915313,0.6107350598226872
1756,1.0,0.999683530474393,0.7783456389160294,0.8602242357526687,0.8700636660915313,0.6107350598226872
1757,1.0,0.999683530474393,0.7783456389160294,0.8602242357526687,0.8700636660915313,0.6107350598226872
1758,1.0,0.999683530474393,0.7783456389160294,0.8602242357526687,0.8700636660915313,0.6107350598226872
1759,1.0,0.999683530474393,0.7783456389160294,0.8602242357526687,0.8700636660915313,0.6107350598226872
1760,1.0,0.999683530474393,0.7783456389160294,0.8602242357526687,0.8700636660915313,0.6107350598226872
1761,1.0,0.999683530474393,0.7783456389160294,0.8602242357526687,0.8700636660915313,0.6107350598226872
1762,1.0,0.999683530474393,0.7783456389160294,0.8602242357526687,0.8700636660915313,0.6107350598226872
1763,1.0,0.999683530474393,0.7783456389160294,0.8602242357526687,0.8700636660915313,0.6107350598226872
1764,1.0,0.999683530474393,0.7783456389160294,0.8602242357526687,0.8700636660915313,0.6107350598226872
1765,1.0,0.999683530474393,0.7783456389160294,0.8602242357526687,0.8700636660915313,0.6107350598226872
1766,1.0,0.999683530474393,0.7783456389160294,0.8602242357526687,0.8700636660915313,0.6107350598226872
1767,1.0,0.999683530474393,0.7783456389160294,0.8602242357526687,0.8700636660915313,0.6107350598226872
1768,1.0,0.999683530474393,0.7783456389160294,0.8602242357526687,0.8700636660915313,0.6107350598226872
1769,1.0,0.999683530474393,0.7783456389160294,0.8602242357526687,0.8700636660915313,0.6107350598226872
1770,1.0,0.999683530474393,0.7783456389160294,0.8602242357526687,0.8700636660915313,0.6107350598226872
1771,1.0,0.999683530474393,0.7783456389160294,0.8602242357526687,0.8700636660915313,0.6107350598226872
1772,1.0,0.999683530474393,0.7783456389160294,0.8602242357526687,0.8700636660915313,0.6107350598226872
1773,1.0,0.999683530474393,0.7783456389160294,0.8602242357526687,0.8700636660915313,0.6107350598226872
1774,1.0,0.999683530474393,0.7783456389160294,0.8602242357526687,0.8700636660915313,0.6107350598226872
1775,1.0,0.999683530474393,0.7783456389160294,0.8602242357526687,0.8700636660915313,0.6107350598226872
1776,1.0,0.9996811525407013,0.7756715568838909,0.8591065773591264,0.8681783744584144,0.6091484286050801
1777,1.0,0.9996811525407013,0.7756715568838909,0.8591065773591264,0.8681783744584144,0.6091484286050801
1778,1.0,0.9996811525407013,0.7756715568838909,0.8591065773591264,0.8681783744584144,0.6091484286050801
1779,1.0,0.9996811525407013,0.7756715568838909,0.8591065773591264,0.8681783744584144,0.6091484286050801
1780,1.0,0.9996811525407013,0.7756715568838909,0.8591065773591264,0.8681783744584144,0.6091484286050801
1781,1.0,0.9996811525407013,0.7756715568838909,0.8591065773591264,0.8681783744584144,0.6091484286050801
1782,1.0,0.9996811525407013,0.7756715568838909,0.8591065773591264,0.8681783744584144,0.6091484286050801
1783,1.0,0.9996811525407013,0.7756715568838909,0.8591065773591264,0.8681783744584144,0.6091484286050801
1784,1.0,0.9996811525407013,0.7756715568838909,0.8591065773591264,0.8681783744584144,0.6091484286050801
1785,1.0,0.9996811525407013,0.7756715568838909,0.8591065773591264,0.8681783744584144,0.6091484286050801
1786,1.0,0.9996811525407013,0.7756715568838909,0.8591065773591264,0.8681783744584144,0.6091484286050801
1787,1.0,0.9996811525407013,0.7756715568838909,0.8591065773591264,0.8681783744584144,0.6091484286050801
1788,1.0,0.9996811525407013,0.7756715568838909,0.8591065773591264,0.8681783744584144,0.6091484286050801
1789,1.0,0.9996811525407013,0.7756715568838909,0.8591065773591264,0.8681783744584144,0.6091484286050801
1790,1.0,0.9996811525407013,0.7756715568838909,0.8591065773591264,0.8681783744584144,0.6091484286050801
1791,1.0,0.9996811525407013,0.7756715568838909,0.8591065773591264,0.8681783744584144,0.6091484286050801
1792,1.0,0.9996811525407013,0.7756715568838909,0.8591065773591264,0.8681783744584144,0.6091484286050801
1793,1.0,0.9996811525407013,0.7756715568838909,0.8591065773591264,0.8681783744584144,0.6091484286050801
1794,1.0,0.9996811525407013,0.7756715568838909,0.8591065773591264,0.8681783744584144,0.6091484286050801
1795,1.0,0.9996811525407013,0.7756715568838909,0.8591065773591264,0.8681783744584144,0.6091484286050801
1796,1.0,0.9996811525407013,0.7756715568838909,0.8591065773591264,0.8681783744584144,0.6091484286050801
1797,1.0,0.9996811525407013,0.7756715568838909,0.8591065773591264,0.8681783744584144,0.6091484286050801
1798,1.0,0.9996811525407013,0.7756715568838909,0.8591065773591264,0.8681783744584144,0.6091484286050801
1799,1.0,0.9996811525407013,0.7756715568838909,0.8591065773591264,0.8681783744584144,0.6091484286050801
1800,1.0,0.9996796793035737,0.7740583955914624,0.8584426216319451,0.8670134846040893,0.6082206269416027
1801,1.0,0.9996796793035737,0.7740583955914624,0.8584426216319451,0.8670134846040893,0.6082206269416027
1802,1.0,0.9996796793035737,0.7740583955914624,0.8584426216319451,0.8670134846040893,0.6082206269416027
1803,1.0,0.9996796793035737,0.7740583955914624,0.8584426216319451,0.8670134846040893,0.6082206269416027
1804,1.0,0.9996796793035737,0.7740583955914624,0.8584426216319451,0.8670134846040893,0.6082206269416027
1805,1.0,0.9996796793035737,0.7740583955914624,0.8584426216319451,0.8670134846040893,0.6082206269416027
1806,1.0,0.9996796793035737,0.7740583955914624,0.8584426216319451,0.8670134846040893,0.6082206269416027
1807,1.0,0.9996796793035737,0.7740583955914624,0.8584426216319451,0.8670134846040893,0.6082206269416027
1808,1.0,0.9996796793035737,0.7740583955914624,0.8584426216319451,0.8670134846040893,0.6082206269416027
1809,1.0,0.9996796793035737,0.7740583955914624,0.8584426216319451,0.8670134846040893,0.6082206269416027
1810,1.0,0.9996796793035737,0.7740583955914624,0.8584426216319451,0.8670134846040893,0.6082206269416027
1811,1.0,0.9996796793035737,0.7740583955914624,0.8584426216319451,0.8670134846040893,0.6082206269416027
1812,1.0,0.9996796793035737,0.7740583955914624,0.8584426216319451,0.8670134846040893,0.6082206269416027
1813,1.0,0.9996796793035737,0.7740583955914624,0.8584426216319451,0.8670134846040893,0.6082206269416027
1814,1.0,0.9996796793035737,0.7740583955914624,0.8584426216319451,0.8670134846040893,0.6082206269416027
1815,1.0,0.9996796793035737,0.7740583955914624,0.8584426216319451,0.8670134846040893,0.6082206269416027
1816,1.0,0.9996796793035737,0.7740583955914624,0.8584426216319451,0.8670134846040893,0.6082206269416027
1817,1.0,0.9996796793035737,0.7740583955914624,0.8584426216319451,0.8670134846040893,0.6082206269416027
1818,1.0,0.9996796793035737,0.7740583955914624,0.8584426216319451,0.8670134846040893,0.6082206269416027
1819,1.0,0.9996796793035737,0.7740583955914624,0.8584426216319451,0.8670134846040893,0.6082206269416027
1820,1.0,0.9996796793035737,0.7740583955914624,0.8584426216319451,0.8670134846040893,0.6082206269416027
1821,1.0,0.9996796793035737,0.7740583955914624,0.8584426216319451,0.8670134846040893,0.6082206269416027
1822,1.0,0.9996796793035737,0.7740583955914624,0.8584426216319451,0.8670134846040893,0.6082206269416027
1823,1.0,0.9996796793035737,0.7740583955914624,0.8584426216319451,0.8670134846040893,0.6082206269416027
1824,1.0,0.9996784606280004,0.7727290400467376,0.8578948729093274,0.8660570500306145,0.6074354303169406
1825,1.0,0.9996784606280004,0.7727290400467376,0.8578948729093274,0.8660570500306145,0.6074354303169406
1826,1.0,0.9996784606280004,0.7727290400467376,0.8578948729093274,0.8660570500306145,0.6074354303169406
1827,1.0,0.9996784606280004,0.7727290400467376,0.8578948729093274,0.8660570500306145,0.6074354303169406
1828,1.0,0.9996784606280004,0.7727290400467376,0.8578948729093274,0.8660570500306145,0.6074354303169406
1829,1.0,0.9996784606280004,0.7727290400467376,0.8578948729093274,0.8660570500306145,0.6074354303169406
1830,1.0,0.9996784606280004,0.7727290400467376,0.8578948729093274,0.8660570500306145,0.6074354303169406
1831,1.0,0.9996784606280004,0.7727290400467376,0.8578948729093274,0.8660570500306145,0.6074354303169406
1832,1.0,0.9996784606280004,0.7727290400467376,0.8578948729093274,0.8660570500306145,0.6074354303169406
1833,1.0,0.9996784606280004,0.7727290400467376,0.8578948729093274,0.8660570500306145,0.6074354303169406
1834,1.0,0.9996784606280004,0.7727290400467376,0.8578948729093274,0.8660570500306145,0.6074354303169406
1835,1.0,0.9996784606280004,0.7727290400467376,0.8578948729093274,0.8660570500306145,0.6074354303169406
1836,1.0,0.9996784606280004,0.7727290400467376,0.8578948729093274,0.8660570500306145,0.6074354303169406
1837,1.0,0.9996784606280004,0.7727290400467376,0.8578948729093274,0.8660570500306145,0.6074354303169406
1838,1.0,0.9996784606280004,0.7727290400467376,0.8578948729093274,0.8660570500306145,0.6074354303169406
1839,1.0,0.9996784606280004,0.7727290400467376,0.8578948729093274,0.8660570500306145,0.6074354303169406
1840,1.0,0.9996784606280004,0.7727290400467376,0.8578948729093274,0.8660570500306145,0.6074354303169406
1841,1.0,0.9996784606280004,0.7727290400467376,0.8578948729093274,0.8660570500306145,0.6074354303169406
1842,1.0,0.9996784606280004,0.7727290400467376,0.8578948729093274,0.8660570500306145,0.6074354303169406
1843,1.0,0.9996784606280004,0.7727290400467376,0.8578948729093274,0.8660570500306145,0.6074354303169406
1844,1.0,0.9996784606280004,0.7727290400467376,0.8578948729093274,0.8660570500306145,0.6074354303169406
1845,1.0,0.9996784606280004,0.7727290400467376,0.8578948729093274,0.8660570500306145,0.6074354303169406
1846,1.0,0.9996784606280004,0.7727290400467376,0.8578948729093274,0.8660570500306145,0.6074354303169406
1847,1.0,0.9996784606280004,0.7727290400467376,0.8578948729093274,0.8660570500306145,0.6074354303169406
1848,1.0,0.9996739194461526,0.767766733156671,0.8557744958326157,0.8623903534949955,0.6041943383911629
1849,1.0,0.9996739194461526,0.767766733156671,0.8557744958326157,0.8623903534949955,0.6041943383911629
1850,1.0,0.9996739194461526,0.767766733156671,0.8557744958326157,0.8623903534949955,0.6041943383911629
1851,1.0,0.9996739194461526,0.767766733156671,0.8557744958326157,0.8623903534949955,0.6041943383911629
1852,1.0,0.9996739194461526,0.767766733156671,0.8557744958326157,0.8623903534949955,0.6041943383911629
1853,1.0,0.9996739194461526,0.767766733156671,0.8557744958326157,0.8623903534949955,0.6041943383911629
1854,1.0,0.9996739194461526,0.767766733156671,0.8557744958326157,0.8623903534949955,0.6041943383911629
1855,1.0,0.9996739194461526,0.767766733156671,0.8557744958326157,0.8623903534949955,0.6041943383911629
1856,1.0,0.9996739194461526,0.767766733156671,0.8557744958326157,0.8623903534949955,0.6041943383911629
1857,1.0,0.9996739194461526,0.767766733156671,0.8557744958326157,0.8623903534949955,0.6041943383911629
1858,1.0,0.9996739194461526,0.767766733156671,0.8557744958326157,0.8623903534949955,0.6041943383911629
1859,1.0,0.9996739194461526,0.767766733156671,0.8557744958326157,0.8623903534949955,0.6041943383911629
1860,1.0,0.9996739194461526,0.767766733156671,0.8557744958326157,0.8623903534949955,0.6041943383911629
1861,1.0,0.9996739194461526,0.767766733156671,0.8557744958326157,0.8623903534949955,0.6041943383911629
1862,1.0,0.9996739194461526,0.767766733156671,0.8557744958326157,0.8623903534949955,0.6041943383911629
1863,1.0,0.9996739194461526,0.767766733156671,0.8557744958326157,0.8623903534949955,0.6041943383911629
1864,1.0,0.9996739194461526,0.767766733156671,0.8557744958326157,0.8623903534949955,0.6041943383911629
1865,1.0,0.9996739194461526,0.767766733156671,0.8557744958326157,0.8623903534949955,0.6041943383911629
1866,1.0,0.9996739194461526,0.767766733156671,0.8557744958326157,0.8623903534949955,0.6041943383911629
1867,1.0,0.9996739194461526,0.767766733156671,0.8557744958326157,0.8623903534949955,0.6041943383911629
1868,1.0,0.9996739194461526,0.767766733156671,0.8557744958326157,0.8623903534949955,0.6041943383911629
1869,1.0,0.9996739194461526,0.767766733156671,0.8557744958326157,0.8623903534949955,0.6041943383911629
1870,1.0,0.9996739194461526,0.767766733156671,0.8557744958326157,0.8623903534949955,0.6041943383911629
1871,1.0,0.9996739194461526,0.767766733156671,0.8557744958326157,0.8623903534949955,0.6041943383911629
1872,1.0,0.999671092002151,0.7645626081185805,0.854466175108065,0.8601371410830038,0.6023053712571416
1873,1.0,0.999671092002151,0.7645626081185805,0.854466175108065,0.8601371410830038,0.6023053712571416
1874,1.0,0.999671092002151,0.7645626081185805,0.854466175108065,0.8601371410830038,0.6023053712571416
1875,1.0,0.999671092002151,0.7645626081185805,0.854466175108065,0.8601371410830038,0.6023053712571416
1876,1.0,0.999671092002151,0.7645626081185805,0.854466175108065,0.8601371410830038,0.6023053712571416
1877,1.0,0.999671092002151,0.7645626081185805,0.854466175108065,0.8601371410830038,0.6023053712571416
1878,1.0,0.999671092002151,0.7645626081185805,0.854466175108065,0.8601371410830038,0.6023053712571416
1879,1.0,0.999671092002151,0.7645626081185805,0.854466175108065,0.8601371410830038,0.6023053712571416
1880,1.0,0.999671092002151,0.7645626081185805,0.854466175108065,0.8601371410830038,0.6023053712571416
1881,1.0,0.999671092002151,0.7645626081185805,0.854466175108065,0.8601371410830038,0.6023053712571416
1882,1.0,0.999671092002151,0.7645626081185805,0.854466175108065,0.8601371410830038,0.6023053712571416
1883,1.0,0.999671092002151,0.7645626081185805,0.854466175108065,0.8601371410830038,0.6023053712571416
1884,1.0,0.999671092002151,0.7645626081185805,0.854466175108065,0.8601371410830038,0.6023053712571416
1885,1.0,0.999671092002151,0.7645626081185805,0.854466175108065,0.8601371410830038,0.6023053712571416
1886,1.0,0.999671092002151,0.7645626081185805,0.854466175108065,0.8601371410830038,0.6023053712571416
1887,1.0,0.999671092002151,0.7645626081185805,0.854466175108065,0.8601371410830038,0.6023053712571416
1888,1.0,0.999671092002151,0.7645626081185805,0.854466175108065,0.8601371410830038,0.6023053712571416
1889,1.0,0.999671092002151,0.7645626081185805,0.854466175108065,0.8601371410830038,0.6023053712571416
1890,1.0,0.999671092002151,0.7645626081185805,0.854466175108065,0.8601371410830038,0.6023053712571416
1891,1.0,0.999671092002151,0.7645626081185805,0.854466175108065,0.8601371410830038,0.6023053712571416
1892,1.0,0.999671092002151,0.7645626081185805,0.854466175108065,0.8601371410830038,0.6023053712571416
1893,1.0,0.999671092002151,0.7645626081185805,0.854466175108065,0.8601371410830038,0.6023053712571416
1894,1.0,0.999671092002151,0.7645626081185805,0.854466175108065,0.8601371410830038,0.6023053712571416
1895,1.0,0.999671092002151,0.7645626081185805,0.854466175108065,0.8601371410830038,0.6023053712571416
1896,1.0,0.9996649198598342,0.7580268191630126,0.8512729267594793,0.8562467289873169,0.5978075331805366
1897,1.0,0.9996649198598342,0.7580268191630126,0.8512729267594793,0.8562467289873169,0.5978075331805366
1898,1.0,0.9996649198598342,0.7580268191630126,0.8512729267594793,0.8562467289873169,0.5978075331805366
1899,1.0,0.9996649198598342,0.7580268191630126,0.8512729267594793,0.8562467289873169,0.5978075331805366
1900,1.0,0.9996649198598342,0.7580268191630126,0.8512729267594793,0.8562467289873169,0.5978075331805366
1901,1.0,0.9996649198598342,0.7580268191630126,0.8512729267594793,0.8562467289873169,0.5978075331805366
1902,1.0,0.9996649198598342,0.7580268191630126,0.8512729267594793,0.8562467289873169,0.5978075331805366
1903,1.0,0.9996649198598342,0.7580268191630126,0.8512729267594793,0.8562467289873169,0.5978075331805366
1904,1.0,0.9996649198598342,0.7580268191630126,0.8512729267594793,0.8562467289873169,0.5978075331805366
1905,1.0,0.9996649198598342,0.7580268191630126,0.8512729267594793,0.8562467289873169,0.5978075331805366
1906,1.0,0.9996649198598342,0.7580268191630126,0.8512729267594793,0.8562467289873169,0.5978075331805366
1907,1.0,0.9996649198598342,0.7580268191630126,0.8512729267594793,0.8562467289873169,0.5978075331805366
1908,1.0,0.9996649198598342,0.7580268191630126,0.8512729267594793,0.8562467289873169,0.5978075331805366
1909,1.0,0.9996649198598342,0.7580268191630126,0.8512729267594793,0.8562467289873169,0.5978075331805366
1910,1.0,0.9996649198598342,0.7580268191630126,0.8512729267594793,0.8562467289873169,0.5978075331805366
1911,1.0,0.9996649198598342,0.7580268191630126,0.8512729267594793,0.8562467289873169,0.5978075331805366
1912,1.0,0.9996649198598342,0.7580268191630126,0.8512729267594793,0.8562467289873169,0.5978075331805366
1913,1.0,0.9996649198598342,0.7580268191630126,0.8512729267594793,0.8562467289873169,0.5978075331805366
1914,1.0,0.9996649198598342,0.7580268191630126,0.8512729267594793,0.8562467289873169,0.5978075331805366
1915,1.0,0.9996649198598342,0.7580268191630126,0.8512729267594793,0.8562467289873169,0.5978075331805366
1916,1.0,0.9996649198598342,0.7580268191630126,0.8512729267594793,0.8562467289873169,0.5978075331805366
1917,1.0,0.9996649198598342,0.7580268191630126,0.8512729267594793,0.8562467289873169,0.5978075331805366
1918,1.0,0.9996649198598342,0.7580268191630126,0.8512729267594793,0.8562467289873169,0.5978075331805366
1919,1.0,0.9996649198598342,0.7580268191630126,0.8512729267594793,0.8562467289873169,0.5978075331805366
1920,1.0,0.9996573204492285,0.7500010279137593,0.8476269500627799,0.8508977331375726,0.5924644236860278
1921,1.0,0.9996573204492285,0.7500010279137593,0.8476269500627799,0.8508977331375726,0.5924644236860278
1922,1.0,0.9996573204492285,0.7500010279137593,0.8476269500627799,0.8508977331375726,0.5924644236860278
1923,1.0,0.9996573204492285,0.7500010279137593,0.8476269500627799,0.8508977331375726,0.5924644236860278
1924,1.0,0.9996573204492285,0.7500010279137593,0.8476269500627799,0.8508977331375726,0.5924644236860278
1925,1.0,0.9996573204492285,0.7500010279137593,0.8476269500627799,0.8508977331375726,0.5924644236860278
1926,1.0,0.9996573204492285,0.7500010279137593,0.8476269500627799,0.8508977331375726,0.5924644236860278
1927,1.0,0.9996573204492285,0.7500010279137593,0.8476269500627799,0.8508977331375726,0.5924644236860278
1928,1.0,0.9996573204492285,0.7500010279137593,0.8476269500627799,0.8508977331375726,0.5924644236860278
1929,1.0,0.9996573204492285,0.7500010279137593,0.8476269500627799,0.8508977331375726,0.5924644236860278
1930,1.0,0.9996573204492285,0.7500010279137593,0.8476269500627799,0.8508977331375726,0.5924644236860278
1931,1.0,0.9996573204492285,0.7500010279137593,0.8476269500627799,0.8508977331375726,0.5924644236860278
1932,1.0,0.9996573204492285,0.7500010279137593,0.8476269500627799,0.8508977331375726,0.5924644236860278
1933,1.0,0.9996573204492285,0.7500010279137593,0.8476269500627799,0.8508977331375726,0.5924644236860278
1934,1.0,0.9996573204492285,0.7500010279137593,0.8476269500627799,0.8508977331375726,0.5924644236860278
1935,1.0,0.9996573204492285,0.7500010279137593,0.8476269500627799,0.8508977331375726,0.5924644236860278
1936,1.0,0.9996573204492285,0.7500010279137593,0.8476269500627799,0.8508977331375726,0.5924644236860278
1937,1.0,0.9996573204492285,0.7500010279137593,0.8476269500627799,0.8508977331375726,0.5924644236860278
1938,1.0,0.9996573204492285,0.7500010279137593,0.8476269500627799,0.8508977331375726,0.5924644236860278
1939,1.0,0.9996573204492285,0.7500010279137593,0.8476269500627799,0.8508977331375726,0.5924644236860278
1940,1.0,0.9996573204492285,0.7500010279137593,0.8476269500627799,0.8508977331375726,0.5924644236860278
1941,1.0,0.9996573204492285,0.7500010279137593,0.8476269500627799,0.8508977331375726,0.5924644236860278
1942,1.0,0.9996573204492285,0.7500010279137593,0.8476269500627799,0.8508977331375726,0.5924644236860278
1943,1.0,0.9996573204492285,0.7500010279137593,0.8476269500627799,0.8508977331375726,0.5924644236860278
1944,1.0,0.9996512337451486,0.7436418033189821,0.8445364083114578,0.8469679752128365,0.5881522661086048
1945,1.0,0.9996512337451486,0.7436418033189821,0.8445364083114578,0.8469679752128365,0.5881522661086048
1946,1.0,0.9996512337451486,0.7436418033189821,0.8445364083114578,0.8469679752128365,0.5881522661086048
1947,1.0,0.9996512337451486,0.7436418033189821,0.8445364083114578,0.8469679752128365,0.5881522661086048
1948,1.0,0.9996512337451486,0.7436418033189821,0.8445364083114578,0.8469679752128365,0.5881522661086048
1949,1.0,0.9996512337451486,0.7436418033189821,0.8445364083114578,0.8469679752128365,0.5881522661086048
1950,1.0,0.9996512337451486,0.7436418033189821,0.8445364083114578,0.8469679752128365,0.5881522661086048
1951,1.0,0.9996512337451486,0.7436418033189821,0.8445364083114578,0.8469679752128365,0.5881522661086048
1952,1.0,0.9996512337451486,0.7436418033189821,0.8445364083114578,0.8469679752128365,0.5881522661086048
1953,1.0,0.9996512337451486,0.7436418033189821,0.8445364083114578,0.8469679752128365,0.5881522661086048
1954,1.0,0.9996512337451486,0.7436418033189821,0.8445364083114578,0.8469679752128365,0.5881522661086048
1955,1.0,0.9996512337451486,0.7436418033189821,0.8445364083114578,0.8469679752128365,0.5881522661086048
1956,1.0,0.9996512337451486,0.7436418033189821,0.8445364083114578,0.8469679752128365,0.5881522661086048
1957,1.0,0.9996512337451486,0.7436418033189821,0.8445364083114578,0.8469679752128365,0.5881522661086048
1958,1.0,0.9996512337451486,0.7436418033189821,0.8445364083114578,0.8469679752128365,0.5881522661086048
1959,1.0,0.9996512337451486,0.7436418033189821,0.8445364083114578,0.8469679752128365,0.5881522661086048
1960,1.0,0.9996512337451486,0.7436418033189821,0.8445364083114578,0.8469679752128365,0.5881522661086048
1961,1.0,0.9996512337451486,0.7436418033189821,0.8445364083114578,0.8469679752128365,0.5881522661086048
1962,1.0,0.9996512337451486,0.7436418033189821,0.8445364083114578,0.8469679752128365,0.5881522661086048
1963,1.0,0.9996512337451486,0.7436418033189821,0.8445364083114578,0.8469679752128365,0.5881522661086048
1964,1.0,0.9996512337451486,0.7436418033189821,0.8445364083114578,0.8469679752128365,0.5881522661086048
1965,1.0,0.9996512337451486,0.7436418033189821,0.8445364083114578,0.8469679752128365,0.5881522661086048
1966,1.0,0.9996512337451486,0.7436418033189821,0.8445364083114578,0.8469679752128365,0.5881522661086048
1967,1.0,0.9996512337451486,0.7436418033189821,0.8445364083114578,0.8469679752128365,0.5881522661086048
1968,1.0,0.999645272991916,0.7374228437815639,0.84149241450513,0.8431589745926441,0.5839056849028289
1969,1.0,0.999645272991916,0.7374228437815639,0.84149241450513,0.8431589745926441,0.5839056849028289
1970,1.0,0.999645272991916,0.7374228437815639,0.84149241450513,0.8431589745926441,0.5839056849028289
1971,1.0,0.999645272991916,0.7374228437815639,0.84149241450513,0.8431589745926441,0.5839056849028289
1972,1.0,0.999645272991916,0.7374228437815639,0.84149241450513,0.8431589745926441,0.5839056849028289
1973,1.0,0.999645272991916,0.7374228437815639,0.84149241450513,0.8431589745926441,0.5839056849028289
1974,1.0,0.999645272991916,0.7374228437815639,0.84149241450513,0.8431589745926441,0.5839056849028289
1975,1.0,0.999645272991916,0.7374228437815639,0.84149241450513,0.8431589745926441,0.5839056849028289
1976,1.0,0.999645272991916,0.7374228437815639,0.84149241450513,0.8431589745926441,0.5839056849028289
1977,1.0,0.999645272991916,0.7374228437815639,0.84149241450513,0.8431589745926441,0.5839056849028289
1978,1.0,0.999645272991916,0.7374228437815639,0.84149241450513,0.8431589745926441,0.5839056849028289
1979,1.0,0.999645272991916,0.7374228437815639,0.84149241450513,0.8431589745926441,0.5839056849028289
1980,1.0,0.999645272991916,0.7374228437815639,0.84149241450513,0.8431589745926441,0.5839056849028289
1981,1.0,0.999645272991916,0.7374228437815639,0.84149241450513,0.8431589745926441,0.5839056849028289
1982,1.0,0.999645272991916,0.7374228437815639,0.84149241450513,0.8431589745926441,0.5839056849028289
1983,1.0,0.999645272991916,0.7374228437815639,0.84149241450513,0.8431589745926441,0.5839056849028289
1984,1.0,0.999645272991916,0.7374228437815639,0.84149241450513,0.8431589745926441,0.5839056849028289
1985,1.0,0.999645272991916,0.7374228437815639,0.84149241450513,0.8431589745926441,0.5839056849028289
1986,1.0,0.999645272991916,0.7374228437815639,0.84149241450513,0.8431589745926441,0.5839056849028289
1987,1.0,0.999645272991916,0.7374228437815639,0.84149241450513,0.8431589745926441,0.5839056849028289
1988,1.0,0.999645272991916,0.7374228437815639,0.84149241450513,0.8431589745926441,0.5839056849028289
1989,1.0,0.999645272991916,0.7374228437815639,0.84149241450513,0.8431589745926441,0.5839056849028289
1990,1.0,0.999645272991916,0.7374228437815639,0.84149241450513,0.8431589745926441,0.5839056849028289
1991,1.0,0.999645272991916,0.7374228437815639,0.84149241450513,0.8431589745926441,0.5839056849028289
1992,1.0,0.9996398641965424,0.7318055576673412,0.8387080656485876,0.8397711258983813,0.5800623435669353
1993,1.0,0.9996398641965424,0.7318055576673412,0.8387080656485876,0.8397711258983813,0.5800623435669353
1994,1.0,0.9996398641965424,0.7318055576673412,0.8387080656485876,0.8397711258983813,0.5800623435669353
1995,1.0,0.9996398641965424,0.7318055576673412,0.8387080656485876,0.8397711258983813,0.5800623435669353
1996,1.0,0.9996398641965424,0.7318055576673412,0.8387080656485876,0.8397711258983813,0.5800623435669353
1997,1.0,0.9996398641965424,0.7318055576673412,0.8387080656485876,0.8397711258983813,0.5800623435669353
1998,1.0,0.9996398641965424,0.7318055576673412,0.8387080656485876,0.8397711258983813,0.5800623435669353
1999,1.0,0.9996398641965424,0.7318055576673412,0.8387080656485876,0.8397711258983813,0.5800623435669353
2000,1.0,0.9996398641965424,0.7318055576673412,0.8387080656485876,0.8397711258983813,0.5800623435669353
2001,1.0,0.9996398641965424,0.7318055576673412,0.8387080656485876,0.8397711258983813,0.5800623435669353
2002,1.0,0.9996398641965424,0.7318055576673412,0.8387080656485876,0.8397711258983813,0.5800623435669353
2003,1.0,0.9996398641965424,0.7318055576673412,0.8387080656485876,0.8397711258983813,0.5800623435669353
2004,1.0,0.9996398641965424,0.7318055576673412,0.8387080656485876,0.8397711258983813,0.5800623435669353
2005,1.0,0.9996398641965424,0.7318055576673412,0.8387080656485876,0.8397711258983813,0.5800623435669353
2006,1.0,0.9996398641965424,0.7318055576673412,0.8387080656485876,0.8397711258983813,0.5800623435669353
2007,1.0,0.9996398641965424,0.7318055576673412,0.8387080656485876,0.8397711258983813,0.5800623435669353
2008,1.0,0.9996398641965424,0.7318055576673412,0.8387080656485876,0.8397711258983813,0.5800623435669353
2009,1.0,0.9996398641965424,0.7318055576673412,0.8387080656485876,0.8397711258983813,0.5800623435669353
2010,1.0,0.9996398641965424,0.7318055576673412,0.8387080656485876,0.8397711258983813,0.5800623435669353
2011,1.0,0.9996398641965424,0.7318055576673412,0.8387080656485876,0.8397711258983813,0.5800623435669353
2012,1.0,0.9996398641965424,0.7318055576673412,0.8387080656485876,0.8397711258983813,0.5800623435669353
2013,1.0,0.9996398641965424,0.7318055576673412,0.8387080656485876,0.8397711258983813,0.5800623435669353
2014,1.0,0.9996398641965424,0.7318055576673412,0.8387080656485876,0.8397711258983813,0.5800623435669353
2015,1.0,0.9996398641965424,0.7318055576673412,0.8387080656485876,0.8397711258983813,0.5800623435669353
2016,1.0,0.9996340127676261,0.7258240871284056,0.8360085135012615,0.8358107243937001,0.5761207947075627
2017,1.0,0.9996340127676261,0.7258240871284056,0.8360085135012615,0.8358107243937001,0.5761207947075627
2018,1.0,0.9996340127676261,0.7258240871284056,0.8360085135012615,0.8358107243937001,0.5761207947075627
2019,1.0,0.9996340127676261,0.7258240871284056,0.8360085135012615,0.8358107243937001,0.5761207947075627
2020,1.0,0.9996340127676261,0.7258240871284056,0.8360085135012615,0.8358107243937001,0.5761207947075627
2021,1.0,0.9996340127676261,0.7258240871284056,0.8360085135012615,0.8358107243937001,0.5761207947075627
2022,1.0,0.9996340127676261,0.7258240871284056,0.8360085135012615,0.8358107243937001,0.5761207947075627
2023,1.0,0.9996340127676261,0.7258240871284056,0.8360085135012615,0.8358107243937001,0.5761207947075627
2024,1.0,0.9996340127676261,0.7258240871284056,0.8360085135012615,0.8358107243937001,0.5761207947075627
2025,1.0,0.9996340127676261,0.7258240871284056,0.8360085135012615,0.8358107243937001,0.5761207947075627
2026,1.0,0.9996340127676261,0.7258240871284056,0.8360085135012615,0.8358107243937001,0.5761207947075627
2027,1.0,0.9996340127676261,0.7258240871284056,0.8360085135012615,0.8358107243937001,0.5761207947075627
2028,1.0,0.9996340127676261,0.7258240871284056,0.8360085135012615,0.8358107243937001,0.5761207947075627
2029,1.0,0.9996340127676261,0.7258240871284056,0.8360085135012615,0.8358107243937001,0.5761207947075627
2030,1.0,0.9996340127676261,0.7258240871284056,0.8360085135012615,0.8358107243937001,0.5761207947075627
2031,1.0,0.9996340127676261,0.7258240871284056,0.8360085135012615,0.8358107243937001,0.5761207947075627
2032,1.0,0.9996340127676261,0.7258240871284056,0.8360085135012615,0.8358107243937001,0.5761207947075627
2033,1.0,0.9996340127676261,0.7258240871284056,0.8360085135012615,0.8358107243937001,0.5761207947075627
2034,1.0,0.9996340127676261,0.7258240871284056,0.8360085135012615,0.8358107243937001,0.5761207947075627
2035,1.0,0.9996340127676261,0.7258240871284056,0.8360085135012615,0.8358107243937001,0.5761207947075627
2036,1.0,0.9996340127676261,0.7258240871284056,0.8360085135012615,0.8358107243937001,0.5761207947075627
2037,1.0,0.9996340127676261,0.7258240871284056,0.8360085135012615,0.8358107243937001,0.5761207947075627
2038,1.0,0.9996340127676261,0.7258240871284056,0.8360085135012615,0.8358107243937001,0.5761207947075627
2039,1.0,0.9996340127676261,0.7258240871284056,0.8360085135012615,0.8358107243937001,0.5761207947075627
2040,1.0,0.9996306207454678,0.7225053813545249,0.8342195835132266,0.8339935286702493,0.5736001501647917
2041,1.0,0.9996306207454678,0.7225053813545249,0.8342195835132266,0.8339935286702493,0.5736001501647917
2042,1.0,0.9996306207454678,0.7225053813545249,0.8342195835132266,0.8339935286702493,0.5736001501647917
2043,1.0,0.9996306207454678,0.7225053813545249,0.8342195835132266,0.8339935286702493,0.5736001501647917
2044,1.0,0.9996306207454678,0.7225053813545249,0.8342195835132266,0.8339935286702493,0.5736001501647917
2045,1.0,0.9996306207454678,0.7225053813545249,0.8342195835132266,0.8339935286702493,0.5736001501647917
2046,1.0,0.9996306207454678,0.7225053813545249,0.8342195835132266,0.8339935286702493,0.5736001501647917
2047,1.0,0.9996306207454678,0.7225053813545249,0.8342195835132266,0.8339935286702493,0.5736001501647917
2048,1.0,0.9996306207454678,0.7225053813545249,0.8342195835132266,0.8339935286702493,0.5736001501647917
2049,1.0,0.9996306207454678,0.7225053813545249,0.8342195835132266,0.8339935286702493,0.5736001501647917
2050,1.0,0.9996306207454678,0.7225053813545249,0.8342195835132266,0.8339935286702493,0.5736001501647917
2051,1.0,0.9996306207454678,0.7225053813545249,0.8342195835132266,0.8339935286702493,0.5736001501647917
2052,1.0,0.9996306207454678,0.7225053813545249,0.8342195835132266,0.8339935286702493,0.5736001501647917
2053,1.0,0.9996306207454678,0.7225053813545249,0.8342195835132266,0.8339935286702493,0.5736001501647917
2054,1.0,0.9996306207454678,0.7225053813545249,0.8342195835132266,0.8339935286702493,0.5736001501647917
2055,1.0,0.9996306207454678,0.7225053813545249,0.8342195835132266,0.8339935286702493,0.5736001501647917
2056,1.0,0.9996306207454678,0.7225053813545249,0.8342195835132266,0.8339935286702493,0.5736001501647917
2057,1.0,0.9996306207454678,0.7225053813545249,0.8342195835132266,0.8339935286702493,0.5736001501647917
2058,1.0,0.9996306207454678,0.7225053813545249,0.8342195835132266,0.8339935286702493,0.5736001501647917
2059,1.0,0.9996306207454678,0.7225053813545249,0.8342195835132266,0.8339935286702493,0.5736001501647917
2060,1.0,0.9996306207454678,0.7225053813545249,0.8342195835132266,0.8339935286702493,0.5736001501647917
2061,1.0,0.9996306207454678,0.7225053813545249,0.8342195835132266,0.8339935286702493,0.5736001501647917
2062,1.0,0.9996306207454678,0.7225053813545249,0.8342195835132266,0.8339935286702493,0.5736001501647917
2063,1.0,0.9996306207454678,0.7225053813545249,0.8342195835132266,0.8339935286702493,0.5736001501647917
2064,1.0,0.9996271469712373,0.7190481639780192,0.8322886318967416,0.8321891935465854,0.5709369666062166
2065,1.0,0.9996271469712373,0.7190481639780192,0.8322886318967416,0.8321891935465854,0.5709369666062166
2066,1.0,0.9996271469712373,0.7190481639780192,0.8322886318967416,0.8321891935465854,0.5709369666062166
2067,1.0,0.9996271469712373,0.7190481639780192,0.8322886318967416,0.8321891935465854,0.5709369666062166
2068,1.0,0.9996271469712373,0.7190481639780192,0.8322886318967416,0.8321891935465854,0.5709369666062166
2069,1.0,0.9996271469712373,0.7190481639780192,0.8322886318967416,0.8321891935465854,0.5709369666062166
2070,1.0,0.9996271469712373,0.7190481639780192,0.8322886318967416,0.8321891935465854,0.5709369666062166
2071,1.0,0.9996271469712373,0.7190481639780192,0.8322886318967416,0.8321891935465854,0.5709369666062166
2072,1.0,0.9996271469712373,0.7190481639780192,0.8322886318967416,0.8321891935465854,0.5709369666062166
2073,1.0,0.9996271469712373,0.7190481639780192,0.8322886318967416,0.8321891935465854,0.5709369666062166
2074,1.0,0.9996271469712373,0.7190481639780192,0.8322886318967416,0.8321891935465854,0.5709369666062166
2075,1.0,0.9996271469712373,0.7190481639780192,0.8322886318967416,0.8321891935465854,0.5709369666062166
2076,1.0,0.9996271469712373,0.7190481639780192,0.8322886318967416,0.8321891935465854,0.5709369666062166
2077,1.0,0.9996271469712373,0.7190481639780192,0.8322886318967416,0.8321891935465854,0.5709369666062166
2078,1.0,0.9996271469712373,0.7190481639780192,0.8322886318967416,0.8321891935465854,0.5709369666062166
2079,1.0,0.9996271469712373,0.7190481639780192,0.8322886318967416,0.8321891935465854,0.5709369666062166
2080,1.0,0.9996271469712373,0.7190481639780192,0.8322886318967416,0.8321891935465854,0.5709369666062166
2081,1.0,0.9996271469712373,0.7190481639780192,0.8322886318967416,0.8321891935465854,0.5709369666062166
2082,1.0,0.9996271469712373,0.7190481639780192,0.8322886318967416,0.8321891935465854,0.5709369666062166
2083,1.0,0.9996271469712373,0.7190481639780192,0.8322886318967416,0.8321891935465854,0.5709369666062166
2084,1.0,0.9996271469712373,0.7190481639780192,0.8322886318967416,0.8321891935465854,0.5709369666062166
2085,1.0,0.9996271469712373,0.7190481639780192,0.8322886318967416,0.8321891935465854,0.5709369666062166
2086,1.0,0.9996271469712373,0.7190481639780192,0.8322886318967416,0.8321891935465854,0.5709369666062166
2087,1.0,0.9996271469712373,0.7190481639780192,0.8322886318967416,0.8321891935465854,0.5709369666062166
2088,1.0,0.9996237170098633,0.7156480292223026,0.8303613030323764,0.8305270221975073,0.5657507380899217
2089,1.0,0.9996237170098633,0.7156480292223026,0.8303613030323764,0.8305270221975073,0.5657507380899217
2090,1.0,0.9996237170098633,0.7156480292223026,0.8303613030323764,0.8305270221975073,0.5657507380899217
2091,1.0,0.9996237170098633,0.7156480292223026,0.8303613030323764,0.8305270221975073,0.5657507380899217
2092,1.0,0.9996237170098633,0.7156480292223026,0.8303613030323764,0.8305270221975073,0.5657507380899217
2093,1.0,0.9996237170098633,0.7156480292223026,0.8303613030323764,0.8305270221975073,0.5657507380899217
2094,1.0,0.9996237170098633,0.7156480292223026,0.8303613030323764,0.8305270221975073,0.5657507380899217
2095,1.0,0.9996237170098633,0.7156480292223026,0.8303613030323764,0.8305270221975073,0.5657507380899217
2096,1.0,0.9996237170098633,0.7156480292223026,0.8303613030323764,0.8305270221975073,0.5657507380899217
2097,1.0,0.9996237170098633,0.7156480292223026,0.8303613030323764,0.8305270221975073,0.5657507380899217
2098,1.0,0.9996237170098633,0.7156480292223026,0.8303613030323764,0.8305270221975073,0.5657507380899217
2099,1.0,0.9996237170098633,0.7156480292223026,0.8303613030323764,0.8305270221975073,0.5657507380899217
2100,1.0,0.9996237170098633,0.7156480292223026,0.8303613030323764,0.8305270221975073,0.5657507380899217
2101,1.0,0.9996237170098633,0.7156480292223026,0.8303613030323764,0.8305270221975073,0.5657507380899217
2102,1.0,0.9996237170098633,0.7156480292223026,0.8303613030323764,0.8305270221975073,0.5657507380899217
2103,1.0,0.9996237170098633,0.7156480292223026,0.8303613030323764,0.8305270221975073,0.5657507380899217
2104,1.0,0.9996237170098633,0.7156480292223026,0.8303613030323764,0.8305270221975073,0.5657507380899217
2105,1.0,0.9996237170098633,0.7156480292223026,0.8303613030323764,0.8305270221975073,0.5657507380899217
2106,1.0,0.9996237170098633,0.7156480292223026,0.8303613030323764,0.8305270221975073,0.5657507380899217
2107,1.0,0.9996237170098633,0.7156480292223026,0.8303613030323764,0.8305270221975073,0.5657507380899217
2108,1.0,0.9996237170098633,0.7156480292223026,0.8303613030323764,0.8305270221975073,0.5657507380899217
2109,1.0,0.9996237170098633,0.7156480292223026,0.8303613030323764,0.8305270221975073,0.5657507380899217
2110,1.0,0.9996237170098633,0.7156480292223026,0.8303613030323764,0.8305270221975073,0.5657507380899217
2111,1.0,0.9996237170098633,0.7156480292223026,0.8303613030323764,0.8305270221975073,0.5657507380899217
2112,1.0,0.9996211753272574,0.7131257156876581,0.8286978830237558,0.8298824595459703,0.5615682466864153
2113,1.0,0.9996211753272574,0.7131257156876581,0.8286978830237558,0.8298824595459703,0.5615682466864153
2114,1.0,0.9996211753272574,0.7131257156876581,0.8286978830237558,0.8298824595459703,0.5615682466864153
2115,1.0,0.9996211753272574,0.7131257156876581,0.8286978830237558,0.8298824595459703,0.5615682466864153
2116,1.0,0.9996211753272574,0.7131257156876581,0.8286978830237558,0.8298824595459703,0.5615682466864153
2117,1.0,0.9996211753272574,0.7131257156876581,0.8286978830237558,0.8298824595459703,0.5615682466864153
2118,1.0,0.9996211753272574,0.7131257156876581,0.8286978830237558,0.8298824595459703,0.5615682466864153
2119,1.0,0.9996211753272574,0.7131257156876581,0.8286978830237558,0.8298824595459703,0.5615682466864153
2120,1.0,0.9996211753272574,0.7131257156876581,0.8286978830237558,0.8298824595459703,0.5615682466864153
2121,1.0,0.9996211753272574,0.7131257156876581,0.8286978830237558,0.8298824595459703,0.5615682466864153
2122,1.0,0.9996211753272574,0.7131257156876581,0.8286978830237558,0.8298824595459703,0.5615682466864153
2123,1.0,0.9996211753272574,0.7131257156876581,0.8286978830237558,0.8298824595459703,0.5615682466864153
2124,1.0,0.9996211753272574,0.7131257156876581,0.8286978830237558,0.8298824595459703,0.5615682466864153
2125,1.0,0.9996211753272574,0.7131257156876581,0.8286978830237558,0.8298824595459703,0.5615682466864153
2126,1.0,0.9996211753272574,0.7131257156876581,0.8286978830237558,0.8298824595459703,0.5615682466864153
2127,1.0,0.9996211753272574,0.7131257156876581,0.8286978830237558,0.8298824595459703,0.5615682466864153
2128,1.0,0.9996211753272574,0.7131257156876581,0.8286978830237558,0.8298824595459703,0.5615682466864153
2129,1.0,0.9996211753272574,0.7131257156876581,0.8286978830237558,0.8298824595459703,0.5615682466864153
2130,1.0,0.9996211753272574,0.7131257156876581,0.8286978830237558,0.8298824595459703,0.5615682466864153
2131,1.0,0.9996211753272574,0.7131257156876581,0.8286978830237558,0.8298824595459703,0.5615682466864153
2132,1.0,0.9996211753272574,0.7131257156876581,0.8286978830237558,0.8298824595459703,0.5615682466864153
2133,1.0,0.9996211753272574,0.7131257156876581,0.8286978830237558,0.8298824595459703,0.5615682466864153
2134,1.0,0.9996211753272574,0.7131257156876581,0.8286978830237558,0.8298824595459703,0.5615682466864153
2135,1.0,0.9996211753272574,0.7131257156876581,0.8286978830237558,0.8298824595459703,0.5615682466864153
2136,1.0,0.9996200993606209,0.7123957498848346,0.8275589682717817,0.8306956093772103,0.5589566610537586
2137,1.0,0.9996200993606209,0.7123957498848346,0.8275589682717817,0.8306956093772103,0.5589566610537586
2138,1.0,0.9996200993606209,0.7123957498848346,0.8275589682717817,0.8306956093772103,0.5589566610537586
2139,1.0,0.9996200993606209,0.7123957498848346,0.8275589682717817,0.8306956093772103,0.5589566610537586
2140,1.0,0.9996200993606209,0.7123957498848346,0.8275589682717817,0.8306956093772103,0.5589566610537586
2141,1.0,0.9996200993606209,0.7123957498848346,0.8275589682717817,0.8306956093772103,0.5589566610537586
2142,1.0,0.9996200993606209,0.7123957498848346,0.8275589682717817,0.8306956093772103,0.5589566610537586
2143,1.0,0.9996200993606209,0.7123957498848346,0.8275589682717817,0.8306956093772103,0.5589566610537586
2144,1.0,0.9996200993606209,0.7123957498848346,0.8275589682717817,0.8306956093772103,0.5589566610537586
2145,1.0,0.9996200993606209,0.7123957498848346,0.8275589682717817,0.8306956093772103,0.5589566610537586
2146,1.0,0.9996200993606209,0.7123957498848346,0.8275589682717817,0.8306956093772103,0.5589566610537586
2147,1.0,0.9996200993606209,0.7123957498848346,0.8275589682717817,0.8306956093772103,0.5589566610537586
2148,1.0,0.9996200993606209,0.7123957498848346,0.8275589682717817,0.8306956093772103,0.5589566610537586
2149,1.0,0.9996200993606209,0.7123957498848346,0.8275589682717817,0.8306956093772103,0.5589566610537586
2150,1.0,0.9996200993606209,0.7123957498848346,0.8275589682717817,0.8306956093772103,0.5589566610537586
2151,1.0,0.9996200993606209,0.7123957498848346,0.8275589682717817,0.8306956093772103,0.5589566610537586
2152,1.0,0.9996200993606209,0.7123957498848346,0.8275589682717817,0.8306956093772103,0.5589566610537586
2153,1.0,0.9996200993606209,0.7123957498848346,0.8275589682717817,0.8306956093772103,0.5589566610537586
2154,1.0,0.9996200993606209,0.7123957498848346,0.8275589682717817,0.8306956093772103,0.5589566610537586
2155,1.0,0.9996200993606209,0.7123957498848346,0.8275589682717817,0.8306956093772103,0.5589566610537586
2156,1.0,0.9996200993606209,0.7123957498848346,0.8275589682717817,0.8306956093772103,0.5589566610537586
2157,1.0,0.9996200993606209,0.7123957498848346,0.8275589682717817,0.8306956093772103,0.5589566610537586
2158,1.0,0.9996200993606209,0.7123957498848346,0.8275589682717817,0.8306956093772103,0.5589566610537586
2159,1.0,0.9996200993606209,0.7123957498848346,0.8275589682717817,0.8306956093772103,0.5589566610537586
2160,1.0,0.9996182512233288,0.7109237851208983,0.8260304648084825,0.830985929403712,0.5548191750145327
2161,1.0,0.9996182512233288,0.7109237851208983,0.8260304648084825,0.830985929403712,0.5548191750145327
2162,1.0,0.9996182512233288,0.7109237851208983,0.8260304648084825,0.830985929403712,0.5548191750145327
2163,1.0,0.9996182512233288,0.7109237851208983,0.8260304648084825,0.830985929403712,0.5548191750145327
2164,1.0,0.9996182512233288,0.7109237851208983,0.8260304648084825,0.830985929403712,0.5548191750145327
2165,1.0,0.9996182512233288,0.7109237851208983,0.8260304648084825,0.830985929403712,0.5548191750145327
2166,1.0,0.9996182512233288,0.7109237851208983,0.8260304648084825,0.830985929403712,0.5548191750145327
2167,1.0,0.9996182512233288,0.7109237851208983,0.8260304648084825,0.830985929403712,0.5548191750145327
2168,1.0,0.9996182512233288,0.7109237851208983,0.8260304648084825,0.830985929403712,0.5548191750145327
2169,1.0,0.9996182512233288,0.7109237851208983,0.8260304648084825,0.830985929403712,0.5548191750145327
2170,1.0,0.9996182512233288,0.7109237851208983,0.8260304648084825,0.830985929403712,0.5548191750145327
2171,1.0,0.9996182512233288,0.7109237851208983,0.8260304648084825,0.830985929403712,0.5548191750145327
2172,1.0,0.9996182512233288,0.7109237851208983,0.8260304648084825,0.830985929403712,0.5548191750145327
2173,1.0,0.9996182512233288,0.7109237851208983,0.8260304648084825,0.830985929403712,0.5548191750145327
2174,1.0,0.9996182512233288,0.7109237851208983,0.8260304648084825,0.830985929403712,0.5548191750145327
2175,1.0,0.9996182512233288,0.7109237851208983,0.8260304648084825,0.830985929403712,0.5548191750145327
2176,1.0,0.9996182512233288,0.7109237851208983,0.8260304648084825,0.830985929403712,0.5548191750145327
2177,1.0,0.9996182512233288,0.7109237851208983,0.8260304648084825,0.830985929403712,0.5548191750145327
2178,1.0,0.9996182512233288,0.7109237851208983,0.8260304648084825,0.830985929403712,0.5548191750145327
2179,1.0,0.9996182512233288,0.7109237851208983,0.8260304648084825,0.830985929403712,0.5548191750145327
2180,1.0,0.9996182512233288,0.7109237851208983,0.8260304648084825,0.830985929403712,0.5548191750145327
2181,1.0,0.9996182512233288,0.7109237851208983,0.8260304648084825,0.830985929403712,0.5548191750145327
2182,1.0,0.9996182512233288,0.7109237851208983,0.8260304648084825,0.830985929403712,0.5548191750145327
2183,1.0,0.9996182512233288,0.7109237851208983,0.8260304648084825,0.830985929403712,0.5548191750145327
2184,1.0,0.9996157530956643,0.7085737655436574,0.8242481731621646,0.8306500382703957,0.5502913509950191
2185,1.0,0.9996157530956643,0.7085737655436574,0.8242481731621646,0.8306500382703957,0.5502913509950191
2186,1.0,0.9996157530956643,0.7085737655436574,0.8242481731621646,0.8306500382703957,0.5502913509950191
2187,1.0,0.9996157530956643,0.7085737655436574,0.8242481731621646,0.8306500382703957,0.5502913509950191
2188,1.0,0.9996157530956643,0.7085737655436574,0.8242481731621646,0.8306500382703957,0.5502913509950191
2189,1.0,0.9996157530956643,0.7085737655436574,0.8242481731621646,0.8306500382703957,0.5502913509950191
2190,1.0,0.9996157530956643,0.7085737655436574,0.8242481731621646,0.8306500382703957,0.5502913509950191
2191,1.0,0.9996157530956643,0.7085737655436574,0.8242481731621646,0.8306500382703957,0.5502913509950191
2192,1.0,0.9996157530956643,0.7085737655436574,0.8242481731621646,0.8306500382703957,0.5502913509950191
2193,1.0,0.9996157530956643,0.7085737655436574,0.8242481731621646,0.8306500382703957,0.5502913509950191
2194,1.0,0.9996157530956643,0.7085737655436574,0.8242481731621646,0.8306500382703957,0.5502913509950191
2195,1.0,0.9996157530956643,0.7085737655436574,0.8242481731621646,0.8306500382703957,0.5502913509950191
2196,1.0,0.9996157530956643,0.7085737655436574,0.8242481731621646,0.8306500382703957,0.5502913509950191
2197,1.0,0.9996157530956643,0.7085737655436574,0.8242481731621646,0.8306500382703957,0.5502913509950191
2198,1.0,0.9996157530956643,0.7085737655436574,0.8242481731621646,0.8306500382703957,0.5502913509950191
2199,1.0,0.9996157530956643,0.7085737655436574,0.8242481731621646,0.8306500382703957,0.5502913509950191
2200,1.0,0.9996157530956643,0.7085737655436574,0.8242481731621646,0.8306500382703957,0.5502913509950191
2201,1.0,0.9996157530956643,0.7085737655436574,0.8242481731621646,0.8306500382703957,0.5502913509950191
2202,1.0,0.9996157530956643,0.7085737655436574,0.8242481731621646,0.8306500382703957,0.5502913509950191
2203,1.0,0.9996157530956643,0.7085737655436574,0.8242481731621646,0.8306500382703957,0.5502913509950191
2204,1.0,0.9996157530956643,0.7085737655436574,0.8242481731621646,0.8306500382703957,0.5502913509950191
2205,1.0,0.9996157530956643,0.7085737655436574,0.8242481731621646,0.8306500382703957,0.5502913509950191
2206,1.0,0.9996157530956643,0.7085737655436574,0.8242481731621646,0.8306500382703957,0.5502913509950191
2207,1.0,0.9996157530956643,0.7085737655436574,0.8242481731621646,0.8306500382703957,0.5502913509950191
2208,1.0,0.999613361539843,0.706258300070978,0.8225801377879343,0.8303536116947589,0.5461656904132628
2209,1.0,0.999613361539843,0.706258300070978,0.8225801377879343,0.8303536116947589,0.5461656904132628
2210,1.0,0.999613361539843,0.706258300070978,0.8225801377879343,0.8303536116947589,0.5461656904132628
2211,1.0,0.999613361539843,0.706258300070978,0.8225801377879343,0.8303536116947589,0.5461656904132628
2212,1.0,0.999613361539843,0.706258300070978,0.8225801377879343,0.8303536116947589,0.5461656904132628
2213,1.0,0.999613361539843,0.706258300070978,0.8225801377879343,0.8303536116947589,0.5461656904132628
2214,1.0,0.999613361539843,0.706258300070978,0.8225801377879343,0.8303536116947589,0.5461656904132628
2215,1.0,0.999613361539843,0.706258300070978,0.8225801377879343,0.8303536116947589,0.5461656904132628
2216,1.0,0.999613361539843,0.706258300070978,0.8225801377879343,0.8303536116947589,0.5461656904132628
2217,1.0,0.999613361539843,0.706258300070978,0.8225801377879343,0.8303536116947589,0.5461656904132628
2218,1.0,0.999613361539843,0.706258300070978,0.8225801377879343,0.8303536116947589,0.5461656904132628
2219,1.0,0.999613361539843,0.706258300070978,0.8225801377879343,0.8303536116947589,0.5461656904132628
2220,1.0,0.999613361539843,0.706258300070978,0.8225801377879343,0.8303536116947589,0.5461656904132628
2221,1.0,0.999613361539843,0.706258300070978,0.8225801377879343,0.8303536116947589,0.5461656904132628
2222,1.0,0.999613361539843,0.706258300070978,0.8225801377879343,0.8303536116947589,0.5461656904132628
2223,1.0,0.999613361539843,0.706258300070978,0.8225801377879343,0.8303536116947589,0.5461656904132628
2224,1.0,0.999613361539843,0.706258300070978,0.8225801377879343,0.8303536116947589,0.5461656904132628
2225,1.0,0.999613361539843,0.706258300070978,0.8225801377879343,0.8303536116947589,0.5461656904132628
2226,1.0,0.999613361539843,0.706258300070978,0.8225801377879343,0.8303536116947589,0.5461656904132628
2227,1.0,0.999613361539843,0.706258300070978,0.8225801377879343,0.8303536116947589,0.5461656904132628
2228,1.0,0.999613361539843,0.706258300070978,0.8225801377879343,0.8303536116947589,0.5461656904132628
2229,1.0,0.999613361539843,0.706258300070978,0.8225801377879343,0.8303536116947589,0.5461656904132628
2230,1.0,0.999613361539843,0.706258300070978,0.8225801377879343,0.8303536116947589,0.5461656904132628
2231,1.0,0.999613361539843,0.706258300070978,0.8225801377879343,0.8303536116947589,0.5461656904132628
2232,1.0,0.9996100497193788,0.7028655769433144,0.820551074660716,0.8291387271331806,0.5409195711225174
2233,1.0,0.9996100497193788,0.7028655769433144,0.820551074660716,0.8291387271331806,0.5409195711225174
2234,1.0,0.9996100497193788,0.7028655769433144,0.820551074660716,0.8291387271331806,0.5409195711225174
2235,1.0,0.9996100497193788,0.7028655769433144,0.820551074660716,0.8291387271331806,0.5409195711225174
2236,1.0,0.9996100497193788,0.7028655769433144,0.820551074660716,0.8291387271331806,0.5409195711225174
2237,1.0,0.9996100497193788,0.7028655769433144,0.820551074660716,0.8291387271331806,0.5409195711225174
2238,1.0,0.9996100497193788,0.7028655769433144,0.820551074660716,0.8291387271331806,0.5409195711225174
2239,1.0,0.9996100497193788,0.7028655769433144,0.820551074660716,0.8291387271331806,0.5409195711225174
2240,1.0,0.9996100497193788,0.7028655769433144,0.820551074660716,0.8291387271331806,0.5409195711225174
2241,1.0,0.9996100497193788,0.7028655769433144,0.820551074660716,0.8291387271331806,0.5409195711225174
2242,1.0,0.9996100497193788,0.7028655769433144,0.820551074660716,0.8291387271331806,0.5409195711225174
2243,1.0,0.9996100497193788,0.7028655769433144,0.820551074660716,0.8291387271331806,0.5409195711225174
2244,1.0,0.9996100497193788,0.7028655769433144,0.820551074660716,0.8291387271331806,0.5409195711225174
2245,1.0,0.9996100497193788,0.7028655769433144,0.820551074660716,0.8291387271331806,0.5409195711225174
2246,1.0,0.9996100497193788,0.7028655769433144,0.820551074660716,0.8291387271331806,0.5409195711225174
2247,1.0,0.9996100497193788,0.7028655769433144,0.820551074660716,0.8291387271331806,0.5409195711225174
2248,1.0,0.9996100497193788,0.7028655769433144,0.820551074660716,0.8291387271331806,0.5409195711225174
2249,1.0,0.9996100497193788,0.7028655769433144,0.820551074660716,0.8291387271331806,0.5409195711225174
2250,1.0,0.9996100497193788,0.7028655769433144,0.820551074660716,0.8291387271331806,0.5409195711225174
2251,1.0,0.9996100497193788,0.7028655769433144,0.820551074660716,0.8291387271331806,0.5409195711225174
2252,1.0,0.9996100497193788,0.7028655769433144,0.820551074660716,0.8291387271331806,0.5409195711225174
2253,1.0,0.9996100497193788,0.7028655769433144,0.820551074660716,0.8291387271331806,0.5409195711225174
2254,1.0,0.9996100497193788,0.7028655769433144,0.820551074660716,0.8291387271331806,0.5409195711225174
2255,1.0,0.9996100497193788,0.7028655769433144,0.820551074660716,0.8291387271331806,0.5409195711225174
2256,1.0,0.9996066871842292,0.6995143767506757,0.8185933141240062,0.827654719475939,0.5356998177800155
2257,1.0,0.9996066871842292,0.6995143767506757,0.8185933141240062,0.827654719475939,0.5356998177800155
2258,1.0,0.9996066871842292,0.6995143767506757,0.8185933141240062,0.827654719475939,0.5356998177800155
2259,1.0,0.9996066871842292,0.6995143767506757,0.8185933141240062,0.827654719475939,0.5356998177800155
2260,1.0,0.9996066871842292,0.6995143767506757,0.8185933141240062,0.827654719475939,0.5356998177800155
2261,1.0,0.9996066871842292,0.6995143767506757,0.8185933141240062,0.827654719475939,0.5356998177800155
2262,1.0,0.9996066871842292,0.6995143767506757,0.8185933141240062,0.827654719475939,0.5356998177800155
2263,1.0,0.9996066871842292,0.6995143767506757,0.8185933141240062,0.827654719475939,0.5356998177800155
2264,1.0,0.9996066871842292,0.6995143767506757,0.8185933141240062,0.827654719475939,0.5356998177800155
2265,1.0,0.9996066871842292,0.6995143767506757,0.8185933141240062,0.827654719475939,0.5356998177800155
2266,1.0,0.9996066871842292,0.6995143767506757,0.8185933141240062,0.827654719475939,0.5356998177800155
2267,1.0,0.9996066871842292,0.6995143767506757,0.8185933141240062,0.827654719475939,0.5356998177800155
2268,1.0,0.9996066871842292,0.6995143767506757,0.8185933141240062,0.827654719475939,0.5356998177800155
2269,1.0,0.9996066871842292,0.6995143767506757,0.8185933141240062,0.827654719475939,0.5356998177800155
2270,1.0,0.9996066871842292,0.6995143767506757,0.8185933141240062,0.827654719475939,0.5356998177800155
2271,1.0,0.9996066871842292,0.6995143767506757,0.8185933141240062,0.827654719475939,0.5356998177800155
2272,1.0,0.9996066871842292,0.6995143767506757,0.8185933141240062,0.827654719475939,0.5356998177800155
2273,1.0,0.9996066871842292,0.6995143767506757,0.8185933141240062,0.827654719475939,0.5356998177800155
2274,1.0,0.9996066871842292,0.6995143767506757,0.8185933141240062,0.827654719475939,0.5356998177800155
2275,1.0,0.9996066871842292,0.6995143767506757,0.8185933141240062,0.827654719475939,0.5356998177800155
2276,1.0,0.9996066871842292,0.6995143767506757,0.8185933141240062,0.827654719475939,0.5356998177800155
2277,1.0,0.9996066871842292,0.6995143767506757,0.8185933141240062,0.827654719475939,0.5356998177800155
2278,1.0,0.9996066871842292,0.6995143767506757,0.8185933141240062,0.827654719475939,0.5356998177800155
2279,1.0,0.9996066871842292,0.6995143767506757,0.8185933141240062,0.827654719475939,0.5356998177800155
2280,1.0,0.9996039426829367,0.6968271215668637,0.8169568442055585,0.8265686550907394,0.5313067188721666
2281,1.0,0.9996039426829367,0.6968271215668637,0.8169568442055585,0.8265686550907394,0.5313067188721666
2282,1.0,0.9996039426829367,0.6968271215668637,0.8169568442055585,0.8265686550907394,0.5313067188721666
2283,1.0,0.9996039426829367,0.6968271215668637,0.8169568442055585,0.8265686550907394,0.5313067188721666
2284,1.0,0.9996039426829367,0.6968271215668637,0.8169568442055585,0.8265686550907394,0.5313067188721666
2285,1.0,0.9996039426829367,0.6968271215668637,0.8169568442055585,0.8265686550907394,0.5313067188721666
2286,1.0,0.9996039426829367,0.6968271215668637,0.8169568442055585,0.8265686550907394,0.5313067188721666
2287,1.0,0.9996039426829367,0.6968271215668637,0.8169568442055585,0.8265686550907394,0.5313067188721666
2288,1.0,0.9996039426829367,0.6968271215668637,0.8169568442055585,0.8265686550907394,0.5313067188721666
2289,1.0,0.9996039426829367,0.6968271215668637,0.8169568442055585,0.8265686550907394,0.5313067188721666
2290,1.0,0.9996039426829367,0.6968271215668637,0.8169568442055585,0.8265686550907394,0.5313067188721666
2291,1.0,0.9996039426829367,0.6968271215668637,0.8169568442055585,0.8265686550907394,0.5313067188721666
2292,1.0,0.9996039426829367,0.6968271215668637,0.8169568442055585,0.8265686550907394,0.5313067188721666
2293,1.0,0.9996039426829367,0.6968271215668637,0.8169568442055585,0.8265686550907394,0.5313067188721666
2294,1.0,0.9996039426829367,0.6968271215668637,0.8169568442055585,0.8265686550907394,0.5313067188721666
2295,1.0,0.9996039426829367,0.6968271215668637,0.8169568442055585,0.8265686550907394,0.5313067188721666
2296,1.0,0.9996039426829367,0.6968271215668637,0.8169568442055585,0.8265686550907394,0.5313067188721666
2297,1.0,0.9996039426829367,0.6968271215668637,0.8169568442055585,0.8265686550907394,0.5313067188721666
2298,1.0,0.9996039426829367,0.6968271215668637,0.8169568442055585,0.8265686550907394,0.5313067188721666
2299,1.0,0.9996039426829367,0.6968271215668637,0.8169568442055585,0.8265686550907394,0.5313067188721666
2300,1.0,0.9996039426829367,0.6968271215668637,0.8169568442055585,0.8265686550907394,0.5313067188721666
2301,1.0,0.9996039426829367,0.6968271215668637,0.8169568442055585,0.8265686550907394,0.5313067188721666
2302,1.0,0.9996039426829367,0.6968271215668637,0.8169568442055585,0.8265686550907394,0.5313067188721666
2303,1.0,0.9996039426829367,0.6968271215668637,0.8169568442055585,0.8265686550907394,0.5313067188721666
2304,1.0,0.9996027662423096,0.6958563257127045,0.815881260671845,0.82710783279747,0.5288202527356827
2305,1.0,0.9996027662423096,0.6958563257127045,0.815881260671845,0.82710783279747,0.5288202527356827
2306,1.0,0.9996027662423096,0.6958563257127045,0.815881260671845,0.82710783279747,0.5288202527356827
2307,1.0,0.9996027662423096,0.6958563257127045,0.815881260671845,0.82710783279747,0.5288202527356827
2308,1.0,0.9996027662423096,0.6958563257127045,0.815881260671845,0.82710783279747,0.5288202527356827
2309,1.0,0.9996027662423096,0.6958563257127045,0.815881260671845,0.82710783279747,0.5288202527356827
2310,1.0,0.9996027662423096,0.6958563257127045,0.815881260671845,0.82710783279747,0.5288202527356827
2311,1.0,0.9996027662423096,0.6958563257127045,0.815881260671845,0.82710783279747,0.5288202527356827
2312,1.0,0.9996027662423096,0.6958563257127045,0.815881260671845,0.82710783279747,0.5288202527356827
2313,1.0,0.9996027662423096,0.6958563257127045,0.815881260671845,0.82710783279747,0.5288202527356827
2314,1.0,0.9996027662423096,0.6958563257127045,0.815881260671845,0.82710783279747,0.5288202527356827
2315,1.0,0.9996027662423096,0.6958563257127045,0.815881260671845,0.82710783279747,0.5288202527356827
2316,1.0,0.9996027662423096,0.6958563257127045,0.815881260671845,0.82710783279747,0.5288202527356827
2317,1.0,0.9996027662423096,0.6958563257127045,0.815881260671845,0.82710783279747,0.5288202527356827
2318,1.0,0.9996027662423096,0.6958563257127045,0.815881260671845,0.82710783279747,0.5288202527356827
2319,1.0,0.9996027662423096,0.6958563257127045,0.815881260671845,0.82710783279747,0.5288202527356827
2320,1.0,0.9996027662423096,0.6958563257127045,0.815881260671845,0.82710783279747,0.5288202527356827
2321,1.0,0.9996027662423096,0.6958563257127045,0.815881260671845,0.82710783279747,0.5288202527356827
2322,1.0,0.9996027662423096,0.6958563257127045,0.815881260671845,0.82710783279747,0.5288202527356827
2323,1.0,0.9996027662423096,0.6958563257127045,0.815881260671845,0.82710783279747,0.5288202527356827
2324,1.0,0.9996027662423096,0.6958563257127045,0.815881260671845,0.82710783279747,0.5288202527356827
2325,1.0,0.9996027662423096,0.6958563257127045,0.815881260671845,0.82710783279747,0.5288202527356827
2326,1.0,0.9996027662423096,0.6958563257127045,0.815881260671845,0.82710783279747,0.5288202527356827
2327,1.0,0.9996027662423096,0.6958563257127045,0.815881260671845,0.82710783279747,0.5288202527356827
2328,1.0,0.9996017108487734,0.6950467334866874,0.8148315538396886,0.8278093422038469,0.5264621158395894
2329,1.0,0.9996017108487734,0.6950467334866874,0.8148315538396886,0.8278093422038469,0.5264621158395894
2330,1.0,0.9996017108487734,0.6950467334866874,0.8148315538396886,0.8278093422038469,0.5264621158395894
2331,1.0,0.9996017108487734,0.6950467334866874,0.8148315538396886,0.8278093422038469,0.5264621158395894
2332,1.0,0.9996017108487734,0.6950467334866874,0.8148315538396886,0.8278093422038469,0.5264621158395894
2333,1.0,0.9996017108487734,0.6950467334866874,0.8148315538396886,0.8278093422038469,0.5264621158395894
2334,1.0,0.9996017108487734,0.6950467334866874,0.8148315538396886,0.8278093422038469,0.5264621158395894
2335,1.0,0.9996017108487734,0.6950467334866874,0.8148315538396886,0.8278093422038469,0.5264621158395894
2336,1.0,0.9996017108487734,0.6950467334866874,0.8148315538396886,0.8278093422038469,0.5264621158395894
2337,1.0,0.9996017108487734,0.6950467334866874,0.8148315538396886,0.8278093422038469,0.5264621158395894
2338,1.0,0.9996017108487734,0.6950467334866874,0.8148315538396886,0.8278093422038469,0.5264621158395894
2339,1.0,0.9996017108487734,0.6950467334866874,0.8148315538396886,0.8278093422038469,0.5264621158395894
2340,1.0,0.9996017108487734,0.6950467334866874,0.8148315538396886,0.8278093422038469,0.5264621158395894
2341,1.0,0.9996017108487734,0.6950467334866874,0.8148315538396886,0.8278093422038469,0.5264621158395894
2342,1.0,0.9996017108487734,0.6950467334866874,0.8148315538396886,0.8278093422038469,0.5264621158395894
2343,1.0,0.9996017108487734,0.6950467334866874,0.8148315538396886,0.8278093422038469,0.5264621158395894
2344,1.0,0.9996017108487734,0.6950467334866874,0.8148315538396886,0.8278093422038469,0.5264621158395894
2345,1.0,0.9996017108487734,0.6950467334866874,0.8148315538396886,0.8278093422038469,0.5264621158395894
2346,1.0,0.9996017108487734,0.6950467334866874,0.8148315538396886,0.8278093422038469,0.5264621158395894
2347,1.0,0.9996017108487734,0.6950467334866874,0.8148315538396886,0.8278093422038469,0.5264621158395894
2348,1.0,0.9996017108487734,0.6950467334866874,0.8148315538396886,0.8278093422038469,0.5264621158395894
2349,1.0,0.9996017108487734,0.6950467334866874,0.8148315538396886,0.8278093422038469,0.5264621158395894
2350,1.0,0.9996017108487734,0.6950467334866874,0.8148315538396886,0.8278093422038469,0.5264621158395894
2351,1.0,0.9996017108487734,0.6950467334866874,0.8148315538396886,0.8278093422038469,0.5264621158395894
2352,1.0,0.9996000011739755,0.693474923267464,0.8135128639314936,0.8278577395934793,0.5233409902163252
2353,1.0,0.9996000011739755,0.693474923267464,0.8135128639314936,0.8278577395934793,0.5233409902163252
2354,1.0,0.9996000011739755,0.693474923267464,0.8135128639314936,0.8278577395934793,0.5233409902163252
2355,1.0,0.9996000011739755,0.693474923267464,0.8135128639314936,0.8278577395934793,0.5233409902163252
2356,1.0,0.9996000011739755,0.693474923267464,0.8135128639314936,0.8278577395934793,0.5233409902163252
2357,1.0,0.9996000011739755,0.693474923267464,0.8135128639314936,0.8278577395934793,0.5233409902163252
2358,1.0,0.9996000011739755,0.693474923267464,0.8135128639314936,0.8278577395934793,0.5233409902163252
2359,1.0,0.9996000011739755,0.693474923267464,0.8135128639314936,0.8278577395934793,0.5233409902163252
2360,1.0,0.9996000011739755,0.693474923267464,0.8135128639314936,0.8278577395934793,0.5233409902163252
2361,1.0,0.9996000011739755,0.693474923267464,0.8135128639314936,0.8278577395934793,0.5233409902163252
2362,1.0,0.9996000011739755,0.693474923267464,0.8135128639314936,0.8278577395934793,0.5233409902163252
2363,1.0,0.9996000011739755,0.693474923267464,0.8135128639314936,0.8278577395934793,0.5233409902163252
2364,1.0,0.9996000011739755,0.693474923267464,0.8135128639314936,0.8278577395934793,0.5233409902163252
2365,1.0,0.9996000011739755,0.693474923267464,0.8135128639314936,0.8278577395934793,0.5233409902163252
2366,1.0,0.9996000011739755,0.693474923267464,0.8135128639314936,0.8278577395934793,0.5233409902163252
2367,1.0,0.9996000011739755,0.693474923267464,0.8135128639314936,0.8278577395934793,0.5233409902163252
2368,1.0,0.9996000011739755,0.693474923267464,0.8135128639314936,0.8278577395934793,0.5233409902163252
2369,1.0,0.9996000011739755,0.693474923267464,0.8135128639314936,0.8278577395934793,0.5233409902163252
2370,1.0,0.9996000011739755,0.693474923267464,0.8135128639314936,0.8278577395934793,0.5233409902163252
2371,1.0,0.9996000011739755,0.693474923267464,0.8135128639314936,0.8278577395934793,0.5233409902163252
2372,1.0,0.9996000011739755,0.693474923267464,0.8135128639314936,0.8278577395934793,0.5233409902163252
2373,1.0,0.9996000011739755,0.693474923267464,0.8135128639314936,0.8278577395934793,0.5233409902163252
2374,1.0,0.9996000011739755,0.693474923267464,0.8135128639314936,0.8278577395934793,0.5233409902163252
2375,1.0,0.9996000011739755,0.693474923267464,0.8135128639314936,0.8278577395934793,0.5233409902163252
2376,1.0,0.9996002607095776,0.6942069523928738,0.8129877903788807,0.8297359088337876,0.5224619726579328
2377,1.0,0.9996002607095776,0.6942069523928738,0.8129877903788807,0.8297359088337876,0.5224619726579328
2378,1.0,0.9996002607095776,0.6942069523928738,0.8129877903788807,0.8297359088337876,0.5224619726579328
2379,1.0,0.9996002607095776,0.6942069523928738,0.8129877903788807,0.8297359088337876,0.5224619726579328
2380,1.0,0.9996002607095776,0.6942069523928738,0.8129877903788807,0.8297359088337876,0.5224619726579328
2381,1.0,0.9996002607095776,0.6942069523928738,0.8129877903788807,0.8297359088337876,0.5224619726579328
2382,1.0,0.9996002607095776,0.6942069523928738,0.8129877903788807,0.8297359088337876,0.5224619726579328
2383,1.0,0.9996002607095776,0.6942069523928738,0.8129877903788807,0.8297359088337876,0.5224619726579328
2384,1.0,0.9996002607095776,0.6942069523928738,0.8129877903788807,0.8297359088337876,0.5224619726579328
2385,1.0,0.9996002607095776,0.6942069523928738,0.8129877903788807,0.8297359088337876,0.5224619726579328
2386,1.0,0.9996002607095776,0.6942069523928738,0.8129877903788807,0.8297359088337876,0.5224619726579328
2387,1.0,0.9996002607095776,0.6942069523928738,0.8129877903788807,0.8297359088337876,0.5224619726579328
2388,1.0,0.9996002607095776,0.6942069523928738,0.8129877903788807,0.8297359088337876,0.5224619726579328
2389,1.0,0.9996002607095776,0.6942069523928738,0.8129877903788807,0.8297359088337876,0.5224619726579328
2390,1.0,0.9996002607095776,0.6942069523928738,0.8129877903788807,0.8297359088337876,0.5224619726579328
2391,1.0,0.9996002607095776,0.6942069523928738,0.8129877903788807,0.8297359088337876,0.5224619726579328
2392,1.0,0.9996002607095776,0.6942069523928738,0.8129877903788807,0.8297359088337876,0.5224619726579328
2393,1.0,0.9996002607095776,0.6942069523928738,0.8129877903788807,0.8297359088337876,0.5224619726579328
2394,1.0,0.9996002607095776,0.6942069523928738,0.8129877903788807,0.8297359088337876,0.5224619726579328
2395,1.0,0.9996002607095776,0.6942069523928738,0.8129877903788807,0.8297359088337876,0.5224619726579328
2396,1.0,0.9996002607095776,0.6942069523928738,0.8129877903788807,0.8297359088337876,0.5224619726579328
2397,1.0,0.9996002607095776,0.6942069523928738,0.8129877903788807,0.8297359088337876,0.5224619726579328
2398,1.0,0.9996002607095776,0.6942069523928738,0.8129877903788807,0.8297359088337876,0.5224619726579328
2399,1.0,0.9996002607095776,0.6942069523928738,0.8129877903788807,0.8297359088337876,0.5224619726579328
2400,1.0,0.9996023776157642,0.6965217532482236,0.8137307627468195,0.83193601387215,0.5249866333915166
2401,1.0,0.9996023776157642,0.6965217532482236,0.8137307627468195,0.83193601387215,0.5249866333915166
2402,1.0,0.9996023776157642,0.6965217532482236,0.8137307627468195,0.83193601387215,0.5249866333915166
2403,1.0,0.9996023776157642,0.6965217532482236,0.8137307627468195,0.83193601387215,0.5249866333915166
2404,1.0,0.9996023776157642,0.6965217532482236,0.8137307627468195,0.83193601387215,0.5249866333915166
2405,1.0,0.9996023776157642,0.6965217532482236,0.8137307627468195,0.83193601387215,0.5249866333915166
2406,1.0,0.9996023776157642,0.6965217532482236,0.8137307627468195,0.83193601387215,0.5249866333915166
2407,1.0,0.9996023776157642,0.6965217532482236,0.8137307627468195,0.83193601387215,0.5249866333915166
2408,1.0,0.9996023776157642,0.6965217532482236,0.8137307627468195,0.83193601387215,0.5249866333915166
2409,1.0,0.9996023776157642,0.6965217532482236,0.8137307627468195,0.83193601387215,0.5249866333915166
2410,1.0,0.9996023776157642,0.6965217532482236,0.8137307627468195,0.83193601387215,0.5249866333915166
2411,1.0,0.9996023776157642,0.6965217532482236,0.8137307627468195,0.83193601387215,0.5249866333915166
2412,1.0,0.9996023776157642,0.6965217532482236,0.8137307627468195,0.83193601387215,0.5249866333915166
2413,1.0,0.9996023776157642,0.6965217532482236,0.8137307627468195,0.83193601387215,0.5249866333915166
2414,1.0,0.9996023776157642,0.6965217532482236,0.8137307627468195,0.83193601387215,0.5249866333915166
2415,1.0,0.9996023776157642,0.6965217532482236,0.8137307627468195,0.83193601387215,0.5249866333915166
2416,1.0,0.9996023776157642,0.6965217532482236,0.8137307627468195,0.83193601387215,0.5249866333915166
2417,1.0,0.9996023776157642,0.6965217532482236,0.8137307627468195,0.83193601387215,0.5249866333915166
2418,1.0,0.9996023776157642,0.6965217532482236,0.8137307627468195,0.83193601387215,0.5249866333915166
2419,1.0,0.9996023776157642,0.6965217532482236,0.8137307627468195,0.83193601387215,0.5249866333915166
2420,1.0,0.9996023776157642,0.6965217532482236,0.8137307627468195,0.83193601387215,0.5249866333915166
2421,1.0,0.9996023776157642,0.6965217532482236,0.8137307627468195,0.83193601387215,0.5249866333915166
2422,1.0,0.9996023776157642,0.6965217532482236,0.8137307627468195,0.83193601387215,0.5249866333915166
2423,1.0,0.9996023776157642,0.6965217532482236,0.8137307627468195,0.83193601387215,0.5249866333915166
2424,1.0,0.999605890565033,0.7002891968778414,0.8149146823965294,0.8355791328475658,0.5291935746059334
2425,1.0,0.999605890565033,0.7002891968778414,0.8149146823965294,0.8355791328475658,0.5291935746059334
2426,1.0,0.999605890565033,0.7002891968778414,0.8149146823965294,0.8355791328475658,0.5291935746059334
2427,1.0,0.999605890565033,0.7002891968778414,0.8149146823965294,0.8355791328475658,0.5291935746059334
2428,1.0,0.999605890565033,0.7002891968778414,0.8149146823965294,0.8355791328475658,0.5291935746059334
2429,1.0,0.999605890565033,0.7002891968778414,0.8149146823965294,0.8355791328475658,0.5291935746059334
2430,1.0,0.999605890565033,0.7002891968778414,0.8149146823965294,0.8355791328475658,0.5291935746059334
2431,1.0,0.999605890565033,0.7002891968778414,0.8149146823965294,0.8355791328475658,0.5291935746059334
2432,1.0,0.999605890565033,0.7002891968778414,0.8149146823965294,0.8355791328475658,0.5291935746059334
2433,1.0,0.999605890565033,0.7002891968778414,0.8149146823965294,0.8355791328475658,0.5291935746059334
2434,1.0,0.999605890565033,0.7002891968778414,0.8149146823965294,0.8355791328475658,0.5291935746059334
2435,1.0,0.999605890565033,0.7002891968778414,0.8149146823965294,0.8355791328475658,0.5291935746059334
2436,1.0,0.999605890565033,0.7002891968778414,0.8149146823965294,0.8355791328475658,0.5291935746059334
2437,1.0,0.999605890565033,0.7002891968778414,0.8149146823965294,0.8355791328475658,0.5291935746059334
2438,1.0,0.999605890565033,0.7002891968778414,0.8149146823965294,0.8355791328475658,0.5291935746059334
2439,1.0,0.999605890565033,0.7002891968778414,0.8149146823965294,0.8355791328475658,0.5291935746059334
2440,1.0,0.999605890565033,0.7002891968778414,0.8149146823965294,0.8355791328475658,0.5291935746059334
2441,1.0,0.999605890565033,0.7002891968778414,0.8149146823965294,0.8355791328475658,0.5291935746059334
2442,1.0,0.999605890565033,0.7002891968778414,0.8149146823965294,0.8355791328475658,0.5291935746059334
2443,1.0,0.999605890565033,0.7002891968778414,0.8149146823965294,0.8355791328475658,0.5291935746059334
2444,1.0,0.999605890565033,0.7002891968778414,0.8149146823965294,0.8355791328475658,0.5291935746059334
2445,1.0,0.999605890565033,0.7002891968778414,0.8149146823965294,0.8355791328475658,0.5291935746059334
2446,1.0,0.999605890565033,0.7002891968778414,0.8149146823965294,0.8355791328475658,0.5291935746059334
2447,1.0,0.999605890565033,0.7002891968778414,0.8149146823965294,0.8355791328475658,0.5291935746059334
2448,1.0,0.9996085852759499,0.7032200424122935,0.8158640501342846,0.8383944542104466,0.5324772073431974
2449,1.0,0.9996085852759499,0.7032200424122935,0.8158640501342846,0.8383944542104466,0.5324772073431974
2450,1.0,0.9996085852759499,0.7032200424122935,0.8158640501342846,0.8383944542104466,0.5324772073431974
2451,1.0,0.9996085852759499,0.7032200424122935,0.8158640501342846,0.8383944542104466,0.5324772073431974
2452,1.0,0.9996085852759499,0.7032200424122935,0.8158640501342846,0.8383944542104466,0.5324772073431974
2453,1.0,0.9996085852759499,0.7032200424122935,0.8158640501342846,0.8383944542104466,0.5324772073431974
2454,1.0,0.9996085852759499,0.7032200424122935,0.8158640501342846,0.8383944542104466,0.5324772073431974
2455,1.0,0.9996085852759499,0.7032200424122935,0.8158640501342846,0.8383944542104466,0.5324772073431974
2456,1.0,0.9996085852759499,0.7032200424122935,0.8158640501342846,0.8383944542104466,0.5324772073431974
2457,1.0,0.9996085852759499,0.7032200424122935,0.8158640501342846,0.8383944542104466,0.5324772073431974
2458,1.0,0.9996085852759499,0.7032200424122935,0.8158640501342846,0.8383944542104466,0.5324772073431974
2459,1.0,0.9996085852759499,0.7032200424122935,0.8158640501342846,0.8383944542104466,0.5324772073431974
2460,1.0,0.9996085852759499,0.7032200424122935,0.8158640501342846,0.8383944542104466,0.5324772073431974
2461,1.0,0.9996085852759499,0.7032200424122935,0.8158640501342846,0.8383944542104466,0.5324772073431974
2462,1.0,0.9996085852759499,0.7032200424122935,0.8158640501342846,0.8383944542104466,0.5324772073431974
2463,1.0,0.9996085852759499,0.7032200424122935,0.8158640501342846,0.8383944542104466,0.5324772073431974
2464,1.0,0.9996085852759499,0.7032200424122935,0.8158640501342846,0.8383944542104466,0.5324772073431974
2465,1.0,0.9996085852759499,0.7032200424122935,0.8158640501342846,0.8383944542104466,0.5324772073431974
2466,1.0,0.9996085852759499,0.7032200424122935,0.8158640501342846,0.8383944542104466,0.5324772073431974
2467,1.0,0.9996085852759499,0.7032200424122935,0.8158640501342846,0.8383944542104466,0.5324772073431974
2468,1.0,0.9996085852759499,0.7032200424122935,0.8158640501342846,0.8383944542104466,0.5324772073431974
2469,1.0,0.9996085852759499,0.7032200424122935,0.8158640501342846,0.8383944542104466,0.5324772073431974
2470,1.0,0.9996085852759499,0.7032200424122935,0.8158640501342846,0.8383944542104466,0.5324772073431974
2471,1.0,0.9996085852759499,0.7032200424122935,0.8158640501342846,0.8383944542104466,0.5324772073431974
2472,1.0,0.9996109111196229,0.7057422073812418,0.8166805679194403,0.8408426110241991,0.5352902479508311
2473,1.0,0.9996109111196229,0.7057422073812418,0.8166805679194403,0.8408426110241991,0.5352902479508311
2474,1.0,0.9996109111196229,0.7057422073812418,0.8166805679194403,0.8408426110241991,0.5352902479508311
2475,1.0,0.9996109111196229,0.7057422073812418,0.8166805679194403,0.8408426110241991,0.5352902479508311
2476,1.0,0.9996109111196229,0.7057422073812418,0.8166805679194403,0.8408426110241991,0.5352902479508311
2477,1.0,0.9996109111196229,0.7057422073812418,0.8166805679194403,0.8408426110241991,0.5352902479508311
2478,1.0,0.9996109111196229,0.7057422073812418,0.8166805679194403,0.8408426110241991,0.5352902479508311
2479,1.0,0.9996109111196229,0.7057422073812418,0.8166805679194403,0.8408426110241991,0.5352902479508311
2480,1.0,0.9996109111196229,0.7057422073812418,0.8166805679194403,0.8408426110241991,0.5352902479508311
2481,1.0,0.9996109111196229,0.7057422073812418,0.8166805679194403,0.8408426110241991,0.5352902479508311
2482,1.0,0.9996109111196229,0.7057422073812418,0.8166805679194403,0.8408426110241991,0.5352902479508311
2483,1.0,0.9996109111196229,0.7057422073812418,0.8166805679194403,0.8408426110241991,0.5352902479508311
2484,1.0,0.9996109111196229,0.7057422073812418,0.8166805679194403,0.8408426110241991,0.5352902479508311
2485,1.0,0.9996109111196229,0.7057422073812418,0.8166805679194403,0.8408426110241991,0.5352902479508311
2486,1.0,0.9996109111196229,0.7057422073812418,0.8166805679194403,0.8408426110241991,0.5352902479508311
2487,1.0,0.9996109111196229,0.7057422073812418,0.8166805679194403,0.8408426110241991,0.5352902479508311
2488,1.0,0.9996109111196229,0.7057422073812418,0.8166805679194403,0.8408426110241991,0.5352902479508311
2489,1.0,0.9996109111196229,0.7057422073812418,0.8166805679194403,0.8408426110241991,0.5352902479508311
2490,1.0,0.9996109111196229,0.7057422073812418,0.8166805679194403,0.8408426110241991,0.5352902479508311
2491,1.0,0.9996109111196229,0.7057422073812418,0.8166805679194403,0.8408426110241991,0.5352902479508311
2492,1.0,0.9996109111196229,0.7057422073812418,0.8166805679194403,0.8408426110241991,0.5352902479508311
2493,1.0,0.9996109111196229,0.7057422073812418,0.8166805679194403,0.8408426110241991,0.5352902479508311
2494,1.0,0.9996109111196229,0.7057422073812418,0.8166805679194403,0.8408426110241991,0.5352902479508311
2495,1.0,0.9996109111196229,0.7057422073812418,0.8166805679194403,0.8408426110241991,0.5352902479508311
2496,1.0,0.9996147596764976,0.7100746924901346,0.818094865089178,0.8446402900740607,0.5398571711110381
2497,1.0,0.9996147596764976,0.7100746924901346,0.818094865089178,0.8446402900740607,0.5398571711110381
2498,1.0,0.9996147596764976,0.7100746924901346,0.818094865089178,0.8446402900740607,0.5398571711110381
2499,1.0,0.9996147596764976,0.7100746924901346,0.818094865089178,0.8446402900740607,0.5398571711110381
2500,1.0,0.9996147596764976,0.7100746924901346,0.818094865089178,0.8446402900740607,0.5398571711110381
2501,1.0,0.9996147596764976,0.7100746924901346,0.818094865089178,0.8446402900740607,0.5398571711110381
2502,1.0,0.9996147596764976,0.7100746924901346,0.818094865089178,0.8446402900740607,0.5398571711110381
2503,1.0,0.9996147596764976,0.7100746924901346,0.818094865089178,0.8446402900740607,0.5398571711110381
2504,1.0,0.9996147596764976,0.7100746924901346,0.818094865089178,0.8446402900740607,0.5398571711110381
2505,1.0,0.9996147596764976,0.7100746924901346,0.818094865089178,0.8446402900740607,0.5398571711110381
2506,1.0,0.9996147596764976,0.7100746924901346,0.818094865089178,0.8446402900740607,0.5398571711110381
2507,1.0,0.9996147596764976,0.7100746924901346,0.818094865089178,0.8446402900740607,0.5398571711110381
2508,1.0,0.9996147596764976,0.7100746924901346,0.818094865089178,0.8446402900740607,0.5398571711110381
2509,1.0,0.9996147596764976,0.7100746924901346,0.818094865089178,0.8446402900740607,0.5398571711110381
2510,1.0,0.9996147596764976,0.7100746924901346,0.818094865089178,0.8446402900740607,0.5398571711110381
2511,1.0,0.9996147596764976,0.7100746924901346,0.818094865089178,0.8446402900740607,0.5398571711110381
2512,1.0,0.9996147596764976,0.7100746924901346,0.818094865089178,0.8446402900740607,0.5398571711110381
2513,1.0,0.9996147596764976,0.7100746924901346,0.818094865089178,0.8446402900740607,0.5398571711110381
2514,1.0,0.9996147596764976,0.7100746924901346,0.818094865089178,0.8446402900740607,0.5398571711110381
2515,1.0,0.9996147596764976,0.7100746924901346,0.818094865089178,0.8446402900740607,0.5398571711110381
2516,1.0,0.9996147596764976,0.7100746924901346,0.818094865089178,0.8446402900740607,0.5398571711110381
2517,1.0,0.9996147596764976,0.7100746924901346,0.818094865089178,0.8446402900740607,0.5398571711110381
2518,1.0,0.9996147596764976,0.7100746924901346,0.818094865089178,0.8446402900740607,0.5398571711110381
2519,1.0,0.9996147596764976,0.7100746924901346,0.818094865089178,0.8446402900740607,0.5398571711110381
2520,1.0,0.9996186554232396,0.7142336822416301,0.8193536003120635,0.8485482103363228,0.5444773072356931
2521,1.0,0.9996186554232396,0.7142336822416301,0.8193536003120635,0.8485482103363228,0.5444773072356931
2522,1.0,0.9996186554232396,0.7142336822416301,0.8193536003120635,0.8485482103363228,0.5444773072356931
2523,1.0,0.9996186554232396,0.7142336822416301,0.8193536003120635,0.8485482103363228,0.5444773072356931
2524,1.0,0.9996186554232396,0.7142336822416301,0.8193536003120635,0.8485482103363228,0.5444773072356931
2525,1.0,0.9996186554232396,0.7142336822416301,0.8193536003120635,0.8485482103363228,0.5444773072356931
2526,1.0,0.9996186554232396,0.7142336822416301,0.8193536003120635,0.8485482103363228,0.5444773072356931
2527,1.0,0.9996186554232396,0.7142336822416301,0.8193536003120635,0.8485482103363228,0.5444773072356931
2528,1.0,0.9996186554232396,0.7142336822416301,0.8193536003120635,0.8485482103363228,0.5444773072356931
2529,1.0,0.9996186554232396,0.7142336822416301,0.8193536003120635,0.8485482103363228,0.5444773072356931
2530,1.0,0.9996186554232396,0.7142336822416301,0.8193536003120635,0.8485482103363228,0.5444773072356931
2531,1.0,0.9996186554232396,0.7142336822416301,0.8193536003120635,0.8485482103363228,0.5444773072356931
2532,1.0,0.9996186554232396,0.7142336822416301,0.8193536003120635,0.8485482103363228,0.5444773072356931
2533,1.0,0.9996186554232396,0.7142336822416301,0.8193536003120635,0.8485482103363228,0.5444773072356931
2534,1.0,0.9996186554232396,0.7142336822416301,0.8193536003120635,0.8485482103363228,0.5444773072356931
2535,1.0,0.9996186554232396,0.7142336822416301,0.8193536003120635,0.8485482103363228,0.5444773072356931
2536,1.0,0.9996186554232396,0.7142336822416301,0.8193536003120635,0.8485482103363228,0.5444773072356931
2537,1.0,0.9996186554232396,0.7142336822416301,0.8193536003120635,0.8485482103363228,0.5444773072356931
2538,1.0,0.9996186554232396,0.7142336822416301,0.8193536003120635,0.8485482103363228,0.5444773072356931
2539,1.0,0.9996186554232396,0.7142336822416301,0.8193536003120635,0.8485482103363228,0.5444773072356931
2540,1.0,0.9996186554232396,0.7142336822416301,0.8193536003120635,0.8485482103363228,0.5444773072356931
2541,1.0,0.9996186554232396,0.7142336822416301,0.8193536003120635,0.8485482103363228,0.5444773072356931
2542,1.0,0.9996186554232396,0.7142336822416301,0.8193536003120635,0.8485482103363228,0.5444773072356931
2543,1.0,0.9996186554232396,0.7142336822416301,0.8193536003120635,0.8485482103363228,0.5444773072356931
2544,1.0,0.9996220132174565,0.7179202057892984,0.820562154433416,0.8519958395038404,0.5485291381464664
2545,1.0,0.9996220132174565,0.7179202057892984,0.820562154433416,0.8519958395038404,0.5485291381464664
2546,1.0,0.9996220132174565,0.7179202057892984,0.820562154433416,0.8519958395038404,0.5485291381464664
2547,1.0,0.9996220132174565,0.7179202057892984,0.820562154433416,0.8519958395038404,0.5485291381464664
2548,1.0,0.9996220132174565,0.7179202057892984,0.820562154433416,0.8519958395038404,0.5485291381464664
2549,1.0,0.9996220132174565,0.7179202057892984,0.820562154433416,0.8519958395038404,0.5485291381464664
2550,1.0,0.9996220132174565,0.7179202057892984,0.820562154433416,0.8519958395038404,0.5485291381464664
2551,1.0,0.9996220132174565,0.7179202057892984,0.820562154433416,0.8519958395038404,0.5485291381464664
2552,1.0,0.9996220132174565,0.7179202057892984,0.820562154433416,0.8519958395038404,0.5485291381464664
2553,1.0,0.9996220132174565,0.7179202057892984,0.820562154433416,0.8519958395038404,0.5485291381464664
2554,1.0,0.9996220132174565,0.7179202057892984,0.820562154433416,0.8519958395038404,0.5485291381464664
2555,1.0,0.9996220132174565,0.7179202057892984,0.820562154433416,0.8519958395038404,0.5485291381464664
2556,1.0,0.9996220132174565,0.7179202057892984,0.820562154433416,0.8519958395038404,0.5485291381464664
2557,1.0,0.9996220132174565,0.7179202057892984,0.820562154433416,0.8519958395038404,0.5485291381464664
2558,1.0,0.9996220132174565,0.7179202057892984,0.820562154433416,0.8519958395038404,0.5485291381464664
2559,1.0,0.9996220132174565,0.7179202057892984,0.820562154433416,0.8519958395038404,0.5485291381464664
2560,1.0,0.9996220132174565,0.7179202057892984,0.820562154433416,0.8519958395038404,0.5485291381464664
2561,1.0,0.9996220132174565,0.7179202057892984,0.820562154433416,0.8519958395038404,0.5485291381464664
2562,1.0,0.9996220132174565,0.7179202057892984,0.820562154433416,0.8519958395038404,0.5485291381464664
2563,1.0,0.9996220132174565,0.7179202057892984,0.820562154433416,0.8519958395038404,0.5485291381464664
2564,1.0,0.9996220132174565,0.7179202057892984,0.820562154433416,0.8519958395038404,0.5485291381464664
2565,1.0,0.9996220132174565,0.7179202057892984,0.820562154433416,0.8519958395038404,0.5485291381464664
2566,1.0,0.9996220132174565,0.7179202057892984,0.820562154433416,0.8519958395038404,0.5485291381464664
2567,1.0,0.9996220132174565,0.7179202057892984,0.820562154433416,0.8519958395038404,0.5485291381464664
2568,1.0,0.9996246287535705,0.7207917651757275,0.821500418154248,0.854723930035282,0.5517320799532999
2569,1.0,0.9996246287535705,0.7207917651757275,0.821500418154248,0.854723930035282,0.5517320799532999
2570,1.0,0.9996246287535705,0.7207917651757275,0.821500418154248,0.854723930035282,0.5517320799532999
2571,1.0,0.9996246287535705,0.7207917651757275,0.821500418154248,0.854723930035282,0.5517320799532999
2572,1.0,0.9996246287535705,0.7207917651757275,0.821500418154248,0.854723930035282,0.5517320799532999
2573,1.0,0.9996246287535705,0.7207917651757275,0.821500418154248,0.854723930035282,0.5517320799532999
2574,1.0,0.9996246287535705,0.7207917651757275,0.821500418154248,0.854723930035282,0.5517320799532999
2575,1.0,0.9996246287535705,0.7207917651757275,0.821500418154248,0.854723930035282,0.5517320799532999
2576,1.0,0.9996246287535705,0.7207917651757275,0.821500418154248,0.854723930035282,0.5517320799532999
2577,1.0,0.9996246287535705,0.7207917651757275,0.821500418154248,0.854723930035282,0.5517320799532999
2578,1.0,0.9996246287535705,0.7207917651757275,0.821500418154248,0.854723930035282,0.5517320799532999
2579,1.0,0.9996246287535705,0.7207917651757275,0.821500418154248,0.854723930035282,0.5517320799532999
2580,1.0,0.9996246287535705,0.7207917651757275,0.821500418154248,0.854723930035282,0.5517320799532999
2581,1.0,0.9996246287535705,0.7207917651757275,0.821500418154248,0.854723930035282,0.5517320799532999
2582,1.0,0.9996246287535705,0.7207917651757275,0.821500418154248,0.854723930035282,0.5517320799532999
2583,1.0,0.9996246287535705,0.7207917651757275,0.821500418154248,0.854723930035282,0.5517320799532999
2584,1.0,0.9996246287535705,0.7207917651757275,0.821500418154248,0.854723930035282,0.5517320799532999
2585,1.0,0.9996246287535705,0.7207917651757275,0.821500418154248,0.854723930035282,0.5517320799532999
2586,1.0,0.9996246287535705,0.7207917651757275,0.821500418154248,0.854723930035282,0.5517320799532999
2587,1.0,0.9996246287535705,0.7207917651757275,0.821500418154248,0.854723930035282,0.5517320799532999
2588,1.0,0.9996246287535705,0.7207917651757275,0.821500418154248,0.854723930035282,0.5517320799532999
2589,1.0,0.9996246287535705,0.7207917651757275,0.821500418154248,0.854723930035282,0.5517320799532999
2590,1.0,0.9996246287535705,0.7207917651757275,0.821500418154248,0.854723930035282,0.5517320799532999
2591,1.0,0.9996246287535705,0.7207917651757275,0.821500418154248,0.854723930035282,0.5517320799532999
2592,1.0,0.9996256477670976,0.7218409691201244,0.8218377474384906,0.8557855197844976,0.5529463811478422
2593,1.0,0.9996256477670976,0.7218409691201244,0.8218377474384906,0.8557855197844976,0.5529463811478422
2594,1.0,0.9996256477670976,0.7218409691201244,0.8218377474384906,0.8557855197844976,0.5529463811478422
2595,1.0,0.9996256477670976,0.7218409691201244,0.8218377474384906,0.8557855197844976,0.5529463811478422
2596,1.0,0.9996256477670976,0.7218409691201244,0.8218377474384906,0.8557855197844976,0.5529463811478422
2597,1.0,0.9996256477670976,0.7218409691201244,0.8218377474384906,0.8557855197844976,0.5529463811478422
2598,1.0,0.9996256477670976,0.7218409691201244,0.8218377474384906,0.8557855197844976,0.5529463811478422
2599,1.0,0.9996256477670976,0.7218409691201244,0.8218377474384906,0.8557855197844976,0.5529463811478422
2600,1.0,0.9996256477670976,0.7218409691201244,0.8218377474384906,0.8557855197844976,0.5529463811478422
2601,1.0,0.9996256477670976,0.7218409691201244,0.8218377474384906,0.8557855197844976,0.5529463811478422
2602,1.0,0.9996256477670976,0.7218409691201244,0.8218377474384906,0.8557855197844976,0.5529463811478422
2603,1.0,0.9996256477670976,0.7218409691201244,0.8218377474384906,0.8557855197844976,0.5529463811478422
2604,1.0,0.9996256477670976,0.7218409691201244,0.8218377474384906,0.8557855197844976,0.5529463811478422
2605,1.0,0.9996256477670976,0.7218409691201244,0.8218377474384906,0.8557855197844976,0.5529463811478422
2606,1.0,0.9996256477670976,0.7218409691201244,0.8218377474384906,0.8557855197844976,0.5529463811478422
2607,1.0,0.9996256477670976,0.7218409691201244,0.8218377474384906,0.8557855197844976,0.5529463811478422
2608,1.0,0.9996256477670976,0.7218409691201244,0.8218377474384906,0.8557855197844976,0.5529463811478422
2609,1.0,0.9996256477670976,0.7218409691201244,0.8218377474384906,0.8557855197844976,0.5529463811478422
2610,1.0,0.9996256477670976,0.7218409691201244,0.8218377474384906,0.8557855197844976,0.5529463811478422
2611,1.0,0.9996256477670976,0.7218409691201244,0.8218377474384906,0.8557855197844976,0.5529463811478422
2612,1.0,0.9996256477670976,0.7218409691201244,0.8218377474384906,0.8557855197844976,0.5529463811478422
2613,1.0,0.9996256477670976,0.7218409691201244,0.8218377474384906,0.8557855197844976,0.5529463811478422
2614,1.0,0.9996256477670976,0.7218409691201244,0.8218377474384906,0.8557855197844976,0.5529463811478422
2615,1.0,0.9996256477670976,0.7218409691201244,0.8218377474384906,0.8557855197844976,0.5529463811478422
2616,1.0,0.9996266347408683,0.7229955380238159,0.8222217212922796,0.8567785894973646,0.5541420066565411
2617,1.0,0.9996266347408683,0.7229955380238159,0.8222217212922796,0.8567785894973646,0.5541420066565411
2618,1.0,0.9996266347408683,0.7229955380238159,0.8222217212922796,0.8567785894973646,0.5541420066565411
2619,1.0,0.9996266347408683,0.7229955380238159,0.8222217212922796,0.8567785894973646,0.5541420066565411
2620,1.0,0.9996266347408683,0.7229955380238159,0.8222217212922796,0.8567785894973646,0.5541420066565411
2621,1.0,0.9996266347408683,0.7229955380238159,0.8222217212922796,0.8567785894973646,0.5541420066565411
2622,1.0,0.9996266347408683,0.7229955380238159,0.8222217212922796,0.8567785894973646,0.5541420066565411
2623,1.0,0.9996266347408683,0.7229955380238159,0.8222217212922796,0.8567785894973646,0.5541420066565411
2624,1.0,0.9996266347408683,0.7229955380238159,0.8222217212922796,0.8567785894973646,0.5541420066565411
2625,1.0,0.9996266347408683,0.7229955380238159,0.8222217212922796,0.8567785894973646,0.5541420066565411
2626,1.0,0.9996266347408683,0.7229955380238159,0.8222217212922796,0.8567785894973646,0.5541420066565411
2627,1.0,0.9996266347408683,0.7229955380238159,0.8222217212922796,0.8567785894973646,0.5541420066565411
2628,1.0,0.9996266347408683,0.7229955380238159,0.8222217212922796,0.8567785894973646,0.5541420066565411
2629,1.0,0.9996266347408683,0.7229955380238159,0.8222217212922796,0.8567785894973646,0.5541420066565411
2630,1.0,0.9996266347408683,0.7229955380238159,0.8222217212922796,0.8567785894973646,0.5541420066565411
2631,1.0,0.9996266347408683,0.7229955380238159,0.8222217212922796,0.8567785894973646,0.5541420066565411
2632,1.0,0.9996266347408683,0.7229955380238159,0.8222217212922796,0.8567785894973646,0.5541420066565411
2633,1.0,0.9996266347408683,0.7229955380238159,0.8222217212922796,0.8567785894973646,0.5541420066565411
2634,1.0,0.9996266347408683,0.7229955380238159,0.8222217212922796,0.8567785894973646,0.5541420066565411
2635,1.0,0.9996266347408683,0.7229955380238159,0.8222217212922796,0.8567785894973646,0.5541420066565411
2636,1.0,0.9996266347408683,0.7229955380238159,0.8222217212922796,0.8567785894973646,0.5541420066565411
2637,1.0,0.9996266347408683,0.7229955380238159,0.8222217212922796,0.8567785894973646,0.5541420066565411
2638,1.0,0.9996266347408683,0.7229955380238159,0.8222217212922796,0.8567785894973646,0.5541420066565411
2639,1.0,0.9996266347408683,0.7229955380238159,0.8222217212922796,0.8567785894973646,0.5541420066565411
2640,1.0,0.9996282176932686,0.723427649935157,0.8251173660438015,0.8557533461655858,0.5588896934150602
2641,1.0,0.9996282176932686,0.723427649935157,0.8251173660438015,0.8557533461655858,0.5588896934150602
2642,1.0,0.9996282176932686,0.723427649935157,0.8251173660438015,0.8557533461655858,0.5588896934150602
2643,1.0,0.9996282176932686,0.723427649935157,0.8251173660438015,0.8557533461655858,0.5588896934150602
2644,1.0,0.9996282176932686,0.723427649935157,0.8251173660438015,0.8557533461655858,0.5588896934150602
2645,1.0,0.9996282176932686,0.723427649935157,0.8251173660438015,0.8557533461655858,0.5588896934150602
2646,1.0,0.9996282176932686,0.723427649935157,0.8251173660438015,0.8557533461655858,0.5588896934150602
2647,1.0,0.9996282176932686,0.723427649935157,0.8251173660438015,0.8557533461655858,0.5588896934150602
2648,1.0,0.9996282176932686,0.723427649935157,0.8251173660438015,0.8557533461655858,0.5588896934150602
2649,1.0,0.9996282176932686,0.723427649935157,0.8251173660438015,0.8557533461655858,0.5588896934150602
2650,1.0,0.9996282176932686,0.723427649935157,0.8251173660438015,0.8557533461655858,0.5588896934150602
2651,1.0,0.9996282176932686,0.723427649935157,0.8251173660438015,0.8557533461655858,0.5588896934150602
2652,1.0,0.9996282176932686,0.723427649935157,0.8251173660438015,0.8557533461655858,0.5588896934150602
2653,1.0,0.9996282176932686,0.723427649935157,0.8251173660438015,0.8557533461655858,0.5588896934150602
2654,1.0,0.9996282176932686,0.723427649935157,0.8251173660438015,0.8557533461655858,0.5588896934150602
2655,1.0,0.9996282176932686,0.723427649935157,0.8251173660438015,0.8557533461655858,0.5588896934150602
2656,1.0,0.9996282176932686,0.723427649935157,0.8251173660438015,0.8557533461655858,0.5588896934150602
2657,1.0,0.9996282176932686,0.723427649935157,0.8251173660438015,0.8557533461655858,0.5588896934150602
2658,1.0,0.9996282176932686,0.723427649935157,0.8251173660438015,0.8557533461655858,0.5588896934150602
2659,1.0,0.9996282176932686,0.723427649935157,0.8251173660438015,0.8557533461655858,0.5588896934150602
2660,1.0,0.9996282176932686,0.723427649935157,0.8251173660438015,0.8557533461655858,0.5588896934150602
2661,1.0,0.9996282176932686,0.723427649935157,0.8251173660438015,0.8557533461655858,0.5588896934150602
2662,1.0,0.9996282176932686,0.723427649935157,0.8251173660438015,0.8557533461655858,0.5588896934150602
2663,1.0,0.9996282176932686,0.723427649935157,0.8251173660438015,0.8557533461655858,0.5588896934150602
2664,1.0,0.9996295030081037,0.7232424673578319,0.8279559239396552,0.8543100948631038,0.5634385042224286
2665,1.0,0.9996295030081037,0.7232424673578319,0.8279559239396552,0.8543100948631038,0.5634385042224286
2666,1.0,0.9996295030081037,0.7232424673578319,0.8279559239396552,0.8543100948631038,0.5634385042224286
2667,1.0,0.9996295030081037,0.7232424673578319,0.8279559239396552,0.8543100948631038,0.5634385042224286
2668,1.0,0.9996295030081037,0.7232424673578319,0.8279559239396552,0.8543100948631038,0.5634385042224286
2669,1.0,0.9996295030081037,0.7232424673578319,0.8279559239396552,0.8543100948631038,0.5634385042224286
2670,1.0,0.9996295030081037,0.7232424673578319,0.8279559239396552,0.8543100948631038,0.5634385042224286
2671,1.0,0.9996295030081037,0.7232424673578319,0.8279559239396552,0.8543100948631038,0.5634385042224286
2672,1.0,0.9996295030081037,0.7232424673578319,0.8279559239396552,0.8543100948631038,0.5634385042224286
2673,1.0,0.9996295030081037,0.7232424673578319,0.8279559239396552,0.8543100948631038,0.5634385042224286
2674,1.0,0.9996295030081037,0.7232424673578319,0.8279559239396552,0.8543100948631038,0.5634385042224286
2675,1.0,0.9996295030081037,0.7232424673578319,0.8279559239396552,0.8543100948631038,0.5634385042224286
2676,1.0,0.9996295030081037,0.7232424673578319,0.8279559239396552,0.8543100948631038,0.5634385042224286
2677,1.0,0.9996295030081037,0.7232424673578319,0.8279559239396552,0.8543100948631038,0.5634385042224286
2678,1.0,0.9996295030081037,0.7232424673578319,0.8279559239396552,0.8543100948631038,0.5634385042224286
2679,1.0,0.9996295030081037,0.7232424673578319,0.8279559239396552,0.8543100948631038,0.5634385042224286
2680,1.0,0.9996295030081037,0.7232424673578319,0.8279559239396552,0.8543100948631038,0.5634385042224286
2681,1.0,0.9996295030081037,0.7232424673578319,0.8279559239396552,0.8543100948631038,0.5634385042224286
2682,1.0,0.9996295030081037,0.7232424673578319,0.8279559239396552,0.8543100948631038,0.5634385042224286
2683,1.0,0.9996295030081037,0.7232424673578319,0.8279559239396552,0.8543100948631038,0.5634385042224286
2684,1.0,0.9996295030081037,0.7232424673578319,0.8279559239396552,0.8543100948631038,0.5634385042224286
2685,1.0,0.9996295030081037,0.7232424673578319,0.8279559239396552,0.8543100948631038,0.5634385042224286
2686,1.0,0.9996295030081037,0.7232424673578319,0.8279559239396552,0.8543100948631038,0.5634385042224286
2687,1.0,0.9996295030081037,0.7232424673578319,0.8279559239396552,0.8543100948631038,0.5634385042224286
2688,1.0,0.9996320780564637,0.724699431057637,0.8313393513078814,0.8540242010635785,0.569436559700835
2689,1.0,0.9996320780564637,0.724699431057637,0.8313393513078814,0.8540242010635785,0.569436559700835
2690,1.0,0.9996320780564637,0.724699431057637,0.8313393513078814,0.8540242010635785,0.569436559700835
2691,1.0,0.9996320780564637,0.724699431057637,0.8313393513078814,0.8540242010635785,0.569436559700835
2692,1.0,0.9996320780564637,0.724699431057637,0.8313393513078814,0.8540242010635785,0.569436559700835
2693,1.0,0.9996320780564637,0.724699431057637,0.8313393513078814,0.8540242010635785,0.569436559700835
2694,1.0,0.9996320780564637,0.724699431057637,0.8313393513078814,0.8540242010635785,0.569436559700835
2695,1.0,0.9996320780564637,0.724699431057637,0.8313393513078814,0.8540242010635785,0.569436559700835
2696,1.0,0.9996320780564637,0.724699431057637,0.8313393513078814,0.8540242010635785,0.569436559700835
2697,1.0,0.9996320780564637,0.724699431057637,0.8313393513078814,0.8540242010635785,0.569436559700835
2698,1.0,0.9996320780564637,0.724699431057637,0.8313393513078814,0.8540242010635785,0.569436559700835
2699,1.0,0.9996320780564637,0.724699431057637,0.8313393513078814,0.8540242010635785,0.569436559700835
2700,1.0,0.9996320780564637,0.724699431057637,0.8313393513078814,0.8540242010635785,0.569436559700835
2701,1.0,0.9996320780564637,0.724699431057637,0.8313393513078814,0.8540242010635785,0.569436559700835
2702,1.0,0.9996320780564637,0.724699431057637,0.8313393513078814,0.8540242010635785,0.569436559700835
2703,1.0,0.9996320780564637,0.724699431057637,0.8313393513078814,0.8540242010635785,0.569436559700835
2704,1.0,0.9996320780564637,0.724699431057637,0.8313393513078814,0.8540242010635785,0.569436559700835
2705,1.0,0.9996320780564637,0.724699431057637,0.8313393513078814,0.8540242010635785,0.569436559700835
2706,1.0,0.9996320780564637,0.724699431057637,0.8313393513078814,0.8540242010635785,0.569436559700835
2707,1.0,0.9996320780564637,0.724699431057637,0.8313393513078814,0.8540242010635785,0.569436559700835
2708,1.0,0.9996320780564637,0.724699431057637,0.8313393513078814,0.8540242010635785,0.569436559700835
2709,1.0,0.9996320780564637,0.724699431057637,0.8313393513078814,0.8540242010635785,0.569436559700835
2710,1.0,0.9996320780564637,0.724699431057637,0.8313393513078814,0.8540242010635785,0.569436559700835
2711,1.0,0.9996320780564637,0.724699431057637,0.8313393513078814,0.8540242010635785,0.569436559700835
2712,1.0,0.9996354598240526,0.7271199026747563,0.8351349198485148,0.8543527998406102,0.5737013829622423
2713,1.0,0.9996354598240526,0.7271199026747563,0.8351349198485148,0.8543527998406102,0.5737013829622423
2714,1.0,0.9996354598240526,0.7271199026747563,0.8351349198485148,0.8543527998406102,0.5737013829622423
2715,1.0,0.9996354598240526,0.7271199026747563,0.8351349198485148,0.8543527998406102,0.5737013829622423
2716,1.0,0.9996354598240526,0.7271199026747563,0.8351349198485148,0.8543527998406102,0.5737013829622423
2717,1.0,0.9996354598240526,0.7271199026747563,0.8351349198485148,0.8543527998406102,0.5737013829622423
2718,1.0,0.9996354598240526,0.7271199026747563,0.8351349198485148,0.8543527998406102,0.5737013829622423
2719,1.0,0.9996354598240526,0.7271199026747563,0.8351349198485148,0.8543527998406102,0.5737013829622423
2720,1.0,0.9996354598240526,0.7271199026747563,0.8351349198485148,0.8543527998406102,0.5737013829622423
2721,1.0,0.9996354598240526,0.7271199026747563,0.8351349198485148,0.8543527998406102,0.5737013829622423
2722,1.0,0.9996354598240526,0.7271199026747563,0.8351349198485148,0.8543527998406102,0.5737013829622423
2723,1.0,0.9996354598240526,0.7271199026747563,0.8351349198485148,0.8543527998406102,0.5737013829622423
2724,1.0,0.9996354598240526,0.7271199026747563,0.8351349198485148,0.8543527998406102,0.5737013829622423
2725,1.0,0.9996354598240526,0.7271199026747563,0.8351349198485148,0.8543527998406102,0.5737013829622423
2726,1.0,0.9996354598240526,0.7271199026747563,0.8351349198485148,0.8543527998406102,0.5737013829622423
2727,1.0,0.9996354598240526,0.7271199026747563,0.8351349198485148,0.8543527998406102,0.5737013829622423
2728,1.0,0.9996354598240526,0.7271199026747563,0.8351349198485148,0.8543527998406102,0.5737013829622423
2729,1.0,0.9996354598240526,0.7271199026747563,0.8351349198485148,0.8543527998406102,0.5737013829622423
2730,1.0,0.9996354598240526,0.7271199026747563,0.8351349198485148,0.8543527998406102,0.5737013829622423
2731,1.0,0.9996354598240526,0.7271199026747563,0.8351349198485148,0.8543527998406102,0.5737013829622423
2732,1.0,0.9996354598240526,0.7271199026747563,0.8351349198485148,0.8543527998406102,0.5737013829622423
2733,1.0,0.9996354598240526,0.7271199026747563,0.8351349198485148,0.8543527998406102,0.5737013829622423
2734,1.0,0.9996354598240526,0.7271199026747563,0.8351349198485148,0.8543527998406102,0.5737013829622423
2735,1.0,0.9996354598240526,0.7271199026747563,0.8351349198485148,0.8543527998406102,0.5737013829622423
2736,1.0,0.9996398055731354,0.7306877455427063,0.83931520294992,0.8556281484945246,0.5776711984825723
2737,1.0,0.9996398055731354,0.7306877455427063,0.83931520294992,0.8556281484945246,0.5776711984825723
2738,1.0,0.9996398055731354,0.7306877455427063,0.83931520294992,0.8556281484945246,0.5776711984825723
2739,1.0,0.9996398055731354,0.7306877455427063,0.83931520294992,0.8556281484945246,0.5776711984825723
2740,1.0,0.9996398055731354,0.7306877455427063,0.83931520294992,0.8556281484945246,0.5776711984825723
2741,1.0,0.9996398055731354,0.7306877455427063,0.83931520294992,0.8556281484945246,0.5776711984825723
2742,1.0,0.9996398055731354,0.7306877455427063,0.83931520294992,0.8556281484945246,0.5776711984825723
2743,1.0,0.9996398055731354,0.7306877455427063,0.83931520294992,0.8556281484945246,0.5776711984825723
2744,1.0,0.9996398055731354,0.7306877455427063,0.83931520294992,0.8556281484945246,0.5776711984825723
2745,1.0,0.9996398055731354,0.7306877455427063,0.83931520294992,0.8556281484945246,0.5776711984825723
2746,1.0,0.9996398055731354,0.7306877455427063,0.83931520294992,0.8556281484945246,0.5776711984825723
2747,1.0,0.9996398055731354,0.7306877455427063,0.83931520294992,0.8556281484945246,0.5776711984825723
2748,1.0,0.9996398055731354,0.7306877455427063,0.83931520294992,0.8556281484945246,0.5776711984825723
2749,1.0,0.9996398055731354,0.7306877455427063,0.83931520294992,0.8556281484945246,0.5776711984825723
2750,1.0,0.9996398055731354,0.7306877455427063,0.83931520294992,0.8556281484945246,0.5776711984825723
2751,1.0,0.9996398055731354,0.7306877455427063,0.83931520294992,0.8556281484945246,0.5776711984825723
2752,1.0,0.9996398055731354,0.7306877455427063,0.83931520294992,0.8556281484945246,0.5776711984825723
2753,1.0,0.9996398055731354,0.7306877455427063,0.83931520294992,0.8556281484945246,0.5776711984825723
2754,1.0,0.9996398055731354,0.7306877455427063,0.83931520294992,0.8556281484945246,0.5776711984825723
2755,1.0,0.9996398055731354,0.7306877455427063,0.83931520294992,0.8556281484945246,0.5776711984825723
2756,1.0,0.9996398055731354,0.7306877455427063,0.83931520294992,0.8556281484945246,0.5776711984825723
2757,1.0,0.9996398055731354,0.7306877455427063,0.83931520294992,0.8556281484945246,0.5776711984825723
2758,1.0,0.9996398055731354,0.7306877455427063,0.83931520294992,0.8556281484945246,0.5776711984825723
2759,1.0,0.9996398055731354,0.7306877455427063,0.83931520294992,0.8556281484945246,0.5776711984825723
2760,1.0,0.9996486834540445,0.738412936676626,0.8457782412537553,0.8598917672587795,0.584707030179994
2761,1.0,0.9996486834540445,0.738412936676626,0.8457782412537553,0.8598917672587795,0.584707030179994
2762,1.0,0.9996486834540445,0.738412936676626,0.8457782412537553,0.8598917672587795,0.584707030179994
2763,1.0,0.9996486834540445,0.738412936676626,0.8457782412537553,0.8598917672587795,0.584707030179994
2764,1.0,0.9996486834540445,0.738412936676626,0.8457782412537553,0.8598917672587795,0.584707030179994
2765,1.0,0.9996486834540445,0.738412936676626,0.8457782412537553,0.8598917672587795,0.584707030179994
2766,1.0,0.9996486834540445,0.738412936676626,0.8457782412537553,0.8598917672587795,0.584707030179994
2767,1.0,0.9996486834540445,0.738412936676626,0.8457782412537553,0.8598917672587795,0.584707030179994
2768,1.0,0.9996486834540445,0.738412936676626,0.8457782412537553,0.8598917672587795,0.584707030179994
2769,1.0,0.9996486834540445,0.738412936676626,0.8457782412537553,0.8598917672587795,0.584707030179994
2770,1.0,0.9996486834540445,0.738412936676626,0.8457782412537553,0.8598917672587795,0.584707030179994
2771,1.0,0.9996486834540445,0.738412936676626,0.8457782412537553,0.8598917672587795,0.584707030179994
2772,1.0,0.9996486834540445,0.738412936676626,0.8457782412537553,0.8598917672587795,0.584707030179994
2773,1.0,0.9996486834540445,0.738412936676626,0.8457782412537553,0.8598917672587795,0.584707030179994
2774,1.0,0.9996486834540445,0.738412936676626,0.8457782412537553,0.8598917672587795,0.584707030179994
2775,1.0,0.9996486834540445,0.738412936676626,0.8457782412537553,0.8598917672587795,0.584707030179994
2776,1.0,0.9996486834540445,0.738412936676626,0.8457782412537553,0.8598917672587795,0.584707030179994
2777,1.0,0.9996486834540445,0.738412936676626,0.8457782412537553,0.8598917672587795,0.584707030179994
2778,1.0,0.9996486834540445,0.738412936676626,0.8457782412537553,0.8598917672587795,0.584707030179994
2779,1.0,0.9996486834540445,0.738412936676626,0.8457782412537553,0.8598917672587795,0.584707030179994
2780,1.0,0.9996486834540445,0.738412936676626,0.8457782412537553,0.8598917672587795,0.584707030179994
2781,1.0,0.9996486834540445,0.738412936676626,0.8457782412537553,0.8598917672587795,0.584707030179994
2782,1.0,0.9996486834540445,0.738412936676626,0.8457782412537553,0.8598917672587795,0.584707030179994
2783,1.0,0.9996486834540445,0.738412936676626,0.8457782412537553,0.8598917672587795,0.584707030179994
2784,1.0,0.9996551038899759,0.7441171338832627,0.8508330006898087,0.8629420110892395,0.5899984771591654
2785,1.0,0.9996551038899759,0.7441171338832627,0.8508330006898087,0.8629420110892395,0.5899984771591654
2786,1.0,0.9996551038899759,0.7441171338832627,0.8508330006898087,0.8629420110892395,0.5899984771591654
2787,1.0,0.9996551038899759,0.7441171338832627,0.8508330006898087,0.8629420110892395,0.5899984771591654
2788,1.0,0.9996551038899759,0.7441171338832627,0.8508330006898087,0.8629420110892395,0.5899984771591654
2789,1.0,0.9996551038899759,0.7441171338832627,0.8508330006898087,0.8629420110892395,0.5899984771591654
2790,1.0,0.9996551038899759,0.7441171338832627,0.8508330006898087,0.8629420110892395,0.5899984771591654
2791,1.0,0.9996551038899759,0.7441171338832627,0.8508330006898087,0.8629420110892395,0.5899984771591654
2792,1.0,0.9996551038899759,0.7441171338832627,0.8508330006898087,0.8629420110892395,0.5899984771591654
2793,1.0,0.9996551038899759,0.7441171338832627,0.8508330006898087,0.8629420110892395,0.5899984771591654
2794,1.0,0.9996551038899759,0.7441171338832627,0.8508330006898087,0.8629420110892395,0.5899984771591654
2795,1.0,0.9996551038899759,0.7441171338832627,0.8508330006898087,0.8629420110892395,0.5899984771591654
2796,1.0,0.9996551038899759,0.7441171338832627,0.8508330006898087,0.8629420110892395,0.5899984771591654
2797,1.0,0.9996551038899759,0.7441171338832627,0.8508330006898087,0.8629420110892395,0.5899984771591654
2798,1.0,0.9996551038899759,0.7441171338832627,0.8508330006898087,0.8629420110892395,0.5899984771591654
2799,1.0,0.9996551038899759,0.7441171338832627,0.8508330006898087,0.8629420110892395,0.5899984771591654
2800,1.0,0.9996551038899759,0.7441171338832627,0.8508330006898087,0.8629420110892395,0.5899984771591654
2801,1.0,0.9996551038899759,0.7441171338832627,0.8508330006898087,0.8629420110892395,0.5899984771591654
2802,1.0,0.9996551038899759,0.7441171338832627,0.8508330006898087,0.8629420110892395,0.5899984771591654
2803,1.0,0.9996551038899759,0.7441171338832627,0.8508330006898087,0.8629420110892395,0.5899984771591654
2804,1.0,0.9996551038899759,0.7441171338832627,0.8508330006898087,0.8629420110892395,0.5899984771591654
2805,1.0,0.9996551038899759,0.7441171338832627,0.8508330006898087,0.8629420110892395,0.5899984771591654
2806,1.0,0.9996551038899759,0.7441171338832627,0.8508330006898087,0.8629420110892395,0.5899984771591654
2807,1.0,0.9996551038899759,0.7441171338832627,0.8508330006898087,0.8629420110892395,0.5899984771591654
2808,1.0,0.9996604719688574,0.7485692559216407,0.8556603610468412,0.8646623319516028,0.594682873869177
2809,1.0,0.9996604719688574,0.7485692559216407,0.8556603610468412,0.8646623319516028,0.594682873869177
2810,1.0,0.9996604719688574,0.7485692559216407,0.8556603610468412,0.8646623319516028,0.594682873869177
2811,1.0,0.9996604719688574,0.7485692559216407,0.8556603610468412,0.8646623319516028,0.594682873869177
2812,1.0,0.9996604719688574,0.7485692559216407,0.8556603610468412,0.8646623319516028,0.594682873869177
2813,1.0,0.9996604719688574,0.7485692559216407,0.8556603610468412,0.8646623319516028,0.594682873869177
2814,1.0,0.9996604719688574,0.7485692559216407,0.8556603610468412,0.8646623319516028,0.594682873869177
2815,1.0,0.9996604719688574,0.7485692559216407,0.8556603610468412,0.8646623319516028,0.594682873869177
2816,1.0,0.9996604719688574,0.7485692559216407,0.8556603610468412,0.8646623319516028,0.594682873869177
2817,1.0,0.9996604719688574,0.7485692559216407,0.8556603610468412,0.8646623319516028,0.594682873869177
2818,1.0,0.9996604719688574,0.7485692559216407,0.8556603610468412,0.8646623319516028,0.594682873869177
2819,1.0,0.9996604719688574,0.7485692559216407,0.8556603610468412,0.8646623319516028,0.594682873869177
2820,1.0,0.9996604719688574,0.7485692559216407,0.8556603610468412,0.8646623319516028,0.594682873869177
2821,1.0,0.9996604719688574,0.7485692559216407,0.8556603610468412,0.8646623319516028,0.594682873869177
2822,1.0,0.9996604719688574,0.7485692559216407,0.8556603610468412,0.8646623319516028,0.594682873869177
2823,1.0,0.9996604719688574,0.7485692559216407,0.8556603610468412,0.8646623319516028,0.594682873869177
2824,1.0,0.9996604719688574,0.7485692559216407,0.8556603610468412,0.8646623319516028,0.594682873869177
2825,1.0,0.9996604719688574,0.7485692559216407,0.8556603610468412,0.8646623319516028,0.594682873869177
2826,1.0,0.9996604719688574,0.7485692559216407,0.8556603610468412,0.8646623319516028,0.594682873869177
2827,1.0,0.9996604719688574,0.7485692559216407,0.8556603610468412,0.8646623319516028,0.594682873869177
2828,1.0,0.9996604719688574,0.7485692559216407,0.8556603610468412,0.8646623319516028,0.594682873869177
2829,1.0,0.9996604719688574,0.7485692559216407,0.8556603610468412,0.8646623319516028,0.594682873869177
2830,1.0,0.9996604719688574,0.7485692559216407,0.8556603610468412,0.8646623319516028,0.594682873869177
2831,1.0,0.9996604719688574,0.7485692559216407,0.8556603610468412,0.8646623319516028,0.594682873869177
2832,1.0,0.9996641362501273,0.7513059042437419,0.8595690168847807,0.8652708051311179,0.5982608175081843
2833,1.0,0.9996641362501273,0.7513059042437419,0.8595690168847807,0.8652708051311179,0.5982608175081843
2834,1.0,0.9996641362501273,0.7513059042437419,0.8595690168847807,0.8652708051311179,0.5982608175081843
2835,1.0,0.9996641362501273,0.7513059042437419,0.8595690168847807,0.8652708051311179,0.5982608175081843
2836,1.0,0.9996641362501273,0.7513059042437419,0.8595690168847807,0.8652708051311179,0.5982608175081843
2837,1.0,0.9996641362501273,0.7513059042437419,0.8595690168847807,0.8652708051311179,0.5982608175081843
2838,1.0,0.9996641362501273,0.7513059042437419,0.8595690168847807,0.8652708051311179,0.5982608175081843
2839,1.0,0.9996641362501273,0.7513059042437419,0.8595690168847807,0.8652708051311179,0.5982608175081843
2840,1.0,0.9996641362501273,0.7513059042437419,0.8595690168847807,0.8652708051311179,0.5982608175081843
2841,1.0,0.9996641362501273,0.7513059042437419,0.8595690168847807,0.8652708051311179,0.5982608175081843
2842,1.0,0.9996641362501273,0.7513059042437419,0.8595690168847807,0.8652708051311179,0.5982608175081843
2843,1.0,0.9996641362501273,0.7513059042437419,0.8595690168847807,0.8652708051311179,0.5982608175081843
2844,1.0,0.9996641362501273,0.7513059042437419,0.8595690168847807,0.8652708051311179,0.5982608175081843
2845,1.0,0.9996641362501273,0.7513059042437419,0.8595690168847807,0.8652708051311179,0.5982608175081843
2846,1.0,0.9996641362501273,0.7513059042437419,0.8595690168847807,0.8652708051311179,0.5982608175081843
2847,1.0,0.9996641362501273,0.7513059042437419,0.8595690168847807,0.8652708051311179,0.5982608175081843
2848,1.0,0.9996641362501273,0.7513059042437419,0.8595690168847807,0.8652708051311179,0.5982608175081843
2849,1.0,0.9996641362501273,0.7513059042437419,0.8595690168847807,0.8652708051311179,0.5982608175081843
2850,1.0,0.9996641362501273,0.7513059042437419,0.8595690168847807,0.8652708051311179,0.5982608175081843
2851,1.0,0.9996641362501273,0.7513059042437419,0.8595690168847807,0.8652708051311179,0.5982608175081843
2852,1.0,0.9996641362501273,0.7513059042437419,0.8595690168847807,0.8652708051311179,0.5982608175081843
2853,1.0,0.9996641362501273,0.7513059042437419,0.8595690168847807,0.8652708051311179,0.5982608175081843
2854,1.0,0.9996641362501273,0.7513059042437419,0.8595690168847807,0.8652708051311179,0.5982608175081843
2855,1.0,0.9996641362501273,0.7513059042437419,0.8595690168847807,0.8652708051311179,0.5982608175081843
2856,1.0,0.9996653277263635,0.7517195302796275,0.8619192701835541,0.8644205884436312,0.6000065700937557
2857,1.0,0.9996653277263635,0.7517195302796275,0.8619192701835541,0.8644205884436312,0.6000065700937557
2858,1.0,0.9996653277263635,0.7517195302796275,0.8619192701835541,0.8644205884436312,0.6000065700937557
2859,1.0,0.9996653277263635,0.7517195302796275,0.8619192701835541,0.8644205884436312,0.6000065700937557
2860,1.0,0.9996653277263635,0.7517195302796275,0.8619192701835541,0.8644205884436312,0.6000065700937557
2861,1.0,0.9996653277263635,0.7517195302796275,0.8619192701835541,0.8644205884436312,0.6000065700937557
2862,1.0,0.9996653277263635,0.7517195302796275,0.8619192701835541,0.8644205884436312,0.6000065700937557
2863,1.0,0.9996653277263635,0.7517195302796275,0.8619192701835541,0.8644205884436312,0.6000065700937557
2864,1.0,0.9996653277263635,0.7517195302796275,0.8619192701835541,0.8644205884436312,0.6000065700937557
2865,1.0,0.9996653277263635,0.7517195302796275,0.8619192701835541,0.8644205884436312,0.6000065700937557
2866,1.0,0.9996653277263635,0.7517195302796275,0.8619192701835541,0.8644205884436312,0.6000065700937557
2867,1.0,0.9996653277263635,0.7517195302796275,0.8619192701835541,0.8644205884436312,0.6000065700937557
2868,1.0,0.9996653277263635,0.7517195302796275,0.8619192701835541,0.8644205884436312,0.6000065700937557
2869,1.0,0.9996653277263635,0.7517195302796275,0.8619192701835541,0.8644205884436312,0.6000065700937557
2870,1.0,0.9996653277263635,0.7517195302796275,0.8619192701835541,0.8644205884436312,0.6000065700937557
2871,1.0,0.9996653277263635,0.7517195302796275,0.8619192701835541,0.8644205884436312,0.6000065700937557
2872,1.0,0.9996653277263635,0.7517195302796275,0.8619192701835541,0.8644205884436312,0.6000065700937557
2873,1.0,0.9996653277263635,0.7517195302796275,0.8619192701835541,0.8644205884436312,0.6000065700937557
2874,1.0,0.9996653277263635,0.7517195302796275,0.8619192701835541,0.8644205884436312,0.6000065700937557
2875,1.0,0.9996653277263635,0.7517195302796275,0.8619192701835541,0.8644205884436312,0.6000065700937557
2876,1.0,0.9996653277263635,0.7517195302796275,0.8619192701835541,0.8644205884436312,0.6000065700937557
2877,1.0,0.9996653277263635,0.7517195302796275,0.8619192701835541,0.8644205884436312,0.6000065700937557
2878,1.0,0.9996653277263635,0.7517195302796275,0.8619192701835541,0.8644205884436312,0.6000065700937557
2879,1.0,0.9996653277263635,0.7517195302796275,0.8619192701835541,0.8644205884436312,0.6000065700937557
2880,1.0,0.9996619361698227,0.7474626648698598,0.8620268499714641,0.8600341331085727,0.5990451744483059
2881,1.0,0.9996619361698227,0.7474626648698598,0.8620268499714641,0.8600341331085727,0.5990451744483059
2882,1.0,0.9996619361698227,0.7474626648698598,0.8620268499714641,0.8600341331085727,0.5990451744483059
2883,1.0,0.9996619361698227,0.7474626648698598,0.8620268499714641,0.8600341331085727,0.5990451744483059
2884,1.0,0.9996619361698227,0.7474626648698598,0.8620268499714641,0.8600341331085727,0.5990451744483059
2885,1.0,0.9996619361698227,0.7474626648698598,0.8620268499714641,0.8600341331085727,0.5990451744483059
2886,1.0,0.9996619361698227,0.7474626648698598,0.8620268499714641,0.8600341331085727,0.5990451744483059
2887,1.0,0.9996619361698227,0.7474626648698598,0.8620268499714641,0.8600341331085727,0.5990451744483059
2888,1.0,0.9996619361698227,0.7474626648698598,0.8620268499714641,0.8600341331085727,0.5990451744483059
2889,1.0,0.9996619361698227,0.7474626648698598,0.8620268499714641,0.8600341331085727,0.5990451744483059
2890,1.0,0.9996619361698227,0.7474626648698598,0.8620268499714641,0.8600341331085727,0.5990451744483059
2891,1.0,0.9996619361698227,0.7474626648698598,0.8620268499714641,0.8600341331085727,0.5990451744483059
2892,1.0,0.9996619361698227,0.7474626648698598,0.8620268499714641,0.8600341331085727,0.5990451744483059
2893,1.0,0.9996619361698227,0.7474626648698598,0.8620268499714641,0.8600341331085727,0.5990451744483059
2894,1.0,0.9996619361698227,0.7474626648698598,0.8620268499714641,0.8600341331085727,0.5990451744483059
2895,1.0,0.9996619361698227,0.7474626648698598,0.8620268499714641,0.8600341331085727,0.5990451744483059
2896,1.0,0.9996619361698227,0.7474626648698598,0.8620268499714641,0.8600341331085727,0.5990451744483059
2897,1.0,0.9996619361698227,0.7474626648698598,0.8620268499714641,0.8600341331085727,0.5990451744483059
2898,1.0,0.9996619361698227,0.7474626648698598,0.8620268499714641,0.8600341331085727,0.5990451744483059
2899,1.0,0.9996619361698227,0.7474626648698598,0.8620268499714641,0.8600341331085727,0.5990451744483059
2900,1.0,0.9996619361698227,0.7474626648698598,0.8620268499714641,0.8600341331085727,0.5990451744483059
2901,1.0,0.9996619361698227,0.7474626648698598,0.8620268499714641,0.8600341331085727,0.5990451744483059
2902,1.0,0.9996619361698227,0.7474626648698598,0.8620268499714641,0.8600341331085727,0.5990451744483059
2903,1.0,0.9996619361698227,0.7474626648698598,0.8620268499714641,0.8600341331085727,0.5990451744483059
2904,1.0,0.9996582133626872,0.7431351088860825,0.8618313660696789,0.8556703337186732,0.5978195725235804
2905,1.0,0.9996582133626872,0.7431351088860825,0.8618313660696789,0.8556703337186732,0.5978195725235804
2906,1.0,0.9996582133626872,0.7431351088860825,0.8618313660696789,0.8556703337186732,0.5978195725235804
2907,1.0,0.9996582133626872,0.7431351088860825,0.8618313660696789,0.8556703337186732,0.5978195725235804
2908,1.0,0.9996582133626872,0.7431351088860825,0.8618313660696789,0.8556703337186732,0.5978195725235804
2909,1.0,0.9996582133626872,0.7431351088860825,0.8618313660696789,0.8556703337186732,0.5978195725235804
2910,1.0,0.9996582133626872,0.7431351088860825,0.8618313660696789,0.8556703337186732,0.5978195725235804
2911,1.0,0.9996582133626872,0.7431351088860825,0.8618313660696789,0.8556703337186732,0.5978195725235804
2912,1.0,0.9996582133626872,0.7431351088860825,0.8618313660696789,0.8556703337186732,0.5978195725235804
2913,1.0,0.9996582133626872,0.7431351088860825,0.8618313660696789,0.8556703337186732,0.5978195725235804
2914,1.0,0.9996582133626872,0.7431351088860825,0.8618313660696789,0.8556703337186732,0.5978195725235804
2915,1.0,0.9996582133626872,0.7431351088860825,0.8618313660696789,0.8556703337186732,0.5978195725235804
2916,1.0,0.9996582133626872,0.7431351088860825,0.8618313660696789,0.8556703337186732,0.5978195725235804
2917,1.0,0.9996582133626872,0.7431351088860825,0.8618313660696789,0.8556703337186732,0.5978195725235804
2918,1.0,0.9996582133626872,0.7431351088860825,0.8618313660696789,0.8556703337186732,0.5978195725235804
2919,1.0,0.9996582133626872,0.7431351088860825,0.8618313660696789,0.8556703337186732,0.5978195725235804
2920,1.0,0.9996582133626872,0.7431351088860825,0.8618313660696789,0.8556703337186732,0.5978195725235804
2921,1.0,0.9996582133626872,0.7431351088860825,0.8618313660696789,0.8556703337186732,0.5978195725235804
2922,1.0,0.9996582133626872,0.7431351088860825,0.8618313660696789,0.8556703337186732,0.5978195725235804
2923,1.0,0.9996582133626872,0.7431351088860825,0.8618313660696789,0.8556703337186732,0.5978195725235804
2924,1.0,0.9996582133626872,0.7431351088860825,0.8618313660696789,0.8556703337186732,0.5978195725235804
2925,1.0,0.9996582133626872,0.7431351088860825,0.8618313660696789,0.8556703337186732,0.5978195725235804
2926,1.0,0.9996582133626872,0.7431351088860825,0.8618313660696789,0.8556703337186732,0.5978195725235804
2927,1.0,0.9996582133626872,0.7431351088860825,0.8618313660696789,0.8556703337186732,0.5978195725235804
2928,1.0,0.9996550084022471,0.7393797761375858,0.8618953252912687,0.8516543650062514,0.5969056277294705
2929,1.0,0.9996550084022471,0.7393797761375858,0.8618953252912687,0.8516543650062514,0.5969056277294705
2930,1.0,0.9996550084022471,0.7393797761375858,0.8618953252912687,0.8516543650062514,0.5969056277294705
2931,1.0,0.9996550084022471,0.7393797761375858,0.8618953252912687,0.8516543650062514,0.5969056277294705
2932,1.0,0.9996550084022471,0.7393797761375858,0.8618953252912687,0.8516543650062514,0.5969056277294705
2933,1.0,0.9996550084022471,0.7393797761375858,0.8618953252912687,0.8516543650062514,0.5969056277294705
2934,1.0,0.9996550084022471,0.7393797761375858,0.8618953252912687,0.8516543650062514,0.5969056277294705
2935,1.0,0.9996550084022471,0.7393797761375858,0.8618953252912687,0.8516543650062514,0.5969056277294705
2936,1.0,0.9996550084022471,0.7393797761375858,0.8618953252912687,0.8516543650062514,0.5969056277294705
2937,1.0,0.9996550084022471,0.7393797761375858,0.8618953252912687,0.8516543650062514,0.5969056277294705
2938,1.0,0.9996550084022471,0.7393797761375858,0.8618953252912687,0.8516543650062514,0.5969056277294705
2939,1.0,0.9996550084022471,0.7393797761375858,0.8618953252912687,0.8516543650062514,0.5969056277294705
2940,1.0,0.9996550084022471,0.7393797761375858,0.8618953252912687,0.8516543650062514,0.5969056277294705
2941,1.0,0.9996550084022471,0.7393797761375858,0.8618953252912687,0.8516543650062514,0.5969056277294705
2942,1.0,0.9996550084022471,0.7393797761375858,0.8618953252912687,0.8516543650062514,0.5969056277294705
2943,1.0,0.9996550084022471,0.7393797761375858,0.8618953252912687,0.8516543650062514,0.5969056277294705
2944,1.0,0.9996550084022471,0.7393797761375858,0.8618953252912687,0.8516543650062514,0.5969056277294705
2945,1.0,0.9996550084022471,0.7393797761375858,0.8618953252912687,0.8516543650062514,0.5969056277294705
2946,1.0,0.9996550084022471,0.7393797761375858,0.8618953252912687,0.8516543650062514,0.5969056277294705
2947,1.0,0.9996550084022471,0.7393797761375858,0.8618953252912687,0.8516543650062514,0.5969056277294705
2948,1.0,0.9996550084022471,0.7393797761375858,0.8618953252912687,0.8516543650062514,0.5969056277294705
2949,1.0,0.9996550084022471,0.7393797761375858,0.8618953252912687,0.8516543650062514,0.5969056277294705
2950,1.0,0.9996550084022471,0.7393797761375858,0.8618953252912687,0.8516543650062514,0.5969056277294705
2951,1.0,0.9996550084022471,0.7393797761375858,0.8618953252912687,0.8516543650062514,0.5969056277294705
2952,1.0,0.9996523575948447,0.7360665160739556,0.862252009066559,0.8479595815996624,0.5963248736269074
2953,1.0,0.9996523575948447,0.7360665160739556,0.862252009066559,0.8479595815996624,0.5963248736269074
2954,1.0,0.9996523575948447,0.7360665160739556,0.862252009066559,0.8479595815996624,0.5963248736269074
2955,1.0,0.9996523575948447,0.7360665160739556,0.862252009066559,0.8479595815996624,0.5963248736269074
2956,1.0,0.9996523575948447,0.7360665160739556,0.862252009066559,0.8479595815996624,0.5963248736269074
2957,1.0,0.9996523575948447,0.7360665160739556,0.862252009066559,0.8479595815996624,0.5963248736269074
2958,1.0,0.9996523575948447,0.7360665160739556,0.862252009066559,0.8479595815996624,0.5963248736269074
2959,1.0,0.9996523575948447,0.7360665160739556,0.862252009066559,0.8479595815996624,0.5963248736269074
2960,1.0,0.9996523575948447,0.7360665160739556,0.862252009066559,0.8479595815996624,0.5963248736269074
2961,1.0,0.9996523575948447,0.7360665160739556,0.862252009066559,0.8479595815996624,0.5963248736269074
2962,1.0,0.9996523575948447,0.7360665160739556,0.862252009066559,0.8479595815996624,0.5963248736269074
2963,1.0,0.9996523575948447,0.7360665160739556,0.862252009066559,0.8479595815996624,0.5963248736269074
2964,1.0,0.9996523575948447,0.7360665160739556,0.862252009066559,0.8479595815996624,0.5963248736269074
2965,1.0,0.9996523575948447,0.7360665160739556,0.862252009066559,0.8479595815996624,0.5963248736269074
2966,1.0,0.9996523575948447,0.7360665160739556,0.862252009066559,0.8479595815996624,0.5963248736269074
2967,1.0,0.9996523575948447,0.7360665160739556,0.862252009066559,0.8479595815996624,0.5963248736269074
2968,1.0,0.9996523575948447,0.7360665160739556,0.862252009066559,0.8479595815996624,0.5963248736269074
2969,1.0,0.9996523575948447,0.7360665160739556,0.862252009066559,0.8479595815996624,0.5963248736269074
2970,1.0,0.9996523575948447,0.7360665160739556,0.862252009066559,0.8479595815996624,0.5963248736269074
2971,1.0,0.9996523575948447,0.7360665160739556,0.862252009066559,0.8479595815996624,0.5963248736269074
2972,1.0,0.9996523575948447,0.7360665160739556,0.862252009066559,0.8479595815996624,0.5963248736269074
2973,1.0,0.9996523575948447,0.7360665160739556,0.862252009066559,0.8479595815996624,0.5963248736269074
2974,1.0,0.9996523575948447,0.7360665160739556,0.862252009066559,0.8479595815996624,0.5963248736269074
2975,1.0,0.9996523575948447,0.7360665160739556,0.862252009066559,0.8479595815996624,0.5963248736269074
2976,1.0,0.9996484551116219,0.7315586978555687,0.8619643922952461,0.84350412139494,0.594981688580592
2977,1.0,0.9996484551116219,0.7315586978555687,0.8619643922952461,0.84350412139494,0.594981688580592
2978,1.0,0.9996484551116219,0.7315586978555687,0.8619643922952461,0.84350412139494,0.594981688580592
2979,1.0,0.9996484551116219,0.7315586978555687,0.8619643922952461,0.84350412139494,0.594981688580592
2980,1.0,0.9996484551116219,0.7315586978555687,0.8619643922952461,0.84350412139494,0.594981688580592
2981,1.0,0.9996484551116219,0.7315586978555687,0.8619643922952461,0.84350412139494,0.594981688580592
2982,1.0,0.9996484551116219,0.7315586978555687,0.8619643922952461,0.84350412139494,0.594981688580592
2983,1.0,0.9996484551116219,0.7315586978555687,0.8619643922952461,0.84350412139494,0.594981688580592
2984,1.0,0.9996484551116219,0.7315586978555687,0.8619643922952461,0.84350412139494,0.594981688580592
2985,1.0,0.9996484551116219,0.7315586978555687,0.8619643922952461,0.84350412139494,0.594981688580592
2986,1.0,0.9996484551116219,0.7315586978555687,0.8619643922952461,0.84350412139494,0.594981688580592
2987,1.0,0.9996484551116219,0.7315586978555687,0.8619643922952461,0.84350412139494,0.594981688580592
2988,1.0,0.9996484551116219,0.7315586978555687,0.8619643922952461,0.84350412139494,0.594981688580592
2989,1.0,0.9996484551116219,0.7315586978555687,0.8619643922952461,0.84350412139494,0.594981688580592
2990,1.0,0.9996484551116219,0.7315586978555687,0.8619643922952461,0.84350412139494,0.594981688580592
2991,1.0,0.9996484551116219,0.7315586978555687,0.8619643922952461,0.84350412139494,0.594981688580592
2992,1.0,0.9996484551116219,0.7315586978555687,0.8619643922952461,0.84350412139494,0.594981688580592
2993,1.0,0.9996484551116219,0.7315586978555687,0.8619643922952461,0.84350412139494,0.594981688580592
2994,1.0,0.9996484551116219,0.7315586978555687,0.8619643922952461,0.84350412139494,0.594981688580592
2995,1.0,0.9996484551116219,0.7315586978555687,0.8619643922952461,0.84350412139494,0.594981688580592
2996,1.0,0.9996484551116219,0.7315586978555687,0.8619643922952461,0.84350412139494,0.594981688580592
2997,1.0,0.9996484551116219,0.7315586978555687,0.8619643922952461,0.84350412139494,0.594981688580592
2998,1.0,0.9996484551116219,0.7315586978555687,0.8619643922952461,0.84350412139494,0.594981688580592
2999,1.0,0.9996484551116219,0.7315586978555687,0.8619643922952461,0.84350412139494,0.594981688580592
3000,1.0,0.9996420737136936,0.7240762749660457,0.8606396921531275,0.8369838723994344,0.5921262508938884
3001,1.0,0.9996420737136936,0.7240762749660457,0.8606396921531275,0.8369838723994344,0.5921262508938884
3002,1.0,0.9996420737136936,0.7240762749660457,0.8606396921531275,0.8369838723994344,0.5921262508938884
3003,1.0,0.9996420737136936,0.7240762749660457,0.8606396921531275,0.8369838723994344,0.5921262508938884
3004,1.0,0.9996420737136936,0.7240762749660457,0.8606396921531275,0.8369838723994344,0.5921262508938884
3005,1.0,0.9996420737136936,0.7240762749660457,0.8606396921531275,0.8369838723994344,0.5921262508938884
3006,1.0,0.9996420737136936,0.7240762749660457,0.8606396921531275,0.8369838723994344,0.5921262508938884
3007,1.0,0.9996420737136936,0.7240762749660457,0.8606396921531275,0.8369838723994344,0.5921262508938884
3008,1.0,0.9996420737136936,0.7240762749660457,0.8606396921531275,0.8369838723994344,0.5921262508938884
3009,1.0,0.9996420737136936,0.7240762749660457,0.8606396921531275,0.8369838723994344,0.5921262508938884
3010,1.0,0.9996420737136936,0.7240762749660457,0.8606396921531275,0.8369838723994344,0.5921262508938884
3011,1.0,0.9996420737136936,0.7240762749660457,0.8606396921531275,0.8369838723994344,0.5921262508938884
3012,1.0,0.9996420737136936,0.7240762749660457,0.8606396921531275,0.8369838723994344,0.5921262508938884
3013,1.0,0.9996420737136936,0.7240762749660457,0.8606396921531275,0.8369838723994344,0.5921262508938884
3014,1.0,0.9996420737136936,0.7240762749660457,0.8606396921531275,0.8369838723994344,0.5921262508938884
3015,1.0,0.9996420737136936,0.7240762749660457,0.8606396921531275,0.8369838723994344,0.5921262508938884
3016,1.0,0.9996420737136936,0.7240762749660457,0.8606396921531275,0.8369838723994344,0.5921262508938884
3017,1.0,0.9996420737136936,0.7240762749660457,0.8606396921531275,0.8369838723994344,0.5921262508938884
3018,1.0,0.9996420737136936,0.7240762749660457,0.8606396921531275,0.8369838723994344,0.5921262508938884
3019,1.0,0.9996420737136936,0.7240762749660457,0.8606396921531275,0.8369838723994344,0.5921262508938884
3020,1.0,0.9996420737136936,0.7240762749660457,0.8606396921531275,0.8369838723994344,0.5921262508938884
3021,1.0,0.9996420737136936,0.7240762749660457,0.8606396921531275,0.8369838723994344,0.5921262508938884
3022,1.0,0.9996420737136936,0.7240762749660457,0.8606396921531275,0.8369838723994344,0.5921262508938884
3023,1.0,0.9996420737136936,0.7240762749660457,0.8606396921531275,0.8369838723994344,0.5921262508938884
3024,1.0,0.9996368686614936,0.7178816146996088,0.8597633412150811,0.8315606537412984,0.5898625154878074
3025,1.0,0.9996368686614936,0.7178816146996088,0.8597633412150811,0.8315606537412984,0.5898625154878074
3026,1.0,0.9996368686614936,0.7178816146996088,0.8597633412150811,0.8315606537412984,0.5898625154878074
3027,1.0,0.9996368686614936,0.7178816146996088,0.8597633412150811,0.8315606537412984,0.5898625154878074
3028,1.0,0.9996368686614936,0.7178816146996088,0.8597633412150811,0.8315606537412984,0.5898625154878074
3029,1.0,0.9996368686614936,0.7178816146996088,0.8597633412150811,0.8315606537412984,0.5898625154878074
3030,1.0,0.9996368686614936,0.7178816146996088,0.8597633412150811,0.8315606537412984,0.5898625154878074
3031,1.0,0.9996368686614936,0.7178816146996088,0.8597633412150811,0.8315606537412984,0.5898625154878074
3032,1.0,0.9996368686614936,0.7178816146996088,0.8597633412150811,0.8315606537412984,0.5898625154878074
3033,1.0,0.9996368686614936,0.7178816146996088,0.8597633412150811,0.8315606537412984,0.5898625154878074
3034,1.0,0.9996368686614936,0.7178816146996088,0.8597633412150811,0.8315606537412984,0.5898625154878074
3035,1.0,0.9996368686614936,0.7178816146996088,0.8597633412150811,0.8315606537412984,0.5898625154878074
3036,1.0,0.9996368686614936,0.7178816146996088,0.8597633412150811,0.8315606537412984,0.5898625154878074
3037,1.0,0.9996368686614936,0.7178816146996088,0.8597633412150811,0.8315606537412984,0.5898625154878074
3038,1.0,0.9996368686614936,0.7178816146996088,0.8597633412150811,0.8315606537412984,0.5898625154878074
3039,1.0,0.9996368686614936,0.7178816146996088,0.8597633412150811,0.8315606537412984,0.5898625154878074
3040,1.0,0.9996368686614936,0.7178816146996088,0.8597633412150811,0.8315606537412984,0.5898625154878074
3041,1.0,0.9996368686614936,0.7178816146996088,0.8597633412150811,0.8315606537412984,0.5898625154878074
3042,1.0,0.9996368686614936,0.7178816146996088,0.8597633412150811,0.8315606537412984,0.5898625154878074
3043,1.0,0.9996368686614936,0.7178816146996088,0.8597633412150811,0.8315606537412984,0.5898625154878074
3044,1.0,0.9996368686614936,0.7178816146996088,0.8597633412150811,0.8315606537412984,0.5898625154878074
3045,1.0,0.9996368686614936,0.7178816146996088,0.8597633412150811,0.8315606537412984,0.5898625154878074
3046,1.0,0.9996368686614936,0.7178816146996088,0.8597633412150811,0.8315606537412984,0.5898625154878074
3047,1.0,0.9996368686614936,0.7178816146996088,0.8597633412150811,0.8315606537412984,0.5898625154878074
3048,1.0,0.99963110228671,0.7110804343443703,0.8586693341630438,0.825583169015257,0.5873043595210024
3049,1.0,0.99963110228671,0.7110804343443703,0.8586693341630438,0.825583169015257,0.5873043595210024
3050,1.0,0.99963110228671,0.7110804343443703,0.8586693341630438,0.825583169015257,0.5873043595210024
3051,1.0,0.99963110228671,0.7110804343443703,0.8586693341630438,0.825583169015257,0.5873043595210024
3052,1.0,0.99963110228671,0.7110804343443703,0.8586693341630438,0.825583169015257,0.5873043595210024
3053,1.0,0.99963110228671,0.7110804343443703,0.8586693341630438,0.825583169015257,0.5873043595210024
3054,1.0,0.99963110228671,0.7110804343443703,0.8586693341630438,0.825583169015257,0.5873043595210024
3055,1.0,0.99963110228671,0.7110804343443703,0.8586693341630438,0.825583169015257,0.5873043595210024
3056,1.0,0.99963110228671,0.7110804343443703,0.8586693341630438,0.825583169015257,0.5873043595210024
3057,1.0,0.99963110228671,0.7110804343443703,0.8586693341630438,0.825583169015257,0.5873043595210024
3058,1.0,0.99963110228671,0.7110804343443703,0.8586693341630438,0.825583169015257,0.5873043595210024
3059,1.0,0.99963110228671,0.7110804343443703,0.8586693341630438,0.825583169015257,0.5873043595210024
3060,1.0,0.99963110228671,0.7110804343443703,0.8586693341630438,0.825583169015257,0.5873043595210024
3061,1.0,0.99963110228671,0.7110804343443703,0.8586693341630438,0.825583169015257,0.5873043595210024
3062,1.0,0.99963110228671,0.7110804343443703,0.8586693341630438,0.825583169015257,0.5873043595210024
3063,1.0,0.99963110228671,0.7110804343443703,0.8586693341630438,0.825583169015257,0.5873043595210024
3064,1.0,0.99963110228671,0.7110804343443703,0.8586693341630438,0.825583169015257,0.5873043595210024
3065,1.0,0.99963110228671,0.7110804343443703,0.8586693341630438,0.825583169015257,0.5873043595210024
3066,1.0,0.99963110228671,0.7110804343443703,0.8586693341630438,0.825583169015257,0.5873043595210024
3067,1.0,0.99963110228671,0.7110804343443703,0.8586693341630438,0.825583169015257,0.5873043595210024
3068,1.0,0.99963110228671,0.7110804343443703,0.8586693341630438,0.825583169015257,0.5873043595210024
3069,1.0,0.99963110228671,0.7110804343443703,0.8586693341630438,0.825583169015257,0.5873043595210024
3070,1.0,0.99963110228671,0.7110804343443703,0.8586693341630438,0.825583169015257,0.5873043595210024
3071,1.0,0.99963110228671,0.7110804343443703,0.8586693341630438,0.825583169015257,0.5873043595210024
3072,1.0,0.9996244422869739,0.7032209114971147,0.8572088815540487,0.8188995818099373,0.5840592269192324
3073,1.0,0.9996244422869739,0.7032209114971147,0.8572088815540487,0.8188995818099373,0.5840592269192324
3074,1.0,0.9996244422869739,0.7032209114971147,0.8572088815540487,0.8188995818099373,0.5840592269192324
3075,1.0,0.9996244422869739,0.7032209114971147,0.8572088815540487,0.8188995818099373,0.5840592269192324
3076,1.0,0.9996244422869739,0.7032209114971147,0.8572088815540487,0.8188995818099373,0.5840592269192324
3077,1.0,0.9996244422869739,0.7032209114971147,0.8572088815540487,0.8188995818099373,0.5840592269192324
3078,1.0,0.9996244422869739,0.7032209114971147,0.8572088815540487,0.8188995818099373,0.5840592269192324
3079,1.0,0.9996244422869739,0.7032209114971147,0.8572088815540487,0.8188995818099373,0.5840592269192324
3080,1.0,0.9996244422869739,0.7032209114971147,0.8572088815540487,0.8188995818099373,0.5840592269192324
3081,1.0,0.9996244422869739,0.7032209114971147,0.8572088815540487,0.8188995818099373,0.5840592269192324
3082,1.0,0.9996244422869739,0.7032209114971147,0.8572088815540487,0.8188995818099373,0.5840592269192324
3083,1.0,0.9996244422869739,0.7032209114971147,0.8572088815540487,0.8188995818099373,0.5840592269192324
3084,1.0,0.9996244422869739,0.7032209114971147,0.8572088815540487,0.8188995818099373,0.5840592269192324
3085,1.0,0.9996244422869739,0.7032209114971147,0.8572088815540487,0.8188995818099373,0.5840592269192324
3086,1.0,0.9996244422869739,0.7032209114971147,0.8572088815540487,0.8188995818099373,0.5840592269192324
3087,1.0,0.9996244422869739,0.7032209114971147,0.8572088815540487,0.8188995818099373,0.5840592269192324
3088,1.0,0.9996244422869739,0.7032209114971147,0.8572088815540487,0.8188995818099373,0.5840592269192324
3089,1.0,0.9996244422869739,0.7032209114971147,0.8572088815540487,0.8188995818099373,0.5840592269192324
3090,1.0,0.9996244422869739,0.7032209114971147,0.8572088815540487,0.8188995818099373,0.5840592269192324
3091,1.0,0.9996244422869739,0.7032209114971147,0.8572088815540487,0.8188995818099373,0.5840592269192324
3092,1.0,0.9996244422869739,0.7032209114971147,0.8572088815540487,0.8188995818099373,0.5840592269192324
3093,1.0,0.9996244422869739,0.7032209114971147,0.8572088815540487,0.8188995818099373,0.5840592269192324
3094,1.0,0.9996244422869739,0.7032209114971147,0.8572088815540487,0.8188995818099373,0.5840592269192324
3095,1.0,0.9996244422869739,0.7032209114971147,0.8572088815540487,0.8188995818099373,0.5840592269192324
3096,1.0,0.9996187815212996,0.6965505235179944,0.8561180610671029,0.8133326412876313,0.5813364659572973
3097,1.0,0.9996187815212996,0.6965505235179944,0.8561180610671029,0.8133326412876313,0.5813364659572973
3098,1.0,0.9996187815212996,0.6965505235179944,0.8561180610671029,0.8133326412876313,0.5813364659572973
3099,1.0,0.9996187815212996,0.6965505235179944,0.8561180610671029,0.8133326412876313,0.5813364659572973
3100,1.0,0.9996187815212996,0.6965505235179944,0.8561180610671029,0.8133326412876313,0.5813364659572973
3101,1.0,0.9996187815212996,0.6965505235179944,0.8561180610671029,0.8133326412876313,0.5813364659572973
3102,1.0,0.9996187815212996,0.6965505235179944,0.8561180610671029,0.8133326412876313,0.5813364659572973
3103,1.0,0.9996187815212996,0.6965505235179944,0.8561180610671029,0.8133326412876313,0.5813364659572973
3104,1.0,0.9996187815212996,0.6965505235179944,0.8561180610671029,0.8133326412876313,0.5813364659572973
3105,1.0,0.9996187815212996,0.6965505235179944,0.8561180610671029,0.8133326412876313,0.5813364659572973
3106,1.0,0.9996187815212996,0.6965505235179944,0.8561180610671029,0.8133326412876313,0.5813364659572973
3107,1.0,0.9996187815212996,0.6965505235179944,0.8561180610671029,0.8133326412876313,0.5813364659572973
3108,1.0,0.9996187815212996,0.6965505235179944,0.8561180610671029,0.8133326412876313,0.5813364659572973
3109,1.0,0.9996187815212996,0.6965505235179944,0.8561180610671029,0.8133326412876313,0.5813364659572973
3110,1.0,0.9996187815212996,0.6965505235179944,0.8561180610671029,0.8133326412876313,0.5813364659572973
3111,1.0,0.9996187815212996,0.6965505235179944,0.8561180610671029,0.8133326412876313,0.5813364659572973
3112,1.0,0.9996187815212996,0.6965505235179944,0.8561180610671029,0.8133326412876313,0.5813364659572973
3113,1.0,0.9996187815212996,0.6965505235179944,0.8561180610671029,0.8133326412876313,0.5813364659572973
3114,1.0,0.9996187815212996,0.6965505235179944,0.8561180610671029,0.8133326412876313,0.5813364659572973
3115,1.0,0.9996187815212996,0.6965505235179944,0.8561180610671029,0.8133326412876313,0.5813364659572973
3116,1.0,0.9996187815212996,0.6965505235179944,0.8561180610671029,0.8133326412876313,0.5813364659572973
3117,1.0,0.9996187815212996,0.6965505235179944,0.8561180610671029,0.8133326412876313,0.5813364659572973
3118,1.0,0.9996187815212996,0.6965505235179944,0.8561180610671029,0.8133326412876313,0.5813364659572973
3119,1.0,0.9996187815212996,0.6965505235179944,0.8561180610671029,0.8133326412876313,0.5813364659572973
3120,1.0,0.9996121911891676,0.6887860748998258,0.854682520383688,0.8067466942022766,0.5781170702180419
3121,1.0,0.9996121911891676,0.6887860748998258,0.854682520383688,0.8067466942022766,0.5781170702180419
3122,1.0,0.9996121911891676,0.6887860748998258,0.854682520383688,0.8067466942022766,0.5781170702180419
3123,1.0,0.9996121911891676,0.6887860748998258,0.854682520383688,0.8067466942022766,0.5781170702180419
3124,1.0,0.9996121911891676,0.6887860748998258,0.854682520383688,0.8067466942022766,0.5781170702180419
3125,1.0,0.9996121911891676,0.6887860748998258,0.854682520383688,0.8067466942022766,0.5781170702180419
3126,1.0,0.9996121911891676,0.6887860748998258,0.854682520383688,0.8067466942022766,0.5781170702180419
3127,1.0,0.9996121911891676,0.6887860748998258,0.854682520383688,0.8067466942022766,0.5781170702180419
3128,1.0,0.9996121911891676,0.6887860748998258,0.854682520383688,0.8067466942022766,0.5781170702180419
3129,1.0,0.9996121911891676,0.6887860748998258,0.854682520383688,0.8067466942022766,0.5781170702180419
3130,1.0,0.9996121911891676,0.6887860748998258,0.854682520383688,0.8067466942022766,0.5781170702180419
3131,1.0,0.9996121911891676,0.6887860748998258,0.854682520383688,0.8067466942022766,0.5781170702180419
3132,1.0,0.9996121911891676,0.6887860748998258,0.854682520383688,0.8067466942022766,0.5781170702180419
3133,1.0,0.9996121911891676,0.6887860748998258,0.854682520383688,0.8067466942022766,0.5781170702180419
3134,1.0,0.9996121911891676,0.6887860748998258,0.854682520383688,0.8067466942022766,0.5781170702180419
3135,1.0,0.9996121911891676,0.6887860748998258,0.854682520383688,0.8067466942022766,0.5781170702180419
3136,1.0,0.9996121911891676,0.6887860748998258,0.854682520383688,0.8067466942022766,0.5781170702180419
3137,1.0,0.9996121911891676,0.6887860748998258,0.854682520383688,0.8067466942022766,0.5781170702180419
3138,1.0,0.9996121911891676,0.6887860748998258,0.854682520383688,0.8067466942022766,0.5781170702180419
3139,1.0,0.9996121911891676,0.6887860748998258,0.854682520383688,0.8067466942022766,0.5781170702180419
3140,1.0,0.9996121911891676,0.6887860748998258,0.854682520383688,0.8067466942022766,0.5781170702180419
3141,1.0,0.9996121911891676,0.6887860748998258,0.854682520383688,0.8067466942022766,0.5781170702180419
3142,1.0,0.9996121911891676,0.6887860748998258,0.854682520383688,0.8067466942022766,0.5781170702180419
3143,1.0,0.9996121911891676,0.6887860748998258,0.854682520383688,0.8067466942022766,0.5781170702180419
3144,1.0,0.9996028274496331,0.6695338214707012,0.8498997169110994,0.8001802149416085,0.571929558825524
3145,1.0,0.9996028274496331,0.6695338214707012,0.8498997169110994,0.8001802149416085,0.571929558825524
3146,1.0,0.9996028274496331,0.6695338214707012,0.8498997169110994,0.8001802149416085,0.571929558825524
3147,1.0,0.9996028274496331,0.6695338214707012,0.8498997169110994,0.8001802149416085,0.571929558825524
3148,1.0,0.9996028274496331,0.6695338214707012,0.8498997169110994,0.8001802149416085,0.571929558825524
3149,1.0,0.9996028274496331,0.6695338214707012,0.8498997169110994,0.8001802149416085,0.571929558825524
3150,1.0,0.9996028274496331,0.6695338214707012,0.8498997169110994,0.8001802149416085,0.571929558825524
3151,1.0,0.9996028274496331,0.6695338214707012,0.8498997169110994,0.8001802149416085,0.571929558825524
3152,1.0,0.9996028274496331,0.6695338214707012,0.8498997169110994,0.8001802149416085,0.571929558825524
3153,1.0,0.9996028274496331,0.6695338214707012,0.8498997169110994,0.8001802149416085,0.571929558825524
3154,1.0,0.9996028274496331,0.6695338214707012,0.8498997169110994,0.8001802149416085,0.571929558825524
3155,1.0,0.9996028274496331,0.6695338214707012,0.8498997169110994,0.8001802149416085,0.571929558825524
3156,1.0,0.9996028274496331,0.6695338214707012,0.8498997169110994,0.8001802149416085,0.571929558825524
3157,1.0,0.9996028274496331,0.6695338214707012,0.8498997169110994,0.8001802149416085,0.571929558825524
3158,1.0,0.9996028274496331,0.6695338214707012,0.8498997169110994,0.8001802149416085,0.571929558825524
3159,1.0,0.9996028274496331,0.6695338214707012,0.8498997169110994,0.8001802149416085,0.571929558825524
3160,1.0,0.9996028274496331,0.6695338214707012,0.8498997169110994,0.8001802149416085,0.571929558825524
3161,1.0,0.9996028274496331,0.6695338214707012,0.8498997169110994,0.8001802149416085,0.571929558825524
3162,1.0,0.9996028274496331,0.6695338214707012,0.8498997169110994,0.8001802149416085,0.571929558825524
3163,1.0,0.9996028274496331,0.6695338214707012,0.8498997169110994,0.8001802149416085,0.571929558825524
3164,1.0,0.9996028274496331,0.6695338214707012,0.8498997169110994,0.8001802149416085,0.571929558825524
3165,1.0,0.9996028274496331,0.6695338214707012,0.8498997169110994,0.8001802149416085,0.571929558825524
3166,1.0,0.9996028274496331,0.6695338214707012,0.8498997169110994,0.8001802149416085,0.571929558825524
3167,1.0,0.9996028274496331,0.6695338214707012,0.8498997169110994,0.8001802149416085,0.571929558825524
3168,1.0,0.9797490961192183,0.6466943970409201,0.84479476367434,0.7932681025229944,0.5593366287029562
3169,1.0,0.9797490961192183,0.6466943970409201,0.84479476367434,0.7932681025229944,0.5593366287029562
3170,1.0,0.9797490961192183,0.6466943970409201,0.84479476367434,0.7932681025229944,0.5593366287029562
3171,1.0,0.9797490961192183,0.6466943970409201,0.84479476367434,0.7932681025229944,0.5593366287029562
3172,1.0,0.9797490961192183,0.6466943970409201,0.84479476367434,0.7932681025229944,0.5593366287029562
3173,1.0,0.9797490961192183,0.6466943970409201,0.84479476367434,0.7932681025229944,0.5593366287029562
3174,1.0,0.9797490961192183,0.6466943970409201,0.84479476367434,0.7932681025229944,0.5593366287029562
3175,1.0,0.9797490961192183,0.6466943970409201,0.84479476367434,0.7932681025229944,0.5593366287029562
3176,1.0,0.9797490961192183,0.6466943970409201,0.84479476367434,0.7932681025229944,0.5593366287029562
3177,1.0,0.9797490961192183,0.6466943970409201,0.84479476367434,0.7932681025229944,0.5593366287029562
3178,1.0,0.9797490961192183,0.6466943970409201,0.84479476367434,0.7932681025229944,0.5593366287029562
3179,1.0,0.9797490961192183,0.6466943970409201,0.84479476367434,0.7932681025229944,0.5593366287029562
3180,1.0,0.9797490961192183,0.6466943970409201,0.84479476367434,0.7932681025229944,0.5593366287029562
3181,1.0,0.9797490961192183,0.6466943970409201,0.84479476367434,0.7932681025229944,0.5593366287029562
3182,1.0,0.9797490961192183,0.6466943970409201,0.84479476367434,0.7932681025229944,0.5593366287029562
3183,1.0,0.9797490961192183,0.6466943970409201,0.84479476367434,0.7932681025229944,0.5593366287029562
3184,1.0,0.9797490961192183,0.6466943970409201,0.84479476367434,0.7932681025229944,0.5593366287029562
3185,1.0,0.9797490961192183,0.6466943970409201,0.84479476367434,0.7932681025229944,0.5593366287029562
3186,1.0,0.9797490961192183,0.6466943970409201,0.84479476367434,0.7932681025229944,0.5593366287029562
3187,1.0,0.9797490961192183,0.6466943970409201,0.84479476367434,0.7932681025229944,0.5593366287029562
3188,1.0,0.9797490961192183,0.6466943970409201,0.84479476367434,0.7932681025229944,0.5593366287029562
3189,1.0,0.9797490961192183,0.6466943970409201,0.84479476367434,0.7932681025229944,0.5593366287029562
3190,1.0,0.9797490961192183,0.6466943970409201,0.84479476367434,0.7932681025229944,0.5593366287029562
3191,1.0,0.9797490961192183,0.6466943970409201,0.84479476367434,0.7932681025229944,0.5593366287029562
3192,1.0,0.9517216647761764,0.6255742734074569,0.8399779932515007,0.7868860996920456,0.5469686054555281
3193,1.0,0.9517216647761764,0.6255742734074569,0.8399779932515007,0.7868860996920456,0.5469686054555281
3194,1.0,0.9517216647761764,0.6255742734074569,0.8399779932515007,0.7868860996920456,0.5469686054555281
3195,1.0,0.9517216647761764,0.6255742734074569,0.8399779932515007,0.7868860996920456,0.5469686054555281
3196,1.0,0.9517216647761764,0.6255742734074569,0.8399779932515007,0.7868860996920456,0.5469686054555281
3197,1.0,0.9517216647761764,0.6255742734074569,0.8399779932515007,0.7868860996920456,0.5469686054555281
3198,1.0,0.9517216647761764,0.6255742734074569,0.8399779932515007,0.7868860996920456,0.5469686054555281
3199,1.0,0.9517216647761764,0.6255742734074569,0.8399779932515007,0.7868860996920456,0.5469686054555281
3200,1.0,0.9517216647761764,0.6255742734074569,0.8399779932515007,0.7868860996920456,0.5469686054555281
3201,1.0,0.9517216647761764,0.6255742734074569,0.8399779932515007,0.7868860996920456,0.5469686054555281
3202,1.0,0.9517216647761764,0.6255742734074569,0.8399779932515007,0.7868860996920456,0.5469686054555281
3203,1.0,0.9517216647761764,0.6255742734074569,0.8399779932515007,0.7868860996920456,0.5469686054555281
3204,1.0,0.9517216647761764,0.6255742734074569,0.8399779932515007,0.7868860996920456,0.5469686054555281
3205,1.0,0.9517216647761764,0.6255742734074569,0.8399779932515007,0.7868860996920456,0.5469686054555281
3206,1.0,0.9517216647761764,0.6255742734074569,0.8399779932515007,0.7868860996920456,0.5469686054555281
3207,1.0,0.9517216647761764,0.6255742734074569,0.8399779932515007,0.7868860996920456,0.5469686054555281
3208,1.0,0.9517216647761764,0.6255742734074569,0.8399779932515007,0.7868860996920456,0.5469686054555281
3209,1.0,0.9517216647761764,0.6255742734074569,0.8399779932515007,0.7868860996920456,0.5469686054555281
3210,1.0,0.9517216647761764,0.6255742734074569,0.8399779932515007,0.7868860996920456,0.5469686054555281
3211,1.0,0.9517216647761764,0.6255742734074569,0.8399779932515007,0.7868860996920456,0.5469686054555281
3212,1.0,0.9517216647761764,0.6255742734074569,0.8399779932515007,0.7868860996920456,0.5469686054555281
3213,1.0,0.9517216647761764,0.6255742734074569,0.8399779932515007,0.7868860996920456,0.5469686054555281
3214,1.0,0.9517216647761764,0.6255742734074569,0.8399779932515007,0.7868860996920456,0.5469686054555281
3215,1.0,0.9517216647761764,0.6255742734074569,0.8399779932515007,0.7868860996920456,0.5469686054555281
3216,1.0,0.9212314478535544,0.6024411978744707,0.8347496649039242,0.7799428188676013,0.5334140941605263
3217,1.0,0.9212314478535544,0.6024411978744707,0.8347496649039242,0.7799428188676013,0.5334140941605263
3218,1.0,0.9212314478535544,0.6024411978744707,0.8347496649039242,0.7799428188676013,0.5334140941605263
3219,1.0,0.9212314478535544,0.6024411978744707,0.8347496649039242,0.7799428188676013,0.5334140941605263
3220,1.0,0.9212314478535544,0.6024411978744707,0.8347496649039242,0.7799428188676013,0.5334140941605263
3221,1.0,0.9212314478535544,0.6024411978744707,0.8347496649039242,0.7799428188676013,0.5334140941605263
3222,1.0,0.9212314478535544,0.6024411978744707,0.8347496649039242,0.7799428188676013,0.5334140941605263
3223,1.0,0.9212314478535544,0.6024411978744707,0.8347496649039242,0.7799428188676013,0.5334140941605263
3224,1.0,0.9212314478535544,0.6024411978744707,0.8347496649039242,0.7799428188676013,0.5334140941605263
3225,1.0,0.9212314478535544,0.6024411978744707,0.8347496649039242,0.7799428188676013,0.5334140941605263
3226,1.0,0.9212314478535544,0.6024411978744707,0.8347496649039242,0.7799428188676013,0.5334140941605263
3227,1.0,0.9212314478535544,0.6024411978744707,0.8347496649039242,0.7799428188676013,0.5334140941605263
3228,1.0,0.9212314478535544,0.6024411978744707,0.8347496649039242,0.7799428188676013,0.5334140941605263
3229,1.0,0.9212314478535544,0.6024411978744707,0.8347496649039242,0.7799428188676013,0.5334140941605263
3230,1.0,0.9212314478535544,0.6024411978744707,0.8347496649039242,0.7799428188676013,0.5334140941605263
3231,1.0,0.9212314478535544,0.6024411978744707,0.8347496649039242,0.7799428188676013,0.5334140941605263
3232,1.0,0.9212314478535544,0.6024411978744707,0.8347496649039242,0.7799428188676013,0.5334140941605263
3233,1.0,0.9212314478535544,0.6024411978744707,0.8347496649039242,0.7799428188676013,0.5334140941605263
3234,1.0,0.9212314478535544,0.6024411978744707,0.8347496649039242,0.7799428188676013,0.5334140941605263
3235,1.0,0.9212314478535544,0.6024411978744707,0.8347496649039242,0.7799428188676013,0.5334140941605263
3236,1.0,0.9212314478535544,0.6024411978744707,0.8347496649039242,0.7799428188676013,0.5334140941605263
3237,1.0,0.9212314478535544,0.6024411978744707,0.8347496649039242,0.7799428188676013,0.5334140941605263
3238,1.0,0.9212314478535544,0.6024411978744707,0.8347496649039242,0.7799428188676013,0.5334140941605263
3239,1.0,0.9212314478535544,0.6024411978744707,0.8347496649039242,0.7799428188676013,0.5334140941605263
3240,1.0,0.8913025455581808,0.5797331101869642,0.8295842722620702,0.7731492944988303,0.5201163121494011
3241,1.0,0.8913025455581808,0.5797331101869642,0.8295842722620702,0.7731492944988303,0.5201163121494011
3242,1.0,0.8913025455581808,0.5797331101869642,0.8295842722620702,0.7731492944988303,0.5201163121494011
3243,1.0,0.8913025455581808,0.5797331101869642,0.8295842722620702,0.7731492944988303,0.5201163121494011
3244,1.0,0.8913025455581808,0.5797331101869642,0.8295842722620702,0.7731492944988303,0.5201163121494011
3245,1.0,0.8913025455581808,0.5797331101869642,0.8295842722620702,0.7731492944988303,0.5201163121494011
3246,1.0,0.8913025455581808,0.5797331101869642,0.8295842722620702,0.7731492944988303,0.5201163121494011
3247,1.0,0.8913025455581808,0.5797331101869642,0.8295842722620702,0.7731492944988303,0.5201163121494011
3248,1.0,0.8913025455581808,0.5797331101869642,0.8295842722620702,0.7731492944988303,0.5201163121494011
3249,1.0,0.8913025455581808,0.5797331101869642,0.8295842722620702,0.7731492944988303,0.5201163121494011
3250,1.0,0.8913025455581808,0.5797331101869642,0.8295842722620702,0.7731492944988303,0.5201163121494011
3251,1.0,0.8913025455581808,0.5797331101869642,0.8295842722620702,0.7731492944988303,0.5201163121494011
3252,1.0,0.8913025455581808,0.5797331101869642,0.8295842722620702,0.7731492944988303,0.5201163121494011
3253,1.0,0.8913025455581808,0.5797331101869642,0.8295842722620702,0.7731492944988303,0.5201163121494011
3254,1.0,0.8913025455581808,0.5797331101869642,0.8295842722620702,0.7731492944988303,0.5201163121494011
3255,1.0,0.8913025455581808,0.5797331101869642,0.8295842722620702,0.7731492944988303,0.5201163121494011
3256,1.0,0.8913025455581808,0.5797331101869642,0.8295842722620702,0.7731492944988303,0.5201163121494011
3257,1.0,0.8913025455581808,0.5797331101869642,0.8295842722620702,0.7731492944988303,0.5201163121494011
3258,1.0,0.8913025455581808,0.5797331101869642,0.8295842722620702,0.7731492944988303,0.5201163121494011
3259,1.0,0.8913025455581808,0.5797331101869642,0.8295842722620702,0.7731492944988303,0.5201163121494011
3260,1.0,0.8913025455581808,0.5797331101869642,0.8295842722620702,0.7731492944988303,0.5201163121494011
3261,1.0,0.8913025455581808,0.5797331101869642,0.8295842722620702,0.7731492944988303,0.5201163121494011
3262,1.0,0.8913025455581808,0.5797331101869642,0.8295842722620702,0.7731492944988303,0.5201163121494011
3263,1.0,0.8913025455581808,0.5797331101869642,0.8295842722620702,0.7731492944988303,0.5201163121494011
3264,1.0,0.8547264145496046,0.5540219684847104,0.8230696686848606,0.7654701689482949,0.5037593640820494
3265,1.0,0.8547264145496046,0.5540219684847104,0.8230696686848606,0.7654701689482949,0.5037593640820494
3266,1.0,0.8547264145496046,0.5540219684847104,0.8230696686848606,0.7654701689482949,0.5037593640820494
3267,1.0,0.8547264145496046,0.5540219684847104,0.8230696686848606,0.7654701689482949,0.5037593640820494
3268,1.0,0.8547264145496046,0.5540219684847104,0.8230696686848606,0.7654701689482949,0.5037593640820494
3269,1.0,0.8547264145496046,0.5540219684847104,0.8230696686848606,0.7654701689482949,0.5037593640820494
3270,1.0,0.8547264145496046,0.5540219684847104,0.8230696686848606,0.7654701689482949,0.5037593640820494
3271,1.0,0.8547264145496046,0.5540219684847104,0.8230696686848606,0.7654701689482949,0.5037593640820494
3272,1.0,0.8547264145496046,0.5540219684847104,0.8230696686848606,0.7654701689482949,0.5037593640820494
3273,1.0,0.8547264145496046,0.5540219684847104,0.8230696686848606,0.7654701689482949,0.5037593640820494
3274,1.0,0.8547264145496046,0.5540219684847104,0.8230696686848606,0.7654701689482949,0.5037593640820494
3275,1.0,0.8547264145496046,0.5540219684847104,0.8230696686848606,0.7654701689482949,0.5037593640820494
3276,1.0,0.8547264145496046,0.5540219684847104,0.8230696686848606,0.7654701689482949,0.5037593640820494
3277,1.0,0.8547264145496046,0.5540219684847104,0.8230696686848606,0.7654701689482949,0.5037593640820494
3278,1.0,0.8547264145496046,0.5540219684847104,0.8230696686848606,0.7654701689482949,0.5037593640820494
3279,1.0,0.8547264145496046,0.5540219684847104,0.8230696686848606,0.7654701689482949,0.5037593640820494
3280,1.0,0.8547264145496046,0.5540219684847104,0.8230696686848606,0.7654701689482949,0.5037593640820494
3281,1.0,0.8547264145496046,0.5540219684847104,0.8230696686848606,0.7654701689482949,0.5037593640820494
3282,1.0,0.8547264145496046,0.5540219684847104,0.8230696686848606,0.7654701689482949,0.5037593640820494
3283,1.0,0.8547264145496046,0.5540219684847104,0.8230696686848606,0.7654701689482949,0.5037593640820494
3284,1.0,0.8547264145496046,0.5540219684847104,0.8230696686848606,0.7654701689482949,0.5037593640820494
3285,1.0,0.8547264145496046,0.5540219684847104,0.8230696686848606,0.7654701689482949,0.5037593640820494
3286,1.0,0.8547264145496046,0.5540219684847104,0.8230696686848606,0.7654701689482949,0.5037593640820494
3287,1.0,0.8547264145496046,0.5540219684847104,0.8230696686848606,0.7654701689482949,0.5037593640820494
3288,1.0,0.8219674981016264,0.529282598038826,0.8174149742726725,0.744449065786705,0.48913346969653787
3289,1.0,0.8219674981016264,0.529282598038826,0.8174149742726725,0.744449065786705,0.48913346969653787
3290,1.0,0.8219674981016264,0.529282598038826,0.8174149742726725,0.744449065786705,0.48913346969653787
3291,1.0,0.8219674981016264,0.529282598038826,0.8174149742726725,0.744449065786705,0.48913346969653787
3292,1.0,0.8219674981016264,0.529282598038826,0.8174149742726725,0.744449065786705,0.48913346969653787
3293,1.0,0.8219674981016264,0.529282598038826,0.8174149742726725,0.744449065786705,0.48913346969653787
3294,1.0,0.8219674981016264,0.529282598038826,0.8174149742726725,0.744449065786705,0.48913346969653787
3295,1.0,0.8219674981016264,0.529282598038826,0.8174149742726725,0.744449065786705,0.48913346969653787
3296,1.0,0.8219674981016264,0.529282598038826,0.8174149742726725,0.744449065786705,0.48913346969653787
3297,1.0,0.8219674981016264,0.529282598038826,0.8174149742726725,0.744449065786705,0.48913346969653787
3298,1.0,0.8219674981016264,0.529282598038826,0.8174149742726725,0.744449065786705,0.48913346969653787
3299,1.0,0.8219674981016264,0.529282598038826,0.8174149742726725,0.744449065786705,0.48913346969653787
3300,1.0,0.8219674981016264,0.529282598038826,0.8174149742726725,0.744449065786705,0.48913346969653787
3301,1.0,0.8219674981016264,0.529282598038826,0.8174149742726725,0.744449065786705,0.48913346969653787
3302,1.0,0.8219674981016264,0.529282598038826,0.8174149742726725,0.744449065786705,0.48913346969653787
3303,1.0,0.8219674981016264,0.529282598038826,0.8174149742726725,0.744449065786705,0.48913346969653787
3304,1.0,0.8219674981016264,0.529282598038826,0.8174149742726725,0.744449065786705,0.48913346969653787
3305,1.0,0.8219674981016264,0.529282598038826,0.8174149742726725,0.744449065786705,0.48913346969653787
3306,1.0,0.8219674981016264,0.529282598038826,0.8174149742726725,0.744449065786705,0.48913346969653787
3307,1.0,0.8219674981016264,0.529282598038826,0.8174149742726725,0.744449065786705,0.48913346969653787
3308,1.0,0.8219674981016264,0.529282598038826,0.8174149742726725,0.744449065786705,0.48913346969653787
3309,1.0,0.8219674981016264,0.529282598038826,0.8174149742726725,0.744449065786705,0.48913346969653787
3310,1.0,0.8219674981016264,0.529282598038826,0.8174149742726725,0.744449065786705,0.48913346969653787
3311,1.0,0.8219674981016264,0.529282598038826,0.8174149742726725,0.744449065786705,0.48913346969653787
3312,1.0,0.7939713913021033,0.5092909448488977,0.8123302256380786,0.7114435632429269,0.47681495548897984
3313,1.0,0.7939713913021033,0.5092909448488977,0.8123302256380786,0.7114435632429269,0.47681495548897984
3314,1.0,0.7939713913021033,0.5092909448488977,0.8123302256380786,0.7114435632429269,0.47681495548897984
3315,1.0,0.7939713913021033,0.5092909448488977,0.8123302256380786,0.7114435632429269,0.47681495548897984
3316,1.0,0.7939713913021033,0.5092909448488977,0.8123302256380786,0.7114435632429269,0.47681495548897984
3317,1.0,0.7939713913021033,0.5092909448488977,0.8123302256380786,0.7114435632429269,0.47681495548897984
3318,1.0,0.7939713913021033,0.5092909448488977,0.8123302256380786,0.7114435632429269,0.47681495548897984
3319,1.0,0.7939713913021033,0.5092909448488977,0.8123302256380786,0.7114435632429269,0.47681495548897984
3320,1.0,0.7939713913021033,0.5092909448488977,0.8123302256380786,0.7114435632429269,0.47681495548897984
3321,1.0,0.7939713913021033,0.5092909448488977,0.8123302256380786,0.7114435632429269,0.47681495548897984
3322,1.0,0.7939713913021033,0.5092909448488977,0.8123302256380786,0.7114435632429269,0.47681495548897984
3323,1.0,0.7939713913021033,0.5092909448488977,0.8123302256380786,0.7114435632429269,0.47681495548897984
3324,1.0,0.7939713913021033,0.5092909448488977,0.8123302256380786,0.7114435632429269,0.47681495548897984
3325,1.0,0.7939713913021033,0.5092909448488977,0.8123302256380786,0.7114435632429269,0.47681495548897984
3326,1.0,0.7939713913021033,0.5092909448488977,0.8123302256380786,0.7114435632429269,0.47681495548897984
3327,1.0,0.7939713913021033,0.5092909448488977,0.8123302256380786,0.7114435632429269,0.47681495548897984
3328,1.0,0.7939713913021033,0.5092909448488977,0.8123302256380786,0.7114435632429269,0.47681495548897984
3329,1.0,0.7939713913021033,0.5092909448488977,0.8123302256380786,0.7114435632429269,0.47681495548897984
3330,1.0,0.7939713913021033,0.5092909448488977,0.8123302256380786,0.7114435632429269,0.47681495548897984
3331,1.0,0.7939713913021033,0.5092909448488977,0.8123302256380786,0.7114435632429269,0.47681495548897984
3332,1.0,0.7939713913021033,0.5092909448488977,0.8123302256380786,0.7114435632429269,0.47681495548897984
3333,1.0,0.7939713913021033,0.5092909448488977,0.8123302256380786,0.7114435632429269,0.47681495548897984
3334,1.0,0.7939713913021033,0.5092909448488977,0.8123302256380786,0.7114435632429269,0.47681495548897984
3335,1.0,0.7939713913021033,0.5092909448488977,0.8123302256380786,0.7114435632429269,0.47681495548897984
3336,1.0,0.7683503341406586,0.49065117726027707,0.7880143806111405,0.6801774974549236,0.4655667765821255
3337,1.0,0.7683503341406586,0.49065117726027707,0.7880143806111405,0.6801774974549236,0.4655667765821255
3338,1.0,0.7683503341406586,0.49065117726027707,0.7880143806111405,0.6801774974549236,0.4655667765821255
3339,1.0,0.7683503341406586,0.49065117726027707,0.7880143806111405,0.6801774974549236,0.4655667765821255
3340,1.0,0.7683503341406586,0.49065117726027707,0.7880143806111405,0.6801774974549236,0.4655667765821255
3341,1.0,0.7683503341406586,0.49065117726027707,0.7880143806111405,0.6801774974549236,0.4655667765821255
3342,1.0,0.7683503341406586,0.49065117726027707,0.7880143806111405,0.6801774974549236,0.4655667765821255
3343,1.0,0.7683503341406586,0.49065117726027707,0.7880143806111405,0.6801774974549236,0.4655667765821255
3344,1.0,0.7683503341406586,0.49065117726027707,0.7880143806111405,0.6801774974549236,0.4655667765821255
3345,1.0,0.7683503341406586,0.49065117726027707,0.7880143806111405,0.6801774974549236,0.4655667765821255
3346,1.0,0.7683503341406586,0.49065117726027707,0.7880143806111405,0.6801774974549236,0.4655667765821255
3347,1.0,0.7683503341406586,0.49065117726027707,0.7880143806111405,0.6801774974549236,0.4655667765821255
3348,1.0,0.7683503341406586,0.49065117726027707,0.7880143806111405,0.6801774974549236,0.4655667765821255
3349,1.0,0.7683503341406586,0.49065117726027707,0.7880143806111405,0.6801774974549236,0.4655667765821255
3350,1.0,0.7683503341406586,0.49065117726027707,0.7880143806111405,0.6801774974549236,0.4655667765821255
3351,1.0,0.7683503341406586,0.49065117726027707,0.7880143806111405,0.6801774974549236,0.4655667765821255
3352,1.0,0.7683503341406586,0.49065117726027707,0.7880143806111405,0.6801774974549236,0.4655667765821255
3353,1.0,0.7683503341406586,0.49065117726027707,0.7880143806111405,0.6801774974549236,0.4655667765821255
3354,1.0,0.7683503341406586,0.49065117726027707,0.7880143806111405,0.6801774974549236,0.4655667765821255
3355,1.0,0.7683503341406586,0.49065117726027707,0.7880143806111405,0.6801774974549236,0.4655667765821255
3356,1.0,0.7683503341406586,0.49065117726027707,0.7880143806111405,0.6801774974549236,0.4655667765821255
3357,1.0,0.7683503341406586,0.49065117726027707,0.7880143806111405,0.6801774974549236,0.4655667765821255
3358,1.0,0.7683503341406586,0.49065117726027707,0.7880143806111405,0.6801774974549236,0.4655667765821255
3359,1.0,0.7683503341406586,0.49065117726027707,0.7880143806111405,0.6801774974549236,0.4655667765821255
3360,1.0,0.7428537621549096,0.4704187051423696,0.7590950088768583,0.6434265519905205,0.4541137690119532
3361,1.0,0.7428537621549096,0.4704187051423696,0.7590950088768583,0.6434265519905205,0.4541137690119532
3362,1.0,0.7428537621549096,0.4704187051423696,0.7590950088768583,0.6434265519905205,0.4541137690119532
3363,1.0,0.7428537621549096,0.4704187051423696,0.7590950088768583,0.6434265519905205,0.4541137690119532
3364,1.0,0.7428537621549096,0.4704187051423696,0.7590950088768583,0.6434265519905205,0.4541137690119532
3365,1.0,0.7428537621549096,0.4704187051423696,0.7590950088768583,0.6434265519905205,0.4541137690119532
3366,1.0,0.7428537621549096,0.4704187051423696,0.7590950088768583,0.6434265519905205,0.4541137690119532
3367,1.0,0.7428537621549096,0.4704187051423696,0.7590950088768583,0.6434265519905205,0.4541137690119532
3368,1.0,0.7428537621549096,0.4704187051423696,0.7590950088768583,0.6434265519905205,0.4541137690119532
3369,1.0,0.7428537621549096,0.4704187051423696,0.7590950088768583,0.6434265519905205,0.4541137690119532
3370,1.0,0.7428537621549096,0.4704187051423696,0.7590950088768583,0.6434265519905205,0.4541137690119532
3371,1.0,0.7428537621549096,0.4704187051423696,0.7590950088768583,0.6434265519905205,0.4541137690119532
3372,1.0,0.7428537621549096,0.4704187051423696,0.7590950088768583,0.6434265519905205,0.4541137690119532
3373,1.0,0.7428537621549096,0.4704187051423696,0.7590950088768583,0.6434265519905205,0.4541137690119532
3374,1.0,0.7428537621549096,0.4704187051423696,0.7590950088768583,0.6434265519905205,0.4541137690119532
3375,1.0,0.7428537621549096,0.4704187051423696,0.7590950088768583,0.6434265519905205,0.4541137690119532
3376,1.0,0.7428537621549096,0.4704187051423696,0.7590950088768583,0.6434265519905205,0.4541137690119532
3377,1.0,0.7428537621549096,0.4704187051423696,0.7590950088768583,0.6434265519905205,0.4541137690119532
3378,1.0,0.7428537621549096,0.4704187051423696,0.7590950088768583,0.6434265519905205,0.4541137690119532
3379,1.0,0.7428537621549096,0.4704187051423696,0.7590950088768583,0.6434265519905205,0.4541137690119532
3380,1.0,0.7428537621549096,0.4704187051423696,0.7590950088768583,0.6434265519905205,0.4541137690119532
3381,1.0,0.7428537621549096,0.4704187051423696,0.7590950088768583,0.6434265519905205,0.4541137690119532
3382,1.0,0.7428537621549096,0.4704187051423696,0.7590950088768583,0.6434265519905205,0.4541137690119532
3383,1.0,0.7428537621549096,0.4704187051423696,0.7590950088768583,0.6434265519905205,0.4541137690119532
3384,1.0,0.7397804506979707,0.46752445105016976,0.7511290765676749,0.6308827845547279,0.45227245959848167
3385,1.0,0.7397804506979707,0.46752445105016976,0.7511290765676749,0.6308827845547279,0.45227245959848167
3386,1.0,0.7397804506979707,0.46752445105016976,0.7511290765676749,0.6308827845547279,0.45227245959848167
3387,1.0,0.7397804506979707,0.46752445105016976,0.7511290765676749,0.6308827845547279,0.45227245959848167
3388,1.0,0.7397804506979707,0.46752445105016976,0.7511290765676749,0.6308827845547279,0.45227245959848167
3389,1.0,0.7397804506979707,0.46752445105016976,0.7511290765676749,0.6308827845547279,0.45227245959848167
3390,1.0,0.7397804506979707,0.46752445105016976,0.7511290765676749,0.6308827845547279,0.45227245959848167
3391,1.0,0.7397804506979707,0.46752445105016976,0.7511290765676749,0.6308827845547279,0.45227245959848167
3392,1.0,0.7397804506979707,0.46752445105016976,0.7511290765676749,0.6308827845547279,0.45227245959848167
3393,1.0,0.7397804506979707,0.46752445105016976,0.7511290765676749,0.6308827845547279,0.45227245959848167
3394,1.0,0.7397804506979707,0.46752445105016976,0.7511290765676749,0.6308827845547279,0.45227245959848167
3395,1.0,0.7397804506979707,0.46752445105016976,0.7511290765676749,0.6308827845547279,0.45227245959848167
3396,1.0,0.7397804506979707,0.46752445105016976,0.7511290765676749,0.6308827845547279,0.45227245959848167
3397,1.0,0.7397804506979707,0.46752445105016976,0.7511290765676749,0.6308827845547279,0.45227245959848167
3398,1.0,0.7397804506979707,0.46752445105016976,0.7511290765676749,0.6308827845547279,0.45227245959848167
3399,1.0,0.7397804506979707,0.46752445105016976,0.7511290765676749,0.6308827845547279,0.45227245959848167
3400,1.0,0.7397804506979707,0.46752445105016976,0.7511290765676749,0.6308827845547279,0.45227245959848167
3401,1.0,0.7397804506979707,0.46752445105016976,0.7511290765676749,0.6308827845547279,0.45227245959848167
3402,1.0,0.7397804506979707,0.46752445105016976,0.7511290765676749,0.6308827845547279,0.45227245959848167
3403,1.0,0.7397804506979707,0.46752445105016976,0.7511290765676749,0.6308827845547279,0.45227245959848167
3404,1.0,0.7397804506979707,0.46752445105016976,0.7511290765676749,0.6308827845547279,0.45227245959848167
3405,1.0,0.7397804506979707,0.46752445105016976,0.7511290765676749,0.6308827845547279,0.45227245959848167
3406,1.0,0.7397804506979707,0.46752445105016976,0.7511290765676749,0.6308827845547279,0.45227245959848167
3407,1.0,0.7397804506979707,0.46752445105016976,0.7511290765676749,0.6308827845547279,0.45227245959848167
3408,0.9976923397078593,0.7389298450873582,0.46620055293864643,0.7463722539465892,0.6216751718584683,0.4513693838186994
3409,0.9976923397078593,0.7389298450873582,0.46620055293864643,0.7463722539465892,0.6216751718584683,0.4513693838186994
3410,0.9976923397078593,0.7389298450873582,0.46620055293864643,0.7463722539465892,0.6216751718584683,0.4513693838186994
3411,0.9976923397078593,0.7389298450873582,0.46620055293864643,0.7463722539465892,0.6216751718584683,0.4513693838186994
3412,0.9976923397078593,0.7389298450873582,0.46620055293864643,0.7463722539465892,0.6216751718584683,0.4513693838186994
3413,0.9976923397078593,0.7389298450873582,0.46620055293864643,0.7463722539465892,0.6216751718584683,0.4513693838186994
3414,0.9976923397078593,0.7389298450873582,0.46620055293864643,0.7463722539465892,0.6216751718584683,0.4513693838186994
3415,0.9976923397078593,0.7389298450873582,0.46620055293864643,0.7463722539465892,0.6216751718584683,0.4513693838186994
3416,0.9976923397078593,0.7389298450873582,0.46620055293864643,0.7463722539465892,0.6216751718584683,0.4513693838186994
3417,0.9976923397078593,0.7389298450873582,0.46620055293864643,0.7463722539465892,0.6216751718584683,0.4513693838186994
3418,0.9976923397078593,0.7389298450873582,0.46620055293864643,0.7463722539465892,0.6216751718584683,0.4513693838186994
3419,0.9976923397078593,0.7389298450873582,0.46620055293864643,0.7463722539465892,0.6216751718584683,0.4513693838186994
3420,0.9976923397078593,0.7389298450873582,0.46620055293864643,0.7463722539465892,0.6216751718584683,0.4513693838186994
3421,0.9976923397078593,0.7389298450873582,0.46620055293864643,0.7463722539465892,0.6216751718584683,0.4513693838186994
3422,0.9976923397078593,0.7389298450873582,0.46620055293864643,0.7463722539465892,0.6216751718584683,0.4513693838186994
3423,0.9976923397078593,0.7389298450873582,0.46620055293864643,0.7463722539465892,0.6216751718584683,0.4513693838186994
3424,0.9976923397078593,0.7389298450873582,0.46620055293864643,0.7463722539465892,0.6216751718584683,0.4513693838186994
3425,0.9976923397078593,0.7389298450873582,0.46620055293864643,0.7463722539465892,0.6216751718584683,0.4513693838186994
3426,0.9976923397078593,0.7389298450873582,0.46620055293864643,0.7463722539465892,0.6216751718584683,0.4513693838186994
3427,0.9976923397078593,0.7389298450873582,0.46620055293864643,0.7463722539465892,0.6216751718584683,0.4513693838186994
3428,0.9976923397078593,0.7389298450873582,0.46620055293864643,0.7463722539465892,0.6216751718584683,0.4513693838186994
3429,0.9976923397078593,0.7389298450873582,0.46620055293864643,0.7463722539465892,0.6216751718584683,0.4513693838186994
3430,0.9976923397078593,0.7389298450873582,0.46620055293864643,0.7463722539465892,0.6216751718584683,0.4513693838186994
3431,0.9976923397078593,0.7389298450873582,0.46620055293864643,0.7463722539465892,0.6216751718584683,0.4513693838186994
3432,0.9470124111779911,0.7322550224072972,0.4596618638131879,0.7367867894915888,0.6062283106835901,0.4480154876509043
3433,0.9470124111779911,0.7322550224072972,0.4596618638131879,0.7367867894915888,0.6062283106835901,0.4480154876509043
3434,0.9470124111779911,0.7322550224072972,0.4596618638131879,0.7367867894915888,0.6062283106835901,0.4480154876509043
3435,0.9470124111779911,0.7322550224072972,0.4596618638131879,0.7367867894915888,0.6062283106835901,0.4480154876509043
3436,0.9470124111779911,0.7322550224072972,0.4596618638131879,0.7367867894915888,0.6062283106835901,0.4480154876509043
3437,0.9470124111779911,0.7322550224072972,0.4596618638131879,0.7367867894915888,0.6062283106835901,0.4480154876509043
3438,0.9470124111779911,0.7322550224072972,0.4596618638131879,0.7367867894915888,0.6062283106835901,0.4480154876509043
3439,0.9470124111779911,0.7322550224072972,0.4596618638131879,0.7367867894915888,0.6062283106835901,0.4480154876509043
3440,0.9470124111779911,0.7322550224072972,0.4596618638131879,0.7367867894915888,0.6062283106835901,0.4480154876509043
3441,0.9470124111779911,0.7322550224072972,0.4596618638131879,0.7367867894915888,0.6062283106835901,0.4480154876509043
3442,0.9470124111779911,0.7322550224072972,0.4596618638131879,0.7367867894915888,0.6062283106835901,0.4480154876509043
3443,0.9470124111779911,0.7322550224072972,0.4596618638131879,0.7367867894915888,0.6062283106835901,0.4480154876509043
3444,0.9470124111779911,0.7322550224072972,0.4596618638131879,0.7367867894915888,0.6062283106835901,0.4480154876509043
3445,0.9470124111779911,0.7322550224072972,0.4596618638131879,0.7367867894915888,0.6062283106835901,0.4480154876509043
3446,0.9470124111779911,0.7322550224072972,0.4596618638131879,0.7367867894915888,0.6062283106835901,0.4480154876509043
3447,0.9470124111779911,0.7322550224072972,0.4596618638131879,0.7367867894915888,0.6062283106835901,0.4480154876509043
3448,0.9470124111779911,0.7322550224072972,0.4596618638131879,0.7367867894915888,0.6062283106835901,0.4480154876509043
3449,0.9470124111779911,0.7322550224072972,0.4596618638131879,0.7367867894915888,0.6062283106835901,0.4480154876509043
3450,0.9470124111779911,0.7322550224072972,0.4596618638131879,0.7367867894915888,0.6062283106835901,0.4480154876509043
3451,0.9470124111779911,0.7322550224072972,0.4596618638131879,0.7367867894915888,0.6062283106835901,0.4480154876509043
3452,0.9470124111779911,0.7322550224072972,0.4596618638131879,0.7367867894915888,0.6062283106835901,0.4480154876509043
3453,0.9470124111779911,0.7322550224072972,0.4596618638131879,0.7367867894915888,0.6062283106835901,0.4480154876509043
3454,0.9470124111779911,0.7322550224072972,0.4596618638131879,0.7367867894915888,0.6062283106835901,0.4480154876509043
3455,0.9470124111779911,0.7322550224072972,0.4596618638131879,0.7367867894915888,0.6062283106835901,0.4480154876509043
3456,0.894570111367042,0.7275070662503468,0.455557838613536,0.7278479762115349,0.5923045586591372,0.44550608574979217
3457,0.894570111367042,0.7275070662503468,0.455557838613536,0.7278479762115349,0.5923045586591372,0.44550608574979217
3458,0.894570111367042,0.7275070662503468,0.455557838613536,0.7278479762115349,0.5923045586591372,0.44550608574979217
3459,0.894570111367042,0.7275070662503468,0.455557838613536,0.7278479762115349,0.5923045586591372,0.44550608574979217
3460,0.894570111367042,0.7275070662503468,0.455557838613536,0.7278479762115349,0.5923045586591372,0.44550608574979217
3461,0.894570111367042,0.7275070662503468,0.455557838613536,0.7278479762115349,0.5923045586591372,0.44550608574979217
3462,0.894570111367042,0.7275070662503468,0.455557838613536,0.7278479762115349,0.5923045586591372,0.44550608574979217
3463,0.894570111367042,0.7275070662503468,0.455557838613536,0.7278479762115349,0.5923045586591372,0.44550608574979217
3464,0.894570111367042,0.7275070662503468,0.455557838613536,0.7278479762115349,0.5923045586591372,0.44550608574979217
3465,0.894570111367042,0.7275070662503468,0.455557838613536,0.7278479762115349,0.5923045586591372,0.44550608574979217
3466,0.894570111367042,0.7275070662503468,0.455557838613536,0.7278479762115349,0.5923045586591372,0.44550608574979217
3467,0.894570111367042,0.7275070662503468,0.455557838613536,0.7278479762115349,0.5923045586591372,0.44550608574979217
3468,0.894570111367042,0.7275070662503468,0.455557838613536,0.7278479762115349,0.5923045586591372,0.44550608574979217
3469,0.894570111367042,0.7275070662503468,0.455557838613536,0.7278479762115349,0.5923045586591372,0.44550608574979217
3470,0.894570111367042,0.7275070662503468,0.455557838613536,0.7278479762115349,0.5923045586591372,0.44550608574979217
3471,0.894570111367042,0.7275070662503468,0.455557838613536,0.7278479762115349,0.5923045586591372,0.44550608574979217
3472,0.894570111367042,0.7275070662503468,0.455557838613536,0.7278479762115349,0.5923045586591372,0.44550608574979217
3473,0.894570111367042,0.7275070662503468,0.455557838613536,0.7278479762115349,0.5923045586591372,0.44550608574979217
3474,0.894570111367042,0.7275070662503468,0.455557838613536,0.7278479762115349,0.5923045586591372,0.44550608574979217
3475,0.894570111367042,0.7275070662503468,0.455557838613536,0.7278479762115349,0.5923045586591372,0.44550608574979217
3476,0.894570111367042,0.7275070662503468,0.455557838613536,0.7278479762115349,0.5923045586591372,0.44550608574979217
3477,0.894570111367042,0.7275070662503468,0.455557838613536,0.7278479762115349,0.5923045586591372,0.44550608574979217
3478,0.894570111367042,0.7275070662503468,0.455557838613536,0.7278479762115349,0.5923045586591372,0.44550608574979217
3479,0.894570111367042,0.7275070662503468,0.455557838613536,0.7278479762115349,0.5923045586591372,0.44550608574979217
3480,0.8517456286919893,0.7285069894557358,0.45563840884375034,0.7246703324516494,0.585040198468813,0.44536883452545695
3481,0.8517456286919893,0.7285069894557358,0.45563840884375034,0.7246703324516494,0.585040198468813,0.44536883452545695
3482,0.8517456286919893,0.7285069894557358,0.45563840884375034,0.7246703324516494,0.585040198468813,0.44536883452545695
3483,0.8517456286919893,0.7285069894557358,0.45563840884375034,0.7246703324516494,0.585040198468813,0.44536883452545695
3484,0.8517456286919893,0.7285069894557358,0.45563840884375034,0.7246703324516494,0.585040198468813,0.44536883452545695
3485,0.8517456286919893,0.7285069894557358,0.45563840884375034,0.7246703324516494,0.585040198468813,0.44536883452545695
3486,0.8517456286919893,0.7285069894557358,0.45563840884375034,0.7246703324516494,0.585040198468813,0.44536883452545695
3487,0.8517456286919893,0.7285069894557358,0.45563840884375034,0.7246703324516494,0.585040198468813,0.44536883452545695
3488,0.8517456286919893,0.7285069894557358,0.45563840884375034,0.7246703324516494,0.585040198468813,0.44536883452545695
3489,0.8517456286919893,0.7285069894557358,0.45563840884375034,0.7246703324516494,0.585040198468813,0.44536883452545695
3490,0.8517456286919893,0.7285069894557358,0.45563840884375034,0.7246703324516494,0.585040198468813,0.44536883452545695
3491,0.8517456286919893,0.7285069894557358,0.45563840884375034,0.7246703324516494,0.585040198468813,0.44536883452545695
3492,0.8517456286919893,0.7285069894557358,0.45563840884375034,0.7246703324516494,0.585040198468813,0.44536883452545695
3493,0.8517456286919893,0.7285069894557358,0.45563840884375034,0.7246703324516494,0.585040198468813,0.44536883452545695
3494,0.8517456286919893,0.7285069894557358,0.45563840884375034,0.7246703324516494,0.585040198468813,0.44536883452545695
3495,0.8517456286919893,0.7285069894557358,0.45563840884375034,0.7246703324516494,0.585040198468813,0.44536883452545695
3496,0.8517456286919893,0.7285069894557358,0.45563840884375034,0.7246703324516494,0.585040198468813,0.44536883452545695
3497,0.8517456286919893,0.7285069894557358,0.45563840884375034,0.7246703324516494,0.585040198468813,0.44536883452545695
3498,0.8517456286919893,0.7285069894557358,0.45563840884375034,0.7246703324516494,0.585040198468813,0.44536883452545695
3499,0.8517456286919893,0.7285069894557358,0.45563840884375034,0.7246703324516494,0.585040198468813,0.44536883452545695
3500,0.8517456286919893,0.7285069894557358,0.45563840884375034,0.7246703324516494,0.585040198468813,0.44536883452545695
3501,0.8517456286919893,0.7285069894557358,0.45563840884375034,0.7246703324516494,0.585040198468813,0.44536883452545695
3502,0.8517456286919893,0.7285069894557358,0.45563840884375034,0.7246703324516494,0.585040198468813,0.44536883452545695
3503,0.8517456286919893,0.7285069894557358,0.45563840884375034,0.7246703324516494,0.585040198468813,0.44536883452545695
3504,0.8138308916380437,0.7315768870766447,0.45775260792627753,0.723765929378308,0.5810167937278238,0.44623783516265614
3505,0.8138308916380437,0.7315768870766447,0.45775260792627753,0.723765929378308,0.5810167937278238,0.44623783516265614
3506,0.8138308916380437,0.7315768870766447,0.45775260792627753,0.723765929378308,0.5810167937278238,0.44623783516265614
3507,0.8138308916380437,0.7315768870766447,0.45775260792627753,0.723765929378308,0.5810167937278238,0.44623783516265614
3508,0.8138308916380437,0.7315768870766447,0.45775260792627753,0.723765929378308,0.5810167937278238,0.44623783516265614
3509,0.8138308916380437,0.7315768870766447,0.45775260792627753,0.723765929378308,0.5810167937278238,0.44623783516265614
3510,0.8138308916380437,0.7315768870766447,0.45775260792627753,0.723765929378308,0.5810167937278238,0.44623783516265614
3511,0.8138308916380437,0.7315768870766447,0.45775260792627753,0.723765929378308,0.5810167937278238,0.44623783516265614
3512,0.8138308916380437,0.7315768870766447,0.45775260792627753,0.723765929378308,0.5810167937278238,0.44623783516265614
3513,0.8138308916380437,0.7315768870766447,0.45775260792627753,0.723765929378308,0.5810167937278238,0.44623783516265614
3514,0.8138308916380437,0.7315768870766447,0.45775260792627753,0.723765929378308,0.5810167937278238,0.44623783516265614
3515,0.8138308916380437,0.7315768870766447,0.45775260792627753,0.723765929378308,0.5810167937278238,0.44623783516265614
3516,0.8138308916380437,0.7315768870766447,0.45775260792627753,0.723765929378308,0.5810167937278238,0.44623783516265614
3517,0.8138308916380437,0.7315768870766447,0.45775260792627753,0.723765929378308,0.5810167937278238,0.44623783516265614
3518,0.8138308916380437,0.7315768870766447,0.45775260792627753,0.723765929378308,0.5810167937278238,0.44623783516265614
3519,0.8138308916380437,0.7315768870766447,0.45775260792627753,0.723765929378308,0.5810167937278238,0.44623783516265614
3520,0.8138308916380437,0.7315768870766447,0.45775260792627753,0.723765929378308,0.5810167937278238,0.44623783516265614
3521,0.8138308916380437,0.7315768870766447,0.45775260792627753,0.723765929378308,0.5810167937278238,0.44623783516265614
3522,0.8138308916380437,0.7315768870766447,0.45775260792627753,0.723765929378308,0.5810167937278238,0.44623783516265614
3523,0.8138308916380437,0.7315768870766447,0.45775260792627753,0.723765929378308,0.5810167937278238,0.44623783516265614
3524,0.8138308916380437,0.7315768870766447,0.45775260792627753,0.723765929378308,0.5810167937278238,0.44623783516265614
3525,0.8138308916380437,0.7315768870766447,0.45775260792627753,0.723765929378308,0.5810167937278238,0.44623783516265614
3526,0.8138308916380437,0.7315768870766447,0.45775260792627753,0.723765929378308,0.5810167937278238,0.44623783516265614
3527,0.8138308916380437,0.7315768870766447,0.45775260792627753,0.723765929378308,0.5810167937278238,0.44623783516265614
3528,0.7803130106629615,0.7383400726733916,0.46297567738695816,0.725885333514758,0.5811541687055054,0.44867459731685916
3529,0.7803130106629615,0.7383400726733916,0.46297567738695816,0.725885333514758,0.5811541687055054,0.44867459731685916
3530,0.7803130106629615,0.7383400726733916,0.46297567738695816,0.725885333514758,0.5811541687055054,0.44867459731685916
3531,0.7803130106629615,0.7383400726733916,0.46297567738695816,0.725885333514758,0.5811541687055054,0.44867459731685916
3532,0.7803130106629615,0.7383400726733916,0.46297567738695816,0.725885333514758,0.5811541687055054,0.44867459731685916
3533,0.7803130106629615,0.7383400726733916,0.46297567738695816,0.725885333514758,0.5811541687055054,0.44867459731685916
3534,0.7803130106629615,0.7383400726733916,0.46297567738695816,0.725885333514758,0.5811541687055054,0.44867459731685916
3535,0.7803130106629615,0.7383400726733916,0.46297567738695816,0.725885333514758,0.5811541687055054,0.44867459731685916
3536,0.7803130106629615,0.7383400726733916,0.46297567738695816,0.725885333514758,0.5811541687055054,0.44867459731685916
3537,0.7803130106629615,0.7383400726733916,0.46297567738695816,0.725885333514758,0.5811541687055054,0.44867459731685916
3538,0.7803130106629615,0.7383400726733916,0.46297567738695816,0.725885333514758,0.5811541687055054,0.44867459731685916
3539,0.7803130106629615,0.7383400726733916,0.46297567738695816,0.725885333514758,0.5811541687055054,0.44867459731685916
3540,0.7803130106629615,0.7383400726733916,0.46297567738695816,0.725885333514758,0.5811541687055054,0.44867459731685916
3541,0.7803130106629615,0.7383400726733916,0.46297567738695816,0.725885333514758,0.5811541687055054,0.44867459731685916
3542,0.7803130106629615,0.7383400726733916,0.46297567738695816,0.725885333514758,0.5811541687055054,0.44867459731685916
3543,0.7803130106629615,0.7383400726733916,0.46297567738695816,0.725885333514758,0.5811541687055054,0.44867459731685916
3544,0.7803130106629615,0.7383400726733916,0.46297567738695816,0.725885333514758,0.5811541687055054,0.44867459731685916
3545,0.7803130106629615,0.7383400726733916,0.46297567738695816,0.725885333514758,0.5811541687055054,0.44867459731685916
3546,0.7803130106629615,0.7383400726733916,0.46297567738695816,0.725885333514758,0.5811541687055054,0.44867459731685916
3547,0.7803130106629615,0.7383400726733916,0.46297567738695816,0.725885333514758,0.5811541687055054,0.44867459731685916
3548,0.7803130106629615,0.7383400726733916,0.46297567738695816,0.725885333514758,0.5811541687055054,0.44867459731685916
3549,0.7803130106629615,0.7383400726733916,0.46297567738695816,0.725885333514758,0.5811541687055054,0.44867459731685916
3550,0.7803130106629615,0.7383400726733916,0.46297567738695816,0.725885333514758,0.5811541687055054,0.44867459731685916
3551,0.7803130106629615,0.7383400726733916,0.46297567738695816,0.725885333514758,0.5811541687055054,0.44867459731685916
3552,0.7540927921353228,0.7568511780621113,0.4758039404316254,0.7384239388949464,0.5918510563765096,0.45553437230199073
3553,0.7540927921353228,0.7568511780621113,0.4758039404316254,0.7384239388949464,0.5918510563765096,0.45553437230199073
3554,0.7540927921353228,0.7568511780621113,0.4758039404316254,0.7384239388949464,0.5918510563765096,0.45553437230199073
3555,0.7540927921353228,0.7568511780621113,0.4758039404316254,0.7384239388949464,0.5918510563765096,0.45553437230199073
3556,0.7540927921353228,0.7568511780621113,0.4758039404316254,0.7384239388949464,0.5918510563765096,0.45553437230199073
3557,0.7540927921353228,0.7568511780621113,0.4758039404316254,0.7384239388949464,0.5918510563765096,0.45553437230199073
3558,0.7540927921353228,0.7568511780621113,0.4758039404316254,0.7384239388949464,0.5918510563765096,0.45553437230199073
3559,0.7540927921353228,0.7568511780621113,0.4758039404316254,0.7384239388949464,0.5918510563765096,0.45553437230199073
3560,0.7540927921353228,0.7568511780621113,0.4758039404316254,0.7384239388949464,0.5918510563765096,0.45553437230199073
3561,0.7540927921353228,0.7568511780621113,0.4758039404316254,0.7384239388949464,0.5918510563765096,0.45553437230199073
3562,0.7540927921353228,0.7568511780621113,0.4758039404316254,0.7384239388949464,0.5918510563765096,0.45553437230199073
3563,0.7540927921353228,0.7568511780621113,0.4758039404316254,0.7384239388949464,0.5918510563765096,0.45553437230199073
3564,0.7540927921353228,0.7568511780621113,0.4758039404316254,0.7384239388949464,0.5918510563765096,0.45553437230199073
3565,0.7540927921353228,0.7568511780621113,0.4758039404316254,0.7384239388949464,0.5918510563765096,0.45553437230199073
3566,0.7540927921353228,0.7568511780621113,0.4758039404316254,0.7384239388949464,0.5918510563765096,0.45553437230199073
3567,0.7540927921353228,0.7568511780621113,0.4758039404316254,0.7384239388949464,0.5918510563765096,0.45553437230199073
3568,0.7540927921353228,0.7568511780621113,0.4758039404316254,0.7384239388949464,0.5918510563765096,0.45553437230199073
3569,0.7540927921353228,0.7568511780621113,0.4758039404316254,0.7384239388949464,0.5918510563765096,0.45553437230199073
3570,0.7540927921353228,0.7568511780621113,0.4758039404316254,0.7384239388949464,0.5918510563765096,0.45553437230199073
3571,0.7540927921353228,0.7568511780621113,0.4758039404316254,0.7384239388949464,0.5918510563765096,0.45553437230199073
3572,0.7540927921353228,0.7568511780621113,0.4758039404316254,0.7384239388949464,0.5918510563765096,0.45553437230199073
3573,0.7540927921353228,0.7568511780621113,0.4758039404316254,0.7384239388949464,0.5918510563765096,0.45553437230199073
3574,0.7540927921353228,0.7568511780621113,0.4758039404316254,0.7384239388949464,0.5918510563765096,0.45553437230199073
3575,0.7540927921353228,0.7568511780621113,0.4758039404316254,0.7384239388949464,0.5918510563765096,0.45553437230199073
3576,0.733916364339939,0.7748516339622492,0.48909307346656866,0.7500451911848011,0.6041281470091991,0.4625636045333576
3577,0.733916364339939,0.7748516339622492,0.48909307346656866,0.7500451911848011,0.6041281470091991,0.4625636045333576
3578,0.733916364339939,0.7748516339622492,0.48909307346656866,0.7500451911848011,0.6041281470091991,0.4625636045333576
3579,0.733916364339939,0.7748516339622492,0.48909307346656866,0.7500451911848011,0.6041281470091991,0.4625636045333576
3580,0.733916364339939,0.7748516339622492,0.48909307346656866,0.7500451911848011,0.6041281470091991,0.4625636045333576
3581,0.733916364339939,0.7748516339622492,0.48909307346656866,0.7500451911848011,0.6041281470091991,0.4625636045333576
3582,0.733916364339939,0.7748516339622492,0.48909307346656866,0.7500451911848011,0.6041281470091991,0.4625636045333576
3583,0.733916364339939,0.7748516339622492,0.48909307346656866,0.7500451911848011,0.6041281470091991,0.4625636045333576
3584,0.733916364339939,0.7748516339622492,0.48909307346656866,0.7500451911848011,0.6041281470091991,0.4625636045333576
3585,0.733916364339939,0.7748516339622492,0.48909307346656866,0.7500451911848011,0.6041281470091991,0.4625636045333576
3586,0.733916364339939,0.7748516339622492,0.48909307346656866,0.7500451911848011,0.6041281470091991,0.4625636045333576
3587,0.733916364339939,0.7748516339622492,0.48909307346656866,0.7500451911848011,0.6041281470091991,0.4625636045333576
3588,0.733916364339939,0.7748516339622492,0.48909307346656866,0.7500451911848011,0.6041281470091991,0.4625636045333576
3589,0.733916364339939,0.7748516339622492,0.48909307346656866,0.7500451911848011,0.6041281470091991,0.4625636045333576
3590,0.733916364339939,0.7748516339622492,0.48909307346656866,0.7500451911848011,0.6041281470091991,0.4625636045333576
3591,0.733916364339939,0.7748516339622492,0.48909307346656866,0.7500451911848011,0.6041281470091991,0.4625636045333576
3592,0.733916364339939,0.7748516339622492,0.48909307346656866,0.7500451911848011,0.6041281470091991,0.4625636045333576
3593,0.733916364339939,0.7748516339622492,0.48909307346656866,0.7500451911848011,0.6041281470091991,0.4625636045333576
3594,0.733916364339939,0.7748516339622492,0.48909307346656866,0.7500451911848011,0.6041281470091991,0.4625636045333576
3595,0.733916364339939,0.7748516339622492,0.48909307346656866,0.7500451911848011,0.6041281470091991,0.4625636045333576
3596,0.733916364339939,0.7748516339622492,0.48909307346656866,0.7500451911848011,0.6041281470091991,0.4625636045333576
3597,0.733916364339939,0.7748516339622492,0.48909307346656866,0.7500451911848011,0.6041281470091991,0.4625636045333576
3598,0.733916364339939,0.7748516339622492,0.48909307346656866,0.7500451911848011,0.6041281470091991,0.4625636045333576
3599,0.733916364339939,0.7748516339622492,0.48909307346656866,0.7500451911848011,0.6041281470091991,0.4625636045333576
3600,0.7165560236810364,0.7933949141574225,0.5029099146865712,0.7620190183122499,0.6173878261891345,0.46999346926310254
3601,0.7165560236810364,0.7933949141574225,0.5029099146865712,0.7620190183122499,0.6173878261891345,0.46999346926310254
3602,0.7165560236810364,0.7933949141574225,0.5029099146865712,0.7620190183122499,0.6173878261891345,0.46999346926310254
3603,0.7165560236810364,0.7933949141574225,0.5029099146865712,0.7620190183122499,0.6173878261891345,0.46999346926310254
3604,0.7165560236810364,0.7933949141574225,0.5029099146865712,0.7620190183122499,0.6173878261891345,0.46999346926310254
3605,0.7165560236810364,0.7933949141574225,0.5029099146865712,0.7620190183122499,0.6173878261891345,0.46999346926310254
3606,0.7165560236810364,0.7933949141574225,0.5029099146865712,0.7620190183122499,0.6173878261891345,0.46999346926310254
3607,0.7165560236810364,0.7933949141574225,0.5029099146865712,0.7620190183122499,0.6173878261891345,0.46999346926310254
3608,0.7165560236810364,0.7933949141574225,0.5029099146865712,0.7620190183122499,0.6173878261891345,0.46999346926310254
3609,0.7165560236810364,0.7933949141574225,0.5029099146865712,0.7620190183122499,0.6173878261891345,0.46999346926310254
3610,0.7165560236810364,0.7933949141574225,0.5029099146865712,0.7620190183122499,0.6173878261891345,0.46999346926310254
3611,0.7165560236810364,0.7933949141574225,0.5029099146865712,0.7620190183122499,0.6173878261891345,0.46999346926310254
3612,0.7165560236810364,0.7933949141574225,0.5029099146865712,0.7620190183122499,0.6173878261891345,0.46999346926310254
3613,0.7165560236810364,0.7933949141574225,0.5029099146865712,0.7620190183122499,0.6173878261891345,0.46999346926310254
3614,0.7165560236810364,0.7933949141574225,0.5029099146865712,0.7620190183122499,0.6173878261891345,0.46999346926310254
3615,0.7165560236810364,0.7933949141574225,0.5029099146865712,0.7620190183122499,0.6173878261891345,0.46999346926310254
3616,0.7165560236810364,0.7933949141574225,0.5029099146865712,0.7620190183122499,0.6173878261891345,0.46999346926310254
3617,0.7165560236810364,0.7933949141574225,0.5029099146865712,0.7620190183122499,0.6173878261891345,0.46999346926310254
3618,0.7165560236810364,0.7933949141574225,0.5029099146865712,0.7620190183122499,0.6173878261891345,0.46999346926310254
3619,0.7165560236810364,0.7933949141574225,0.5029099146865712,0.7620190183122499,0.6173878261891345,0.46999346926310254
3620,0.7165560236810364,0.7933949141574225,0.5029099146865712,0.7620190183122499,0.6173878261891345,0.46999346926310254
3621,0.7165560236810364,0.7933949141574225,0.5029099146865712,0.7620190183122499,0.6173878261891345,0.46999346926310254
3622,0.7165560236810364,0.7933949141574225,0.5029099146865712,0.7620190183122499,0.6173878261891345,0.46999346926310254
3623,0.7165560236810364,0.7933949141574225,0.5029099146865712,0.7620190183122499,0.6173878261891345,0.46999346926310254
3624,0.6871363728709657,0.7989122114199554,0.5073363796820106,0.7636907508424438,0.6175632437675824,0.4722022841354612
3625,0.6871363728709657,0.7989122114199554,0.5073363796820106,0.7636907508424438,0.6175632437675824,0.4722022841354612
3626,0.6871363728709657,0.7989122114199554,0.5073363796820106,0.7636907508424438,0.6175632437675824,0.4722022841354612
3627,0.6871363728709657,0.7989122114199554,0.5073363796820106,0.7636907508424438,0.6175632437675824,0.4722022841354612
3628,0.6871363728709657,0.7989122114199554,0.5073363796820106,0.7636907508424438,0.6175632437675824,0.4722022841354612
3629,0.6871363728709657,0.7989122114199554,0.5073363796820106,0.7636907508424438,0.6175632437675824,0.4722022841354612
3630,0.6871363728709657,0.7989122114199554,0.5073363796820106,0.7636907508424438,0.6175632437675824,0.4722022841354612
3631,0.6871363728709657,0.7989122114199554,0.5073363796820106,0.7636907508424438,0.6175632437675824,0.4722022841354612
3632,0.6871363728709657,0.7989122114199554,0.5073363796820106,0.7636907508424438,0.6175632437675824,0.4722022841354612
3633,0.6871363728709657,0.7989122114199554,0.5073363796820106,0.7636907508424438,0.6175632437675824,0.4722022841354612
3634,0.6871363728709657,0.7989122114199554,0.5073363796820106,0.7636907508424438,0.6175632437675824,0.4722022841354612
3635,0.6871363728709657,0.7989122114199554,0.5073363796820106,0.7636907508424438,0.6175632437675824,0.4722022841354612
3636,0.6871363728709657,0.7989122114199554,0.5073363796820106,0.7636907508424438,0.6175632437675824,0.4722022841354612
3637,0.6871363728709657,0.7989122114199554,0.5073363796820106,0.7636907508424438,0.6175632437675824,0.4722022841354612
3638,0.6871363728709657,0.7989122114199554,0.5073363796820106,0.7636907508424438,0.6175632437675824,0.4722022841354612
3639,0.6871363728709657,0.7989122114199554,0.5073363796820106,0.7636907508424438,0.6175632437675824,0.4722022841354612
3640,0.6871363728709657,0.7989122114199554,0.5073363796820106,0.7636907508424438,0.6175632437675824,0.4722022841354612
3641,0.6871363728709657,0.7989122114199554,0.5073363796820106,0.7636907508424438,0.6175632437675824,0.4722022841354612
3642,0.6871363728709657,0.7989122114199554,0.5073363796820106,0.7636907508424438,0.6175632437675824,0.4722022841354612
3643,0.6871363728709657,0.7989122114199554,0.5073363796820106,0.7636907508424438,0.6175632437675824,0.4722022841354612
3644,0.6871363728709657,0.7989122114199554,0.5073363796820106,0.7636907508424438,0.6175632437675824,0.4722022841354612
3645,0.6871363728709657,0.7989122114199554,0.5073363796820106,0.7636907508424438,0.6175632437675824,0.4722022841354612
3646,0.6871363728709657,0.7989122114199554,0.5073363796820106,0.7636907508424438,0.6175632437675824,0.4722022841354612
3647,0.6871363728709657,0.7989122114199554,0.5073363796820106,0.7636907508424438,0.6175632437675824,0.4722022841354612
3648,0.663507273424516,0.8109349124352385,0.5168198988102087,0.7701785898378618,0.6241602190337204,0.4770139822234951
3649,0.663507273424516,0.8109349124352385,0.5168198988102087,0.7701785898378618,0.6241602190337204,0.4770139822234951
3650,0.663507273424516,0.8109349124352385,0.5168198988102087,0.7701785898378618,0.6241602190337204,0.4770139822234951
3651,0.663507273424516,0.8109349124352385,0.5168198988102087,0.7701785898378618,0.6241602190337204,0.4770139822234951
3652,0.663507273424516,0.8109349124352385,0.5168198988102087,0.7701785898378618,0.6241602190337204,0.4770139822234951
3653,0.663507273424516,0.8109349124352385,0.5168198988102087,0.7701785898378618,0.6241602190337204,0.4770139822234951
3654,0.663507273424516,0.8109349124352385,0.5168198988102087,0.7701785898378618,0.6241602190337204,0.4770139822234951
3655,0.663507273424516,0.8109349124352385,0.5168198988102087,0.7701785898378618,0.6241602190337204,0.4770139822234951
3656,0.663507273424516,0.8109349124352385,0.5168198988102087,0.7701785898378618,0.6241602190337204,0.4770139822234951
3657,0.663507273424516,0.8109349124352385,0.5168198988102087,0.7701785898378618,0.6241602190337204,0.4770139822234951
3658,0.663507273424516,0.8109349124352385,0.5168198988102087,0.7701785898378618,0.6241602190337204,0.4770139822234951
3659,0.663507273424516,0.8109349124352385,0.5168198988102087,0.7701785898378618,0.6241602190337204,0.4770139822234951
3660,0.663507273424516,0.8109349124352385,0.5168198988102087,0.7701785898378618,0.6241602190337204,0.4770139822234951
3661,0.663507273424516,0.8109349124352385,0.5168198988102087,0.7701785898378618,0.6241602190337204,0.4770139822234951
3662,0.663507273424516,0.8109349124352385,0.5168198988102087,0.7701785898378618,0.6241602190337204,0.4770139822234951
3663,0.663507273424516,0.8109349124352385,0.5168198988102087,0.7701785898378618,0.6241602190337204,0.4770139822234951
3664,0.663507273424516,0.8109349124352385,0.5168198988102087,0.7701785898378618,0.6241602190337204,0.4770139822234951
3665,0.663507273424516,0.8109349124352385,0.5168198988102087,0.7701785898378618,0.6241602190337204,0.4770139822234951
3666,0.663507273424516,0.8109349124352385,0.5168198988102087,0.7701785898378618,0.6241602190337204,0.4770139822234951
3667,0.663507273424516,0.8109349124352385,0.5168198988102087,0.7701785898378618,0.6241602190337204,0.4770139822234951
3668,0.663507273424516,0.8109349124352385,0.5168198988102087,0.7701785898378618,0.6241602190337204,0.4770139822234951
3669,0.663507273424516,0.8109349124352385,0.5168198988102087,0.7701785898378618,0.6241602190337204,0.4770139822234951
3670,0.663507273424516,0.8109349124352385,0.5168198988102087,0.7701785898378618,0.6241602190337204,0.4770139822234951
3671,0.663507273424516,0.8109349124352385,0.5168198988102087,0.7701785898378618,0.6241602190337204,0.4770139822234951
3672,0.6320550386488925,0.8137997237942538,0.5187215401523496,0.7698842317000357,0.6216240618428525,0.4780357984978974
3673,0.6320550386488925,0.8137997237942538,0.5187215401523496,0.7698842317000357,0.6216240618428525,0.4780357984978974
3674,0.6320550386488925,0.8137997237942538,0.5187215401523496,0.7698842317000357,0.6216240618428525,0.4780357984978974
3675,0.6320550386488925,0.8137997237942538,0.5187215401523496,0.7698842317000357,0.6216240618428525,0.4780357984978974
3676,0.6320550386488925,0.8137997237942538,0.5187215401523496,0.7698842317000357,0.6216240618428525,0.4780357984978974
3677,0.6320550386488925,0.8137997237942538,0.5187215401523496,0.7698842317000357,0.6216240618428525,0.4780357984978974
3678,0.6320550386488925,0.8137997237942538,0.5187215401523496,0.7698842317000357,0.6216240618428525,0.4780357984978974
3679,0.6320550386488925,0.8137997237942538,0.5187215401523496,0.7698842317000357,0.6216240618428525,0.4780357984978974
3680,0.6320550386488925,0.8137997237942538,0.5187215401523496,0.7698842317000357,0.6216240618428525,0.4780357984978974
3681,0.6320550386488925,0.8137997237942538,0.5187215401523496,0.7698842317000357,0.6216240618428525,0.4780357984978974
3682,0.6320550386488925,0.8137997237942538,0.5187215401523496,0.7698842317000357,0.6216240618428525,0.4780357984978974
3683,0.6320550386488925,0.8137997237942538,0.5187215401523496,0.7698842317000357,0.6216240618428525,0.4780357984978974
3684,0.6320550386488925,0.8137997237942538,0.5187215401523496,0.7698842317000357,0.6216240618428525,0.4780357984978974
3685,0.6320550386488925,0.8137997237942538,0.5187215401523496,0.7698842317000357,0.6216240618428525,0.4780357984978974
3686,0.6320550386488925,0.8137997237942538,0.5187215401523496,0.7698842317000357,0.6216240618428525,0.4780357984978974
3687,0.6320550386488925,0.8137997237942538,0.5187215401523496,0.7698842317000357,0.6216240618428525,0.4780357984978974
3688,0.6320550386488925,0.8137997237942538,0.5187215401523496,0.7698842317000357,0.6216240618428525,0.4780357984978974
3689,0.6320550386488925,0.8137997237942538,0.5187215401523496,0.7698842317000357,0.6216240618428525,0.4780357984978974
3690,0.6320550386488925,0.8137997237942538,0.5187215401523496,0.7698842317000357,0.6216240618428525,0.4780357984978974
3691,0.6320550386488925,0.8137997237942538,0.5187215401523496,0.7698842317000357,0.6216240618428525,0.4780357984978974
3692,0.6320550386488925,0.8137997237942538,0.5187215401523496,0.7698842317000357,0.6216240618428525,0.4780357984978974
3693,0.6320550386488925,0.8137997237942538,0.5187215401523496,0.7698842317000357,0.6216240618428525,0.4780357984978974
3694,0.6320550386488925,0.8137997237942538,0.5187215401523496,0.7698842317000357,0.6216240618428525,0.4780357984978974
3695,0.6320550386488925,0.8137997237942538,0.5187215401523496,0.7698842317000357,0.6216240618428525,0.4780357984978974
3696,0.5992014742843373,0.8198989124280217,0.5236742956112016,0.7716687405748526,0.6216417365785118,0.48027141732777573
3697,0.5992014742843373,0.8198989124280217,0.5236742956112016,0.7716687405748526,0.6216417365785118,0.48027141732777573
3698,0.5992014742843373,0.8198989124280217,0.5236742956112016,0.7716687405748526,0.6216417365785118,0.48027141732777573
3699,0.5992014742843373,0.8198989124280217,0.5236742956112016,0.7716687405748526,0.6216417365785118,0.48027141732777573
3700,0.5992014742843373,0.8198989124280217,0.5236742956112016,0.7716687405748526,0.6216417365785118,0.48027141732777573
3701,0.5992014742843373,0.8198989124280217,0.5236742956112016,0.7716687405748526,0.6216417365785118,0.48027141732777573
3702,0.5992014742843373,0.8198989124280217,0.5236742956112016,0.7716687405748526,0.6216417365785118,0.48027141732777573
3703,0.5992014742843373,0.8198989124280217,0.5236742956112016,0.7716687405748526,0.6216417365785118,0.48027141732777573
3704,0.5992014742843373,0.8198989124280217,0.5236742956112016,0.7716687405748526,0.6216417365785118,0.48027141732777573
3705,0.5992014742843373,0.8198989124280217,0.5236742956112016,0.7716687405748526,0.6216417365785118,0.48027141732777573
3706,0.5992014742843373,0.8198989124280217,0.5236742956112016,0.7716687405748526,0.6216417365785118,0.48027141732777573
3707,0.5992014742843373,0.8198989124280217,0.5236742956112016,0.7716687405748526,0.6216417365785118,0.48027141732777573
3708,0.5992014742843373,0.8198989124280217,0.5236742956112016,0.7716687405748526,0.6216417365785118,0.48027141732777573
3709,0.5992014742843373,0.8198989124280217,0.5236742956112016,0.7716687405748526,0.6216417365785118,0.48027141732777573
3710,0.5992014742843373,0.8198989124280217,0.5236742956112016,0.7716687405748526,0.6216417365785118,0.48027141732777573
3711,0.5992014742843373,0.8198989124280217,0.5236742956112016,0.7716687405748526,0.6216417365785118,0.48027141732777573
3712,0.5992014742843373,0.8198989124280217,0.5236742956112016,0.7716687405748526,0.6216417365785118,0.48027141732777573
3713,0.5992014742843373,0.8198989124280217,0.5236742956112016,0.7716687405748526,0.6216417365785118,0.48027141732777573
3714,0.5992014742843373,0.8198989124280217,0.5236742956112016,0.7716687405748526,0.6216417365785118,0.48027141732777573
3715,0.5992014742843373,0.8198989124280217,0.5236742956112016,0.7716687405748526,0.6216417365785118,0.48027141732777573
3716,0.5992014742843373,0.8198989124280217,0.5236742956112016,0.7716687405748526,0.6216417365785118,0.48027141732777573
3717,0.5992014742843373,0.8198989124280217,0.5236742956112016,0.7716687405748526,0.6216417365785118,0.48027141732777573
3718,0.5992014742843373,0.8198989124280217,0.5236742956112016,0.7716687405748526,0.6216417365785118,0.48027141732777573
3719,0.5992014742843373,0.8198989124280217,0.5236742956112016,0.7716687405748526,0.6216417365785118,0.48027141732777573
3720,0.5682446055910634,0.8245798629976396,0.5273343364057882,0.7726442204061709,0.6208404494329588,0.4820861393531899
3721,0.5682446055910634,0.8245798629976396,0.5273343364057882,0.7726442204061709,0.6208404494329588,0.4820861393531899
3722,0.5682446055910634,0.8245798629976396,0.5273343364057882,0.7726442204061709,0.6208404494329588,0.4820861393531899
3723,0.5682446055910634,0.8245798629976396,0.5273343364057882,0.7726442204061709,0.6208404494329588,0.4820861393531899
3724,0.5682446055910634,0.8245798629976396,0.5273343364057882,0.7726442204061709,0.6208404494329588,0.4820861393531899
3725,0.5682446055910634,0.8245798629976396,0.5273343364057882,0.7726442204061709,0.6208404494329588,0.4820861393531899
3726,0.5682446055910634,0.8245798629976396,0.5273343364057882,0.7726442204061709,0.6208404494329588,0.4820861393531899
3727,0.5682446055910634,0.8245798629976396,0.5273343364057882,0.7726442204061709,0.6208404494329588,0.4820861393531899
3728,0.5682446055910634,0.8245798629976396,0.5273343364057882,0.7726442204061709,0.6208404494329588,0.4820861393531899
3729,0.5682446055910634,0.8245798629976396,0.5273343364057882,0.7726442204061709,0.6208404494329588,0.4820861393531899
3730,0.5682446055910634,0.8245798629976396,0.5273343364057882,0.7726442204061709,0.6208404494329588,0.4820861393531899
3731,0.5682446055910634,0.8245798629976396,0.5273343364057882,0.7726442204061709,0.6208404494329588,0.4820861393531899
3732,0.5682446055910634,0.8245798629976396,0.5273343364057882,0.7726442204061709,0.6208404494329588,0.4820861393531899
3733,0.5682446055910634,0.8245798629976396,0.5273343364057882,0.7726442204061709,0.6208404494329588,0.4820861393531899
3734,0.5682446055910634,0.8245798629976396,0.5273343364057882,0.7726442204061709,0.6208404494329588,0.4820861393531899
3735,0.5682446055910634,0.8245798629976396,0.5273343364057882,0.7726442204061709,0.6208404494329588,0.4820861393531899
3736,0.5682446055910634,0.8245798629976396,0.5273343364057882,0.7726442204061709,0.6208404494329588,0.4820861393531899
3737,0.5682446055910634,0.8245798629976396,0.5273343364057882,0.7726442204061709,0.6208404494329588,0.4820861393531899
3738,0.5682446055910634,0.8245798629976396,0.5273343364057882,0.7726442204061709,0.6208404494329588,0.4820861393531899
3739,0.5682446055910634,0.8245798629976396,0.5273343364057882,0.7726442204061709,0.6208404494329588,0.4820861393531899
3740,0.5682446055910634,0.8245798629976396,0.5273343364057882,0.7726442204061709,0.6208404494329588,0.4820861393531899
3741,0.5682446055910634,0.8245798629976396,0.5273343364057882,0.7726442204061709,0.6208404494329588,0.4820861393531899
3742,0.5682446055910634,0.8245798629976396,0.5273343364057882,0.7726442204061709,0.6208404494329588,0.4820861393531899
3743,0.5682446055910634,0.8245798629976396,0.5273343364057882,0.7726442204061709,0.6208404494329588,0.4820861393531899
3744,0.5382249173606881,0.8323681961884098,0.533557702600773,0.775767035172176,0.6227665485969589,0.48510224629575777
3745,0.5382249173606881,0.8323681961884098,0.533557702600773,0.775767035172176,0.6227665485969589,0.48510224629575777
3746,0.5382249173606881,0.8323681961884098,0.533557702600773,0.775767035172176,0.6227665485969589,0.48510224629575777
3747,0.5382249173606881,0.8323681961884098,0.533557702600773,0.775767035172176,0.6227665485969589,0.48510224629575777
3748,0.5382249173606881,0.8323681961884098,0.533557702600773,0.775767035172176,0.6227665485969589,0.48510224629575777
3749,0.5382249173606881,0.8323681961884098,0.533557702600773,0.775767035172176,0.6227665485969589,0.48510224629575777
3750,0.5382249173606881,0.8323681961884098,0.533557702600773,0.775767035172176,0.6227665485969589,0.48510224629575777
3751,0.5382249173606881,0.8323681961884098,0.533557702600773,0.775767035172176,0.6227665485969589,0.48510224629575777
3752,0.5382249173606881,0.8323681961884098,0.533557702600773,0.775767035172176,0.6227665485969589,0.48510224629575777
3753,0.5382249173606881,0.8323681961884098,0.533557702600773,0.775767035172176,0.6227665485969589,0.48510224629575777
3754,0.5382249173606881,0.8323681961884098,0.533557702600773,0.775767035172176,0.6227665485969589,0.48510224629575777
3755,0.5382249173606881,0.8323681961884098,0.533557702600773,0.775767035172176,0.6227665485969589,0.48510224629575777
3756,0.5382249173606881,0.8323681961884098,0.533557702600773,0.775767035172176,0.6227665485969589,0.48510224629575777
3757,0.5382249173606881,0.8323681961884098,0.533557702600773,0.775767035172176,0.6227665485969589,0.48510224629575777
3758,0.5382249173606881,0.8323681961884098,0.533557702600773,0.775767035172176,0.6227665485969589,0.48510224629575777
3759,0.5382249173606881,0.8323681961884098,0.533557702600773,0.775767035172176,0.6227665485969589,0.48510224629575777
3760,0.5382249173606881,0.8323681961884098,0.533557702600773,0.775767035172176,0.6227665485969589,0.48510224629575777
3761,0.5382249173606881,0.8323681961884098,0.533557702600773,0.775767035172176,0.6227665485969589,0.48510224629575777
3762,0.5382249173606881,0.8323681961884098,0.533557702600773,0.775767035172176,0.6227665485969589,0.48510224629575777
3763,0.5382249173606881,0.8323681961884098,0.533557702600773,0.775767035172176,0.6227665485969589,0.48510224629575777
3764,0.5382249173606881,0.8323681961884098,0.533557702600773,0.775767035172176,0.6227665485969589,0.48510224629575777
3765,0.5382249173606881,0.8323681961884098,0.533557702600773,0.775767035172176,0.6227665485969589,0.48510224629575777
3766,0.5382249173606881,0.8323681961884098,0.533557702600773,0.775767035172176,0.6227665485969589,0.48510224629575777
3767,0.5382249173606881,0.8323681961884098,0.533557702600773,0.775767035172176,0.6227665485969589,0.48510224629575777
3768,0.500218116409034,0.8373383543492207,0.5367877971748057,0.7759746629330433,0.6198833129302074,0.48662002056570675
3769,0.500218116409034,0.8373383543492207,0.5367877971748057,0.7759746629330433,0.6198833129302074,0.48662002056570675
3770,0.500218116409034,0.8373383543492207,0.5367877971748057,0.7759746629330433,0.6198833129302074,0.48662002056570675
3771,0.500218116409034,0.8373383543492207,0.5367877971748057,0.7759746629330433,0.6198833129302074,0.48662002056570675
3772,0.500218116409034,0.8373383543492207,0.5367877971748057,0.7759746629330433,0.6198833129302074,0.48662002056570675
3773,0.500218116409034,0.8373383543492207,0.5367877971748057,0.7759746629330433,0.6198833129302074,0.48662002056570675
3774,0.500218116409034,0.8373383543492207,0.5367877971748057,0.7759746629330433,0.6198833129302074,0.48662002056570675
3775,0.500218116409034,0.8373383543492207,0.5367877971748057,0.7759746629330433,0.6198833129302074,0.48662002056570675
3776,0.500218116409034,0.8373383543492207,0.5367877971748057,0.7759746629330433,0.6198833129302074,0.48662002056570675
3777,0.500218116409034,0.8373383543492207,0.5367877971748057,0.7759746629330433,0.6198833129302074,0.48662002056570675
3778,0.500218116409034,0.8373383543492207,0.5367877971748057,0.7759746629330433,0.6198833129302074,0.48662002056570675
3779,0.500218116409034,0.8373383543492207,0.5367877971748057,0.7759746629330433,0.6198833129302074,0.48662002056570675
3780,0.500218116409034,0.8373383543492207,0.5367877971748057,0.7759746629330433,0.6198833129302074,0.48662002056570675
3781,0.500218116409034,0.8373383543492207,0.5367877971748057,0.7759746629330433,0.6198833129302074,0.48662002056570675
3782,0.500218116409034,0.8373383543492207,0.5367877971748057,0.7759746629330433,0.6198833129302074,0.48662002056570675
3783,0.500218116409034,0.8373383543492207,0.5367877971748057,0.7759746629330433,0.6198833129302074,0.48662002056570675
3784,0.500218116409034,0.8373383543492207,0.5367877971748057,0.7759746629330433,0.6198833129302074,0.48662002056570675
3785,0.500218116409034,0.8373383543492207,0.5367877971748057,0.7759746629330433,0.6198833129302074,0.48662002056570675
3786,0.500218116409034,0.8373383543492207,0.5367877971748057,0.7759746629330433,0.6198833129302074,0.48662002056570675
3787,0.500218116409034,0.8373383543492207,0.5367877971748057,0.7759746629330433,0.6198833129302074,0.48662002056570675
3788,0.500218116409034,0.8373383543492207,0.5367877971748057,0.7759746629330433,0.6198833129302074,0.48662002056570675
3789,0.500218116409034,0.8373383543492207,0.5367877971748057,0.7759746629330433,0.6198833129302074,0.48662002056570675
3790,0.500218116409034,0.8373383543492207,0.5367877971748057,0.7759746629330433,0.6198833129302074,0.48662002056570675
3791,0.500218116409034,0.8373383543492207,0.5367877971748057,0.7759746629330433,0.6198833129302074,0.48662002056570675
3792,0.4670123309427545,0.8409712558121564,0.5395005549133963,0.7761677992701436,0.6177806181937672,0.48796625396853094
3793,0.4670123309427545,0.8409712558121564,0.5395005549133963,0.7761677992701436,0.6177806181937672,0.48796625396853094
3794,0.4670123309427545,0.8409712558121564,0.5395005549133963,0.7761677992701436,0.6177806181937672,0.48796625396853094
3795,0.4670123309427545,0.8409712558121564,0.5395005549133963,0.7761677992701436,0.6177806181937672,0.48796625396853094
3796,0.4670123309427545,0.8409712558121564,0.5395005549133963,0.7761677992701436,0.6177806181937672,0.48796625396853094
3797,0.4670123309427545,0.8409712558121564,0.5395005549133963,0.7761677992701436,0.6177806181937672,0.48796625396853094
3798,0.4670123309427545,0.8409712558121564,0.5395005549133963,0.7761677992701436,0.6177806181937672,0.48796625396853094
3799,0.4670123309427545,0.8409712558121564,0.5395005549133963,0.7761677992701436,0.6177806181937672,0.48796625396853094
3800,0.4670123309427545,0.8409712558121564,0.5395005549133963,0.7761677992701436,0.6177806181937672,0.48796625396853094
3801,0.4670123309427545,0.8409712558121564,0.5395005549133963,0.7761677992701436,0.6177806181937672,0.48796625396853094
3802,0.4670123309427545,0.8409712558121564,0.5395005549133963,0.7761677992701436,0.6177806181937672,0.48796625396853094
3803,0.4670123309427545,0.8409712558121564,0.5395005549133963,0.7761677992701436,0.6177806181937672,0.48796625396853094
3804,0.4670123309427545,0.8409712558121564,0.5395005549133963,0.7761677992701436,0.6177806181937672,0.48796625396853094
3805,0.4670123309427545,0.8409712558121564,0.5395005549133963,0.7761677992701436,0.6177806181937672,0.48796625396853094
3806,0.4670123309427545,0.8409712558121564,0.5395005549133963,0.7761677992701436,0.6177806181937672,0.48796625396853094
3807,0.4670123309427545,0.8409712558121564,0.5395005549133963,0.7761677992701436,0.6177806181937672,0.48796625396853094
3808,0.4670123309427545,0.8409712558121564,0.5395005549133963,0.7761677992701436,0.6177806181937672,0.48796625396853094
3809,0.4670123309427545,0.8409712558121564,0.5395005549133963,0.7761677992701436,0.6177806181937672,0.48796625396853094
3810,0.4670123309427545,0.8409712558121564,0.5395005549133963,0.7761677992701436,0.6177806181937672,0.48796625396853094
3811,0.4670123309427545,0.8409712558121564,0.5395005549133963,0.7761677992701436,0.6177806181937672,0.48796625396853094
3812,0.4670123309427545,0.8409712558121564,0.5395005549133963,0.7761677992701436,0.6177806181937672,0.48796625396853094
3813,0.4670123309427545,0.8409712558121564,0.5395005549133963,0.7761677992701436,0.6177806181937672,0.48796625396853094
3814,0.4670123309427545,0.8409712558121564,0.5395005549133963,0.7761677992701436,0.6177806181937672,0.48796625396853094
3815,0.4670123309427545,0.8409712558121564,0.5395005549133963,0.7761677992701436,0.6177806181937672,0.48796625396853094
3816,0.42260933097718306,0.8395028567066625,0.5376039497196968,0.7713952500362291,0.6082312733433216,0.4868681126891658
3817,0.42260933097718306,0.8395028567066625,0.5376039497196968,0.7713952500362291,0.6082312733433216,0.4868681126891658
3818,0.42260933097718306,0.8395028567066625,0.5376039497196968,0.7713952500362291,0.6082312733433216,0.4868681126891658
3819,0.42260933097718306,0.8395028567066625,0.5376039497196968,0.7713952500362291,0.6082312733433216,0.4868681126891658
3820,0.42260933097718306,0.8395028567066625,0.5376039497196968,0.7713952500362291,0.6082312733433216,0.4868681126891658
3821,0.42260933097718306,0.8395028567066625,0.5376039497196968,0.7713952500362291,0.6082312733433216,0.4868681126891658
3822,0.42260933097718306,0.8395028567066625,0.5376039497196968,0.7713952500362291,0.6082312733433216,0.4868681126891658
3823,0.42260933097718306,0.8395028567066625,0.5376039497196968,0.7713952500362291,0.6082312733433216,0.4868681126891658
3824,0.42260933097718306,0.8395028567066625,0.5376039497196968,0.7713952500362291,0.6082312733433216,0.4868681126891658
3825,0.42260933097718306,0.8395028567066625,0.5376039497196968,0.7713952500362291,0.6082312733433216,0.4868681126891658
3826,0.42260933097718306,0.8395028567066625,0.5376039497196968,0.7713952500362291,0.6082312733433216,0.4868681126891658
3827,0.42260933097718306,0.8395028567066625,0.5376039497196968,0.7713952500362291,0.6082312733433216,0.4868681126891658
3828,0.42260933097718306,0.8395028567066625,0.5376039497196968,0.7713952500362291,0.6082312733433216,0.4868681126891658
3829,0.42260933097718306,0.8395028567066625,0.5376039497196968,0.7713952500362291,0.6082312733433216,0.4868681126891658
3830,0.42260933097718306,0.8395028567066625,0.5376039497196968,0.7713952500362291,0.6082312733433216,0.4868681126891658
3831,0.42260933097718306,0.8395028567066625,0.5376039497196968,0.7713952500362291,0.6082312733433216,0.4868681126891658
3832,0.42260933097718306,0.8395028567066625,0.5376039497196968,0.7713952500362291,0.6082312733433216,0.4868681126891658
3833,0.42260933097718306,0.8395028567066625,0.5376039497196968,0.7713952500362291,0.6082312733433216,0.4868681126891658
3834,0.42260933097718306,0.8395028567066625,0.5376039497196968,0.7713952500362291,0.6082312733433216,0.4868681126891658
3835,0.42260933097718306,0.8395028567066625,0.5376039497196968,0.7713952500362291,0.6082312733433216,0.4868681126891658
3836,0.42260933097718306,0.8395028567066625,0.5376039497196968,0.7713952500362291,0.6082312733433216,0.4868681126891658
3837,0.42260933097718306,0.8395028567066625,0.5376039497196968,0.7713952500362291,0.6082312733433216,0.4868681126891658
3838,0.42260933097718306,0.8395028567066625,0.5376039497196968,0.7713952500362291,0.6082312733433216,0.4868681126891658
3839,0.42260933097718306,0.8395028567066625,0.5376039497196968,0.7713952500362291,0.6082312733433216,0.4868681126891658
3840,0.3827115564701291,0.8408829552912674,0.538229909604265,0.7691485242364614,0.6021816761379438,0.4870151681271981
3841,0.3827115564701291,0.8408829552912674,0.538229909604265,0.7691485242364614,0.6021816761379438,0.4870151681271981
3842,0.3827115564701291,0.8408829552912674,0.538229909604265,0.7691485242364614,0.6021816761379438,0.4870151681271981
3843,0.3827115564701291,0.8408829552912674,0.538229909604265,0.7691485242364614,0.6021816761379438,0.4870151681271981
3844,0.3827115564701291,0.8408829552912674,0.538229909604265,0.7691485242364614,0.6021816761379438,0.4870151681271981
3845,0.3827115564701291,0.8408829552912674,0.538229909604265,0.7691485242364614,0.6021816761379438,0.4870151681271981
3846,0.3827115564701291,0.8408829552912674,0.538229909604265,0.7691485242364614,0.6021816761379438,0.4870151681271981
3847,0.3827115564701291,0.8408829552912674,0.538229909604265,0.7691485242364614,0.6021816761379438,0.4870151681271981
3848,0.3827115564701291,0.8408829552912674,0.538229909604265,0.7691485242364614,0.6021816761379438,0.4870151681271981
3849,0.3827115564701291,0.8408829552912674,0.538229909604265,0.7691485242364614,0.6021816761379438,0.4870151681271981
3850,0.3827115564701291,0.8408829552912674,0.538229909604265,0.7691485242364614,0.6021816761379438,0.4870151681271981
3851,0.3827115564701291,0.8408829552912674,0.538229909604265,0.7691485242364614,0.6021816761379438,0.4870151681271981
3852,0.3827115564701291,0.8408829552912674,0.538229909604265,0.7691485242364614,0.6021816761379438,0.4870151681271981
3853,0.3827115564701291,0.8408829552912674,0.538229909604265,0.7691485242364614,0.6021816761379438,0.4870151681271981
3854,0.3827115564701291,0.8408829552912674,0.538229909604265,0.7691485242364614,0.6021816761379438,0.4870151681271981
3855,0.3827115564701291,0.8408829552912674,0.538229909604265,0.7691485242364614,0.6021816761379438,0.4870151681271981
3856,0.3827115564701291,0.8408829552912674,0.538229909604265,0.7691485242364614,0.6021816761379438,0.4870151681271981
3857,0.3827115564701291,0.8408829552912674,0.538229909604265,0.7691485242364614,0.6021816761379438,0.4870151681271981
3858,0.3827115564701291,0.8408829552912674,0.538229909604265,0.7691485242364614,0.6021816761379438,0.4870151681271981
3859,0.3827115564701291,0.8408829552912674,0.538229909604265,0.7691485242364614,0.6021816761379438,0.4870151681271981
3860,0.3827115564701291,0.8408829552912674,0.538229909604265,0.7691485242364614,0.6021816761379438,0.4870151681271981
3861,0.3827115564701291,0.8408829552912674,0.538229909604265,0.7691485242364614,0.6021816761379438,0.4870151681271981
3862,0.3827115564701291,0.8408829552912674,0.538229909604265,0.7691485242364614,0.6021816761379438,0.4870151681271981
3863,0.3827115564701291,0.8408829552912674,0.538229909604265,0.7691485242364614,0.6021816761379438,0.4870151681271981
3864,0.3882337025788701,0.8490288086244672,0.544988955921252,0.775634091288337,0.6104344006987462,0.4907929045358462
3865,0.3882337025788701,0.8490288086244672,0.544988955921252,0.775634091288337,0.6104344006987462,0.4907929045358462
3866,0.3882337025788701,0.8490288086244672,0.544988955921252,0.775634091288337,0.6104344006987462,0.4907929045358462
3867,0.3882337025788701,0.8490288086244672,0.544988955921252,0.775634091288337,0.6104344006987462,0.4907929045358462
3868,0.3882337025788701,0.8490288086244672,0.544988955921252,0.775634091288337,0.6104344006987462,0.4907929045358462
3869,0.3882337025788701,0.8490288086244672,0.544988955921252,0.775634091288337,0.6104344006987462,0.4907929045358462
3870,0.3882337025788701,0.8490288086244672,0.544988955921252,0.775634091288337,0.6104344006987462,0.4907929045358462
3871,0.3882337025788701,0.8490288086244672,0.544988955921252,0.775634091288337,0.6104344006987462,0.4907929045358462
3872,0.3882337025788701,0.8490288086244672,0.544988955921252,0.775634091288337,0.6104344006987462,0.4907929045358462
3873,0.3882337025788701,0.8490288086244672,0.544988955921252,0.775634091288337,0.6104344006987462,0.4907929045358462
3874,0.3882337025788701,0.8490288086244672,0.544988955921252,0.775634091288337,0.6104344006987462,0.4907929045358462
3875,0.3882337025788701,0.8490288086244672,0.544988955921252,0.775634091288337,0.6104344006987462,0.4907929045358462
3876,0.3882337025788701,0.8490288086244672,0.544988955921252,0.775634091288337,0.6104344006987462,0.4907929045358462
3877,0.3882337025788701,0.8490288086244672,0.544988955921252,0.775634091288337,0.6104344006987462,0.4907929045358462
3878,0.3882337025788701,0.8490288086244672,0.544988955921252,0.775634091288337,0.6104344006987462,0.4907929045358462
3879,0.3882337025788701,0.8490288086244672,0.544988955921252,0.775634091288337,0.6104344006987462,0.4907929045358462
3880,0.3882337025788701,0.8490288086244672,0.544988955921252,0.775634091288337,0.6104344006987462,0.4907929045358462
3881,0.3882337025788701,0.8490288086244672,0.544988955921252,0.775634091288337,0.6104344006987462,0.4907929045358462
3882,0.3882337025788701,0.8490288086244672,0.544988955921252,0.775634091288337,0.6104344006987462,0.4907929045358462
3883,0.3882337025788701,0.8490288086244672,0.544988955921252,0.775634091288337,0.6104344006987462,0.4907929045358462
3884,0.3882337025788701,0.8490288086244672,0.544988955921252,0.775634091288337,0.6104344006987462,0.4907929045358462
3885,0.3882337025788701,0.8490288086244672,0.544988955921252,0.775634091288337,0.6104344006987462,0.4907929045358462
3886,0.3882337025788701,0.8490288086244672,0.544988955921252,0.775634091288337,0.6104344006987462,0.4907929045358462
3887,0.3882337025788701,0.8490288086244672,0.544988955921252,0.775634091288337,0.6104344006987462,0.4907929045358462
3888,0.383723469621395,0.8434142654454284,0.5402625590913045,0.7715657092297891,0.6049259659534303,0.48852621228462284
3889,0.383723469621395,0.8434142654454284,0.5402625590913045,0.7715657092297891,0.6049259659534303,0.48852621228462284
3890,0.383723469621395,0.8434142654454284,0.5402625590913045,0.7715657092297891,0.6049259659534303,0.48852621228462284
3891,0.383723469621395,0.8434142654454284,0.5402625590913045,0.7715657092297891,0.6049259659534303,0.48852621228462284
3892,0.383723469621395,0.8434142654454284,0.5402625590913045,0.7715657092297891,0.6049259659534303,0.48852621228462284
3893,0.383723469621395,0.8434142654454284,0.5402625590913045,0.7715657092297891,0.6049259659534303,0.48852621228462284
3894,0.383723469621395,0.8434142654454284,0.5402625590913045,0.7715657092297891,0.6049259659534303,0.48852621228462284
3895,0.383723469621395,0.8434142654454284,0.5402625590913045,0.7715657092297891,0.6049259659534303,0.48852621228462284
3896,0.383723469621395,0.8434142654454284,0.5402625590913045,0.7715657092297891,0.6049259659534303,0.48852621228462284
3897,0.383723469621395,0.8434142654454284,0.5402625590913045,0.7715657092297891,0.6049259659534303,0.48852621228462284
3898,0.383723469621395,0.8434142654454284,0.5402625590913045,0.7715657092297891,0.6049259659534303,0.48852621228462284
3899,0.383723469621395,0.8434142654454284,0.5402625590913045,0.7715657092297891,0.6049259659534303,0.48852621228462284
3900,0.383723469621395,0.8434142654454284,0.5402625590913045,0.7715657092297891,0.6049259659534303,0.48852621228462284
3901,0.383723469621395,0.8434142654454284,0.5402625590913045,0.7715657092297891,0.6049259659534303,0.48852621228462284
3902,0.383723469621395,0.8434142654454284,0.5402625590913045,0.7715657092297891,0.6049259659534303,0.48852621228462284
3903,0.383723469621395,0.8434142654454284,0.5402625590913045,0.7715657092297891,0.6049259659534303,0.48852621228462284
3904,0.383723469621395,0.8434142654454284,0.5402625590913045,0.7715657092297891,0.6049259659534303,0.48852621228462284
3905,0.383723469621395,0.8434142654454284,0.5402625590913045,0.7715657092297891,0.6049259659534303,0.48852621228462284
3906,0.383723469621395,0.8434142654454284,0.5402625590913045,0.7715657092297891,0.6049259659534303,0.48852621228462284
3907,0.383723469621395,0.8434142654454284,0.5402625590913045,0.7715657092297891,0.6049259659534303,0.48852621228462284
3908,0.383723469621395,0.8434142654454284,0.5402625590913045,0.7715657092297891,0.6049259659534303,0.48852621228462284
3909,0.383723469621395,0.8434142654454284,0.5402625590913045,0.7715657092297891,0.6049259659534303,0.48852621228462284
3910,0.383723469621395,0.8434142654454284,0.5402625590913045,0.7715657092297891,0.6049259659534303,0.48852621228462284
3911,0.383723469621395,0.8434142654454284,0.5402625590913045,0.7715657092297891,0.6049259659534303,0.48852621228462284
3912,0.38819436935647333,0.8489422827808651,0.5441715923144481,0.7756357379544007,0.6101671587225768,0.49072017960363823
3913,0.38819436935647333,0.8489422827808651,0.5441715923144481,0.7756357379544007,0.6101671587225768,0.49072017960363823
3914,0.38819436935647333,0.8489422827808651,0.5441715923144481,0.7756357379544007,0.6101671587225768,0.49072017960363823
3915,0.38819436935647333,0.8489422827808651,0.5441715923144481,0.7756357379544007,0.6101671587225768,0.49072017960363823
3916,0.38819436935647333,0.8489422827808651,0.5441715923144481,0.7756357379544007,0.6101671587225768,0.49072017960363823
3917,0.38819436935647333,0.8489422827808651,0.5441715923144481,0.7756357379544007,0.6101671587225768,0.49072017960363823
3918,0.38819436935647333,0.8489422827808651,0.5441715923144481,0.7756357379544007,0.6101671587225768,0.49072017960363823
3919,0.38819436935647333,0.8489422827808651,0.5441715923144481,0.7756357379544007,0.6101671587225768,0.49072017960363823
3920,0.38819436935647333,0.8489422827808651,0.5441715923144481,0.7756357379544007,0.6101671587225768,0.49072017960363823
3921,0.38819436935647333,0.8489422827808651,0.5441715923144481,0.7756357379544007,0.6101671587225768,0.49072017960363823
3922,0.38819436935647333,0.8489422827808651,0.5441715923144481,0.7756357379544007,0.6101671587225768,0.49072017960363823
3923,0.38819436935647333,0.8489422827808651,0.5441715923144481,0.7756357379544007,0.6101671587225768,0.49072017960363823
3924,0.38819436935647333,0.8489422827808651,0.5441715923144481,0.7756357379544007,0.6101671587225768,0.49072017960363823
3925,0.38819436935647333,0.8489422827808651,0.5441715923144481,0.7756357379544007,0.6101671587225768,0.49072017960363823
3926,0.38819436935647333,0.8489422827808651,0.5441715923144481,0.7756357379544007,0.6101671587225768,0.49072017960363823
3927,0.38819436935647333,0.8489422827808651,0.5441715923144481,0.7756357379544007,0.6101671587225768,0.49072017960363823
3928,0.38819436935647333,0.8489422827808651,0.5441715923144481,0.7756357379544007,0.6101671587225768,0.49072017960363823
3929,0.38819436935647333,0.8489422827808651,0.5441715923144481,0.7756357379544007,0.6101671587225768,0.49072017960363823
3930,0.38819436935647333,0.8489422827808651,0.5441715923144481,0.7756357379544007,0.6101671587225768,0.49072017960363823
3931,0.38819436935647333,0.8489422827808651,0.5441715923144481,0.7756357379544007,0.6101671587225768,0.49072017960363823
3932,0.38819436935647333,0.8489422827808651,0.5441715923144481,0.7756357379544007,0.6101671587225768,0.49072017960363823
3933,0.38819436935647333,0.8489422827808651,0.5441715923144481,0.7756357379544007,0.6101671587225768,0.49072017960363823
3934,0.38819436935647333,0.8489422827808651,0.5441715923144481,0.7756357379544007,0.6101671587225768,0.49072017960363823
3935,0.38819436935647333,0.8489422827808651,0.5441715923144481,0.7756357379544007,0.6101671587225768,0.49072017960363823
3936,0.3910152998798135,0.8525508701182511,0.5475490237285113,0.7783482890100003,0.6138657507411759,0.4922810683033188
3937,0.3910152998798135,0.8525508701182511,0.5475490237285113,0.7783482890100003,0.6138657507411759,0.4922810683033188
3938,0.3910152998798135,0.8525508701182511,0.5475490237285113,0.7783482890100003,0.6138657507411759,0.4922810683033188
3939,0.3910152998798135,0.8525508701182511,0.5475490237285113,0.7783482890100003,0.6138657507411759,0.4922810683033188
3940,0.3910152998798135,0.8525508701182511,0.5475490237285113,0.7783482890100003,0.6138657507411759,0.4922810683033188
3941,0.3910152998798135,0.8525508701182511,0.5475490237285113,0.7783482890100003,0.6138657507411759,0.4922810683033188
3942,0.3910152998798135,0.8525508701182511,0.5475490237285113,0.7783482890100003,0.6138657507411759,0.4922810683033188
3943,0.3910152998798135,0.8525508701182511,0.5475490237285113,0.7783482890100003,0.6138657507411759,0.4922810683033188
3944,0.3910152998798135,0.8525508701182511,0.5475490237285113,0.7783482890100003,0.6138657507411759,0.4922810683033188
3945,0.3910152998798135,0.8525508701182511,0.5475490237285113,0.7783482890100003,0.6138657507411759,0.4922810683033188
3946,0.3910152998798135,0.8525508701182511,0.5475490237285113,0.7783482890100003,0.6138657507411759,0.4922810683033188
3947,0.3910152998798135,0.8525508701182511,0.5475490237285113,0.7783482890100003,0.6138657507411759,0.4922810683033188
3948,0.3910152998798135,0.8525508701182511,0.5475490237285113,0.7783482890100003,0.6138657507411759,0.4922810683033188
3949,0.3910152998798135,0.8525508701182511,0.5475490237285113,0.7783482890100003,0.6138657507411759,0.4922810683033188
3950,0.3910152998798135,0.8525508701182511,0.5475490237285113,0.7783482890100003,0.6138657507411759,0.4922810683033188
3951,0.3910152998798135,0.8525508701182511,0.5475490237285113,0.7783482890100003,0.6138657507411759,0.4922810683033188
3952,0.3910152998798135,0.8525508701182511,0.5475490237285113,0.7783482890100003,0.6138657507411759,0.4922810683033188
3953,0.3910152998798135,0.8525508701182511,0.5475490237285113,0.7783482890100003,0.6138657507411759,0.4922810683033188
3954,0.3910152998798135,0.8525508701182511,0.5475490237285113,0.7783482890100003,0.6138657507411759,0.4922810683033188
3955,0.3910152998798135,0.8525508701182511,0.5475490237285113,0.7783482890100003,0.6138657507411759,0.4922810683033188
3956,0.3910152998798135,0.8525508701182511,0.5475490237285113,0.7783482890100003,0.6138657507411759,0.4922810683033188
3957,0.3910152998798135,0.8525508701182511,0.5475490237285113,0.7783482890100003,0.6138657507411759,0.4922810683033188
3958,0.3910152998798135,0.8525508701182511,0.5475490237285113,0.7783482890100003,0.6138657507411759,0.4922810683033188
3959,0.3910152998798135,0.8525508701182511,0.5475490237285113,0.7783482890100003,0.6138657507411759,0.4922810683033188
3960,0.39462915421324674,0.8571404864894445,0.5509189419821283,0.7817669194339983,0.6182226399350063,0.4940861773490997
3961,0.39462915421324674,0.8571404864894445,0.5509189419821283,0.7817669194339983,0.6182226399350063,0.4940861773490997
3962,0.39462915421324674,0.8571404864894445,0.5509189419821283,0.7817669194339983,0.6182226399350063,0.4940861773490997
3963,0.39462915421324674,0.8571404864894445,0.5509189419821283,0.7817669194339983,0.6182226399350063,0.4940861773490997
3964,0.39462915421324674,0.8571404864894445,0.5509189419821283,0.7817669194339983,0.6182226399350063,0.4940861773490997
3965,0.39462915421324674,0.8571404864894445,0.5509189419821283,0.7817669194339983,0.6182226399350063,0.4940861773490997
3966,0.39462915421324674,0.8571404864894445,0.5509189419821283,0.7817669194339983,0.6182226399350063,0.4940861773490997
3967,0.39462915421324674,0.8571404864894445,0.5509189419821283,0.7817669194339983,0.6182226399350063,0.4940861773490997
3968,0.39462915421324674,0.8571404864894445,0.5509189419821283,0.7817669194339983,0.6182226399350063,0.4940861773490997
3969,0.39462915421324674,0.8571404864894445,0.5509189419821283,0.7817669194339983,0.6182226399350063,0.4940861773490997
3970,0.39462915421324674,0.8571404864894445,0.5509189419821283,0.7817669194339983,0.6182226399350063,0.4940861773490997
3971,0.39462915421324674,0.8571404864894445,0.5509189419821283,0.7817669194339983,0.6182226399350063,0.4940861773490997
3972,0.39462915421324674,0.8571404864894445,0.5509189419821283,0.7817669194339983,0.6182226399350063,0.4940861773490997
3973,0.39462915421324674,0.8571404864894445,0.5509189419821283,0.7817669194339983,0.6182226399350063,0.4940861773490997
3974,0.39462915421324674,0.8571404864894445,0.5509189419821283,0.7817669194339983,0.6182226399350063,0.4940861773490997
3975,0.39462915421324674,0.8571404864894445,0.5509189419821283,0.7817669194339983,0.6182226399350063,0.4940861773490997
3976,0.39462915421324674,0.8571404864894445,0.5509189419821283,0.7817669194339983,0.6182226399350063,0.4940861773490997
3977,0.39462915421324674,0.8571404864894445,0.5509189419821283,0.7817669194339983,0.6182226399350063,0.4940861773490997
3978,0.39462915421324674,0.8571404864894445,0.5509189419821283,0.7817669194339983,0.6182226399350063,0.4940861773490997
3979,0.39462915421324674,0.8571404864894445,0.5509189419821283,0.7817669194339983,0.6182226399350063,0.4940861773490997
3980,0.39462915421324674,0.8571404864894445,0.5509189419821283,0.7817669194339983,0.6182226399350063,0.4940861773490997
3981,0.39462915421324674,0.8571404864894445,0.5509189419821283,0.7817669194339983,0.6182226399350063,0.4940861773490997
3982,0.39462915421324674,0.8571404864894445,0.5509189419821283,0.7817669194339983,0.6182226399350063,0.4940861773490997
3983,0.39462915421324674,0.8571404864894445,0.5509189419821283,0.7817669194339983,0.6182226399350063,0.4940861773490997
3984,0.3869397558388838,0.846967718020566,0.5422982207934467,0.7739100866316212,0.6079983478485551,0.4895113246978728
3985,0.3869397558388838,0.846967718020566,0.5422982207934467,0.7739100866316212,0.6079983478485551,0.4895113246978728
3986,0.3869397558388838,0.846967718020566,0.5422982207934467,0.7739100866316212,0.6079983478485551,0.4895113246978728
3987,0.3869397558388838,0.846967718020566,0.5422982207934467,0.7739100866316212,0.6079983478485551,0.4895113246978728
3988,0.3869397558388838,0.846967718020566,0.5422982207934467,0.7739100866316212,0.6079983478485551,0.4895113246978728
3989,0.3869397558388838,0.846967718020566,0.5422982207934467,0.7739100866316212,0.6079983478485551,0.4895113246978728
3990,0.3869397558388838,0.846967718020566,0.5422982207934467,0.7739100866316212,0.6079983478485551,0.4895113246978728
3991,0.3869397558388838,0.846967718020566,0.5422982207934467,0.7739100866316212,0.6079983478485551,0.4895113246978728
3992,0.3869397558388838,0.846967718020566,0.5422982207934467,0.7739100866316212,0.6079983478485551,0.4895113246978728
3993,0.3869397558388838,0.846967718020566,0.5422982207934467,0.7739100866316212,0.6079983478485551,0.4895113246978728
3994,0.3869397558388838,0.846967718020566,0.5422982207934467,0.7739100866316212,0.6079983478485551,0.4895113246978728
3995,0.3869397558388838,0.846967718020566,0.5422982207934467,0.7739100866316212,0.6079983478485551,0.4895113246978728
3996,0.3869397558388838,0.846967718020566,0.5422982207934467,0.7739100866316212,0.6079983478485551,0.4895113246978728
3997,0.3869397558388838,0.846967718020566,0.5422982207934467,0.7739100866316212,0.6079983478485551,0.4895113246978728
3998,0.3869397558388838,0.846967718020566,0.5422982207934467,0.7739100866316212,0.6079983478485551,0.4895113246978728
3999,0.3869397558388838,0.846967718020566,0.5422982207934467,0.7739100866316212,0.6079983478485551,0.4895113246978728
4000,0.3869397558388838,0.846967718020566,0.5422982207934467,0.7739100866316212,0.6079983478485551,0.4895113246978728
4001,0.3869397558388838,0.846967718020566,0.5422982207934467,0.7739100866316212,0.6079983478485551,0.4895113246978728
4002,0.3869397558388838,0.846967718020566,0.5422982207934467,0.7739100866316212,0.6079983478485551,0.4895113246978728
4003,0.3869397558388838,0.846967718020566,0.5422982207934467,0.7739100866316212,0.6079983478485551,0.4895113246978728
4004,0.3869397558388838,0.846967718020566,0.5422982207934467,0.7739100866316212,0.6079983478485551,0.4895113246978728
4005,0.3869397558388838,0.846967718020566,0.5422982207934467,0.7739100866316212,0.6079983478485551,0.4895113246978728
4006,0.3869397558388838,0.846967718020566,0.5422982207934467,0.7739100866316212,0.6079983478485551,0.4895113246978728
4007,0.3869397558388838,0.846967718020566,0.5422982207934467,0.7739100866316212,0.6079983478485551,0.4895113246978728
4008,0.38604183418222576,0.8457625052898777,0.5412937837845778,0.773094645399107,0.60676680762909,0.489059798301039
4009,0.38604183418222576,0.8457625052898777,0.5412937837845778,0.773094645399107,0.60676680762909,0.489059798301039
4010,0.38604183418222576,0.8457625052898777,0.5412937837845778,0.773094645399107,0.60676680762909,0.489059798301039
4011,0.38604183418222576,0.8457625052898777,0.5412937837845778,0.773094645399107,0.60676680762909,0.489059798301039
4012,0.38604183418222576,0.8457625052898777,0.5412937837845778,0.773094645399107,0.60676680762909,0.489059798301039
4013,0.38604183418222576,0.8457625052898777,0.5412937837845778,0.773094645399107,0.60676680762909,0.489059798301039
4014,0.38604183418222576,0.8457625052898777,0.5412937837845778,0.773094645399107,0.60676680762909,0.489059798301039
4015,0.38604183418222576,0.8457625052898777,0.5412937837845778,0.773094645399107,0.60676680762909,0.489059798301039
4016,0.38604183418222576,0.8457625052898777,0.5412937837845778,0.773094645399107,0.60676680762909,0.489059798301039
4017,0.38604183418222576,0.8457625052898777,0.5412937837845778,0.773094645399107,0.60676680762909,0.489059798301039
4018,0.38604183418222576,0.8457625052898777,0.5412937837845778,0.773094645399107,0.60676680762909,0.489059798301039
4019,0.38604183418222576,0.8457625052898777,0.5412937837845778,0.773094645399107,0.60676680762909,0.489059798301039
4020,0.38604183418222576,0.8457625052898777,0.5412937837845778,0.773094645399107,0.60676680762909,0.489059798301039
4021,0.38604183418222576,0.8457625052898777,0.5412937837845778,0.773094645399107,0.60676680762909,0.489059798301039
4022,0.38604183418222576,0.8457625052898777,0.5412937837845778,0.773094645399107,0.60676680762909,0.489059798301039
4023,0.38604183418222576,0.8457625052898777,0.5412937837845778,0.773094645399107,0.60676680762909,0.489059798301039
4024,0.38604183418222576,0.8457625052898777,0.5412937837845778,0.773094645399107,0.60676680762909,0.489059798301039
4025,0.38604183418222576,0.8457625052898777,0.5412937837845778,0.773094645399107,0.60676680762909,0.489059798301039
4026,0.38604183418222576,0.8457625052898777,0.5412937837845778,0.773094645399107,0.60676680762909,0.489059798301039
4027,0.38604183418222576,0.8457625052898777,0.5412937837845778,0.773094645399107,0.60676680762909,0.489059798301039
4028,0.38604183418222576,0.8457625052898777,0.5412937837845778,0.773094645399107,0.60676680762909,0.489059798301039
4029,0.38604183418222576,0.8457625052898777,0.5412937837845778,0.773094645399107,0.60676680762909,0.489059798301039
4030,0.38604183418222576,0.8457625052898777,0.5412937837845778,0.773094645399107,0.60676680762909,0.489059798301039
4031,0.38604183418222576,0.8457625052898777,0.5412937837845778,0.773094645399107,0.60676680762909,0.489059798301039
4032,0.3913835228498626,0.8524334395757287,0.5458198240448354,0.778506333948573,0.613266789061475,0.4916944115996089
4033,0.3913835228498626,0.8524334395757287,0.5458198240448354,0.778506333948573,0.613266789061475,0.4916944115996089
4034,0.3913835228498626,0.8524334395757287,0.5458198240448354,0.778506333948573,0.613266789061475,0.4916944115996089
4035,0.3913835228498626,0.8524334395757287,0.5458198240448354,0.778506333948573,0.613266789061475,0.4916944115996089
4036,0.3913835228498626,0.8524334395757287,0.5458198240448354,0.778506333948573,0.613266789061475,0.4916944115996089
4037,0.3913835228498626,0.8524334395757287,0.5458198240448354,0.778506333948573,0.613266789061475,0.4916944115996089
4038,0.3913835228498626,0.8524334395757287,0.5458198240448354,0.778506333948573,0.613266789061475,0.4916944115996089
4039,0.3913835228498626,0.8524334395757287,0.5458198240448354,0.778506333948573,0.613266789061475,0.4916944115996089
4040,0.3913835228498626,0.8524334395757287,0.5458198240448354,0.778506333948573,0.613266789061475,0.4916944115996089
4041,0.3913835228498626,0.8524334395757287,0.5458198240448354,0.778506333948573,0.613266789061475,0.4916944115996089
4042,0.3913835228498626,0.8524334395757287,0.5458198240448354,0.778506333948573,0.613266789061475,0.4916944115996089
4043,0.3913835228498626,0.8524334395757287,0.5458198240448354,0.778506333948573,0.613266789061475,0.4916944115996089
4044,0.3913835228498626,0.8524334395757287,0.5458198240448354,0.778506333948573,0.613266789061475,0.4916944115996089
4045,0.3913835228498626,0.8524334395757287,0.5458198240448354,0.778506333948573,0.613266789061475,0.4916944115996089
4046,0.3913835228498626,0.8524334395757287,0.5458198240448354,0.778506333948573,0.613266789061475,0.4916944115996089
4047,0.3913835228498626,0.8524334395757287,0.5458198240448354,0.778506333948573,0.613266789061475,0.4916944115996089
4048,0.3913835228498626,0.8524334395757287,0.5458198240448354,0.778506333948573,0.613266789061475,0.4916944115996089
4049,0.3913835228498626,0.8524334395757287,0.5458198240448354,0.778506333948573,0.613266789061475,0.4916944115996089
4050,0.3913835228498626,0.8524334395757287,0.5458198240448354,0.778506333948573,0.613266789061475,0.4916944115996089
4051,0.3913835228498626,0.8524334395757287,0.5458198240448354,0.778506333948573,0.613266789061475,0.4916944115996089
4052,0.3913835228498626,0.8524334395757287,0.5458198240448354,0.778506333948573,0.613266789061475,0.4916944115996089
4053,0.3913835228498626,0.8524334395757287,0.5458198240448354,0.778506333948573,0.613266789061475,0.4916944115996089
4054,0.3913835228498626,0.8524334395757287,0.5458198240448354,0.778506333948573,0.613266789061475,0.4916944115996089
4055,0.3913835228498626,0.8524334395757287,0.5458198240448354,0.778506333948573,0.613266789061475,0.4916944115996089
4056,0.3812233997326811,0.8386176760243887,0.5364870751140598,0.7663258480211755,0.6003185180408993,0.4864011085700772
4057,0.3812233997326811,0.8386176760243887,0.5364870751140598,0.7663258480211755,0.6003185180408993,0.4864011085700772
4058,0.3812233997326811,0.8386176760243887,0.5364870751140598,0.7663258480211755,0.6003185180408993,0.4864011085700772
4059,0.3812233997326811,0.8386176760243887,0.5364870751140598,0.7663258480211755,0.6003185180408993,0.4864011085700772
4060,0.3812233997326811,0.8386176760243887,0.5364870751140598,0.7663258480211755,0.6003185180408993,0.4864011085700772
4061,0.3812233997326811,0.8386176760243887,0.5364870751140598,0.7663258480211755,0.6003185180408993,0.4864011085700772
4062,0.3812233997326811,0.8386176760243887,0.5364870751140598,0.7663258480211755,0.6003185180408993,0.4864011085700772
4063,0.3812233997326811,0.8386176760243887,0.5364870751140598,0.7663258480211755,0.6003185180408993,0.4864011085700772
4064,0.3812233997326811,0.8386176760243887,0.5364870751140598,0.7663258480211755,0.6003185180408993,0.4864011085700772
4065,0.3812233997326811,0.8386176760243887,0.5364870751140598,0.7663258480211755,0.6003185180408993,0.4864011085700772
4066,0.3812233997326811,0.8386176760243887,0.5364870751140598,0.7663258480211755,0.6003185180408993,0.4864011085700772
4067,0.3812233997326811,0.8386176760243887,0.5364870751140598,0.7663258480211755,0.6003185180408993,0.4864011085700772
4068,0.3812233997326811,0.8386176760243887,0.5364870751140598,0.7663258480211755,0.6003185180408993,0.4864011085700772
4069,0.3812233997326811,0.8386176760243887,0.5364870751140598,0.7663258480211755,0.6003185180408993,0.4864011085700772
4070,0.3812233997326811,0.8386176760243887,0.5364870751140598,0.7663258480211755,0.6003185180408993,0.4864011085700772
4071,0.3812233997326811,0.8386176760243887,0.5364870751140598,0.7663258480211755,0.6003185180408993,0.4864011085700772
4072,0.3812233997326811,0.8386176760243887,0.5364870751140598,0.7663258480211755,0.6003185180408993,0.4864011085700772
4073,0.3812233997326811,0.8386176760243887,0.5364870751140598,0.7663258480211755,0.6003185180408993,0.4864011085700772
4074,0.3812233997326811,0.8386176760243887,0.5364870751140598,0.7663258480211755,0.6003185180408993,0.4864011085700772
4075,0.3812233997326811,0.8386176760243887,0.5364870751140598,0.7663258480211755,0.6003185180408993,0.4864011085700772
4076,0.3812233997326811,0.8386176760243887,0.5364870751140598,0.7663258480211755,0.6003185180408993,0.4864011085700772
4077,0.3812233997326811,0.8386176760243887,0.5364870751140598,0.7663258480211755,0.6003185180408993,0.4864011085700772
4078,0.3812233997326811,0.8386176760243887,0.5364870751140598,0.7663258480211755,0.6003185180408993,0.4864011085700772
4079,0.3812233997326811,0.8386176760243887,0.5364870751140598,0.7663258480211755,0.6003185180408993,0.4864011085700772
4080,0.37067061783579464,0.8251607475878386,0.5267059096929829,0.7556314062411521,0.5871348293796302,0.4811382611340597
4081,0.37067061783579464,0.8251607475878386,0.5267059096929829,0.7556314062411521,0.5871348293796302,0.4811382611340597
4082,0.37067061783579464,0.8251607475878386,0.5267059096929829,0.7556314062411521,0.5871348293796302,0.4811382611340597
4083,0.37067061783579464,0.8251607475878386,0.5267059096929829,0.7556314062411521,0.5871348293796302,0.4811382611340597
4084,0.37067061783579464,0.8251607475878386,0.5267059096929829,0.7556314062411521,0.5871348293796302,0.4811382611340597
4085,0.37067061783579464,0.8251607475878386,0.5267059096929829,0.7556314062411521,0.5871348293796302,0.4811382611340597
4086,0.37067061783579464,0.8251607475878386,0.5267059096929829,0.7556314062411521,0.5871348293796302,0.4811382611340597
4087,0.37067061783579464,0.8251607475878386,0.5267059096929829,0.7556314062411521,0.5871348293796302,0.4811382611340597
4088,0.37067061783579464,0.8251607475878386,0.5267059096929829,0.7556314062411521,0.5871348293796302,0.4811382611340597
4089,0.37067061783579464,0.8251607475878386,0.5267059096929829,0.7556314062411521,0.5871348293796302,0.4811382611340597
4090,0.37067061783579464,0.8251607475878386,0.5267059096929829,0.7556314062411521,0.5871348293796302,0.4811382611340597
4091,0.37067061783579464,0.8251607475878386,0.5267059096929829,0.7556314062411521,0.5871348293796302,0.4811382611340597
4092,0.37067061783579464,0.8251607475878386,0.5267059096929829,0.7556314062411521,0.5871348293796302,0.4811382611340597
4093,0.37067061783579464,0.8251607475878386,0.5267059096929829,0.7556314062411521,0.5871348293796302,0.4811382611340597
4094,0.37067061783579464,0.8251607475878386,0.5267059096929829,0.7556314062411521,0.5871348293796302,0.4811382611340597
4095,0.37067061783579464,0.8251607475878386,0.5267059096929829,0.7556314062411521,0.5871348293796302,0.4811382611340597
4096,0.37067061783579464,0.8251607475878386,0.5267059096929829,0.7556314062411521,0.5871348293796302,0.4811382611340597
4097,0.37067061783579464,0.8251607475878386,0.5267059096929829,0.7556314062411521,0.5871348293796302,0.4811382611340597
4098,0.37067061783579464,0.8251607475878386,0.5267059096929829,0.7556314062411521,0.5871348293796302,0.4811382611340597
4099,0.37067061783579464,0.8251607475878386,0.5267059096929829,0.7556314062411521,0.5871348293796302,0.4811382611340597
4100,0.37067061783579464,0.8251607475878386,0.5267059096929829,0.7556314062411521,0.5871348293796302,0.4811382611340597
4101,0.37067061783579464,0.8251607475878386,0.5267059096929829,0.7556314062411521,0.5871348293796302,0.4811382611340597
4102,0.37067061783579464,0.8251607475878386,0.5267059096929829,0.7556314062411521,0.5871348293796302,0.4811382611340597
4103,0.37067061783579464,0.8251607475878386,0.5267059096929829,0.7556314062411521,0.5871348293796302,0.4811382611340597
4104,0.3511602566388021,0.8058434194419045,0.5133322972054738,0.7384975377018348,0.568847756106931,0.4703250677333713
4105,0.3511602566388021,0.8058434194419045,0.5133322972054738,0.7384975377018348,0.568847756106931,0.4703250677333713
4106,0.3511602566388021,0.8058434194419045,0.5133322972054738,0.7384975377018348,0.568847756106931,0.4703250677333713
4107,0.3511602566388021,0.8058434194419045,0.5133322972054738,0.7384975377018348,0.568847756106931,0.4703250677333713
4108,0.3511602566388021,0.8058434194419045,0.5133322972054738,0.7384975377018348,0.568847756106931,0.4703250677333713
4109,0.3511602566388021,0.8058434194419045,0.5133322972054738,0.7384975377018348,0.568847756106931,0.4703250677333713
4110,0.3511602566388021,0.8058434194419045,0.5133322972054738,0.7384975377018348,0.568847756106931,0.4703250677333713
4111,0.3511602566388021,0.8058434194419045,0.5133322972054738,0.7384975377018348,0.568847756106931,0.4703250677333713
4112,0.3511602566388021,0.8058434194419045,0.5133322972054738,0.7384975377018348,0.568847756106931,0.4703250677333713
4113,0.3511602566388021,0.8058434194419045,0.5133322972054738,0.7384975377018348,0.568847756106931,0.4703250677333713
4114,0.3511602566388021,0.8058434194419045,0.5133322972054738,0.7384975377018348,0.568847756106931,0.4703250677333713
4115,0.3511602566388021,0.8058434194419045,0.5133322972054738,0.7384975377018348,0.568847756106931,0.4703250677333713
4116,0.3511602566388021,0.8058434194419045,0.5133322972054738,0.7384975377018348,0.568847756106931,0.4703250677333713
4117,0.3511602566388021,0.8058434194419045,0.5133322972054738,0.7384975377018348,0.568847756106931,0.4703250677333713
4118,0.3511602566388021,0.8058434194419045,0.5133322972054738,0.7384975377018348,0.568847756106931,0.4703250677333713
4119,0.3511602566388021,0.8058434194419045,0.5133322972054738,0.7384975377018348,0.568847756106931,0.4703250677333713
4120,0.3511602566388021,0.8058434194419045,0.5133322972054738,0.7384975377018348,0.568847756106931,0.4703250677333713
4121,0.3511602566388021,0.8058434194419045,0.5133322972054738,0.7384975377018348,0.568847756106931,0.4703250677333713
4122,0.3511602566388021,0.8058434194419045,0.5133322972054738,0.7384975377018348,0.568847756106931,0.4703250677333713
4123,0.3511602566388021,0.8058434194419045,0.5133322972054738,0.7384975377018348,0.568847756106931,0.4703250677333713
4124,0.3511602566388021,0.8058434194419045,0.5133322972054738,0.7384975377018348,0.568847756106931,0.4703250677333713
4125,0.3511602566388021,0.8058434194419045,0.5133322972054738,0.7384975377018348,0.568847756106931,0.4703250677333713
4126,0.3511602566388021,0.8058434194419045,0.5133322972054738,0.7384975377018348,0.568847756106931,0.4703250677333713
4127,0.3511602566388021,0.8058434194419045,0.5133322972054738,0.7384975377018348,0.568847756106931,0.4703250677333713
4128,0.3408689218272025,0.7963243952583091,0.5067300627674853,0.7292657905936908,0.5602313298695963,0.4633447031403217
4129,0.3408689218272025,0.7963243952583091,0.5067300627674853,0.7292657905936908,0.5602313298695963,0.4633447031403217
4130,0.3408689218272025,0.7963243952583091,0.5067300627674853,0.7292657905936908,0.5602313298695963,0.4633447031403217
4131,0.3408689218272025,0.7963243952583091,0.5067300627674853,0.7292657905936908,0.5602313298695963,0.4633447031403217
4132,0.3408689218272025,0.7963243952583091,0.5067300627674853,0.7292657905936908,0.5602313298695963,0.4633447031403217
4133,0.3408689218272025,0.7963243952583091,0.5067300627674853,0.7292657905936908,0.5602313298695963,0.4633447031403217
4134,0.3408689218272025,0.7963243952583091,0.5067300627674853,0.7292657905936908,0.5602313298695963,0.4633447031403217
4135,0.3408689218272025,0.7963243952583091,0.5067300627674853,0.7292657905936908,0.5602313298695963,0.4633447031403217
4136,0.3408689218272025,0.7963243952583091,0.5067300627674853,0.7292657905936908,0.5602313298695963,0.4633447031403217
4137,0.3408689218272025,0.7963243952583091,0.5067300627674853,0.7292657905936908,0.5602313298695963,0.4633447031403217
4138,0.3408689218272025,0.7963243952583091,0.5067300627674853,0.7292657905936908,0.5602313298695963,0.4633447031403217
4139,0.3408689218272025,0.7963243952583091,0.5067300627674853,0.7292657905936908,0.5602313298695963,0.4633447031403217
4140,0.3408689218272025,0.7963243952583091,0.5067300627674853,0.7292657905936908,0.5602313298695963,0.4633447031403217
4141,0.3408689218272025,0.7963243952583091,0.5067300627674853,0.7292657905936908,0.5602313298695963,0.4633447031403217
4142,0.3408689218272025,0.7963243952583091,0.5067300627674853,0.7292657905936908,0.5602313298695963,0.4633447031403217
4143,0.3408689218272025,0.7963243952583091,0.5067300627674853,0.7292657905936908,0.5602313298695963,0.4633447031403217
4144,0.3408689218272025,0.7963243952583091,0.5067300627674853,0.7292657905936908,0.5602313298695963,0.4633447031403217
4145,0.3408689218272025,0.7963243952583091,0.5067300627674853,0.7292657905936908,0.5602313298695963,0.4633447031403217
4146,0.3408689218272025,0.7963243952583091,0.5067300627674853,0.7292657905936908,0.5602313298695963,0.4633447031403217
4147,0.3408689218272025,0.7963243952583091,0.5067300627674853,0.7292657905936908,0.5602313298695963,0.4633447031403217
4148,0.3408689218272025,0.7963243952583091,0.5067300627674853,0.7292657905936908,0.5602313298695963,0.4633447031403217
4149,0.3408689218272025,0.7963243952583091,0.5067300627674853,0.7292657905936908,0.5602313298695963,0.4633447031403217
4150,0.3408689218272025,0.7963243952583091,0.5067300627674853,0.7292657905936908,0.5602313298695963,0.4633447031403217
4151,0.3408689218272025,0.7963243952583091,0.5067300627674853,0.7292657905936908,0.5602313298695963,0.4633447031403217
4152,0.32622663915528527,0.7827901531097249,0.4970977887483256,0.7169977876324006,0.5476370564152503,0.45476527870124134
4153,0.32622663915528527,0.7827901531097249,0.4970977887483256,0.7169977876324006,0.5476370564152503,0.45476527870124134
4154,0.32622663915528527,0.7827901531097249,0.4970977887483256,0.7169977876324006,0.5476370564152503,0.45476527870124134
4155,0.32622663915528527,0.7827901531097249,0.4970977887483256,0.7169977876324006,0.5476370564152503,0.45476527870124134
4156,0.32622663915528527,0.7827901531097249,0.4970977887483256,0.7169977876324006,0.5476370564152503,0.45476527870124134
4157,0.32622663915528527,0.7827901531097249,0.4970977887483256,0.7169977876324006,0.5476370564152503,0.45476527870124134
4158,0.32622663915528527,0.7827901531097249,0.4970977887483256,0.7169977876324006,0.5476370564152503,0.45476527870124134
4159,0.32622663915528527,0.7827901531097249,0.4970977887483256,0.7169977876324006,0.5476370564152503,0.45476527870124134
4160,0.32622663915528527,0.7827901531097249,0.4970977887483256,0.7169977876324006,0.5476370564152503,0.45476527870124134
4161,0.32622663915528527,0.7827901531097249,0.4970977887483256,0.7169977876324006,0.5476370564152503,0.45476527870124134
4162,0.32622663915528527,0.7827901531097249,0.4970977887483256,0.7169977876324006,0.5476370564152503,0.45476527870124134
4163,0.32622663915528527,0.7827901531097249,0.4970977887483256,0.7169977876324006,0.5476370564152503,0.45476527870124134
4164,0.32622663915528527,0.7827901531097249,0.4970977887483256,0.7169977876324006,0.5476370564152503,0.45476527870124134
4165,0.32622663915528527,0.7827901531097249,0.4970977887483256,0.7169977876324006,0.5476370564152503,0.45476527870124134
4166,0.32622663915528527,0.7827901531097249,0.4970977887483256,0.7169977876324006,0.5476370564152503,0.45476527870124134
4167,0.32622663915528527,0.7827901531097249,0.4970977887483256,0.7169977876324006,0.5476370564152503,0.45476527870124134
4168,0.32622663915528527,0.7827901531097249,0.4970977887483256,0.7169977876324006,0.5476370564152503,0.45476527870124134
4169,0.32622663915528527,0.7827901531097249,0.4970977887483256,0.7169977876324006,0.5476370564152503,0.45476527870124134
4170,0.32622663915528527,0.7827901531097249,0.4970977887483256,0.7169977876324006,0.5476370564152503,0.45476527870124134
4171,0.32622663915528527,0.7827901531097249,0.4970977887483256,0.7169977876324006,0.5476370564152503,0.45476527870124134
4172,0.32622663915528527,0.7827901531097249,0.4970977887483256,0.7169977876324006,0.5476370564152503,0.45476527870124134
4173,0.32622663915528527,0.7827901531097249,0.4970977887483256,0.7169977876324006,0.5476370564152503,0.45476527870124134
4174,0.32622663915528527,0.7827901531097249,0.4970977887483256,0.7169977876324006,0.5476370564152503,0.45476527870124134
4175,0.32622663915528527,0.7827901531097249,0.4970977887483256,0.7169977876324006,0.5476370564152503,0.45476527870124134
4176,0.31810891052533613,0.7755802313173893,0.4926986691718997,0.709515793393296,0.5414336572458239,0.44886331184938505
4177,0.31810891052533613,0.7755802313173893,0.4926986691718997,0.709515793393296,0.5414336572458239,0.44886331184938505
4178,0.31810891052533613,0.7755802313173893,0.4926986691718997,0.709515793393296,0.5414336572458239,0.44886331184938505
4179,0.31810891052533613,0.7755802313173893,0.4926986691718997,0.709515793393296,0.5414336572458239,0.44886331184938505
4180,0.31810891052533613,0.7755802313173893,0.4926986691718997,0.709515793393296,0.5414336572458239,0.44886331184938505
4181,0.31810891052533613,0.7755802313173893,0.4926986691718997,0.709515793393296,0.5414336572458239,0.44886331184938505
4182,0.31810891052533613,0.7755802313173893,0.4926986691718997,0.709515793393296,0.5414336572458239,0.44886331184938505
4183,0.31810891052533613,0.7755802313173893,0.4926986691718997,0.709515793393296,0.5414336572458239,0.44886331184938505
4184,0.31810891052533613,0.7755802313173893,0.4926986691718997,0.709515793393296,0.5414336572458239,0.44886331184938505
4185,0.31810891052533613,0.7755802313173893,0.4926986691718997,0.709515793393296,0.5414336572458239,0.44886331184938505
4186,0.31810891052533613,0.7755802313173893,0.4926986691718997,0.709515793393296,0.5414336572458239,0.44886331184938505
4187,0.31810891052533613,0.7755802313173893,0.4926986691718997,0.709515793393296,0.5414336572458239,0.44886331184938505
4188,0.31810891052533613,0.7755802313173893,0.4926986691718997,0.709515793393296,0.5414336572458239,0.44886331184938505
4189,0.31810891052533613,0.7755802313173893,0.4926986691718997,0.709515793393296,0.5414336572458239,0.44886331184938505
4190,0.31810891052533613,0.7755802313173893,0.4926986691718997,0.709515793393296,0.5414336572458239,0.44886331184938505
4191,0.31810891052533613,0.7755802313173893,0.4926986691718997,0.709515793393296,0.5414336572458239,0.44886331184938505
4192,0.31810891052533613,0.7755802313173893,0.4926986691718997,0.709515793393296,0.5414336572458239,0.44886331184938505
4193,0.31810891052533613,0.7755802313173893,0.4926986691718997,0.709515793393296,0.5414336572458239,0.44886331184938505
4194,0.31810891052533613,0.7755802313173893,0.4926986691718997,0.709515793393296,0.5414336572458239,0.44886331184938505
4195,0.31810891052533613,0.7755802313173893,0.4926986691718997,0.709515793393296,0.5414336572458239,0.44886331184938505
4196,0.31810891052533613,0.7755802313173893,0.4926986691718997,0.709515793393296,0.5414336572458239,0.44886331184938505
4197,0.31810891052533613,0.7755802313173893,0.4926986691718997,0.709515793393296,0.5414336572458239,0.44886331184938505
4198,0.31810891052533613,0.7755802313173893,0.4926986691718997,0.709515793393296,0.5414336572458239,0.44886331184938505
4199,0.31810891052533613,0.7755802313173893,0.4926986691718997,0.709515793393296,0.5414336572458239,0.44886331184938505
4200,0.30588585475290064,0.7633679025663928,0.4838553363393487,0.6983635455199018,0.530136750626817,0.44083009500740666
4201,0.30588585475290064,0.7633679025663928,0.4838553363393487,0.6983635455199018,0.530136750626817,0.44083009500740666
4202,0.30588585475290064,0.7633679025663928,0.4838553363393487,0.6983635455199018,0.530136750626817,0.44083009500740666
4203,0.30588585475290064,0.7633679025663928,0.4838553363393487,0.6983635455199018,0.530136750626817,0.44083009500740666
4204,0.30588585475290064,0.7633679025663928,0.4838553363393487,0.6983635455199018,0.530136750626817,0.44083009500740666
4205,0.30588585475290064,0.7633679025663928,0.4838553363393487,0.6983635455199018,0.530136750626817,0.44083009500740666
4206,0.30588585475290064,0.7633679025663928,0.4838553363393487,0.6983635455199018,0.530136750626817,0.44083009500740666
4207,0.30588585475290064,0.7633679025663928,0.4838553363393487,0.6983635455199018,0.530136750626817,0.44083009500740666
4208,0.30588585475290064,0.7633679025663928,0.4838553363393487,0.6983635455199018,0.530136750626817,0.44083009500740666
4209,0.30588585475290064,0.7633679025663928,0.4838553363393487,0.6983635455199018,0.530136750626817,0.44083009500740666
4210,0.30588585475290064,0.7633679025663928,0.4838553363393487,0.6983635455199018,0.530136750626817,0.44083009500740666
4211,0.30588585475290064,0.7633679025663928,0.4838553363393487,0.6983635455199018,0.530136750626817,0.44083009500740666
4212,0.30588585475290064,0.7633679025663928,0.4838553363393487,0.6983635455199018,0.530136750626817,0.44083009500740666
4213,0.30588585475290064,0.7633679025663928,0.4838553363393487,0.6983635455199018,0.530136750626817,0.44083009500740666
4214,0.30588585475290064,0.7633679025663928,0.4838553363393487,0.6983635455199018,0.530136750626817,0.44083009500740666
4215,0.30588585475290064,0.7633679025663928,0.4838553363393487,0.6983635455199018,0.530136750626817,0.44083009500740666
4216,0.30588585475290064,0.7633679025663928,0.4838553363393487,0.6983635455199018,0.530136750626817,0.44083009500740666
4217,0.30588585475290064,0.7633679025663928,0.4838553363393487,0.6983635455199018,0.530136750626817,0.44083009500740666
4218,0.30588585475290064,0.7633679025663928,0.4838553363393487,0.6983635455199018,0.530136750626817,0.44083009500740666
4219,0.30588585475290064,0.7633679025663928,0.4838553363393487,0.6983635455199018,0.530136750626817,0.44083009500740666
4220,0.30588585475290064,0.7633679025663928,0.4838553363393487,0.6983635455199018,0.530136750626817,0.44083009500740666
4221,0.30588585475290064,0.7633679025663928,0.4838553363393487,0.6983635455199018,0.530136750626817,0.44083009500740666
4222,0.30588585475290064,0.7633679025663928,0.4838553363393487,0.6983635455199018,0.530136750626817,0.44083009500740666
4223,0.30588585475290064,0.7633679025663928,0.4838553363393487,0.6983635455199018,0.530136750626817,0.44083009500740666
4224,0.2963061421981335,0.7556822449542483,0.47888708669589447,0.6904710846792654,0.5232941461587725,0.43460136578540415
4225,0.2963061421981335,0.7556822449542483,0.47888708669589447,0.6904710846792654,0.5232941461587725,0.43460136578540415
4226,0.2963061421981335,0.7556822449542483,0.47888708669589447,0.6904710846792654,0.5232941461587725,0.43460136578540415
4227,0.2963061421981335,0.7556822449542483,0.47888708669589447,0.6904710846792654,0.5232941461587725,0.43460136578540415
4228,0.2963061421981335,0.7556822449542483,0.47888708669589447,0.6904710846792654,0.5232941461587725,0.43460136578540415
4229,0.2963061421981335,0.7556822449542483,0.47888708669589447,0.6904710846792654,0.5232941461587725,0.43460136578540415
4230,0.2963061421981335,0.7556822449542483,0.47888708669589447,0.6904710846792654,0.5232941461587725,0.43460136578540415
4231,0.2963061421981335,0.7556822449542483,0.47888708669589447,0.6904710846792654,0.5232941461587725,0.43460136578540415
4232,0.2963061421981335,0.7556822449542483,0.47888708669589447,0.6904710846792654,0.5232941461587725,0.43460136578540415
4233,0.2963061421981335,0.7556822449542483,0.47888708669589447,0.6904710846792654,0.5232941461587725,0.43460136578540415
4234,0.2963061421981335,0.7556822449542483,0.47888708669589447,0.6904710846792654,0.5232941461587725,0.43460136578540415
4235,0.2963061421981335,0.7556822449542483,0.47888708669589447,0.6904710846792654,0.5232941461587725,0.43460136578540415
4236,0.2963061421981335,0.7556822449542483,0.47888708669589447,0.6904710846792654,0.5232941461587725,0.43460136578540415
4237,0.2963061421981335,0.7556822449542483,0.47888708669589447,0.6904710846792654,0.5232941461587725,0.43460136578540415
4238,0.2963061421981335,0.7556822449542483,0.47888708669589447,0.6904710846792654,0.5232941461587725,0.43460136578540415
4239,0.2963061421981335,0.7556822449542483,0.47888708669589447,0.6904710846792654,0.5232941461587725,0.43460136578540415
4240,0.2963061421981335,0.7556822449542483,0.47888708669589447,0.6904710846792654,0.5232941461587725,0.43460136578540415
4241,0.2963061421981335,0.7556822449542483,0.47888708669589447,0.6904710846792654,0.5232941461587725,0.43460136578540415
4242,0.2963061421981335,0.7556822449542483,0.47888708669589447,0.6904710846792654,0.5232941461587725,0.43460136578540415
4243,0.2963061421981335,0.7556822449542483,0.47888708669589447,0.6904710846792654,0.5232941461587725,0.43460136578540415
4244,0.2963061421981335,0.7556822449542483,0.47888708669589447,0.6904710846792654,0.5232941461587725,0.43460136578540415
4245,0.2963061421981335,0.7556822449542483,0.47888708669589447,0.6904710846792654,0.5232941461587725,0.43460136578540415
4246,0.2963061421981335,0.7556822449542483,0.47888708669589447,0.6904710846792654,0.5232941461587725,0.43460136578540415
4247,0.2963061421981335,0.7556822449542483,0.47888708669589447,0.6904710846792654,0.5232941461587725,0.43460136578540415
4248,0.283866019908618,0.7453845290169996,0.4717059488258712,0.6806681660233139,0.5138144521619957,0.4273169019435244
4249,0.283866019908618,0.7453845290169996,0.4717059488258712,0.6806681660233139,0.5138144521619957,0.4273169019435244
4250,0.283866019908618,0.7453845290169996,0.4717059488258712,0.6806681660233139,0.5138144521619957,0.4273169019435244
4251,0.283866019908618,0.7453845290169996,0.4717059488258712,0.6806681660233139,0.5138144521619957,0.4273169019435244
4252,0.283866019908618,0.7453845290169996,0.4717059488258712,0.6806681660233139,0.5138144521619957,0.4273169019435244
4253,0.283866019908618,0.7453845290169996,0.4717059488258712,0.6806681660233139,0.5138144521619957,0.4273169019435244
4254,0.283866019908618,0.7453845290169996,0.4717059488258712,0.6806681660233139,0.5138144521619957,0.4273169019435244
4255,0.283866019908618,0.7453845290169996,0.4717059488258712,0.6806681660233139,0.5138144521619957,0.4273169019435244
4256,0.283866019908618,0.7453845290169996,0.4717059488258712,0.6806681660233139,0.5138144521619957,0.4273169019435244
4257,0.283866019908618,0.7453845290169996,0.4717059488258712,0.6806681660233139,0.5138144521619957,0.4273169019435244
4258,0.283866019908618,0.7453845290169996,0.4717059488258712,0.6806681660233139,0.5138144521619957,0.4273169019435244
4259,0.283866019908618,0.7453845290169996,0.4717059488258712,0.6806681660233139,0.5138144521619957,0.4273169019435244
4260,0.283866019908618,0.7453845290169996,0.4717059488258712,0.6806681660233139,0.5138144521619957,0.4273169019435244
4261,0.283866019908618,0.7453845290169996,0.4717059488258712,0.6806681660233139,0.5138144521619957,0.4273169019435244
4262,0.283866019908618,0.7453845290169996,0.4717059488258712,0.6806681660233139,0.5138144521619957,0.4273169019435244
4263,0.283866019908618,0.7453845290169996,0.4717059488258712,0.6806681660233139,0.5138144521619957,0.4273169019435244
4264,0.283866019908618,0.7453845290169996,0.4717059488258712,0.6806681660233139,0.5138144521619957,0.4273169019435244
4265,0.283866019908618,0.7453845290169996,0.4717059488258712,0.6806681660233139,0.5138144521619957,0.4273169019435244
4266,0.283866019908618,0.7453845290169996,0.4717059488258712,0.6806681660233139,0.5138144521619957,0.4273169019435244
4267,0.283866019908618,0.7453845290169996,0.4717059488258712,0.6806681660233139,0.5138144521619957,0.4273169019435244
4268,0.283866019908618,0.7453845290169996,0.4717059488258712,0.6806681660233139,0.5138144521619957,0.4273169019435244
4269,0.283866019908618,0.7453845290169996,0.4717059488258712,0.6806681660233139,0.5138144521619957,0.4273169019435244
4270,0.283866019908618,0.7453845290169996,0.4717059488258712,0.6806681660233139,0.5138144521619957,0.4273169019435244
4271,0.283866019908618,0.7453845290169996,0.4717059488258712,0.6806681660233139,0.5138144521619957,0.4273169019435244
4272,0.2706538395654126,0.7370014504681176,0.4664438083200964,0.6720560749702734,0.5061752388726395,0.42075135401157154
4273,0.2706538395654126,0.7370014504681176,0.4664438083200964,0.6720560749702734,0.5061752388726395,0.42075135401157154
4274,0.2706538395654126,0.7370014504681176,0.4664438083200964,0.6720560749702734,0.5061752388726395,0.42075135401157154
4275,0.2706538395654126,0.7370014504681176,0.4664438083200964,0.6720560749702734,0.5061752388726395,0.42075135401157154
4276,0.2706538395654126,0.7370014504681176,0.4664438083200964,0.6720560749702734,0.5061752388726395,0.42075135401157154
4277,0.2706538395654126,0.7370014504681176,0.4664438083200964,0.6720560749702734,0.5061752388726395,0.42075135401157154
4278,0.2706538395654126,0.7370014504681176,0.4664438083200964,0.6720560749702734,0.5061752388726395,0.42075135401157154
4279,0.2706538395654126,0.7370014504681176,0.4664438083200964,0.6720560749702734,0.5061752388726395,0.42075135401157154
4280,0.2706538395654126,0.7370014504681176,0.4664438083200964,0.6720560749702734,0.5061752388726395,0.42075135401157154
4281,0.2706538395654126,0.7370014504681176,0.4664438083200964,0.6720560749702734,0.5061752388726395,0.42075135401157154
4282,0.2706538395654126,0.7370014504681176,0.4664438083200964,0.6720560749702734,0.5061752388726395,0.42075135401157154
4283,0.2706538395654126,0.7370014504681176,0.4664438083200964,0.6720560749702734,0.5061752388726395,0.42075135401157154
4284,0.2706538395654126,0.7370014504681176,0.4664438083200964,0.6720560749702734,0.5061752388726395,0.42075135401157154
4285,0.2706538395654126,0.7370014504681176,0.4664438083200964,0.6720560749702734,0.5061752388726395,0.42075135401157154
4286,0.2706538395654126,0.7370014504681176,0.4664438083200964,0.6720560749702734,0.5061752388726395,0.42075135401157154
4287,0.2706538395654126,0.7370014504681176,0.4664438083200964,0.6720560749702734,0.5061752388726395,0.42075135401157154
4288,0.2706538395654126,0.7370014504681176,0.4664438083200964,0.6720560749702734,0.5061752388726395,0.42075135401157154
4289,0.2706538395654126,0.7370014504681176,0.4664438083200964,0.6720560749702734,0.5061752388726395,0.42075135401157154
4290,0.2706538395654126,0.7370014504681176,0.4664438083200964,0.6720560749702734,0.5061752388726395,0.42075135401157154
4291,0.2706538395654126,0.7370014504681176,0.4664438083200964,0.6720560749702734,0.5061752388726395,0.42075135401157154
4292,0.2706538395654126,0.7370014504681176,0.4664438083200964,0.6720560749702734,0.5061752388726395,0.42075135401157154
4293,0.2706538395654126,0.7370014504681176,0.4664438083200964,0.6720560749702734,0.5061752388726395,0.42075135401157154
4294,0.2706538395654126,0.7370014504681176,0.4664438083200964,0.6720560749702734,0.5061752388726395,0.42075135401157154
4295,0.2706538395654126,0.7370014504681176,0.4664438083200964,0.6720560749702734,0.5061752388726395,0.42075135401157154
4296,0.2616677836601689,0.7320279139104784,0.46371332865299947,0.6659651771329194,0.5018609073890787,0.41560861053159304
4297,0.2616677836601689,0.7320279139104784,0.46371332865299947,0.6659651771329194,0.5018609073890787,0.41560861053159304
4298,0.2616677836601689,0.7320279139104784,0.46371332865299947,0.6659651771329194,0.5018609073890787,0.41560861053159304
4299,0.2616677836601689,0.7320279139104784,0.46371332865299947,0.6659651771329194,0.5018609073890787,0.41560861053159304
4300,0.2616677836601689,0.7320279139104784,0.46371332865299947,0.6659651771329194,0.5018609073890787,0.41560861053159304
4301,0.2616677836601689,0.7320279139104784,0.46371332865299947,0.6659651771329194,0.5018609073890787,0.41560861053159304
4302,0.2616677836601689,0.7320279139104784,0.46371332865299947,0.6659651771329194,0.5018609073890787,0.41560861053159304
4303,0.2616677836601689,0.7320279139104784,0.46371332865299947,0.6659651771329194,0.5018609073890787,0.41560861053159304
4304,0.2616677836601689,0.7320279139104784,0.46371332865299947,0.6659651771329194,0.5018609073890787,0.41560861053159304
4305,0.2616677836601689,0.7320279139104784,0.46371332865299947,0.6659651771329194,0.5018609073890787,0.41560861053159304
4306,0.2616677836601689,0.7320279139104784,0.46371332865299947,0.6659651771329194,0.5018609073890787,0.41560861053159304
4307,0.2616677836601689,0.7320279139104784,0.46371332865299947,0.6659651771329194,0.5018609073890787,0.41560861053159304
4308,0.2616677836601689,0.7320279139104784,0.46371332865299947,0.6659651771329194,0.5018609073890787,0.41560861053159304
4309,0.2616677836601689,0.7320279139104784,0.46371332865299947,0.6659651771329194,0.5018609073890787,0.41560861053159304
4310,0.2616677836601689,0.7320279139104784,0.46371332865299947,0.6659651771329194,0.5018609073890787,0.41560861053159304
4311,0.2616677836601689,0.7320279139104784,0.46371332865299947,0.6659651771329194,0.5018609073890787,0.41560861053159304
4312,0.2616677836601689,0.7320279139104784,0.46371332865299947,0.6659651771329194,0.5018609073890787,0.41560861053159304
4313,0.2616677836601689,0.7320279139104784,0.46371332865299947,0.6659651771329194,0.5018609073890787,0.41560861053159304
4314,0.2616677836601689,0.7320279139104784,0.46371332865299947,0.6659651771329194,0.5018609073890787,0.41560861053159304
4315,0.2616677836601689,0.7320279139104784,0.46371332865299947,0.6659651771329194,0.5018609073890787,0.41560861053159304
4316,0.2616677836601689,0.7320279139104784,0.46371332865299947,0.6659651771329194,0.5018609073890787,0.41560861053159304
4317,0.2616677836601689,0.7320279139104784,0.46371332865299947,0.6659651771329194,0.5018609073890787,0.41560861053159304
4318,0.2616677836601689,0.7320279139104784,0.46371332865299947,0.6659651771329194,0.5018609073890787,0.41560861053159304
4319,0.2616677836601689,0.7320279139104784,0.46371332865299947,0.6659651771329194,0.5018609073890787,0.41560861053159304
4320,0.25140715980761646,0.7230534659211122,0.45757321766439785,0.6571054019061363,0.49373996794699954,0.408837537673258
4321,0.25140715980761646,0.7230534659211122,0.45757321766439785,0.6571054019061363,0.49373996794699954,0.408837537673258
4322,0.25140715980761646,0.7230534659211122,0.45757321766439785,0.6571054019061363,0.49373996794699954,0.408837537673258
4323,0.25140715980761646,0.7230534659211122,0.45757321766439785,0.6571054019061363,0.49373996794699954,0.408837537673258
4324,0.25140715980761646,0.7230534659211122,0.45757321766439785,0.6571054019061363,0.49373996794699954,0.408837537673258
4325,0.25140715980761646,0.7230534659211122,0.45757321766439785,0.6571054019061363,0.49373996794699954,0.408837537673258
4326,0.25140715980761646,0.7230534659211122,0.45757321766439785,0.6571054019061363,0.49373996794699954,0.408837537673258
4327,0.25140715980761646,0.7230534659211122,0.45757321766439785,0.6571054019061363,0.49373996794699954,0.408837537673258
4328,0.25140715980761646,0.7230534659211122,0.45757321766439785,0.6571054019061363,0.49373996794699954,0.408837537673258
4329,0.25140715980761646,0.7230534659211122,0.45757321766439785,0.6571054019061363,0.49373996794699954,0.408837537673258
4330,0.25140715980761646,0.7230534659211122,0.45757321766439785,0.6571054019061363,0.49373996794699954,0.408837537673258
4331,0.25140715980761646,0.7230534659211122,0.45757321766439785,0.6571054019061363,0.49373996794699954,0.408837537673258
4332,0.25140715980761646,0.7230534659211122,0.45757321766439785,0.6571054019061363,0.49373996794699954,0.408837537673258
4333,0.25140715980761646,0.7230534659211122,0.45757321766439785,0.6571054019061363,0.49373996794699954,0.408837537673258
4334,0.25140715980761646,0.7230534659211122,0.45757321766439785,0.6571054019061363,0.49373996794699954,0.408837537673258
4335,0.25140715980761646,0.7230534659211122,0.45757321766439785,0.6571054019061363,0.49373996794699954,0.408837537673258
4336,0.25140715980761646,0.7230534659211122,0.45757321766439785,0.6571054019061363,0.49373996794699954,0.408837537673258
4337,0.25140715980761646,0.7230534659211122,0.45757321766439785,0.6571054019061363,0.49373996794699954,0.408837537673258
4338,0.25140715980761646,0.7230534659211122,0.45757321766439785,0.6571054019061363,0.49373996794699954,0.408837537673258
4339,0.25140715980761646,0.7230534659211122,0.45757321766439785,0.6571054019061363,0.49373996794699954,0.408837537673258
4340,0.25140715980761646,0.7230534659211122,0.45757321766439785,0.6571054019061363,0.49373996794699954,0.408837537673258
4341,0.25140715980761646,0.7230534659211122,0.45757321766439785,0.6571054019061363,0.49373996794699954,0.408837537673258
4342,0.25140715980761646,0.7230534659211122,0.45757321766439785,0.6571054019061363,0.49373996794699954,0.408837537673258
4343,0.25140715980761646,0.7230534659211122,0.45757321766439785,0.6571054019061363,0.49373996794699954,0.408837537673258
4344,0.24063641673416322,0.7148470357647813,0.4519670998096715,0.6487399555554111,0.48630177167186855,0.4023758548284356
4345,0.24063641673416322,0.7148470357647813,0.4519670998096715,0.6487399555554111,0.48630177167186855,0.4023758548284356
4346,0.24063641673416322,0.7148470357647813,0.4519670998096715,0.6487399555554111,0.48630177167186855,0.4023758548284356
4347,0.24063641673416322,0.7148470357647813,0.4519670998096715,0.6487399555554111,0.48630177167186855,0.4023758548284356
4348,0.24063641673416322,0.7148470357647813,0.4519670998096715,0.6487399555554111,0.48630177167186855,0.4023758548284356
4349,0.24063641673416322,0.7148470357647813,0.4519670998096715,0.6487399555554111,0.48630177167186855,0.4023758548284356
4350,0.24063641673416322,0.7148470357647813,0.4519670998096715,0.6487399555554111,0.48630177167186855,0.4023758548284356
4351,0.24063641673416322,0.7148470357647813,0.4519670998096715,0.6487399555554111,0.48630177167186855,0.4023758548284356
4352,0.24063641673416322,0.7148470357647813,0.4519670998096715,0.6487399555554111,0.48630177167186855,0.4023758548284356
4353,0.24063641673416322,0.7148470357647813,0.4519670998096715,0.6487399555554111,0.48630177167186855,0.4023758548284356
4354,0.24063641673416322,0.7148470357647813,0.4519670998096715,0.6487399555554111,0.48630177167186855,0.4023758548284356
4355,0.24063641673416322,0.7148470357647813,0.4519670998096715,0.6487399555554111,0.48630177167186855,0.4023758548284356
4356,0.24063641673416322,0.7148470357647813,0.4519670998096715,0.6487399555554111,0.48630177167186855,0.4023758548284356
4357,0.24063641673416322,0.7148470357647813,0.4519670998096715,0.6487399555554111,0.48630177167186855,0.4023758548284356
4358,0.24063641673416322,0.7148470357647813,0.4519670998096715,0.6487399555554111,0.48630177167186855,0.4023758548284356
4359,0.24063641673416322,0.7148470357647813,0.4519670998096715,0.6487399555554111,0.48630177167186855,0.4023758548284356
4360,0.24063641673416322,0.7148470357647813,0.4519670998096715,0.6487399555554111,0.48630177167186855,0.4023758548284356
4361,0.24063641673416322,0.7148470357647813,0.4519670998096715,0.6487399555554111,0.48630177167186855,0.4023758548284356
4362,0.24063641673416322,0.7148470357647813,0.4519670998096715,0.6487399555554111,0.48630177167186855,0.4023758548284356
4363,0.24063641673416322,0.7148470357647813,0.4519670998096715,0.6487399555554111,0.48630177167186855,0.4023758548284356
4364,0.24063641673416322,0.7148470357647813,0.4519670998096715,0.6487399555554111,0.48630177167186855,0.4023758548284356
4365,0.24063641673416322,0.7148470357647813,0.4519670998096715,0.6487399555554111,0.48630177167186855,0.4023758548284356
4366,0.24063641673416322,0.7148470357647813,0.4519670998096715,0.6487399555554111,0.48630177167186855,0.4023758548284356
4367,0.24063641673416322,0.7148470357647813,0.4519670998096715,0.6487399555554111,0.48630177167186855,0.4023758548284356
4368,0.23192506836984886,0.7098333914126586,0.44924097461972745,0.6426885265297493,0.48195398777509646,0.39723631515109403
4369,0.23192506836984886,0.7098333914126586,0.44924097461972745,0.6426885265297493,0.48195398777509646,0.39723631515109403
4370,0.23192506836984886,0.7098333914126586,0.44924097461972745,0.6426885265297493,0.48195398777509646,0.39723631515109403
4371,0.23192506836984886,0.7098333914126586,0.44924097461972745,0.6426885265297493,0.48195398777509646,0.39723631515109403
4372,0.23192506836984886,0.7098333914126586,0.44924097461972745,0.6426885265297493,0.48195398777509646,0.39723631515109403
4373,0.23192506836984886,0.7098333914126586,0.44924097461972745,0.6426885265297493,0.48195398777509646,0.39723631515109403
4374,0.23192506836984886,0.7098333914126586,0.44924097461972745,0.6426885265297493,0.48195398777509646,0.39723631515109403
4375,0.23192506836984886,0.7098333914126586,0.44924097461972745,0.6426885265297493,0.48195398777509646,0.39723631515109403
4376,0.23192506836984886,0.7098333914126586,0.44924097461972745,0.6426885265297493,0.48195398777509646,0.39723631515109403
4377,0.23192506836984886,0.7098333914126586,0.44924097461972745,0.6426885265297493,0.48195398777509646,0.39723631515109403
4378,0.23192506836984886,0.7098333914126586,0.44924097461972745,0.6426885265297493,0.48195398777509646,0.39723631515109403
4379,0.23192506836984886,0.7098333914126586,0.44924097461972745,0.6426885265297493,0.48195398777509646,0.39723631515109403
4380,0.23192506836984886,0.7098333914126586,0.44924097461972745,0.6426885265297493,0.48195398777509646,0.39723631515109403
4381,0.23192506836984886,0.7098333914126586,0.44924097461972745,0.6426885265297493,0.48195398777509646,0.39723631515109403
4382,0.23192506836984886,0.7098333914126586,0.44924097461972745,0.6426885265297493,0.48195398777509646,0.39723631515109403
4383,0.23192506836984886,0.7098333914126586,0.44924097461972745,0.6426885265297493,0.48195398777509646,0.39723631515109403
4384,0.23192506836984886,0.7098333914126586,0.44924097461972745,0.6426885265297493,0.48195398777509646,0.39723631515109403
4385,0.23192506836984886,0.7098333914126586,0.44924097461972745,0.6426885265297493,0.48195398777509646,0.39723631515109403
4386,0.23192506836984886,0.7098333914126586,0.44924097461972745,0.6426885265297493,0.48195398777509646,0.39723631515109403
4387,0.23192506836984886,0.7098333914126586,0.44924097461972745,0.6426885265297493,0.48195398777509646,0.39723631515109403
4388,0.23192506836984886,0.7098333914126586,0.44924097461972745,0.6426885265297493,0.48195398777509646,0.39723631515109403
4389,0.23192506836984886,0.7098333914126586,0.44924097461972745,0.6426885265297493,0.48195398777509646,0.39723631515109403
4390,0.23192506836984886,0.7098333914126586,0.44924097461972745,0.6426885265297493,0.48195398777509646,0.39723631515109403
4391,0.23192506836984886,0.7098333914126586,0.44924097461972745,0.6426885265297493,0.48195398777509646,0.39723631515109403
4392,0.22397553985604632,0.7089772626865184,0.450542869163731,0.6395437603743493,0.48173819880891394,0.3935856706018468
4393,0.22397553985604632,0.7089772626865184,0.450542869163731,0.6395437603743493,0.48173819880891394,0.3935856706018468
4394,0.22397553985604632,0.7089772626865184,0.450542869163731,0.6395437603743493,0.48173819880891394,0.3935856706018468
4395,0.22397553985604632,0.7089772626865184,0.450542869163731,0.6395437603743493,0.48173819880891394,0.3935856706018468
4396,0.22397553985604632,0.7089772626865184,0.450542869163731,0.6395437603743493,0.48173819880891394,0.3935856706018468
4397,0.22397553985604632,0.7089772626865184,0.450542869163731,0.6395437603743493,0.48173819880891394,0.3935856706018468
4398,0.22397553985604632,0.7089772626865184,0.450542869163731,0.6395437603743493,0.48173819880891394,0.3935856706018468
4399,0.22397553985604632,0.7089772626865184,0.450542869163731,0.6395437603743493,0.48173819880891394,0.3935856706018468
4400,0.22397553985604632,0.7089772626865184,0.450542869163731,0.6395437603743493,0.48173819880891394,0.3935856706018468
4401,0.22397553985604632,0.7089772626865184,0.450542869163731,0.6395437603743493,0.48173819880891394,0.3935856706018468
4402,0.22397553985604632,0.7089772626865184,0.450542869163731,0.6395437603743493,0.48173819880891394,0.3935856706018468
4403,0.22397553985604632,0.7089772626865184,0.450542869163731,0.6395437603743493,0.48173819880891394,0.3935856706018468
4404,0.22397553985604632,0.7089772626865184,0.450542869163731,0.6395437603743493,0.48173819880891394,0.3935856706018468
4405,0.22397553985604632,0.7089772626865184,0.450542869163731,0.6395437603743493,0.48173819880891394,0.3935856706018468
4406,0.22397553985604632,0.7089772626865184,0.450542869163731,0.6395437603743493,0.48173819880891394,0.3935856706018468
4407,0.22397553985604632,0.7089772626865184,0.450542869163731,0.6395437603743493,0.48173819880891394,0.3935856706018468
4408,0.22397553985604632,0.7089772626865184,0.450542869163731,0.6395437603743493,0.48173819880891394,0.3935856706018468
4409,0.22397553985604632,0.7089772626865184,0.450542869163731,0.6395437603743493,0.48173819880891394,0.3935856706018468
4410,0.22397553985604632,0.7089772626865184,0.450542869163731,0.6395437603743493,0.48173819880891394,0.3935856706018468
4411,0.22397553985604632,0.7089772626865184,0.450542869163731,0.6395437603743493,0.48173819880891394,0.3935856706018468
4412,0.22397553985604632,0.7089772626865184,0.450542869163731,0.6395437603743493,0.48173819880891394,0.3935856706018468
4413,0.22397553985604632,0.7089772626865184,0.450542869163731,0.6395437603743493,0.48173819880891394,0.3935856706018468
4414,0.22397553985604632,0.7089772626865184,0.450542869163731,0.6395437603743493,0.48173819880891394,0.3935856706018468
4415,0.22397553985604632,0.7089772626865184,0.450542869163731,0.6395437603743493,0.48173819880891394,0.3935856706018468
4416,0.20788173787945763,0.6917352797688093,0.4381276601926906,0.6247145323584161,0.4656779320171847,0.383531817773288
4417,0.20788173787945763,0.6917352797688093,0.4381276601926906,0.6247145323584161,0.4656779320171847,0.383531817773288
4418,0.20788173787945763,0.6917352797688093,0.4381276601926906,0.6247145323584161,0.4656779320171847,0.383531817773288
4419,0.20788173787945763,0.6917352797688093,0.4381276601926906,0.6247145323584161,0.4656779320171847,0.383531817773288
4420,0.20788173787945763,0.6917352797688093,0.4381276601926906,0.6247145323584161,0.4656779320171847,0.383531817773288
4421,0.20788173787945763,0.6917352797688093,0.4381276601926906,0.6247145323584161,0.4656779320171847,0.383531817773288
4422,0.20788173787945763,0.6917352797688093,0.4381276601926906,0.6247145323584161,0.4656779320171847,0.383531817773288
4423,0.20788173787945763,0.6917352797688093,0.4381276601926906,0.6247145323584161,0.4656779320171847,0.383531817773288
4424,0.20788173787945763,0.6917352797688093,0.4381276601926906,0.6247145323584161,0.4656779320171847,0.383531817773288
4425,0.20788173787945763,0.6917352797688093,0.4381276601926906,0.6247145323584161,0.4656779320171847,0.383531817773288
4426,0.20788173787945763,0.6917352797688093,0.4381276601926906,0.6247145323584161,0.4656779320171847,0.383531817773288
4427,0.20788173787945763,0.6917352797688093,0.4381276601926906,0.6247145323584161,0.4656779320171847,0.383531817773288
4428,0.20788173787945763,0.6917352797688093,0.4381276601926906,0.6247145323584161,0.4656779320171847,0.383531817773288
4429,0.20788173787945763,0.6917352797688093,0.4381276601926906,0.6247145323584161,0.4656779320171847,0.383531817773288
4430,0.20788173787945763,0.6917352797688093,0.4381276601926906,0.6247145323584161,0.4656779320171847,0.383531817773288
4431,0.20788173787945763,0.6917352797688093,0.4381276601926906,0.6247145323584161,0.4656779320171847,0.383531817773288
4432,0.20788173787945763,0.6917352797688093,0.4381276601926906,0.6247145323584161,0.4656779320171847,0.383531817773288
4433,0.20788173787945763,0.6917352797688093,0.4381276601926906,0.6247145323584161,0.4656779320171847,0.383531817773288
4434,0.20788173787945763,0.6917352797688093,0.4381276601926906,0.6247145323584161,0.4656779320171847,0.383531817773288
4435,0.20788173787945763,0.6917352797688093,0.4381276601926906,0.6247145323584161,0.4656779320171847,0.383531817773288
4436,0.20788173787945763,0.6917352797688093,0.4381276601926906,0.6247145323584161,0.4656779320171847,0.383531817773288
4437,0.20788173787945763,0.6917352797688093,0.4381276601926906,0.6247145323584161,0.4656779320171847,0.383531817773288
4438,0.20788173787945763,0.6917352797688093,0.4381276601926906,0.6247145323584161,0.4656779320171847,0.383531817773288
4439,0.20788173787945763,0.6917352797688093,0.4381276601926906,0.6247145323584161,0.4656779320171847,0.383531817773288
4440,0.19679852194099243,0.6815862979565169,0.43099133804482764,0.6149930761327229,0.45636413088961997,0.3762930499218082
4441,0.19679852194099243,0.6815862979565169,0.43099133804482764,0.6149930761327229,0.45636413088961997,0.3762930499218082
4442,0.19679852194099243,0.6815862979565169,0.43099133804482764,0.6149930761327229,0.45636413088961997,0.3762930499218082
4443,0.19679852194099243,0.6815862979565169,0.43099133804482764,0.6149930761327229,0.45636413088961997,0.3762930499218082
4444,0.19679852194099243,0.6815862979565169,0.43099133804482764,0.6149930761327229,0.45636413088961997,0.3762930499218082
4445,0.19679852194099243,0.6815862979565169,0.43099133804482764,0.6149930761327229,0.45636413088961997,0.3762930499218082
4446,0.19679852194099243,0.6815862979565169,0.43099133804482764,0.6149930761327229,0.45636413088961997,0.3762930499218082
4447,0.19679852194099243,0.6815862979565169,0.43099133804482764,0.6149930761327229,0.45636413088961997,0.3762930499218082
4448,0.19679852194099243,0.6815862979565169,0.43099133804482764,0.6149930761327229,0.45636413088961997,0.3762930499218082
4449,0.19679852194099243,0.6815862979565169,0.43099133804482764,0.6149930761327229,0.45636413088961997,0.3762930499218082
4450,0.19679852194099243,0.6815862979565169,0.43099133804482764,0.6149930761327229,0.45636413088961997,0.3762930499218082
4451,0.19679852194099243,0.6815862979565169,0.43099133804482764,0.6149930761327229,0.45636413088961997,0.3762930499218082
4452,0.19679852194099243,0.6815862979565169,0.43099133804482764,0.6149930761327229,0.45636413088961997,0.3762930499218082
4453,0.19679852194099243,0.6815862979565169,0.43099133804482764,0.6149930761327229,0.45636413088961997,0.3762930499218082
4454,0.19679852194099243,0.6815862979565169,0.43099133804482764,0.6149930761327229,0.45636413088961997,0.3762930499218082
4455,0.19679852194099243,0.6815862979565169,0.43099133804482764,0.6149930761327229,0.45636413088961997,0.3762930499218082
4456,0.19679852194099243,0.6815862979565169,0.43099133804482764,0.6149930761327229,0.45636413088961997,0.3762930499218082
4457,0.19679852194099243,0.6815862979565169,0.43099133804482764,0.6149930761327229,0.45636413088961997,0.3762930499218082
4458,0.19679852194099243,0.6815862979565169,0.43099133804482764,0.6149930761327229,0.45636413088961997,0.3762930499218082
4459,0.19679852194099243,0.6815862979565169,0.43099133804482764,0.6149930761327229,0.45636413088961997,0.3762930499218082
4460,0.19679852194099243,0.6815862979565169,0.43099133804482764,0.6149930761327229,0.45636413088961997,0.3762930499218082
4461,0.19679852194099243,0.6815862979565169,0.43099133804482764,0.6149930761327229,0.45636413088961997,0.3762930499218082
4462,0.19679852194099243,0.6815862979565169,0.43099133804482764,0.6149930761327229,0.45636413088961997,0.3762930499218082
4463,0.19679852194099243,0.6815862979565169,0.43099133804482764,0.6149930761327229,0.45636413088961997,0.3762930499218082
4464,0.18223303664175575,0.6702763355614682,0.4231817787686672,0.6041916232502101,0.44587777586338223,0.36864282719296115
4465,0.18223303664175575,0.6702763355614682,0.4231817787686672,0.6041916232502101,0.44587777586338223,0.36864282719296115
4466,0.18223303664175575,0.6702763355614682,0.4231817787686672,0.6041916232502101,0.44587777586338223,0.36864282719296115
4467,0.18223303664175575,0.6702763355614682,0.4231817787686672,0.6041916232502101,0.44587777586338223,0.36864282719296115
4468,0.18223303664175575,0.6702763355614682,0.4231817787686672,0.6041916232502101,0.44587777586338223,0.36864282719296115
4469,0.18223303664175575,0.6702763355614682,0.4231817787686672,0.6041916232502101,0.44587777586338223,0.36864282719296115
4470,0.18223303664175575,0.6702763355614682,0.4231817787686672,0.6041916232502101,0.44587777586338223,0.36864282719296115
4471,0.18223303664175575,0.6702763355614682,0.4231817787686672,0.6041916232502101,0.44587777586338223,0.36864282719296115
4472,0.18223303664175575,0.6702763355614682,0.4231817787686672,0.6041916232502101,0.44587777586338223,0.36864282719296115
4473,0.18223303664175575,0.6702763355614682,0.4231817787686672,0.6041916232502101,0.44587777586338223,0.36864282719296115
4474,0.18223303664175575,0.6702763355614682,0.4231817787686672,0.6041916232502101,0.44587777586338223,0.36864282719296115
4475,0.18223303664175575,0.6702763355614682,0.4231817787686672,0.6041916232502101,0.44587777586338223,0.36864282719296115
4476,0.18223303664175575,0.6702763355614682,0.4231817787686672,0.6041916232502101,0.44587777586338223,0.36864282719296115
4477,0.18223303664175575,0.6702763355614682,0.4231817787686672,0.6041916232502101,0.44587777586338223,0.36864282719296115
4478,0.18223303664175575,0.6702763355614682,0.4231817787686672,0.6041916232502101,0.44587777586338223,0.36864282719296115
4479,0.18223303664175575,0.6702763355614682,0.4231817787686672,0.6041916232502101,0.44587777586338223,0.36864282719296115
4480,0.18223303664175575,0.6702763355614682,0.4231817787686672,0.6041916232502101,0.44587777586338223,0.36864282719296115
4481,0.18223303664175575,0.6702763355614682,0.4231817787686672,0.6041916232502101,0.44587777586338223,0.36864282719296115
4482,0.18223303664175575,0.6702763355614682,0.4231817787686672,0.6041916232502101,0.44587777586338223,0.36864282719296115
4483,0.18223303664175575,0.6702763355614682,0.4231817787686672,0.6041916232502101,0.44587777586338223,0.36864282719296115
4484,0.18223303664175575,0.6702763355614682,0.4231817787686672,0.6041916232502101,0.44587777586338223,0.36864282719296115
4485,0.18223303664175575,0.6702763355614682,0.4231817787686672,0.6041916232502101,0.44587777586338223,0.36864282719296115
4486,0.18223303664175575,0.6702763355614682,0.4231817787686672,0.6041916232502101,0.44587777586338223,0.36864282719296115
4487,0.18223303664175575,0.6702763355614682,0.4231817787686672,0.6041916232502101,0.44587777586338223,0.36864282719296115
4488,0.17859969454961033,0.6760323637944281,0.43005577926590705,0.6063038475439202,0.452489965540876,0.3679926613086018
4489,0.17859969454961033,0.6760323637944281,0.43005577926590705,0.6063038475439202,0.452489965540876,0.3679926613086018
4490,0.17859969454961033,0.6760323637944281,0.43005577926590705,0.6063038475439202,0.452489965540876,0.3679926613086018
4491,0.17859969454961033,0.6760323637944281,0.43005577926590705,0.6063038475439202,0.452489965540876,0.3679926613086018
4492,0.17859969454961033,0.6760323637944281,0.43005577926590705,0.6063038475439202,0.452489965540876,0.3679926613086018
4493,0.17859969454961033,0.6760323637944281,0.43005577926590705,0.6063038475439202,0.452489965540876,0.3679926613086018
4494,0.17859969454961033,0.6760323637944281,0.43005577926590705,0.6063038475439202,0.452489965540876,0.3679926613086018
4495,0.17859969454961033,0.6760323637944281,0.43005577926590705,0.6063038475439202,0.452489965540876,0.3679926613086018
4496,0.17859969454961033,0.6760323637944281,0.43005577926590705,0.6063038475439202,0.452489965540876,0.3679926613086018
4497,0.17859969454961033,0.6760323637944281,0.43005577926590705,0.6063038475439202,0.452489965540876,0.3679926613086018
4498,0.17859969454961033,0.6760323637944281,0.43005577926590705,0.6063038475439202,0.452489965540876,0.3679926613086018
4499,0.17859969454961033,0.6760323637944281,0.43005577926590705,0.6063038475439202,0.452489965540876,0.3679926613086018
4500,0.17859969454961033,0.6760323637944281,0.43005577926590705,0.6063038475439202,0.452489965540876,0.3679926613086018
4501,0.17859969454961033,0.6760323637944281,0.43005577926590705,0.6063038475439202,0.452489965540876,0.3679926613086018
4502,0.17859969454961033,0.6760323637944281,0.43005577926590705,0.6063038475439202,0.452489965540876,0.3679926613086018
4503,0.17859969454961033,0.6760323637944281,0.43005577926590705,0.6063038475439202,0.452489965540876,0.3679926613086018
4504,0.17859969454961033,0.6760323637944281,0.43005577926590705,0.6063038475439202,0.452489965540876,0.3679926613086018
4505,0.17859969454961033,0.6760323637944281,0.43005577926590705,0.6063038475439202,0.452489965540876,0.3679926613086018
4506,0.17859969454961033,0.6760323637944281,0.43005577926590705,0.6063038475439202,0.452489965540876,0.3679926613086018
4507,0.17859969454961033,0.6760323637944281,0.43005577926590705,0.6063038475439202,0.452489965540876,0.3679926613086018
4508,0.17859969454961033,0.6760323637944281,0.43005577926590705,0.6063038475439202,0.452489965540876,0.3679926613086018
4509,0.17859969454961033,0.6760323637944281,0.43005577926590705,0.6063038475439202,0.452489965540876,0.3679926613086018
4510,0.17859969454961033,0.6760323637944281,0.43005577926590705,0.6063038475439202,0.452489965540876,0.3679926613086018
4511,0.17859969454961033,0.6760323637944281,0.43005577926590705,0.6063038475439202,0.452489965540876,0.3679926613086018
4512,0.16802006126103178,0.6671525444100275,0.4239444820608489,0.5975054232763224,0.44446502004413446,0.3612516651780148
4513,0.16802006126103178,0.6671525444100275,0.4239444820608489,0.5975054232763224,0.44446502004413446,0.3612516651780148
4514,0.16802006126103178,0.6671525444100275,0.4239444820608489,0.5975054232763224,0.44446502004413446,0.3612516651780148
4515,0.16802006126103178,0.6671525444100275,0.4239444820608489,0.5975054232763224,0.44446502004413446,0.3612516651780148
4516,0.16802006126103178,0.6671525444100275,0.4239444820608489,0.5975054232763224,0.44446502004413446,0.3612516651780148
4517,0.16802006126103178,0.6671525444100275,0.4239444820608489,0.5975054232763224,0.44446502004413446,0.3612516651780148
4518,0.16802006126103178,0.6671525444100275,0.4239444820608489,0.5975054232763224,0.44446502004413446,0.3612516651780148
4519,0.16802006126103178,0.6671525444100275,0.4239444820608489,0.5975054232763224,0.44446502004413446,0.3612516651780148
4520,0.16802006126103178,0.6671525444100275,0.4239444820608489,0.5975054232763224,0.44446502004413446,0.3612516651780148
4521,0.16802006126103178,0.6671525444100275,0.4239444820608489,0.5975054232763224,0.44446502004413446,0.3612516651780148
4522,0.16802006126103178,0.6671525444100275,0.4239444820608489,0.5975054232763224,0.44446502004413446,0.3612516651780148
4523,0.16802006126103178,0.6671525444100275,0.4239444820608489,0.5975054232763224,0.44446502004413446,0.3612516651780148
4524,0.16802006126103178,0.6671525444100275,0.4239444820608489,0.5975054232763224,0.44446502004413446,0.3612516651780148
4525,0.16802006126103178,0.6671525444100275,0.4239444820608489,0.5975054232763224,0.44446502004413446,0.3612516651780148
4526,0.16802006126103178,0.6671525444100275,0.4239444820608489,0.5975054232763224,0.44446502004413446,0.3612516651780148
4527,0.16802006126103178,0.6671525444100275,0.4239444820608489,0.5975054232763224,0.44446502004413446,0.3612516651780148
4528,0.16802006126103178,0.6671525444100275,0.4239444820608489,0.5975054232763224,0.44446502004413446,0.3612516651780148
4529,0.16802006126103178,0.6671525444100275,0.4239444820608489,0.5975054232763224,0.44446502004413446,0.3612516651780148
4530,0.16802006126103178,0.6671525444100275,0.4239444820608489,0.5975054232763224,0.44446502004413446,0.3612516651780148
4531,0.16802006126103178,0.6671525444100275,0.4239444820608489,0.5975054232763224,0.44446502004413446,0.3612516651780148
4532,0.16802006126103178,0.6671525444100275,0.4239444820608489,0.5975054232763224,0.44446502004413446,0.3612516651780148
4533,0.16802006126103178,0.6671525444100275,0.4239444820608489,0.5975054232763224,0.44446502004413446,0.3612516651780148
4534,0.16802006126103178,0.6671525444100275,0.4239444820608489,0.5975054232763224,0.44446502004413446,0.3612516651780148
4535,0.16802006126103178,0.6671525444100275,0.4239444820608489,0.5975054232763224,0.44446502004413446,0.3612516651780148
4536,0.1492390132281722,0.6473793281157533,0.4100896755054369,0.5802651018299475,0.4258699903811305,0.35020427580622077
4537,0.1492390132281722,0.6473793281157533,0.4100896755054369,0.5802651018299475,0.4258699903811305,0.35020427580622077
4538,0.1492390132281722,0.6473793281157533,0.4100896755054369,0.5802651018299475,0.4258699903811305,0.35020427580622077
4539,0.1492390132281722,0.6473793281157533,0.4100896755054369,0.5802651018299475,0.4258699903811305,0.35020427580622077
4540,0.1492390132281722,0.6473793281157533,0.4100896755054369,0.5802651018299475,0.4258699903811305,0.35020427580622077
4541,0.1492390132281722,0.6473793281157533,0.4100896755054369,0.5802651018299475,0.4258699903811305,0.35020427580622077
4542,0.1492390132281722,0.6473793281157533,0.4100896755054369,0.5802651018299475,0.4258699903811305,0.35020427580622077
4543,0.1492390132281722,0.6473793281157533,0.4100896755054369,0.5802651018299475,0.4258699903811305,0.35020427580622077
4544,0.1492390132281722,0.6473793281157533,0.4100896755054369,0.5802651018299475,0.4258699903811305,0.35020427580622077
4545,0.1492390132281722,0.6473793281157533,0.4100896755054369,0.5802651018299475,0.4258699903811305,0.35020427580622077
4546,0.1492390132281722,0.6473793281157533,0.4100896755054369,0.5802651018299475,0.4258699903811305,0.35020427580622077
4547,0.1492390132281722,0.6473793281157533,0.4100896755054369,0.5802651018299475,0.4258699903811305,0.35020427580622077
4548,0.1492390132281722,0.6473793281157533,0.4100896755054369,0.5802651018299475,0.4258699903811305,0.35020427580622077
4549,0.1492390132281722,0.6473793281157533,0.4100896755054369,0.5802651018299475,0.4258699903811305,0.35020427580622077
4550,0.1492390132281722,0.6473793281157533,0.4100896755054369,0.5802651018299475,0.4258699903811305,0.35020427580622077
4551,0.1492390132281722,0.6473793281157533,0.4100896755054369,0.5802651018299475,0.4258699903811305,0.35020427580622077
4552,0.1492390132281722,0.6473793281157533,0.4100896755054369,0.5802651018299475,0.4258699903811305,0.35020427580622077
4553,0.1492390132281722,0.6473793281157533,0.4100896755054369,0.5802651018299475,0.4258699903811305,0.35020427580622077
4554,0.1492390132281722,0.6473793281157533,0.4100896755054369,0.5802651018299475,0.4258699903811305,0.35020427580622077
4555,0.1492390132281722,0.6473793281157533,0.4100896755054369,0.5802651018299475,0.4258699903811305,0.35020427580622077
4556,0.1492390132281722,0.6473793281157533,0.4100896755054369,0.5802651018299475,0.4258699903811305,0.35020427580622077
4557,0.1492390132281722,0.6473793281157533,0.4100896755054369,0.5802651018299475,0.4258699903811305,0.35020427580622077
4558,0.1492390132281722,0.6473793281157533,0.4100896755054369,0.5802651018299475,0.4258699903811305,0.35020427580622077
4559,0.1492390132281722,0.6473793281157533,0.4100896755054369,0.5802651018299475,0.4258699903811305,0.35020427580622077
4560,0.13608000034700046,0.6310479708374965,0.39830736217336343,0.5659144882620691,0.41100170192129476,0.3404652406941682
4561,0.13608000034700046,0.6310479708374965,0.39830736217336343,0.5659144882620691,0.41100170192129476,0.3404652406941682
4562,0.13608000034700046,0.6310479708374965,0.39830736217336343,0.5659144882620691,0.41100170192129476,0.3404652406941682
4563,0.13608000034700046,0.6310479708374965,0.39830736217336343,0.5659144882620691,0.41100170192129476,0.3404652406941682
4564,0.13608000034700046,0.6310479708374965,0.39830736217336343,0.5659144882620691,0.41100170192129476,0.3404652406941682
4565,0.13608000034700046,0.6310479708374965,0.39830736217336343,0.5659144882620691,0.41100170192129476,0.3404652406941682
4566,0.13608000034700046,0.6310479708374965,0.39830736217336343,0.5659144882620691,0.41100170192129476,0.3404652406941682
4567,0.13608000034700046,0.6310479708374965,0.39830736217336343,0.5659144882620691,0.41100170192129476,0.3404652406941682
4568,0.13608000034700046,0.6310479708374965,0.39830736217336343,0.5659144882620691,0.41100170192129476,0.3404652406941682
4569,0.13608000034700046,0.6310479708374965,0.39830736217336343,0.5659144882620691,0.41100170192129476,0.3404652406941682
4570,0.13608000034700046,0.6310479708374965,0.39830736217336343,0.5659144882620691,0.41100170192129476,0.3404652406941682
4571,0.13608000034700046,0.6310479708374965,0.39830736217336343,0.5659144882620691,0.41100170192129476,0.3404652406941682
4572,0.13608000034700046,0.6310479708374965,0.39830736217336343,0.5659144882620691,0.41100170192129476,0.3404652406941682
4573,0.13608000034700046,0.6310479708374965,0.39830736217336343,0.5659144882620691,0.41100170192129476,0.3404652406941682
4574,0.13608000034700046,0.6310479708374965,0.39830736217336343,0.5659144882620691,0.41100170192129476,0.3404652406941682
4575,0.13608000034700046,0.6310479708374965,0.39830736217336343,0.5659144882620691,0.41100170192129476,0.3404652406941682
4576,0.13608000034700046,0.6310479708374965,0.39830736217336343,0.5659144882620691,0.41100170192129476,0.3404652406941682
4577,0.13608000034700046,0.6310479708374965,0.39830736217336343,0.5659144882620691,0.41100170192129476,0.3404652406941682
4578,0.13608000034700046,0.6310479708374965,0.39830736217336343,0.5659144882620691,0.41100170192129476,0.3404652406941682
4579,0.13608000034700046,0.6310479708374965,0.39830736217336343,0.5659144882620691,0.41100170192129476,0.3404652406941682
4580,0.13608000034700046,0.6310479708374965,0.39830736217336343,0.5659144882620691,0.41100170192129476,0.3404652406941682
4581,0.13608000034700046,0.6310479708374965,0.39830736217336343,0.5659144882620691,0.41100170192129476,0.3404652406941682
4582,0.13608000034700046,0.6310479708374965,0.39830736217336343,0.5659144882620691,0.41100170192129476,0.3404652406941682
4583,0.13608000034700046,0.6310479708374965,0.39830736217336343,0.5659144882620691,0.41100170192129476,0.3404652406941682
4584,0.12588433469601837,0.6188246740577849,0.3899241112821094,0.5545772216615423,0.40015746090494875,0.33238063682952007
4585,0.12588433469601837,0.6188246740577849,0.3899241112821094,0.5545772216615423,0.40015746090494875,0.33238063682952007
4586,0.12588433469601837,0.6188246740577849,0.3899241112821094,0.5545772216615423,0.40015746090494875,0.33238063682952007
4587,0.12588433469601837,0.6188246740577849,0.3899241112821094,0.5545772216615423,0.40015746090494875,0.33238063682952007
4588,0.12588433469601837,0.6188246740577849,0.3899241112821094,0.5545772216615423,0.40015746090494875,0.33238063682952007
4589,0.12588433469601837,0.6188246740577849,0.3899241112821094,0.5545772216615423,0.40015746090494875,0.33238063682952007
4590,0.12588433469601837,0.6188246740577849,0.3899241112821094,0.5545772216615423,0.40015746090494875,0.33238063682952007
4591,0.12588433469601837,0.6188246740577849,0.3899241112821094,0.5545772216615423,0.40015746090494875,0.33238063682952007
4592,0.12588433469601837,0.6188246740577849,0.3899241112821094,0.5545772216615423,0.40015746090494875,0.33238063682952007
4593,0.12588433469601837,0.6188246740577849,0.3899241112821094,0.5545772216615423,0.40015746090494875,0.33238063682952007
4594,0.12588433469601837,0.6188246740577849,0.3899241112821094,0.5545772216615423,0.40015746090494875,0.33238063682952007
4595,0.12588433469601837,0.6188246740577849,0.3899241112821094,0.5545772216615423,0.40015746090494875,0.33238063682952007
4596,0.12588433469601837,0.6188246740577849,0.3899241112821094,0.5545772216615423,0.40015746090494875,0.33238063682952007
4597,0.12588433469601837,0.6188246740577849,0.3899241112821094,0.5545772216615423,0.40015746090494875,0.33238063682952007
4598,0.12588433469601837,0.6188246740577849,0.3899241112821094,0.5545772216615423,0.40015746090494875,0.33238063682952007
4599,0.12588433469601837,0.6188246740577849,0.3899241112821094,0.5545772216615423,0.40015746090494875,0.33238063682952007
4600,0.12588433469601837,0.6188246740577849,0.3899241112821094,0.5545772216615423,0.40015746090494875,0.33238063682952007
4601,0.12588433469601837,0.6188246740577849,0.3899241112821094,0.5545772216615423,0.40015746090494875,0.33238063682952007
4602,0.12588433469601837,0.6188246740577849,0.3899241112821094,0.5545772216615423,0.40015746090494875,0.33238063682952007
4603,0.12588433469601837,0.6188246740577849,0.3899241112821094,0.5545772216615423,0.40015746090494875,0.33238063682952007
4604,0.12588433469601837,0.6188246740577849,0.3899241112821094,0.5545772216615423,0.40015746090494875,0.33238063682952007
4605,0.12588433469601837,0.6188246740577849,0.3899241112821094,0.5545772216615423,0.40015746090494875,0.33238063682952007
4606,0.12588433469601837,0.6188246740577849,0.3899241112821094,0.5545772216615423,0.40015746090494875,0.33238063682952007
4607,0.12588433469601837,0.6188246740577849,0.3899241112821094,0.5545772216615423,0.40015746090494875,0.33238063682952007
4608,0.12536078030235812,0.6149832825806891,0.38688575252537155,0.5518360070060467,0.39661984313200266,0.33084398968733186
4609,0.12536078030235812,0.6149832825806891,0.38688575252537155,0.5518360070060467,0.39661984313200266,0.33084398968733186
4610,0.12536078030235812,0.6149832825806891,0.38688575252537155,0.5518360070060467,0.39661984313200266,0.33084398968733186
4611,0.12536078030235812,0.6149832825806891,0.38688575252537155,0.5518360070060467,0.39661984313200266,0.33084398968733186
4612,0.12536078030235812,0.6149832825806891,0.38688575252537155,0.5518360070060467,0.39661984313200266,0.33084398968733186
4613,0.12536078030235812,0.6149832825806891,0.38688575252537155,0.5518360070060467,0.39661984313200266,0.33084398968733186
4614,0.12536078030235812,0.6149832825806891,0.38688575252537155,0.5518360070060467,0.39661984313200266,0.33084398968733186
4615,0.12536078030235812,0.6149832825806891,0.38688575252537155,0.5518360070060467,0.39661984313200266,0.33084398968733186
4616,0.12536078030235812,0.6149832825806891,0.38688575252537155,0.5518360070060467,0.39661984313200266,0.33084398968733186
4617,0.12536078030235812,0.6149832825806891,0.38688575252537155,0.5518360070060467,0.39661984313200266,0.33084398968733186
4618,0.12536078030235812,0.6149832825806891,0.38688575252537155,0.5518360070060467,0.39661984313200266,0.33084398968733186
4619,0.12536078030235812,0.6149832825806891,0.38688575252537155,0.5518360070060467,0.39661984313200266,0.33084398968733186
4620,0.12536078030235812,0.6149832825806891,0.38688575252537155,0.5518360070060467,0.39661984313200266,0.33084398968733186
4621,0.12536078030235812,0.6149832825806891,0.38688575252537155,0.5518360070060467,0.39661984313200266,0.33084398968733186
4622,0.12536078030235812,0.6149832825806891,0.38688575252537155,0.5518360070060467,0.39661984313200266,0.33084398968733186
4623,0.12536078030235812,0.6149832825806891,0.38688575252537155,0.5518360070060467,0.39661984313200266,0.33084398968733186
4624,0.12536078030235812,0.6149832825806891,0.38688575252537155,0.5518360070060467,0.39661984313200266,0.33084398968733186
4625,0.12536078030235812,0.6149832825806891,0.38688575252537155,0.5518360070060467,0.39661984313200266,0.33084398968733186
4626,0.12536078030235812,0.6149832825806891,0.38688575252537155,0.5518360070060467,0.39661984313200266,0.33084398968733186
4627,0.12536078030235812,0.6149832825806891,0.38688575252537155,0.5518360070060467,0.39661984313200266,0.33084398968733186
4628,0.12536078030235812,0.6149832825806891,0.38688575252537155,0.5518360070060467,0.39661984313200266,0.33084398968733186
4629,0.12536078030235812,0.6149832825806891,0.38688575252537155,0.5518360070060467,0.39661984313200266,0.33084398968733186
4630,0.12536078030235812,0.6149832825806891,0.38688575252537155,0.5518360070060467,0.39661984313200266,0.33084398968733186
4631,0.12536078030235812,0.6149832825806891,0.38688575252537155,0.5518360070060467,0.39661984313200266,0.33084398968733186
4632,0.12562422056821582,0.6171310171935743,0.38865034000919985,0.5533321834371303,0.3986288804856952,0.33168019052634473
4633,0.12562422056821582,0.6171310171935743,0.38865034000919985,0.5533321834371303,0.3986288804856952,0.33168019052634473
4634,0.12562422056821582,0.6171310171935743,0.38865034000919985,0.5533321834371303,0.3986288804856952,0.33168019052634473
4635,0.12562422056821582,0.6171310171935743,0.38865034000919985,0.5533321834371303,0.3986288804856952,0.33168019052634473
4636,0.12562422056821582,0.6171310171935743,0.38865034000919985,0.5533321834371303,0.3986288804856952,0.33168019052634473
4637,0.12562422056821582,0.6171310171935743,0.38865034000919985,0.5533321834371303,0.3986288804856952,0.33168019052634473
4638,0.12562422056821582,0.6171310171935743,0.38865034000919985,0.5533321834371303,0.3986288804856952,0.33168019052634473
4639,0.12562422056821582,0.6171310171935743,0.38865034000919985,0.5533321834371303,0.3986288804856952,0.33168019052634473
4640,0.12562422056821582,0.6171310171935743,0.38865034000919985,0.5533321834371303,0.3986288804856952,0.33168019052634473
4641,0.12562422056821582,0.6171310171935743,0.38865034000919985,0.5533321834371303,0.3986288804856952,0.33168019052634473
4642,0.12562422056821582,0.6171310171935743,0.38865034000919985,0.5533321834371303,0.3986288804856952,0.33168019052634473
4643,0.12562422056821582,0.6171310171935743,0.38865034000919985,0.5533321834371303,0.3986288804856952,0.33168019052634473
4644,0.12562422056821582,0.6171310171935743,0.38865034000919985,0.5533321834371303,0.3986288804856952,0.33168019052634473
4645,0.12562422056821582,0.6171310171935743,0.38865034000919985,0.5533321834371303,0.3986288804856952,0.33168019052634473
4646,0.12562422056821582,0.6171310171935743,0.38865034000919985,0.5533321834371303,0.3986288804856952,0.33168019052634473
4647,0.12562422056821582,0.6171310171935743,0.38865034000919985,0.5533321834371303,0.3986288804856952,0.33168019052634473
4648,0.12562422056821582,0.6171310171935743,0.38865034000919985,0.5533321834371303,0.3986288804856952,0.33168019052634473
4649,0.12562422056821582,0.6171310171935743,0.38865034000919985,0.5533321834371303,0.3986288804856952,0.33168019052634473
4650,0.12562422056821582,0.6171310171935743,0.38865034000919985,0.5533321834371303,0.3986288804856952,0.33168019052634473
4651,0.12562422056821582,0.6171310171935743,0.38865034000919985,0.5533321834371303,0.3986288804856952,0.33168019052634473
4652,0.12562422056821582,0.6171310171935743,0.38865034000919985,0.5533321834371303,0.3986288804856952,0.33168019052634473
4653,0.12562422056821582,0.6171310171935743,0.38865034000919985,0.5533321834371303,0.3986288804856952,0.33168019052634473
4654,0.12562422056821582,0.6171310171935743,0.38865034000919985,0.5533321834371303,0.3986288804856952,0.33168019052634473
4655,0.12562422056821582,0.6171310171935743,0.38865034000919985,0.5533321834371303,0.3986288804856952,0.33168019052634473
4656,0.12725092163663426,0.6271590159166731,0.397481708802748,0.5598825361851612,0.40852400836992836,0.3349755266251326
4657,0.12725092163663426,0.6271590159166731,0.397481708802748,0.5598825361851612,0.40852400836992836,0.3349755266251326
4658,0.12725092163663426,0.6271590159166731,0.397481708802748,0.5598825361851612,0.40852400836992836,0.3349755266251326
4659,0.12725092163663426,0.6271590159166731,0.397481708802748,0.5598825361851612,0.40852400836992836,0.3349755266251326
4660,0.12725092163663426,0.6271590159166731,0.397481708802748,0.5598825361851612,0.40852400836992836,0.3349755266251326
4661,0.12725092163663426,0.6271590159166731,0.397481708802748,0.5598825361851612,0.40852400836992836,0.3349755266251326
4662,0.12725092163663426,0.6271590159166731,0.397481708802748,0.5598825361851612,0.40852400836992836,0.3349755266251326
4663,0.12725092163663426,0.6271590159166731,0.397481708802748,0.5598825361851612,0.40852400836992836,0.3349755266251326
4664,0.12725092163663426,0.6271590159166731,0.397481708802748,0.5598825361851612,0.40852400836992836,0.3349755266251326
4665,0.12725092163663426,0.6271590159166731,0.397481708802748,0.5598825361851612,0.40852400836992836,0.3349755266251326
4666,0.12725092163663426,0.6271590159166731,0.397481708802748,0.5598825361851612,0.40852400836992836,0.3349755266251326
4667,0.12725092163663426,0.6271590159166731,0.397481708802748,0.5598825361851612,0.40852400836992836,0.3349755266251326
4668,0.12725092163663426,0.6271590159166731,0.397481708802748,0.5598825361851612,0.40852400836992836,0.3349755266251326
4669,0.12725092163663426,0.6271590159166731,0.397481708802748,0.5598825361851612,0.40852400836992836,0.3349755266251326
4670,0.12725092163663426,0.6271590159166731,0.397481708802748,0.5598825361851612,0.40852400836992836,0.3349755266251326
4671,0.12725092163663426,0.6271590159166731,0.397481708802748,0.5598825361851612,0.40852400836992836,0.3349755266251326
4672,0.12725092163663426,0.6271590159166731,0.397481708802748,0.5598825361851612,0.40852400836992836,0.3349755266251326
4673,0.12725092163663426,0.6271590159166731,0.397481708802748,0.5598825361851612,0.40852400836992836,0.3349755266251326
4674,0.12725092163663426,0.6271590159166731,0.397481708802748,0.5598825361851612,0.40852400836992836,0.3349755266251326
4675,0.12725092163663426,0.6271590159166731,0.397481708802748,0.5598825361851612,0.40852400836992836,0.3349755266251326
4676,0.12725092163663426,0.6271590159166731,0.397481708802748,0.5598825361851612,0.40852400836992836,0.3349755266251326
4677,0.12725092163663426,0.6271590159166731,0.397481708802748,0.5598825361851612,0.40852400836992836,0.3349755266251326
4678,0.12725092163663426,0.6271590159166731,0.397481708802748,0.5598825361851612,0.40852400836992836,0.3349755266251326
4679,0.12725092163663426,0.6271590159166731,0.397481708802748,0.5598825361851612,0.40852400836992836,0.3349755266251326
4680,0.1281930038715118,0.6338058995213871,0.40318391167213946,0.5644777396173514,0.4148319025126668,0.3375582429631787
4681,0.1281930038715118,0.6338058995213871,0.40318391167213946,0.5644777396173514,0.4148319025126668,0.3375582429631787
4682,0.1281930038715118,0.6338058995213871,0.40318391167213946,0.5644777396173514,0.4148319025126668,0.3375582429631787
4683,0.1281930038715118,0.6338058995213871,0.40318391167213946,0.5644777396173514,0.4148319025126668,0.3375582429631787
4684,0.1281930038715118,0.6338058995213871,0.40318391167213946,0.5644777396173514,0.4148319025126668,0.3375582429631787
4685,0.1281930038715118,0.6338058995213871,0.40318391167213946,0.5644777396173514,0.4148319025126668,0.3375582429631787
4686,0.1281930038715118,0.6338058995213871,0.40318391167213946,0.5644777396173514,0.4148319025126668,0.3375582429631787
4687,0.1281930038715118,0.6338058995213871,0.40318391167213946,0.5644777396173514,0.4148319025126668,0.3375582429631787
4688,0.1281930038715118,0.6338058995213871,0.40318391167213946,0.5644777396173514,0.4148319025126668,0.3375582429631787
4689,0.1281930038715118,0.6338058995213871,0.40318391167213946,0.5644777396173514,0.4148319025126668,0.3375582429631787
4690,0.1281930038715118,0.6338058995213871,0.40318391167213946,0.5644777396173514,0.4148319025126668,0.3375582429631787
4691,0.1281930038715118,0.6338058995213871,0.40318391167213946,0.5644777396173514,0.4148319025126668,0.3375582429631787
4692,0.1281930038715118,0.6338058995213871,0.40318391167213946,0.5644777396173514,0.4148319025126668,0.3375582429631787
4693,0.1281930038715118,0.6338058995213871,0.40318391167213946,0.5644777396173514,0.4148319025126668,0.3375582429631787
4694,0.1281930038715118,0.6338058995213871,0.40318391167213946,0.5644777396173514,0.4148319025126668,0.3375582429631787
4695,0.1281930038715118,0.6338058995213871,0.40318391167213946,0.5644777396173514,0.4148319025126668,0.3375582429631787
4696,0.1281930038715118,0.6338058995213871,0.40318391167213946,0.5644777396173514,0.4148319025126668,0.3375582429631787
4697,0.1281930038715118,0.6338058995213871,0.40318391167213946,0.5644777396173514,0.4148319025126668,0.3375582429631787
4698,0.1281930038715118,0.6338058995213871,0.40318391167213946,0.5644777396173514,0.4148319025126668,0.3375582429631787
4699,0.1281930038715118,0.6338058995213871,0.40318391167213946,0.5644777396173514,0.4148319025126668,0.3375582429631787
4700,0.1281930038715118,0.6338058995213871,0.40318391167213946,0.5644777396173514,0.4148319025126668,0.3375582429631787
4701,0.1281930038715118,0.6338058995213871,0.40318391167213946,0.5644777396173514,0.4148319025126668,0.3375582429631787
4702,0.1281930038715118,0.6338058995213871,0.40318391167213946,0.5644777396173514,0.4148319025126668,0.3375582429631787
4703,0.1281930038715118,0.6338058995213871,0.40318391167213946,0.5644777396173514,0.4148319025126668,0.3375582429631787
4704,0.12828047126830233,0.6344245129742878,0.4037231773570396,0.5649072176322308,0.4153904617041655,0.33780591273005084
4705,0.12828047126830233,0.6344245129742878,0.4037231773570396,0.5649072176322308,0.4153904617041655,0.33780591273005084
4706,0.12828047126830233,0.6344245129742878,0.4037231773570396,0.5649072176322308,0.4153904617041655,0.33780591273005084
4707,0.12828047126830233,0.6344245129742878,0.4037231773570396,0.5649072176322308,0.4153904617041655,0.33780591273005084
4708,0.12828047126830233,0.6344245129742878,0.4037231773570396,0.5649072176322308,0.4153904617041655,0.33780591273005084
4709,0.12828047126830233,0.6344245129742878,0.4037231773570396,0.5649072176322308,0.4153904617041655,0.33780591273005084
4710,0.12828047126830233,0.6344245129742878,0.4037231773570396,0.5649072176322308,0.4153904617041655,0.33780591273005084
4711,0.12828047126830233,0.6344245129742878,0.4037231773570396,0.5649072176322308,0.4153904617041655,0.33780591273005084
4712,0.12828047126830233,0.6344245129742878,0.4037231773570396,0.5649072176322308,0.4153904617041655,0.33780591273005084
4713,0.12828047126830233,0.6344245129742878,0.4037231773570396,0.5649072176322308,0.4153904617041655,0.33780591273005084
4714,0.12828047126830233,0.6344245129742878,0.4037231773570396,0.5649072176322308,0.4153904617041655,0.33780591273005084
4715,0.12828047126830233,0.6344245129742878,0.4037231773570396,0.5649072176322308,0.4153904617041655,0.33780591273005084
4716,0.12828047126830233,0.6344245129742878,0.4037231773570396,0.5649072176322308,0.4153904617041655,0.33780591273005084
4717,0.12828047126830233,0.6344245129742878,0.4037231773570396,0.5649072176322308,0.4153904617041655,0.33780591273005084
4718,0.12828047126830233,0.6344245129742878,0.4037231773570396,0.5649072176322308,0.4153904617041655,0.33780591273005084
4719,0.12828047126830233,0.6344245129742878,0.4037231773570396,0.5649072176322308,0.4153904617041655,0.33780591273005084
4720,0.12828047126830233,0.6344245129742878,0.4037231773570396,0.5649072176322308,0.4153904617041655,0.33780591273005084
4721,0.12828047126830233,0.6344245129742878,0.4037231773570396,0.5649072176322308,0.4153904617041655,0.33780591273005084
4722,0.12828047126830233,0.6344245129742878,0.4037231773570396,0.5649072176322308,0.4153904617041655,0.33780591273005084
4723,0.12828047126830233,0.6344245129742878,0.4037231773570396,0.5649072176322308,0.4153904617041655,0.33780591273005084
4724,0.12828047126830233,0.6344245129742878,0.4037231773570396,0.5649072176322308,0.4153904617041655,0.33780591273005084
4725,0.12828047126830233,0.6344245129742878,0.4037231773570396,0.5649072176322308,0.4153904617041655,0.33780591273005084
4726,0.12828047126830233,0.6344245129742878,0.4037231773570396,0.5649072176322308,0.4153904617041655,0.33780591273005084
4727,0.12828047126830233,0.6344245129742878,0.4037231773570396,0.5649072176322308,0.4153904617041655,0.33780591273005084
4728,0.12853310425507172,0.6364049670182051,0.4052505870790413,0.5661894436492795,0.4172013249235004,0.33857311745307345
4729,0.12853310425507172,0.6364049670182051,0.4052505870790413,0.5661894436492795,0.4172013249235004,0.33857311745307345
4730,0.12853310425507172,0.6364049670182051,0.4052505870790413,0.5661894436492795,0.4172013249235004,0.33857311745307345
4731,0.12853310425507172,0.6364049670182051,0.4052505870790413,0.5661894436492795,0.4172013249235004,0.33857311745307345
4732,0.12853310425507172,0.6364049670182051,0.4052505870790413,0.5661894436492795,0.4172013249235004,0.33857311745307345
4733,0.12853310425507172,0.6364049670182051,0.4052505870790413,0.5661894436492795,0.4172013249235004,0.33857311745307345
4734,0.12853310425507172,0.6364049670182051,0.4052505870790413,0.5661894436492795,0.4172013249235004,0.33857311745307345
4735,0.12853310425507172,0.6364049670182051,0.4052505870790413,0.5661894436492795,0.4172013249235004,0.33857311745307345
4736,0.12853310425507172,0.6364049670182051,0.4052505870790413,0.5661894436492795,0.4172013249235004,0.33857311745307345
4737,0.12853310425507172,0.6364049670182051,0.4052505870790413,0.5661894436492795,0.4172013249235004,0.33857311745307345
4738,0.12853310425507172,0.6364049670182051,0.4052505870790413,0.5661894436492795,0.4172013249235004,0.33857311745307345
4739,0.12853310425507172,0.6364049670182051,0.4052505870790413,0.5661894436492795,0.4172013249235004,0.33857311745307345
4740,0.12853310425507172,0.6364049670182051,0.4052505870790413,0.5661894436492795,0.4172013249235004,0.33857311745307345
4741,0.12853310425507172,0.6364049670182051,0.4052505870790413,0.5661894436492795,0.4172013249235004,0.33857311745307345
4742,0.12853310425507172,0.6364049670182051,0.4052505870790413,0.5661894436492795,0.4172013249235004,0.33857311745307345
4743,0.12853310425507172,0.6364049670182051,0.4052505870790413,0.5661894436492795,0.4172013249235004,0.33857311745307345
4744,0.12853310425507172,0.6364049670182051,0.4052505870790413,0.5661894436492795,0.4172013249235004,0.33857311745307345
4745,0.12853310425507172,0.6364049670182051,0.4052505870790413,0.5661894436492795,0.4172013249235004,0.33857311745307345
4746,0.12853310425507172,0.6364049670182051,0.4052505870790413,0.5661894436492795,0.4172013249235004,0.33857311745307345
4747,0.12853310425507172,0.6364049670182051,0.4052505870790413,0.5661894436492795,0.4172013249235004,0.33857311745307345
4748,0.12853310425507172,0.6364049670182051,0.4052505870790413,0.5661894436492795,0.4172013249235004,0.33857311745307345
4749,0.12853310425507172,0.6364049670182051,0.4052505870790413,0.5661894436492795,0.4172013249235004,0.33857311745307345
4750,0.12853310425507172,0.6364049670182051,0.4052505870790413,0.5661894436492795,0.4172013249235004,0.33857311745307345
4751,0.12853310425507172,0.6364049670182051,0.4052505870790413,0.5661894436492795,0.4172013249235004,0.33857311745307345
4752,0.12828535560984397,0.634326428121284,0.4035682098481223,0.5647366829682673,0.41527034834984505,0.3377445082046992
4753,0.12828535560984397,0.634326428121284,0.4035682098481223,0.5647366829682673,0.41527034834984505,0.3377445082046992
4754,0.12828535560984397,0.634326428121284,0.4035682098481223,0.5647366829682673,0.41527034834984505,0.3377445082046992
4755,0.12828535560984397,0.634326428121284,0.4035682098481223,0.5647366829682673,0.41527034834984505,0.3377445082046992
4756,0.12828535560984397,0.634326428121284,0.4035682098481223,0.5647366829682673,0.41527034834984505,0.3377445082046992
4757,0.12828535560984397,0.634326428121284,0.4035682098481223,0.5647366829682673,0.41527034834984505,0.3377445082046992
4758,0.12828535560984397,0.634326428121284,0.4035682098481223,0.5647366829682673,0.41527034834984505,0.3377445082046992
4759,0.12828535560984397,0.634326428121284,0.4035682098481223,0.5647366829682673,0.41527034834984505,0.3377445082046992
4760,0.12828535560984397,0.634326428121284,0.4035682098481223,0.5647366829682673,0.41527034834984505,0.3377445082046992
4761,0.12828535560984397,0.634326428121284,0.4035682098481223,0.5647366829682673,0.41527034834984505,0.3377445082046992
4762,0.12828535560984397,0.634326428121284,0.4035682098481223,0.5647366829682673,0.41527034834984505,0.3377445082046992
4763,0.12828535560984397,0.634326428121284,0.4035682098481223,0.5647366829682673,0.41527034834984505,0.3377445082046992
4764,0.12828535560984397,0.634326428121284,0.4035682098481223,0.5647366829682673,0.41527034834984505,0.3377445082046992
4765,0.12828535560984397,0.634326428121284,0.4035682098481223,0.5647366829682673,0.41527034834984505,0.3377445082046992
4766,0.12828535560984397,0.634326428121284,0.4035682098481223,0.5647366829682673,0.41527034834984505,0.3377445082046992
4767,0.12828535560984397,0.634326428121284,0.4035682098481223,0.5647366829682673,0.41527034834984505,0.3377445082046992
4768,0.12828535560984397,0.634326428121284,0.4035682098481223,0.5647366829682673,0.41527034834984505,0.3377445082046992
4769,0.12828535560984397,0.634326428121284,0.4035682098481223,0.5647366829682673,0.41527034834984505,0.3377445082046992
4770,0.12828535560984397,0.634326428121284,0.4035682098481223,0.5647366829682673,0.41527034834984505,0.3377445082046992
4771,0.12828535560984397,0.634326428121284,0.4035682098481223,0.5647366829682673,0.41527034834984505,0.3377445082046992
4772,0.12828535560984397,0.634326428121284,0.4035682098481223,0.5647366829682673,0.41527034834984505,0.3377445082046992
4773,0.12828535560984397,0.634326428121284,0.4035682098481223,0.5647366829682673,0.41527034834984505,0.3377445082046992
4774,0.12828535560984397,0.634326428121284,0.4035682098481223,0.5647366829682673,0.41527034834984505,0.3377445082046992
4775,0.12828535560984397,0.634326428121284,0.4035682098481223,0.5647366829682673,0.41527034834984505,0.3377445082046992
4776,0.12762372085260631,0.6298970465434387,0.39973332272812695,0.5616821015906349,0.4110677805576641,0.3360404543087739
4777,0.12762372085260631,0.6298970465434387,0.39973332272812695,0.5616821015906349,0.4110677805576641,0.3360404543087739
4778,0.12762372085260631,0.6298970465434387,0.39973332272812695,0.5616821015906349,0.4110677805576641,0.3360404543087739
4779,0.12762372085260631,0.6298970465434387,0.39973332272812695,0.5616821015906349,0.4110677805576641,0.3360404543087739
4780,0.12762372085260631,0.6298970465434387,0.39973332272812695,0.5616821015906349,0.4110677805576641,0.3360404543087739
4781,0.12762372085260631,0.6298970465434387,0.39973332272812695,0.5616821015906349,0.4110677805576641,0.3360404543087739
4782,0.12762372085260631,0.6298970465434387,0.39973332272812695,0.5616821015906349,0.4110677805576641,0.3360404543087739
4783,0.12762372085260631,0.6298970465434387,0.39973332272812695,0.5616821015906349,0.4110677805576641,0.3360404543087739
4784,0.12762372085260631,0.6298970465434387,0.39973332272812695,0.5616821015906349,0.4110677805576641,0.3360404543087739
4785,0.12762372085260631,0.6298970465434387,0.39973332272812695,0.5616821015906349,0.4110677805576641,0.3360404543087739
4786,0.12762372085260631,0.6298970465434387,0.39973332272812695,0.5616821015906349,0.4110677805576641,0.3360404543087739
4787,0.12762372085260631,0.6298970465434387,0.39973332272812695,0.5616821015906349,0.4110677805576641,0.3360404543087739
4788,0.12762372085260631,0.6298970465434387,0.39973332272812695,0.5616821015906349,0.4110677805576641,0.3360404543087739
4789,0.12762372085260631,0.6298970465434387,0.39973332272812695,0.5616821015906349,0.4110677805576641,0.3360404543087739
4790,0.12762372085260631,0.6298970465434387,0.39973332272812695,0.5616821015906349,0.4110677805576641,0.3360404543087739
4791,0.12762372085260631,0.6298970465434387,0.39973332272812695,0.5616821015906349,0.4110677805576641,0.3360404543087739
4792,0.12762372085260631,0.6298970465434387,0.39973332272812695,0.5616821015906349,0.4110677805576641,0.3360404543087739
4793,0.12762372085260631,0.6298970465434387,0.39973332272812695,0.5616821015906349,0.4110677805576641,0.3360404543087739
4794,0.12762372085260631,0.6298970465434387,0.39973332272812695,0.5616821015906349,0.4110677805576641,0.3360404543087739
4795,0.12762372085260631,0.6298970465434387,0.39973332272812695,0.5616821015906349,0.4110677805576641,0.3360404543087739
4796,0.12762372085260631,0.6298970465434387,0.39973332272812695,0.5616821015906349,0.4110677805576641,0.3360404543087739
4797,0.12762372085260631,0.6298970465434387,0.39973332272812695,0.5616821015906349,0.4110677805576641,0.3360404543087739
4798,0.12762372085260631,0.6298970465434387,0.39973332272812695,0.5616821015906349,0.4110677805576641,0.3360404543087739
4799,0.12762372085260631,0.6298970465434387,0.39973332272812695,0.5616821015906349,0.4110677805576641,0.3360404543087739
4800,0.12686404880371402,0.6243663859331149,0.3953589343528936,0.5578634489408644,0.40602016765665877,0.33383655230426695
4801,0.12686404880371402,0.6243663859331149,0.3953589343528936,0.5578634489408644,0.40602016765665877,0.33383655230426695
4802,0.12686404880371402,0.6243663859331149,0.3953589343528936,0.5578634489408644,0.40602016765665877,0.33383655230426695
4803,0.12686404880371402,0.6243663859331149,0.3953589343528936,0.5578634489408644,0.40602016765665877,0.33383655230426695
4804,0.12686404880371402,0.6243663859331149,0.3953589343528936,0.5578634489408644,0.40602016765665877,0.33383655230426695
4805,0.12686404880371402,0.6243663859331149,0.3953589343528936,0.5578634489408644,0.40602016765665877,0.33383655230426695
4806,0.12686404880371402,0.6243663859331149,0.3953589343528936,0.5578634489408644,0.40602016765665877,0.33383655230426695
4807,0.12686404880371402,0.6243663859331149,0.3953589343528936,0.5578634489408644,0.40602016765665877,0.33383655230426695
4808,0.12686404880371402,0.6243663859331149,0.3953589343528936,0.5578634489408644,0.40602016765665877,0.33383655230426695
4809,0.12686404880371402,0.6243663859331149,0.3953589343528936,0.5578634489408644,0.40602016765665877,0.33383655230426695
4810,0.12686404880371402,0.6243663859331149,0.3953589343528936,0.5578634489408644,0.40602016765665877,0.33383655230426695
4811,0.12686404880371402,0.6243663859331149,0.3953589343528936,0.5578634489408644,0.40602016765665877,0.33383655230426695
4812,0.12686404880371402,0.6243663859331149,0.3953589343528936,0.5578634489408644,0.40602016765665877,0.33383655230426695
4813,0.12686404880371402,0.6243663859331149,0.3953589343528936,0.5578634489408644,0.40602016765665877,0.33383655230426695
4814,0.12686404880371402,0.6243663859331149,0.3953589343528936,0.5578634489408644,0.40602016765665877,0.33383655230426695
4815,0.12686404880371402,0.6243663859331149,0.3953589343528936,0.5578634489408644,0.40602016765665877,0.33383655230426695
4816,0.12686404880371402,0.6243663859331149,0.3953589343528936,0.5578634489408644,0.40602016765665877,0.33383655230426695
4817,0.12686404880371402,0.6243663859331149,0.3953589343528936,0.5578634489408644,0.40602016765665877,0.33383655230426695
4818,0.12686404880371402,0.6243663859331149,0.3953589343528936,0.5578634489408644,0.40602016765665877,0.33383655230426695
4819,0.12686404880371402,0.6243663859331149,0.3953589343528936,0.5578634489408644,0.40602016765665877,0.33383655230426695
4820,0.12686404880371402,0.6243663859331149,0.3953589343528936,0.5578634489408644,0.40602016765665877,0.33383655230426695
4821,0.12686404880371402,0.6243663859331149,0.3953589343528936,0.5578634489408644,0.40602016765665877,0.33383655230426695
4822,0.12686404880371402,0.6243663859331149,0.3953589343528936,0.5578634489408644,0.40602016765665877,0.33383655230426695
4823,0.12686404880371402,0.6243663859331149,0.3953589343528936,0.5578634489408644,0.40602016765665877,0.33383655230426695
4824,0.12687130190718007,0.6244286072489545,0.39541468736455854,0.5579148237792307,0.40607429145671586,0.33386577413283675
4825,0.12687130190718007,0.6244286072489545,0.39541468736455854,0.5579148237792307,0.40607429145671586,0.33386577413283675
4826,0.12687130190718007,0.6244286072489545,0.39541468736455854,0.5579148237792307,0.40607429145671586,0.33386577413283675
4827,0.12687130190718007,0.6244286072489545,0.39541468736455854,0.5579148237792307,0.40607429145671586,0.33386577413283675
4828,0.12687130190718007,0.6244286072489545,0.39541468736455854,0.5579148237792307,0.40607429145671586,0.33386577413283675
4829,0.12687130190718007,0.6244286072489545,0.39541468736455854,0.5579148237792307,0.40607429145671586,0.33386577413283675
4830,0.12687130190718007,0.6244286072489545,0.39541468736455854,0.5579148237792307,0.40607429145671586,0.33386577413283675
4831,0.12687130190718007,0.6244286072489545,0.39541468736455854,0.5579148237792307,0.40607429145671586,0.33386577413283675
4832,0.12687130190718007,0.6244286072489545,0.39541468736455854,0.5579148237792307,0.40607429145671586,0.33386577413283675
4833,0.12687130190718007,0.6244286072489545,0.39541468736455854,0.5579148237792307,0.40607429145671586,0.33386577413283675
4834,0.12687130190718007,0.6244286072489545,0.39541468736455854,0.5579148237792307,0.40607429145671586,0.33386577413283675
4835,0.12687130190718007,0.6244286072489545,0.39541468736455854,0.5579148237792307,0.40607429145671586,0.33386577413283675
4836,0.12687130190718007,0.6244286072489545,0.39541468736455854,0.5579148237792307,0.40607429145671586,0.33386577413283675
4837,0.12687130190718007,0.6244286072489545,0.39541468736455854,0.5579148237792307,0.40607429145671586,0.33386577413283675
4838,0.12687130190718007,0.6244286072489545,0.39541468736455854,0.5579148237792307,0.40607429145671586,0.33386577413283675
4839,0.12687130190718007,0.6244286072489545,0.39541468736455854,0.5579148237792307,0.40607429145671586,0.33386577413283675
4840,0.12687130190718007,0.6244286072489545,0.39541468736455854,0.5579148237792307,0.40607429145671586,0.33386577413283675
4841,0.12687130190718007,0.6244286072489545,0.39541468736455854,0.5579148237792307,0.40607429145671586,0.33386577413283675
4842,0.12687130190718007,0.6244286072489545,0.39541468736455854,0.5579148237792307,0.40607429145671586,0.33386577413283675
4843,0.12687130190718007,0.6244286072489545,0.39541468736455854,0.5579148237792307,0.40607429145671586,0.33386577413283675
4844,0.12687130190718007,0.6244286072489545,0.39541468736455854,0.5579148237792307,0.40607429145671586,0.33386577413283675
4845,0.12687130190718007,0.6244286072489545,0.39541468736455854,0.5579148237792307,0.40607429145671586,0.33386577413283675
4846,0.12687130190718007,0.6244286072489545,0.39541468736455854,0.5579148237792307,0.40607429145671586,0.33386577413283675
4847,0.12687130190718007,0.6244286072489545,0.39541468736455854,0.5579148237792307,0.40607429145671586,0.33386577413283675
4848,0.12514620160983034,0.6120984485391366,0.38861247223275774,0.5485444603213011,0.3983972407254066,0.327202142723516
4849,0.12514620160983034,0.6120984485391366,0.38861247223275774,0.5485444603213011,0.3983972407254066,0.327202142723516
4850,0.12514620160983034,0.6120984485391366,0.38861247223275774,0.5485444603213011,0.3983972407254066,0.327202142723516
4851,0.12514620160983034,0.6120984485391366,0.38861247223275774,0.5485444603213011,0.3983972407254066,0.327202142723516
4852,0.12514620160983034,0.6120984485391366,0.38861247223275774,0.5485444603213011,0.3983972407254066,0.327202142723516
4853,0.12514620160983034,0.6120984485391366,0.38861247223275774,0.5485444603213011,0.3983972407254066,0.327202142723516
4854,0.12514620160983034,0.6120984485391366,0.38861247223275774,0.5485444603213011,0.3983972407254066,0.327202142723516
4855,0.12514620160983034,0.6120984485391366,0.38861247223275774,0.5485444603213011,0.3983972407254066,0.327202142723516
4856,0.12514620160983034,0.6120984485391366,0.38861247223275774,0.5485444603213011,0.3983972407254066,0.327202142723516
4857,0.12514620160983034,0.6120984485391366,0.38861247223275774,0.5485444603213011,0.3983972407254066,0.327202142723516
4858,0.12514620160983034,0.6120984485391366,0.38861247223275774,0.5485444603213011,0.3983972407254066,0.327202142723516
4859,0.12514620160983034,0.6120984485391366,0.38861247223275774,0.5485444603213011,0.3983972407254066,0.327202142723516
4860,0.12514620160983034,0.6120984485391366,0.38861247223275774,0.5485444603213011,0.3983972407254066,0.327202142723516
4861,0.12514620160983034,0.6120984485391366,0.38861247223275774,0.5485444603213011,0.3983972407254066,0.327202142723516
4862,0.12514620160983034,0.6120984485391366,0.38861247223275774,0.5485444603213011,0.3983972407254066,0.327202142723516
4863,0.12514620160983034,0.6120984485391366,0.38861247223275774,0.5485444603213011,0.3983972407254066,0.327202142723516
4864,0.12514620160983034,0.6120984485391366,0.38861247223275774,0.5485444603213011,0.3983972407254066,0.327202142723516
4865,0.12514620160983034,0.6120984485391366,0.38861247223275774,0.5485444603213011,0.3983972407254066,0.327202142723516
4866,0.12514620160983034,0.6120984485391366,0.38861247223275774,0.5485444603213011,0.3983972407254066,0.327202142723516
4867,0.12514620160983034,0.6120984485391366,0.38861247223275774,0.5485444603213011,0.3983972407254066,0.327202142723516
4868,0.12514620160983034,0.6120984485391366,0.38861247223275774,0.5485444603213011,0.3983972407254066,0.327202142723516
4869,0.12514620160983034,0.6120984485391366,0.38861247223275774,0.5485444603213011,0.3983972407254066,0.327202142723516
4870,0.12514620160983034,0.6120984485391366,0.38861247223275774,0.5485444603213011,0.3983972407254066,0.327202142723516
4871,0.12514620160983034,0.6120984485391366,0.38861247223275774,0.5485444603213011,0.3983972407254066,0.327202142723516
4872,0.12336430005728775,0.5996194082023635,0.3817286330280085,0.5392669748910693,0.3905880780822262,0.3205263576540964
4873,0.12336430005728775,0.5996194082023635,0.3817286330280085,0.5392669748910693,0.3905880780822262,0.3205263576540964
4874,0.12336430005728775,0.5996194082023635,0.3817286330280085,0.5392669748910693,0.3905880780822262,0.3205263576540964
4875,0.12336430005728775,0.5996194082023635,0.3817286330280085,0.5392669748910693,0.3905880780822262,0.3205263576540964
4876,0.12336430005728775,0.5996194082023635,0.3817286330280085,0.5392669748910693,0.3905880780822262,0.3205263576540964
4877,0.12336430005728775,0.5996194082023635,0.3817286330280085,0.5392669748910693,0.3905880780822262,0.3205263576540964
4878,0.12336430005728775,0.5996194082023635,0.3817286330280085,0.5392669748910693,0.3905880780822262,0.3205263576540964
4879,0.12336430005728775,0.5996194082023635,0.3817286330280085,0.5392669748910693,0.3905880780822262,0.3205263576540964
4880,0.12336430005728775,0.5996194082023635,0.3817286330280085,0.5392669748910693,0.3905880780822262,0.3205263576540964
4881,0.12336430005728775,0.5996194082023635,0.3817286330280085,0.5392669748910693,0.3905880780822262,0.3205263576540964
4882,0.12336430005728775,0.5996194082023635,0.3817286330280085,0.5392669748910693,0.3905880780822262,0.3205263576540964
4883,0.12336430005728775,0.5996194082023635,0.3817286330280085,0.5392669748910693,0.3905880780822262,0.3205263576540964
4884,0.12336430005728775,0.5996194082023635,0.3817286330280085,0.5392669748910693,0.3905880780822262,0.3205263576540964
4885,0.12336430005728775,0.5996194082023635,0.3817286330280085,0.5392669748910693,0.3905880780822262,0.3205263576540964
4886,0.12336430005728775,0.5996194082023635,0.3817286330280085,0.5392669748910693,0.3905880780822262,0.3205263576540964
4887,0.12336430005728775,0.5996194082023635,0.3817286330280085,0.5392669748910693,0.3905880780822262,0.3205263576540964
4888,0.12336430005728775,0.5996194082023635,0.3817286330280085,0.5392669748910693,0.3905880780822262,0.3205263576540964
4889,0.12336430005728775,0.5996194082023635,0.3817286330280085,0.5392669748910693,0.3905880780822262,0.3205263576540964
4890,0.12336430005728775,0.5996194082023635,0.3817286330280085,0.5392669748910693,0.3905880780822262,0.3205263576540964
4891,0.12336430005728775,0.5996194082023635,0.3817286330280085,0.5392669748910693,0.3905880780822262,0.3205263576540964
4892,0.12336430005728775,0.5996194082023635,0.3817286330280085,0.5392669748910693,0.3905880780822262,0.3205263576540964
4893,0.12336430005728775,0.5996194082023635,0.3817286330280085,0.5392669748910693,0.3905880780822262,0.3205263576540964
4894,0.12336430005728775,0.5996194082023635,0.3817286330280085,0.5392669748910693,0.3905880780822262,0.3205263576540964
4895,0.12336430005728775,0.5996194082023635,0.3817286330280085,0.5392669748910693,0.3905880780822262,0.3205263576540964
4896,0.12084574772301666,0.5821045246660365,0.3700899972426485,0.5261553123078416,0.37791085336814606,0.3119432512647376
4897,0.12084574772301666,0.5821045246660365,0.3700899972426485,0.5261553123078416,0.37791085336814606,0.3119432512647376
4898,0.12084574772301666,0.5821045246660365,0.3700899972426485,0.5261553123078416,0.37791085336814606,0.3119432512647376
4899,0.12084574772301666,0.5821045246660365,0.3700899972426485,0.5261553123078416,0.37791085336814606,0.3119432512647376
4900,0.12084574772301666,0.5821045246660365,0.3700899972426485,0.5261553123078416,0.37791085336814606,0.3119432512647376
4901,0.12084574772301666,0.5821045246660365,0.3700899972426485,0.5261553123078416,0.37791085336814606,0.3119432512647376
4902,0.12084574772301666,0.5821045246660365,0.3700899972426485,0.5261553123078416,0.37791085336814606,0.3119432512647376
4903,0.12084574772301666,0.5821045246660365,0.3700899972426485,0.5261553123078416,0.37791085336814606,0.3119432512647376
4904,0.12084574772301666,0.5821045246660365,0.3700899972426485,0.5261553123078416,0.37791085336814606,0.3119432512647376
4905,0.12084574772301666,0.5821045246660365,0.3700899972426485,0.5261553123078416,0.37791085336814606,0.3119432512647376
4906,0.12084574772301666,0.5821045246660365,0.3700899972426485,0.5261553123078416,0.37791085336814606,0.3119432512647376
4907,0.12084574772301666,0.5821045246660365,0.3700899972426485,0.5261553123078416,0.37791085336814606,0.3119432512647376
4908,0.12084574772301666,0.5821045246660365,0.3700899972426485,0.5261553123078416,0.37791085336814606,0.3119432512647376
4909,0.12084574772301666,0.5821045246660365,0.3700899972426485,0.5261553123078416,0.37791085336814606,0.3119432512647376
4910,0.12084574772301666,0.5821045246660365,0.3700899972426485,0.5261553123078416,0.37791085336814606,0.3119432512647376
4911,0.12084574772301666,0.5821045246660365,0.3700899972426485,0.5261553123078416,0.37791085336814606,0.3119432512647376
4912,0.12084574772301666,0.5821045246660365,0.3700899972426485,0.5261553123078416,0.37791085336814606,0.3119432512647376
4913,0.12084574772301666,0.5821045246660365,0.3700899972426485,0.5261553123078416,0.37791085336814606,0.3119432512647376
4914,0.12084574772301666,0.5821045246660365,0.3700899972426485,0.5261553123078416,0.37791085336814606,0.3119432512647376
4915,0.12084574772301666,0.5821045246660365,0.3700899972426485,0.5261553123078416,0.37791085336814606,0.3119432512647376
4916,0.12084574772301666,0.5821045246660365,0.3700899972426485,0.5261553123078416,0.37791085336814606,0.3119432512647376
4917,0.12084574772301666,0.5821045246660365,0.3700899972426485,0.5261553123078416,0.37791085336814606,0.3119432512647376
4918,0.12084574772301666,0.5821045246660365,0.3700899972426485,0.5261553123078416,0.37791085336814606,0.3119432512647376
4919,0.12084574772301666,0.5821045246660365,0.3700899972426485,0.5261553123078416,0.37791085336814606,0.3119432512647376
4920,0.11914729975451753,0.570093028362563,0.3637697735810331,0.5158158951607031,0.3702730307328826,0.30526950999838437
4921,0.11914729975451753,0.570093028362563,0.3637697735810331,0.5158158951607031,0.3702730307328826,0.30526950999838437
4922,0.11914729975451753,0.570093028362563,0.3637697735810331,0.5158158951607031,0.3702730307328826,0.30526950999838437
4923,0.11914729975451753,0.570093028362563,0.3637697735810331,0.5158158951607031,0.3702730307328826,0.30526950999838437
4924,0.11914729975451753,0.570093028362563,0.3637697735810331,0.5158158951607031,0.3702730307328826,0.30526950999838437
4925,0.11914729975451753,0.570093028362563,0.3637697735810331,0.5158158951607031,0.3702730307328826,0.30526950999838437
4926,0.11914729975451753,0.570093028362563,0.3637697735810331,0.5158158951607031,0.3702730307328826,0.30526950999838437
4927,0.11914729975451753,0.570093028362563,0.3637697735810331,0.5158158951607031,0.3702730307328826,0.30526950999838437
4928,0.11914729975451753,0.570093028362563,0.3637697735810331,0.5158158951607031,0.3702730307328826,0.30526950999838437
4929,0.11914729975451753,0.570093028362563,0.3637697735810331,0.5158158951607031,0.3702730307328826,0.30526950999838437
4930,0.11914729975451753,0.570093028362563,0.3637697735810331,0.5158158951607031,0.3702730307328826,0.30526950999838437
4931,0.11914729975451753,0.570093028362563,0.3637697735810331,0.5158158951607031,0.3702730307328826,0.30526950999838437
4932,0.11914729975451753,0.570093028362563,0.3637697735810331,0.5158158951607031,0.3702730307328826,0.30526950999838437
4933,0.11914729975451753,0.570093028362563,0.3637697735810331,0.5158158951607031,0.3702730307328826,0.30526950999838437
4934,0.11914729975451753,0.570093028362563,0.3637697735810331,0.5158158951607031,0.3702730307328826,0.30526950999838437
4935,0.11914729975451753,0.570093028362563,0.3637697735810331,0.5158158951607031,0.3702730307328826,0.30526950999838437
4936,0.11914729975451753,0.570093028362563,0.3637697735810331,0.5158158951607031,0.3702730307328826,0.30526950999838437
4937,0.11914729975451753,0.570093028362563,0.3637697735810331,0.5158158951607031,0.3702730307328826,0.30526950999838437
4938,0.11914729975451753,0.570093028362563,0.3637697735810331,0.5158158951607031,0.3702730307328826,0.30526950999838437
4939,0.11914729975451753,0.570093028362563,0.3637697735810331,0.5158158951607031,0.3702730307328826,0.30526950999838437
4940,0.11914729975451753,0.570093028362563,0.3637697735810331,0.5158158951607031,0.3702730307328826,0.30526950999838437
4941,0.11914729975451753,0.570093028362563,0.3637697735810331,0.5158158951607031,0.3702730307328826,0.30526950999838437
4942,0.11914729975451753,0.570093028362563,0.3637697735810331,0.5158158951607031,0.3702730307328826,0.30526950999838437
4943,0.11914729975451753,0.570093028362563,0.3637697735810331,0.5158158951607031,0.3702730307328826,0.30526950999838437
4944,0.11807389615869647,0.5662140140484017,0.36357658245310004,0.5136696016651706,0.37058427206953654,0.3019488372551066
4945,0.11807389615869647,0.5662140140484017,0.36357658245310004,0.5136696016651706,0.37058427206953654,0.3019488372551066
4946,0.11807389615869647,0.5662140140484017,0.36357658245310004,0.5136696016651706,0.37058427206953654,0.3019488372551066
4947,0.11807389615869647,0.5662140140484017,0.36357658245310004,0.5136696016651706,0.37058427206953654,0.3019488372551066
4948,0.11807389615869647,0.5662140140484017,0.36357658245310004,0.5136696016651706,0.37058427206953654,0.3019488372551066
4949,0.11807389615869647,0.5662140140484017,0.36357658245310004,0.5136696016651706,0.37058427206953654,0.3019488372551066
4950,0.11807389615869647,0.5662140140484017,0.36357658245310004,0.5136696016651706,0.37058427206953654,0.3019488372551066
4951,0.11807389615869647,0.5662140140484017,0.36357658245310004,0.5136696016651706,0.37058427206953654,0.3019488372551066
4952,0.11807389615869647,0.5662140140484017,0.36357658245310004,0.5136696016651706,0.37058427206953654,0.3019488372551066
4953,0.11807389615869647,0.5662140140484017,0.36357658245310004,0.5136696016651706,0.37058427206953654,0.3019488372551066
4954,0.11807389615869647,0.5662140140484017,0.36357658245310004,0.5136696016651706,0.37058427206953654,0.3019488372551066
4955,0.11807389615869647,0.5662140140484017,0.36357658245310004,0.5136696016651706,0.37058427206953654,0.3019488372551066
4956,0.11807389615869647,0.5662140140484017,0.36357658245310004,0.5136696016651706,0.37058427206953654,0.3019488372551066
4957,0.11807389615869647,0.5662140140484017,0.36357658245310004,0.5136696016651706,0.37058427206953654,0.3019488372551066
4958,0.11807389615869647,0.5662140140484017,0.36357658245310004,0.5136696016651706,0.37058427206953654,0.3019488372551066
4959,0.11807389615869647,0.5662140140484017,0.36357658245310004,0.5136696016651706,0.37058427206953654,0.3019488372551066
4960,0.11807389615869647,0.5662140140484017,0.36357658245310004,0.5136696016651706,0.37058427206953654,0.3019488372551066
4961,0.11807389615869647,0.5662140140484017,0.36357658245310004,0.5136696016651706,0.37058427206953654,0.3019488372551066
4962,0.11807389615869647,0.5662140140484017,0.36357658245310004,0.5136696016651706,0.37058427206953654,0.3019488372551066
4963,0.11807389615869647,0.5662140140484017,0.36357658245310004,0.5136696016651706,0.37058427206953654,0.3019488372551066
4964,0.11807389615869647,0.5662140140484017,0.36357658245310004,0.5136696016651706,0.37058427206953654,0.3019488372551066
4965,0.11807389615869647,0.5662140140484017,0.36357658245310004,0.5136696016651706,0.37058427206953654,0.3019488372551066
4966,0.11807389615869647,0.5662140140484017,0.36357658245310004,0.5136696016651706,0.37058427206953654,0.3019488372551066
4967,0.11807389615869647,0.5662140140484017,0.36357658245310004,0.5136696016651706,0.37058427206953654,0.3019488372551066
4968,0.1164145839271354,0.5578216173179785,0.3596675316044346,0.5083909772954861,0.3666129021414402,0.29683603940100634
4969,0.1164145839271354,0.5578216173179785,0.3596675316044346,0.5083909772954861,0.3666129021414402,0.29683603940100634
4970,0.1164145839271354,0.5578216173179785,0.3596675316044346,0.5083909772954861,0.3666129021414402,0.29683603940100634
4971,0.1164145839271354,0.5578216173179785,0.3596675316044346,0.5083909772954861,0.3666129021414402,0.29683603940100634
4972,0.1164145839271354,0.5578216173179785,0.3596675316044346,0.5083909772954861,0.3666129021414402,0.29683603940100634
4973,0.1164145839271354,0.5578216173179785,0.3596675316044346,0.5083909772954861,0.3666129021414402,0.29683603940100634
4974,0.1164145839271354,0.5578216173179785,0.3596675316044346,0.5083909772954861,0.3666129021414402,0.29683603940100634
4975,0.1164145839271354,0.5578216173179785,0.3596675316044346,0.5083909772954861,0.3666129021414402,0.29683603940100634
4976,0.1164145839271354,0.5578216173179785,0.3596675316044346,0.5083909772954861,0.3666129021414402,0.29683603940100634
4977,0.1164145839271354,0.5578216173179785,0.3596675316044346,0.5083909772954861,0.3666129021414402,0.29683603940100634
4978,0.1164145839271354,0.5578216173179785,0.3596675316044346,0.5083909772954861,0.3666129021414402,0.29683603940100634
4979,0.1164145839271354,0.5578216173179785,0.3596675316044346,0.5083909772954861,0.3666129021414402,0.29683603940100634
4980,0.1164145839271354,0.5578216173179785,0.3596675316044346,0.5083909772954861,0.3666129021414402,0.29683603940100634
4981,0.1164145839271354,0.5578216173179785,0.3596675316044346,0.5083909772954861,0.3666129021414402,0.29683603940100634
4982,0.1164145839271354,0.5578216173179785,0.3596675316044346,0.5083909772954861,0.3666129021414402,0.29683603940100634
4983,0.1164145839271354,0.5578216173179785,0.3596675316044346,0.5083909772954861,0.3666129021414402,0.29683603940100634
4984,0.1164145839271354,0.5578216173179785,0.3596675316044346,0.5083909772954861,0.3666129021414402,0.29683603940100634
4985,0.1164145839271354,0.5578216173179785,0.3596675316044346,0.5083909772954861,0.3666129021414402,0.29683603940100634
4986,0.1164145839271354,0.5578216173179785,0.3596675316044346,0.5083909772954861,0.3666129021414402,0.29683603940100634
4987,0.1164145839271354,0.5578216173179785,0.3596675316044346,0.5083909772954861,0.3666129021414402,0.29683603940100634
4988,0.1164145839271354,0.5578216173179785,0.3596675316044346,0.5083909772954861,0.3666129021414402,0.29683603940100634
4989,0.1164145839271354,0.5578216173179785,0.3596675316044346,0.5083909772954861,0.3666129021414402,0.29683603940100634
4990,0.1164145839271354,0.5578216173179785,0.3596675316044346,0.5083909772954861,0.3666129021414402,0.29683603940100634
4991,0.1164145839271354,0.5578216173179785,0.3596675316044346,0.5083909772954861,0.3666129021414402,0.29683603940100634
4992,0.11391946245320665,0.5419578838406428,0.34917414896868976,0.49711013488000005,0.3551269305447781,0.2891075700483805
4993,0.11391946245320665,0.5419578838406428,0.34917414896868976,0.49711013488000005,0.3551269305447781,0.2891075700483805
4994,0.11391946245320665,0.5419578838406428,0.34917414896868976,0.49711013488000005,0.3551269305447781,0.2891075700483805
4995,0.11391946245320665,0.5419578838406428,0.34917414896868976,0.49711013488000005,0.3551269305447781,0.2891075700483805
4996,0.11391946245320665,0.5419578838406428,0.34917414896868976,0.49711013488000005,0.3551269305447781,0.2891075700483805
4997,0.11391946245320665,0.5419578838406428,0.34917414896868976,0.49711013488000005,0.3551269305447781,0.2891075700483805
4998,0.11391946245320665,0.5419578838406428,0.34917414896868976,0.49711013488000005,0.3551269305447781,0.2891075700483805
4999,0.11391946245320665,0.5419578838406428,0.34917414896868976,0.49711013488000005,0.3551269305447781,0.2891075700483805
5000,0.11391946245320665,0.5419578838406428,0.34917414896868976,0.49711013488000005,0.3551269305447781,0.2891075700483805
5001,0.11391946245320665,0.5419578838406428,0.34917414896868976,0.49711013488000005,0.3551269305447781,0.2891075700483805
5002,0.11391946245320665,0.5419578838406428,0.34917414896868976,0.49711013488000005,0.3551269305447781,0.2891075700483805
5003,0.11391946245320665,0.5419578838406428,0.34917414896868976,0.49711013488000005,0.3551269305447781,0.2891075700483805
5004,0.11391946245320665,0.5419578838406428,0.34917414896868976,0.49711013488000005,0.3551269305447781,0.2891075700483805
5005,0.11391946245320665,0.5419578838406428,0.34917414896868976,0.49711013488000005,0.3551269305447781,0.2891075700483805
5006,0.11391946245320665,0.5419578838406428,0.34917414896868976,0.49711013488000005,0.3551269305447781,0.2891075700483805
5007,0.11391946245320665,0.5419578838406428,0.34917414896868976,0.49711013488000005,0.3551269305447781,0.2891075700483805
5008,0.11391946245320665,0.5419578838406428,0.34917414896868976,0.49711013488000005,0.3551269305447781,0.2891075700483805
5009,0.11391946245320665,0.5419578838406428,0.34917414896868976,0.49711013488000005,0.3551269305447781,0.2891075700483805
5010,0.11391946245320665,0.5419578838406428,0.34917414896868976,0.49711013488000005,0.3551269305447781,0.2891075700483805
5011,0.11391946245320665,0.5419578838406428,0.34917414896868976,0.49711013488000005,0.3551269305447781,0.2891075700483805
5012,0.11391946245320665,0.5419578838406428,0.34917414896868976,0.49711013488000005,0.3551269305447781,0.2891075700483805
5013,0.11391946245320665,0.5419578838406428,0.34917414896868976,0.49711013488000005,0.3551269305447781,0.2891075700483805
5014,0.11391946245320665,0.5419578838406428,0.34917414896868976,0.49711013488000005,0.3551269305447781,0.2891075700483805
5015,0.11391946245320665,0.5419578838406428,0.34917414896868976,0.49711013488000005,0.3551269305447781,0.2891075700483805
5016,0.11227599916993641,0.5301975069943962,0.34275542936225484,0.48793429825507767,0.34797850851913115,0.2826395514919447
5017,0.11227599916993641,0.5301975069943962,0.34275542936225484,0.48793429825507767,0.34797850851913115,0.2826395514919447
5018,0.11227599916993641,0.5301975069943962,0.34275542936225484,0.48793429825507767,0.34797850851913115,0.2826395514919447
5019,0.11227599916993641,0.5301975069943962,0.34275542936225484,0.48793429825507767,0.34797850851913115,0.2826395514919447
5020,0.11227599916993641,0.5301975069943962,0.34275542936225484,0.48793429825507767,0.34797850851913115,0.2826395514919447
5021,0.11227599916993641,0.5301975069943962,0.34275542936225484,0.48793429825507767,0.34797850851913115,0.2826395514919447
5022,0.11227599916993641,0.5301975069943962,0.34275542936225484,0.48793429825507767,0.34797850851913115,0.2826395514919447
5023,0.11227599916993641,0.5301975069943962,0.34275542936225484,0.48793429825507767,0.34797850851913115,0.2826395514919447
5024,0.11227599916993641,0.5301975069943962,0.34275542936225484,0.48793429825507767,0.34797850851913115,0.2826395514919447
5025,0.11227599916993641,0.5301975069943962,0.34275542936225484,0.48793429825507767,0.34797850851913115,0.2826395514919447
5026,0.11227599916993641,0.5301975069943962,0.34275542936225484,0.48793429825507767,0.34797850851913115,0.2826395514919447
5027,0.11227599916993641,0.5301975069943962,0.34275542936225484,0.48793429825507767,0.34797850851913115,0.2826395514919447
5028,0.11227599916993641,0.5301975069943962,0.34275542936225484,0.48793429825507767,0.34797850851913115,0.2826395514919447
5029,0.11227599916993641,0.5301975069943962,0.34275542936225484,0.48793429825507767,0.34797850851913115,0.2826395514919447
5030,0.11227599916993641,0.5301975069943962,0.34275542936225484,0.48793429825507767,0.34797850851913115,0.2826395514919447
5031,0.11227599916993641,0.5301975069943962,0.34275542936225484,0.48793429825507767,0.34797850851913115,0.2826395514919447
5032,0.11227599916993641,0.5301975069943962,0.34275542936225484,0.48793429825507767,0.34797850851913115,0.2826395514919447
5033,0.11227599916993641,0.5301975069943962,0.34275542936225484,0.48793429825507767,0.34797850851913115,0.2826395514919447
5034,0.11227599916993641,0.5301975069943962,0.34275542936225484,0.48793429825507767,0.34797850851913115,0.2826395514919447
5035,0.11227599916993641,0.5301975069943962,0.34275542936225484,0.48793429825507767,0.34797850851913115,0.2826395514919447
5036,0.11227599916993641,0.5301975069943962,0.34275542936225484,0.48793429825507767,0.34797850851913115,0.2826395514919447
5037,0.11227599916993641,0.5301975069943962,0.34275542936225484,0.48793429825507767,0.34797850851913115,0.2826395514919447
5038,0.11227599916993641,0.5301975069943962,0.34275542936225484,0.48793429825507767,0.34797850851913115,0.2826395514919447
5039,0.11227599916993641,0.5301975069943962,0.34275542936225484,0.48793429825507767,0.34797850851913115,0.2826395514919447
5040,0.11067300459753389,0.5188158460429967,0.3366407620032051,0.47890271880149343,0.34122275413251796,0.2763088932671231
5041,0.11067300459753389,0.5188158460429967,0.3366407620032051,0.47890271880149343,0.34122275413251796,0.2763088932671231
5042,0.11067300459753389,0.5188158460429967,0.3366407620032051,0.47890271880149343,0.34122275413251796,0.2763088932671231
5043,0.11067300459753389,0.5188158460429967,0.3366407620032051,0.47890271880149343,0.34122275413251796,0.2763088932671231
5044,0.11067300459753389,0.5188158460429967,0.3366407620032051,0.47890271880149343,0.34122275413251796,0.2763088932671231
5045,0.11067300459753389,0.5188158460429967,0.3366407620032051,0.47890271880149343,0.34122275413251796,0.2763088932671231
5046,0.11067300459753389,0.5188158460429967,0.3366407620032051,0.47890271880149343,0.34122275413251796,0.2763088932671231
5047,0.11067300459753389,0.5188158460429967,0.3366407620032051,0.47890271880149343,0.34122275413251796,0.2763088932671231
5048,0.11067300459753389,0.5188158460429967,0.3366407620032051,0.47890271880149343,0.34122275413251796,0.2763088932671231
5049,0.11067300459753389,0.5188158460429967,0.3366407620032051,0.47890271880149343,0.34122275413251796,0.2763088932671231
5050,0.11067300459753389,0.5188158460429967,0.3366407620032051,0.47890271880149343,0.34122275413251796,0.2763088932671231
5051,0.11067300459753389,0.5188158460429967,0.3366407620032051,0.47890271880149343,0.34122275413251796,0.2763088932671231
5052,0.11067300459753389,0.5188158460429967,0.3366407620032051,0.47890271880149343,0.34122275413251796,0.2763088932671231
5053,0.11067300459753389,0.5188158460429967,0.3366407620032051,0.47890271880149343,0.34122275413251796,0.2763088932671231
5054,0.11067300459753389,0.5188158460429967,0.3366407620032051,0.47890271880149343,0.34122275413251796,0.2763088932671231
5055,0.11067300459753389,0.5188158460429967,0.3366407620032051,0.47890271880149343,0.34122275413251796,0.2763088932671231
5056,0.11067300459753389,0.5188158460429967,0.3366407620032051,0.47890271880149343,0.34122275413251796,0.2763088932671231
5057,0.11067300459753389,0.5188158460429967,0.3366407620032051,0.47890271880149343,0.34122275413251796,0.2763088932671231
5058,0.11067300459753389,0.5188158460429967,0.3366407620032051,0.47890271880149343,0.34122275413251796,0.2763088932671231
5059,0.11067300459753389,0.5188158460429967,0.3366407620032051,0.47890271880149343,0.34122275413251796,0.2763088932671231
5060,0.11067300459753389,0.5188158460429967,0.3366407620032051,0.47890271880149343,0.34122275413251796,0.2763088932671231
5061,0.11067300459753389,0.5188158460429967,0.3366407620032051,0.47890271880149343,0.34122275413251796,0.2763088932671231
5062,0.11067300459753389,0.5188158460429967,0.3366407620032051,0.47890271880149343,0.34122275413251796,0.2763088932671231
5063,0.11067300459753389,0.5188158460429967,0.3366407620032051,0.47890271880149343,0.34122275413251796,0.2763088932671231
5064,0.10989486778117931,0.5128046209620764,0.33462920962415477,0.47430742788992863,0.33919208371815723,0.2722054663844666
5065,0.10989486778117931,0.5128046209620764,0.33462920962415477,0.47430742788992863,0.33919208371815723,0.2722054663844666
5066,0.10989486778117931,0.5128046209620764,0.33462920962415477,0.47430742788992863,0.33919208371815723,0.2722054663844666
5067,0.10989486778117931,0.5128046209620764,0.33462920962415477,0.47430742788992863,0.33919208371815723,0.2722054663844666
5068,0.10989486778117931,0.5128046209620764,0.33462920962415477,0.47430742788992863,0.33919208371815723,0.2722054663844666
5069,0.10989486778117931,0.5128046209620764,0.33462920962415477,0.47430742788992863,0.33919208371815723,0.2722054663844666
5070,0.10989486778117931,0.5128046209620764,0.33462920962415477,0.47430742788992863,0.33919208371815723,0.2722054663844666
5071,0.10989486778117931,0.5128046209620764,0.33462920962415477,0.47430742788992863,0.33919208371815723,0.2722054663844666
5072,0.10989486778117931,0.5128046209620764,0.33462920962415477,0.47430742788992863,0.33919208371815723,0.2722054663844666
5073,0.10989486778117931,0.5128046209620764,0.33462920962415477,0.47430742788992863,0.33919208371815723,0.2722054663844666
5074,0.10989486778117931,0.5128046209620764,0.33462920962415477,0.47430742788992863,0.33919208371815723,0.2722054663844666
5075,0.10989486778117931,0.5128046209620764,0.33462920962415477,0.47430742788992863,0.33919208371815723,0.2722054663844666
5076,0.10989486778117931,0.5128046209620764,0.33462920962415477,0.47430742788992863,0.33919208371815723,0.2722054663844666
5077,0.10989486778117931,0.5128046209620764,0.33462920962415477,0.47430742788992863,0.33919208371815723,0.2722054663844666
5078,0.10989486778117931,0.5128046209620764,0.33462920962415477,0.47430742788992863,0.33919208371815723,0.2722054663844666
5079,0.10989486778117931,0.5128046209620764,0.33462920962415477,0.47430742788992863,0.33919208371815723,0.2722054663844666
5080,0.10989486778117931,0.5128046209620764,0.33462920962415477,0.47430742788992863,0.33919208371815723,0.2722054663844666
5081,0.10989486778117931,0.5128046209620764,0.33462920962415477,0.47430742788992863,0.33919208371815723,0.2722054663844666
5082,0.10989486778117931,0.5128046209620764,0.33462920962415477,0.47430742788992863,0.33919208371815723,0.2722054663844666
5083,0.10989486778117931,0.5128046209620764,0.33462920962415477,0.47430742788992863,0.33919208371815723,0.2722054663844666
5084,0.10989486778117931,0.5128046209620764,0.33462920962415477,0.47430742788992863,0.33919208371815723,0.2722054663844666
5085,0.10989486778117931,0.5128046209620764,0.33462920962415477,0.47430742788992863,0.33919208371815723,0.2722054663844666
5086,0.10989486778117931,0.5128046209620764,0.33462920962415477,0.47430742788992863,0.33919208371815723,0.2722054663844666
5087,0.10989486778117931,0.5128046209620764,0.33462920962415477,0.47430742788992863,0.33919208371815723,0.2722054663844666
5088,0.10896870169834283,0.5056040317902736,0.33169736095597613,0.46851374253743083,0.3360897850653252,0.2675803984826096
5089,0.10896870169834283,0.5056040317902736,0.33169736095597613,0.46851374253743083,0.3360897850653252,0.2675803984826096
5090,0.10896870169834283,0.5056040317902736,0.33169736095597613,0.46851374253743083,0.3360897850653252,0.2675803984826096
5091,0.10896870169834283,0.5056040317902736,0.33169736095597613,0.46851374253743083,0.3360897850653252,0.2675803984826096
5092,0.10896870169834283,0.5056040317902736,0.33169736095597613,0.46851374253743083,0.3360897850653252,0.2675803984826096
5093,0.10896870169834283,0.5056040317902736,0.33169736095597613,0.46851374253743083,0.3360897850653252,0.2675803984826096
5094,0.10896870169834283,0.5056040317902736,0.33169736095597613,0.46851374253743083,0.3360897850653252,0.2675803984826096
5095,0.10896870169834283,0.5056040317902736,0.33169736095597613,0.46851374253743083,0.3360897850653252,0.2675803984826096
5096,0.10896870169834283,0.5056040317902736,0.33169736095597613,0.46851374253743083,0.3360897850653252,0.2675803984826096
5097,0.10896870169834283,0.5056040317902736,0.33169736095597613,0.46851374253743083,0.3360897850653252,0.2675803984826096
5098,0.10896870169834283,0.5056040317902736,0.33169736095597613,0.46851374253743083,0.3360897850653252,0.2675803984826096
5099,0.10896870169834283,0.5056040317902736,0.33169736095597613,0.46851374253743083,0.3360897850653252,0.2675803984826096
5100,0.10896870169834283,0.5056040317902736,0.33169736095597613,0.46851374253743083,0.3360897850653252,0.2675803984826096
5101,0.10896870169834283,0.5056040317902736,0.33169736095597613,0.46851374253743083,0.3360897850653252,0.2675803984826096
5102,0.10896870169834283,0.5056040317902736,0.33169736095597613,0.46851374253743083,0.3360897850653252,0.2675803984826096
5103,0.10896870169834283,0.5056040317902736,0.33169736095597613,0.46851374253743083,0.3360897850653252,0.2675803984826096
5104,0.10896870169834283,0.5056040317902736,0.33169736095597613,0.46851374253743083,0.3360897850653252,0.2675803984826096
5105,0.10896870169834283,0.5056040317902736,0.33169736095597613,0.46851374253743083,0.3360897850653252,0.2675803984826096
5106,0.10896870169834283,0.5056040317902736,0.33169736095597613,0.46851374253743083,0.3360897850653252,0.2675803984826096
5107,0.10896870169834283,0.5056040317902736,0.33169736095597613,0.46851374253743083,0.3360897850653252,0.2675803984826096
5108,0.10896870169834283,0.5056040317902736,0.33169736095597613,0.46851374253743083,0.3360897850653252,0.2675803984826096
5109,0.10896870169834283,0.5056040317902736,0.33169736095597613,0.46851374253743083,0.3360897850653252,0.2675803984826096
5110,0.10896870169834283,0.5056040317902736,0.33169736095597613,0.46851374253743083,0.3360897850653252,0.2675803984826096
5111,0.10896870169834283,0.5056040317902736,0.33169736095597613,0.46851374253743083,0.3360897850653252,0.2675803984826096
5112,0.1078183368290891,0.4978430054096937,0.3285327285797772,0.4625564023142991,0.33259526489547614,0.26280511013634156
5113,0.1078183368290891,0.4978430054096937,0.3285327285797772,0.4625564023142991,0.33259526489547614,0.26280511013634156
5114,0.1078183368290891,0.4978430054096937,0.3285327285797772,0.4625564023142991,0.33259526489547614,0.26280511013634156
5115,0.1078183368290891,0.4978430054096937,0.3285327285797772,0.4625564023142991,0.33259526489547614,0.26280511013634156
5116,0.1078183368290891,0.4978430054096937,0.3285327285797772,0.4625564023142991,0.33259526489547614,0.26280511013634156
5117,0.1078183368290891,0.4978430054096937,0.3285327285797772,0.4625564023142991,0.33259526489547614,0.26280511013634156
5118,0.1078183368290891,0.4978430054096937,0.3285327285797772,0.4625564023142991,0.33259526489547614,0.26280511013634156
5119,0.1078183368290891,0.4978430054096937,0.3285327285797772,0.4625564023142991,0.33259526489547614,0.26280511013634156
5120,0.1078183368290891,0.4978430054096937,0.3285327285797772,0.4625564023142991,0.33259526489547614,0.26280511013634156
5121,0.1078183368290891,0.4978430054096937,0.3285327285797772,0.4625564023142991,0.33259526489547614,0.26280511013634156
5122,0.1078183368290891,0.4978430054096937,0.3285327285797772,0.4625564023142991,0.33259526489547614,0.26280511013634156
5123,0.1078183368290891,0.4978430054096937,0.3285327285797772,0.4625564023142991,0.33259526489547614,0.26280511013634156
5124,0.1078183368290891,0.4978430054096937,0.3285327285797772,0.4625564023142991,0.33259526489547614,0.26280511013634156
5125,0.1078183368290891,0.4978430054096937,0.3285327285797772,0.4625564023142991,0.33259526489547614,0.26280511013634156
5126,0.1078183368290891,0.4978430054096937,0.3285327285797772,0.4625564023142991,0.33259526489547614,0.26280511013634156
5127,0.1078183368290891,0.4978430054096937,0.3285327285797772,0.4625564023142991,0.33259526489547614,0.26280511013634156
5128,0.1078183368290891,0.4978430054096937,0.3285327285797772,0.4625564023142991,0.33259526489547614,0.26280511013634156
5129,0.1078183368290891,0.4978430054096937,0.3285327285797772,0.4625564023142991,0.33259526489547614,0.26280511013634156
5130,0.1078183368290891,0.4978430054096937,0.3285327285797772,0.4625564023142991,0.33259526489547614,0.26280511013634156
5131,0.1078183368290891,0.4978430054096937,0.3285327285797772,0.4625564023142991,0.33259526489547614,0.26280511013634156
5132,0.1078183368290891,0.4978430054096937,0.3285327285797772,0.4625564023142991,0.33259526489547614,0.26280511013634156
5133,0.1078183368290891,0.4978430054096937,0.3285327285797772,0.4625564023142991,0.33259526489547614,0.26280511013634156
5134,0.1078183368290891,0.4978430054096937,0.3285327285797772,0.4625564023142991,0.33259526489547614,0.26280511013634156
5135,0.1078183368290891,0.4978430054096937,0.3285327285797772,0.4625564023142991,0.33259526489547614,0.26280511013634156
5136,0.10622033798972642,0.4873480588942105,0.3231482074589054,0.45486691877751334,0.32654065266057425,0.2569543660980995
5137,0.10622033798972642,0.4873480588942105,0.3231482074589054,0.45486691877751334,0.32654065266057425,0.2569543660980995
5138,0.10622033798972642,0.4873480588942105,0.3231482074589054,0.45486691877751334,0.32654065266057425,0.2569543660980995
5139,0.10622033798972642,0.4873480588942105,0.3231482074589054,0.45486691877751334,0.32654065266057425,0.2569543660980995
5140,0.10622033798972642,0.4873480588942105,0.3231482074589054,0.45486691877751334,0.32654065266057425,0.2569543660980995
5141,0.10622033798972642,0.4873480588942105,0.3231482074589054,0.45486691877751334,0.32654065266057425,0.2569543660980995
5142,0.10622033798972642,0.4873480588942105,0.3231482074589054,0.45486691877751334,0.32654065266057425,0.2569543660980995
5143,0.10622033798972642,0.4873480588942105,0.3231482074589054,0.45486691877751334,0.32654065266057425,0.2569543660980995
5144,0.10622033798972642,0.4873480588942105,0.3231482074589054,0.45486691877751334,0.32654065266057425,0.2569543660980995
5145,0.10622033798972642,0.4873480588942105,0.3231482074589054,0.45486691877751334,0.32654065266057425,0.2569543660980995
5146,0.10622033798972642,0.4873480588942105,0.3231482074589054,0.45486691877751334,0.32654065266057425,0.2569543660980995
5147,0.10622033798972642,0.4873480588942105,0.3231482074589054,0.45486691877751334,0.32654065266057425,0.2569543660980995
5148,0.10622033798972642,0.4873480588942105,0.3231482074589054,0.45486691877751334,0.32654065266057425,0.2569543660980995
5149,0.10622033798972642,0.4873480588942105,0.3231482074589054,0.45486691877751334,0.32654065266057425,0.2569543660980995
5150,0.10622033798972642,0.4873480588942105,0.3231482074589054,0.45486691877751334,0.32654065266057425,0.2569543660980995
5151,0.10622033798972642,0.4873480588942105,0.3231482074589054,0.45486691877751334,0.32654065266057425,0.2569543660980995
5152,0.10622033798972642,0.4873480588942105,0.3231482074589054,0.45486691877751334,0.32654065266057425,0.2569543660980995
5153,0.10622033798972642,0.4873480588942105,0.3231482074589054,0.45486691877751334,0.32654065266057425,0.2569543660980995
5154,0.10622033798972642,0.4873480588942105,0.3231482074589054,0.45486691877751334,0.32654065266057425,0.2569543660980995
5155,0.10622033798972642,0.4873480588942105,0.3231482074589054,0.45486691877751334,0.32654065266057425,0.2569543660980995
5156,0.10622033798972642,0.4873480588942105,0.3231482074589054,0.45486691877751334,0.32654065266057425,0.2569543660980995
5157,0.10622033798972642,0.4873480588942105,0.3231482074589054,0.45486691877751334,0.32654065266057425,0.2569543660980995
5158,0.10622033798972642,0.4873480588942105,0.3231482074589054,0.45486691877751334,0.32654065266057425,0.2569543660980995
5159,0.10622033798972642,0.4873480588942105,0.3231482074589054,0.45486691877751334,0.32654065266057425,0.2569543660980995
5160,0.10312176990462885,0.4690272135783631,0.3104684025772753,0.44274392780615845,0.3126610949984503,0.2488347665413506
5161,0.10312176990462885,0.4690272135783631,0.3104684025772753,0.44274392780615845,0.3126610949984503,0.2488347665413506
5162,0.10312176990462885,0.4690272135783631,0.3104684025772753,0.44274392780615845,0.3126610949984503,0.2488347665413506
5163,0.10312176990462885,0.4690272135783631,0.3104684025772753,0.44274392780615845,0.3126610949984503,0.2488347665413506
5164,0.10312176990462885,0.4690272135783631,0.3104684025772753,0.44274392780615845,0.3126610949984503,0.2488347665413506
5165,0.10312176990462885,0.4690272135783631,0.3104684025772753,0.44274392780615845,0.3126610949984503,0.2488347665413506
5166,0.10312176990462885,0.4690272135783631,0.3104684025772753,0.44274392780615845,0.3126610949984503,0.2488347665413506
5167,0.10312176990462885,0.4690272135783631,0.3104684025772753,0.44274392780615845,0.3126610949984503,0.2488347665413506
5168,0.10312176990462885,0.4690272135783631,0.3104684025772753,0.44274392780615845,0.3126610949984503,0.2488347665413506
5169,0.10312176990462885,0.4690272135783631,0.3104684025772753,0.44274392780615845,0.3126610949984503,0.2488347665413506
5170,0.10312176990462885,0.4690272135783631,0.3104684025772753,0.44274392780615845,0.3126610949984503,0.2488347665413506
5171,0.10312176990462885,0.4690272135783631,0.3104684025772753,0.44274392780615845,0.3126610949984503,0.2488347665413506
5172,0.10312176990462885,0.4690272135783631,0.3104684025772753,0.44274392780615845,0.3126610949984503,0.2488347665413506
5173,0.10312176990462885,0.4690272135783631,0.3104684025772753,0.44274392780615845,0.3126610949984503,0.2488347665413506
5174,0.10312176990462885,0.4690272135783631,0.3104684025772753,0.44274392780615845,0.3126610949984503,0.2488347665413506
5175,0.10312176990462885,0.4690272135783631,0.3104684025772753,0.44274392780615845,0.3126610949984503,0.2488347665413506
5176,0.10312176990462885,0.4690272135783631,0.3104684025772753,0.44274392780615845,0.3126610949984503,0.2488347665413506
5177,0.10312176990462885,0.4690272135783631,0.3104684025772753,0.44274392780615845,0.3126610949984503,0.2488347665413506
5178,0.10312176990462885,0.4690272135783631,0.3104684025772753,0.44274392780615845,0.3126610949984503,0.2488347665413506
5179,0.10312176990462885,0.4690272135783631,0.3104684025772753,0.44274392780615845,0.3126610949984503,0.2488347665413506
5180,0.10312176990462885,0.4690272135783631,0.3104684025772753,0.44274392780615845,0.3126610949984503,0.2488347665413506
5181,0.10312176990462885,0.4690272135783631,0.3104684025772753,0.44274392780615845,0.3126610949984503,0.2488347665413506
5182,0.10312176990462885,0.4690272135783631,0.3104684025772753,0.44274392780615845,0.3126610949984503,0.2488347665413506
5183,0.10312176990462885,0.4690272135783631,0.3104684025772753,0.44274392780615845,0.3126610949984503,0.2488347665413506
5184,0.10105902683605035,0.45731056798773556,0.3035651344448789,0.4349351272724474,0.3053813871652156,0.24262715420937364
5185,0.10105902683605035,0.45731056798773556,0.3035651344448789,0.4349351272724474,0.3053813871652156,0.24262715420937364
5186,0.10105902683605035,0.45731056798773556,0.3035651344448789,0.4349351272724474,0.3053813871652156,0.24262715420937364
5187,0.10105902683605035,0.45731056798773556,0.3035651344448789,0.4349351272724474,0.3053813871652156,0.24262715420937364
5188,0.10105902683605035,0.45731056798773556,0.3035651344448789,0.4349351272724474,0.3053813871652156,0.24262715420937364
5189,0.10105902683605035,0.45731056798773556,0.3035651344448789,0.4349351272724474,0.3053813871652156,0.24262715420937364
5190,0.10105902683605035,0.45731056798773556,0.3035651344448789,0.4349351272724474,0.3053813871652156,0.24262715420937364
5191,0.10105902683605035,0.45731056798773556,0.3035651344448789,0.4349351272724474,0.3053813871652156,0.24262715420937364
5192,0.10105902683605035,0.45731056798773556,0.3035651344448789,0.4349351272724474,0.3053813871652156,0.24262715420937364
5193,0.10105902683605035,0.45731056798773556,0.3035651344448789,0.4349351272724474,0.3053813871652156,0.24262715420937364
5194,0.10105902683605035,0.45731056798773556,0.3035651344448789,0.4349351272724474,0.3053813871652156,0.24262715420937364
5195,0.10105902683605035,0.45731056798773556,0.3035651344448789,0.4349351272724474,0.3053813871652156,0.24262715420937364
5196,0.10105902683605035,0.45731056798773556,0.3035651344448789,0.4349351272724474,0.3053813871652156,0.24262715420937364
5197,0.10105902683605035,0.45731056798773556,0.3035651344448789,0.4349351272724474,0.3053813871652156,0.24262715420937364
5198,0.10105902683605035,0.45731056798773556,0.3035651344448789,0.4349351272724474,0.3053813871652156,0.24262715420937364
5199,0.10105902683605035,0.45731056798773556,0.3035651344448789,0.4349351272724474,0.3053813871652156,0.24262715420937364
5200,0.10105902683605035,0.45731056798773556,0.3035651344448789,0.4349351272724474,0.3053813871652156,0.24262715420937364
5201,0.10105902683605035,0.45731056798773556,0.3035651344448789,0.4349351272724474,0.3053813871652156,0.24262715420937364
5202,0.10105902683605035,0.45731056798773556,0.3035651344448789,0.4349351272724474,0.3053813871652156,0.24262715420937364
5203,0.10105902683605035,0.45731056798773556,0.3035651344448789,0.4349351272724474,0.3053813871652156,0.24262715420937364
5204,0.10105902683605035,0.45731056798773556,0.3035651344448789,0.4349351272724474,0.3053813871652156,0.24262715420937364
5205,0.10105902683605035,0.45731056798773556,0.3035651344448789,0.4349351272724474,0.3053813871652156,0.24262715420937364
5206,0.10105902683605035,0.45731056798773556,0.3035651344448789,0.4349351272724474,0.3053813871652156,0.24262715420937364
5207,0.10105902683605035,0.45731056798773556,0.3035651344448789,0.4349351272724474,0.3053813871652156,0.24262715420937364
5208,0.09963473549079234,0.4480979265210418,0.29926183969827513,0.42804052028899336,0.30060132513436094,0.2372318278019501
5209,0.09963473549079234,0.4480979265210418,0.29926183969827513,0.42804052028899336,0.30060132513436094,0.2372318278019501
5210,0.09963473549079234,0.4480979265210418,0.29926183969827513,0.42804052028899336,0.30060132513436094,0.2372318278019501
5211,0.09963473549079234,0.4480979265210418,0.29926183969827513,0.42804052028899336,0.30060132513436094,0.2372318278019501
5212,0.09963473549079234,0.4480979265210418,0.29926183969827513,0.42804052028899336,0.30060132513436094,0.2372318278019501
5213,0.09963473549079234,0.4480979265210418,0.29926183969827513,0.42804052028899336,0.30060132513436094,0.2372318278019501
5214,0.09963473549079234,0.4480979265210418,0.29926183969827513,0.42804052028899336,0.30060132513436094,0.2372318278019501
5215,0.09963473549079234,0.4480979265210418,0.29926183969827513,0.42804052028899336,0.30060132513436094,0.2372318278019501
5216,0.09963473549079234,0.4480979265210418,0.29926183969827513,0.42804052028899336,0.30060132513436094,0.2372318278019501
5217,0.09963473549079234,0.4480979265210418,0.29926183969827513,0.42804052028899336,0.30060132513436094,0.2372318278019501
5218,0.09963473549079234,0.4480979265210418,0.29926183969827513,0.42804052028899336,0.30060132513436094,0.2372318278019501
5219,0.09963473549079234,0.4480979265210418,0.29926183969827513,0.42804052028899336,0.30060132513436094,0.2372318278019501
5220,0.09963473549079234,0.4480979265210418,0.29926183969827513,0.42804052028899336,0.30060132513436094,0.2372318278019501
5221,0.09963473549079234,0.4480979265210418,0.29926183969827513,0.42804052028899336,0.30060132513436094,0.2372318278019501
5222,0.09963473549079234,0.4480979265210418,0.29926183969827513,0.42804052028899336,0.30060132513436094,0.2372318278019501
5223,0.09963473549079234,0.4480979265210418,0.29926183969827513,0.42804052028899336,0.30060132513436094,0.2372318278019501
5224,0.09963473549079234,0.4480979265210418,0.29926183969827513,0.42804052028899336,0.30060132513436094,0.2372318278019501
5225,0.09963473549079234,0.4480979265210418,0.29926183969827513,0.42804052028899336,0.30060132513436094,0.2372318278019501
5226,0.09963473549079234,0.4480979265210418,0.29926183969827513,0.42804052028899336,0.30060132513436094,0.2372318278019501
5227,0.09963473549079234,0.4480979265210418,0.29926183969827513,0.42804052028899336,0.30060132513436094,0.2372318278019501
5228,0.09963473549079234,0.4480979265210418,0.29926183969827513,0.42804052028899336,0.30060132513436094,0.2372318278019501
5229,0.09963473549079234,0.4480979265210418,0.29926183969827513,0.42804052028899336,0.30060132513436094,0.2372318278019501
5230,0.09963473549079234,0.4480979265210418,0.29926183969827513,0.42804052028899336,0.30060132513436094,0.2372318278019501
5231,0.09963473549079234,0.4480979265210418,0.29926183969827513,0.42804052028899336,0.30060132513436094,0.2372318278019501
5232,0.0980160116394538,0.43874080993331677,0.29459856173667004,0.4218262614945661,0.2956438877710375,0.2319594427974132
5233,0.0980160116394538,0.43874080993331677,0.29459856173667004,0.4218262614945661,0.2956438877710375,0.2319594427974132
5234,0.0980160116394538,0.43874080993331677,0.29459856173667004,0.4218262614945661,0.2956438877710375,0.2319594427974132
5235,0.0980160116394538,0.43874080993331677,0.29459856173667004,0.4218262614945661,0.2956438877710375,0.2319594427974132
5236,0.0980160116394538,0.43874080993331677,0.29459856173667004,0.4218262614945661,0.2956438877710375,0.2319594427974132
5237,0.0980160116394538,0.43874080993331677,0.29459856173667004,0.4218262614945661,0.2956438877710375,0.2319594427974132
5238,0.0980160116394538,0.43874080993331677,0.29459856173667004,0.4218262614945661,0.2956438877710375,0.2319594427974132
5239,0.0980160116394538,0.43874080993331677,0.29459856173667004,0.4218262614945661,0.2956438877710375,0.2319594427974132
5240,0.0980160116394538,0.43874080993331677,0.29459856173667004,0.4218262614945661,0.2956438877710375,0.2319594427974132
5241,0.0980160116394538,0.43874080993331677,0.29459856173667004,0.4218262614945661,0.2956438877710375,0.2319594427974132
5242,0.0980160116394538,0.43874080993331677,0.29459856173667004,0.4218262614945661,0.2956438877710375,0.2319594427974132
5243,0.0980160116394538,0.43874080993331677,0.29459856173667004,0.4218262614945661,0.2956438877710375,0.2319594427974132
5244,0.0980160116394538,0.43874080993331677,0.29459856173667004,0.4218262614945661,0.2956438877710375,0.2319594427974132
5245,0.0980160116394538,0.43874080993331677,0.29459856173667004,0.4218262614945661,0.2956438877710375,0.2319594427974132
5246,0.0980160116394538,0.43874080993331677,0.29459856173667004,0.4218262614945661,0.2956438877710375,0.2319594427974132
5247,0.0980160116394538,0.43874080993331677,0.29459856173667004,0.4218262614945661,0.2956438877710375,0.2319594427974132
5248,0.0980160116394538,0.43874080993331677,0.29459856173667004,0.4218262614945661,0.2956438877710375,0.2319594427974132
5249,0.0980160116394538,0.43874080993331677,0.29459856173667004,0.4218262614945661,0.2956438877710375,0.2319594427974132
5250,0.0980160116394538,0.43874080993331677,0.29459856173667004,0.4218262614945661,0.2956438877710375,0.2319594427974132
5251,0.0980160116394538,0.43874080993331677,0.29459856173667004,0.4218262614945661,0.2956438877710375,0.2319594427974132
5252,0.0980160116394538,0.43874080993331677,0.29459856173667004,0.4218262614945661,0.2956438877710375,0.2319594427974132
5253,0.0980160116394538,0.43874080993331677,0.29459856173667004,0.4218262614945661,0.2956438877710375,0.2319594427974132
5254,0.0980160116394538,0.43874080993331677,0.29459856173667004,0.4218262614945661,0.2956438877710375,0.2319594427974132
5255,0.0980160116394538,0.43874080993331677,0.29459856173667004,0.4218262614945661,0.2956438877710375,0.2319594427974132
5256,0.0969394286112814,0.4347186487947852,0.2942765867172827,0.41953529119514466,0.2958337102534867,0.22858403090466084
5257,0.0969394286112814,0.4347186487947852,0.2942765867172827,0.41953529119514466,0.2958337102534867,0.22858403090466084
5258,0.0969394286112814,0.4347186487947852,0.2942765867172827,0.41953529119514466,0.2958337102534867,0.22858403090466084
5259,0.0969394286112814,0.4347186487947852,0.2942765867172827,0.41953529119514466,0.2958337102534867,0.22858403090466084
5260,0.0969394286112814,0.4347186487947852,0.2942765867172827,0.41953529119514466,0.2958337102534867,0.22858403090466084
5261,0.0969394286112814,0.4347186487947852,0.2942765867172827,0.41953529119514466,0.2958337102534867,0.22858403090466084
5262,0.0969394286112814,0.4347186487947852,0.2942765867172827,0.41953529119514466,0.2958337102534867,0.22858403090466084
5263,0.0969394286112814,0.4347186487947852,0.2942765867172827,0.41953529119514466,0.2958337102534867,0.22858403090466084
5264,0.0969394286112814,0.4347186487947852,0.2942765867172827,0.41953529119514466,0.2958337102534867,0.22858403090466084
5265,0.0969394286112814,0.4347186487947852,0.2942765867172827,0.41953529119514466,0.2958337102534867,0.22858403090466084
5266,0.0969394286112814,0.4347186487947852,0.2942765867172827,0.41953529119514466,0.2958337102534867,0.22858403090466084
5267,0.0969394286112814,0.4347186487947852,0.2942765867172827,0.41953529119514466,0.2958337102534867,0.22858403090466084
5268,0.0969394286112814,0.4347186487947852,0.2942765867172827,0.41953529119514466,0.2958337102534867,0.22858403090466084
5269,0.0969394286112814,0.4347186487947852,0.2942765867172827,0.41953529119514466,0.2958337102534867,0.22858403090466084
5270,0.0969394286112814,0.4347186487947852,0.2942765867172827,0.41953529119514466,0.2958337102534867,0.22858403090466084
5271,0.0969394286112814,0.4347186487947852,0.2942765867172827,0.41953529119514466,0.2958337102534867,0.22858403090466084
5272,0.0969394286112814,0.4347186487947852,0.2942765867172827,0.41953529119514466,0.2958337102534867,0.22858403090466084
5273,0.0969394286112814,0.4347186487947852,0.2942765867172827,0.41953529119514466,0.2958337102534867,0.22858403090466084
5274,0.0969394286112814,0.4347186487947852,0.2942765867172827,0.41953529119514466,0.2958337102534867,0.22858403090466084
5275,0.0969394286112814,0.4347186487947852,0.2942765867172827,0.41953529119514466,0.2958337102534867,0.22858403090466084
5276,0.0969394286112814,0.4347186487947852,0.2942765867172827,0.41953529119514466,0.2958337102534867,0.22858403090466084
5277,0.0969394286112814,0.4347186487947852,0.2942765867172827,0.41953529119514466,0.2958337102534867,0.22858403090466084
5278,0.0969394286112814,0.4347186487947852,0.2942765867172827,0.41953529119514466,0.2958337102534867,0.22858403090466084
5279,0.0969394286112814,0.4347186487947852,0.2942765867172827,0.41953529119514466,0.2958337102534867,0.22858403090466084
5280,0.09540138806133441,0.42480636718747977,0.28933536241101027,0.4122675379098976,0.29030052604206347,0.2229495514932788
5281,0.09540138806133441,0.42480636718747977,0.28933536241101027,0.4122675379098976,0.29030052604206347,0.2229495514932788
5282,0.09540138806133441,0.42480636718747977,0.28933536241101027,0.4122675379098976,0.29030052604206347,0.2229495514932788
5283,0.09540138806133441,0.42480636718747977,0.28933536241101027,0.4122675379098976,0.29030052604206347,0.2229495514932788
5284,0.09540138806133441,0.42480636718747977,0.28933536241101027,0.4122675379098976,0.29030052604206347,0.2229495514932788
5285,0.09540138806133441,0.42480636718747977,0.28933536241101027,0.4122675379098976,0.29030052604206347,0.2229495514932788
5286,0.09540138806133441,0.42480636718747977,0.28933536241101027,0.4122675379098976,0.29030052604206347,0.2229495514932788
5287,0.09540138806133441,0.42480636718747977,0.28933536241101027,0.4122675379098976,0.29030052604206347,0.2229495514932788
5288,0.09540138806133441,0.42480636718747977,0.28933536241101027,0.4122675379098976,0.29030052604206347,0.2229495514932788
5289,0.09540138806133441,0.42480636718747977,0.28933536241101027,0.4122675379098976,0.29030052604206347,0.2229495514932788
5290,0.09540138806133441,0.42480636718747977,0.28933536241101027,0.4122675379098976,0.29030052604206347,0.2229495514932788
5291,0.09540138806133441,0.42480636718747977,0.28933536241101027,0.4122675379098976,0.29030052604206347,0.2229495514932788
5292,0.09540138806133441,0.42480636718747977,0.28933536241101027,0.4122675379098976,0.29030052604206347,0.2229495514932788
5293,0.09540138806133441,0.42480636718747977,0.28933536241101027,0.4122675379098976,0.29030052604206347,0.2229495514932788
5294,0.09540138806133441,0.42480636718747977,0.28933536241101027,0.4122675379098976,0.29030052604206347,0.2229495514932788
5295,0.09540138806133441,0.42480636718747977,0.28933536241101027,0.4122675379098976,0.29030052604206347,0.2229495514932788
5296,0.09540138806133441,0.42480636718747977,0.28933536241101027,0.4122675379098976,0.29030052604206347,0.2229495514932788
5297,0.09540138806133441,0.42480636718747977,0.28933536241101027,0.4122675379098976,0.29030052604206347,0.2229495514932788
5298,0.09540138806133441,0.42480636718747977,0.28933536241101027,0.4122675379098976,0.29030052604206347,0.2229495514932788
5299,0.09540138806133441,0.42480636718747977,0.28933536241101027,0.4122675379098976,0.29030052604206347,0.2229495514932788
5300,0.09540138806133441,0.42480636718747977,0.28933536241101027,0.4122675379098976,0.29030052604206347,0.2229495514932788
5301,0.09540138806133441,0.42480636718747977,0.28933536241101027,0.4122675379098976,0.29030052604206347,0.2229495514932788
5302,0.09540138806133441,0.42480636718747977,0.28933536241101027,0.4122675379098976,0.29030052604206347,0.2229495514932788
5303,0.09540138806133441,0.42480636718747977,0.28933536241101027,0.4122675379098976,0.29030052604206347,0.2229495514932788
5304,0.09432445684450942,0.4178958399680493,0.28680632363204434,0.40697226249821333,0.2875475436556358,0.21848226787623085
5305,0.09432445684450942,0.4178958399680493,0.28680632363204434,0.40697226249821333,0.2875475436556358,0.21848226787623085
5306,0.09432445684450942,0.4178958399680493,0.28680632363204434,0.40697226249821333,0.2875475436556358,0.21848226787623085
5307,0.09432445684450942,0.4178958399680493,0.28680632363204434,0.40697226249821333,0.2875475436556358,0.21848226787623085
5308,0.09432445684450942,0.4178958399680493,0.28680632363204434,0.40697226249821333,0.2875475436556358,0.21848226787623085
5309,0.09432445684450942,0.4178958399680493,0.28680632363204434,0.40697226249821333,0.2875475436556358,0.21848226787623085
5310,0.09432445684450942,0.4178958399680493,0.28680632363204434,0.40697226249821333,0.2875475436556358,0.21848226787623085
5311,0.09432445684450942,0.4178958399680493,0.28680632363204434,0.40697226249821333,0.2875475436556358,0.21848226787623085
5312,0.09432445684450942,0.4178958399680493,0.28680632363204434,0.40697226249821333,0.2875475436556358,0.21848226787623085
5313,0.09432445684450942,0.4178958399680493,0.28680632363204434,0.40697226249821333,0.2875475436556358,0.21848226787623085
5314,0.09432445684450942,0.4178958399680493,0.28680632363204434,0.40697226249821333,0.2875475436556358,0.21848226787623085
5315,0.09432445684450942,0.4178958399680493,0.28680632363204434,0.40697226249821333,0.2875475436556358,0.21848226787623085
5316,0.09432445684450942,0.4178958399680493,0.28680632363204434,0.40697226249821333,0.2875475436556358,0.21848226787623085
5317,0.09432445684450942,0.4178958399680493,0.28680632363204434,0.40697226249821333,0.2875475436556358,0.21848226787623085
5318,0.09432445684450942,0.4178958399680493,0.28680632363204434,0.40697226249821333,0.2875475436556358,0.21848226787623085
5319,0.09432445684450942,0.4178958399680493,0.28680632363204434,0.40697226249821333,0.2875475436556358,0.21848226787623085
5320,0.09432445684450942,0.4178958399680493,0.28680632363204434,0.40697226249821333,0.2875475436556358,0.21848226787623085
5321,0.09432445684450942,0.4178958399680493,0.28680632363204434,0.40697226249821333,0.2875475436556358,0.21848226787623085
5322,0.09432445684450942,0.4178958399680493,0.28680632363204434,0.40697226249821333,0.2875475436556358,0.21848226787623085
5323,0.09432445684450942,0.4178958399680493,0.28680632363204434,0.40697226249821333,0.2875475436556358,0.21848226787623085
5324,0.09432445684450942,0.4178958399680493,0.28680632363204434,0.40697226249821333,0.2875475436556358,0.21848226787623085
5325,0.09432445684450942,0.4178958399680493,0.28680632363204434,0.40697226249821333,0.2875475436556358,0.21848226787623085
5326,0.09432445684450942,0.4178958399680493,0.28680632363204434,0.40697226249821333,0.2875475436556358,0.21848226787623085
5327,0.09432445684450942,0.4178958399680493,0.28680632363204434,0.40697226249821333,0.2875475436556358,0.21848226787623085
5328,0.09278425768016718,0.4071067916335424,0.2811861070943015,0.39860567730486124,0.2813264198274608,0.21242386726565976
5329,0.09278425768016718,0.4071067916335424,0.2811861070943015,0.39860567730486124,0.2813264198274608,0.21242386726565976
5330,0.09278425768016718,0.4071067916335424,0.2811861070943015,0.39860567730486124,0.2813264198274608,0.21242386726565976
5331,0.09278425768016718,0.4071067916335424,0.2811861070943015,0.39860567730486124,0.2813264198274608,0.21242386726565976
5332,0.09278425768016718,0.4071067916335424,0.2811861070943015,0.39860567730486124,0.2813264198274608,0.21242386726565976
5333,0.09278425768016718,0.4071067916335424,0.2811861070943015,0.39860567730486124,0.2813264198274608,0.21242386726565976
5334,0.09278425768016718,0.4071067916335424,0.2811861070943015,0.39860567730486124,0.2813264198274608,0.21242386726565976
5335,0.09278425768016718,0.4071067916335424,0.2811861070943015,0.39860567730486124,0.2813264198274608,0.21242386726565976
5336,0.09278425768016718,0.4071067916335424,0.2811861070943015,0.39860567730486124,0.2813264198274608,0.21242386726565976
5337,0.09278425768016718,0.4071067916335424,0.2811861070943015,0.39860567730486124,0.2813264198274608,0.21242386726565976
5338,0.09278425768016718,0.4071067916335424,0.2811861070943015,0.39860567730486124,0.2813264198274608,0.21242386726565976
5339,0.09278425768016718,0.4071067916335424,0.2811861070943015,0.39860567730486124,0.2813264198274608,0.21242386726565976
5340,0.09278425768016718,0.4071067916335424,0.2811861070943015,0.39860567730486124,0.2813264198274608,0.21242386726565976
5341,0.09278425768016718,0.4071067916335424,0.2811861070943015,0.39860567730486124,0.2813264198274608,0.21242386726565976
5342,0.09278425768016718,0.4071067916335424,0.2811861070943015,0.39860567730486124,0.2813264198274608,0.21242386726565976
5343,0.09278425768016718,0.4071067916335424,0.2811861070943015,0.39860567730486124,0.2813264198274608,0.21242386726565976
5344,0.09278425768016718,0.4071067916335424,0.2811861070943015,0.39860567730486124,0.2813264198274608,0.21242386726565976
5345,0.09278425768016718,0.4071067916335424,0.2811861070943015,0.39860567730486124,0.2813264198274608,0.21242386726565976
5346,0.09278425768016718,0.4071067916335424,0.2811861070943015,0.39860567730486124,0.2813264198274608,0.21242386726565976
5347,0.09278425768016718,0.4071067916335424,0.2811861070943015,0.39860567730486124,0.2813264198274608,0.21242386726565976
5348,0.09278425768016718,0.4071067916335424,0.2811861070943015,0.39860567730486124,0.2813264198274608,0.21242386726565976
5349,0.09278425768016718,0.4071067916335424,0.2811861070943015,0.39860567730486124,0.2813264198274608,0.21242386726565976
5350,0.09278425768016718,0.4071067916335424,0.2811861070943015,0.39860567730486124,0.2813264198274608,0.21242386726565976
5351,0.09278425768016718,0.4071067916335424,0.2811861070943015,0.39860567730486124,0.2813264198274608,0.21242386726565976
5352,0.09256796237583002,0.4053726201323726,0.27978222217274556,0.3966028406757131,0.2796069241495189,0.2116446992951824
5353,0.09256796237583002,0.4053726201323726,0.27978222217274556,0.3966028406757131,0.2796069241495189,0.2116446992951824
5354,0.09256796237583002,0.4053726201323726,0.27978222217274556,0.3966028406757131,0.2796069241495189,0.2116446992951824
5355,0.09256796237583002,0.4053726201323726,0.27978222217274556,0.3966028406757131,0.2796069241495189,0.2116446992951824
5356,0.09256796237583002,0.4053726201323726,0.27978222217274556,0.3966028406757131,0.2796069241495189,0.2116446992951824
5357,0.09256796237583002,0.4053726201323726,0.27978222217274556,0.3966028406757131,0.2796069241495189,0.2116446992951824
5358,0.09256796237583002,0.4053726201323726,0.27978222217274556,0.3966028406757131,0.2796069241495189,0.2116446992951824
5359,0.09256796237583002,0.4053726201323726,0.27978222217274556,0.3966028406757131,0.2796069241495189,0.2116446992951824
5360,0.09256796237583002,0.4053726201323726,0.27978222217274556,0.3966028406757131,0.2796069241495189,0.2116446992951824
5361,0.09256796237583002,0.4053726201323726,0.27978222217274556,0.3966028406757131,0.2796069241495189,0.2116446992951824
5362,0.09256796237583002,0.4053726201323726,0.27978222217274556,0.3966028406757131,0.2796069241495189,0.2116446992951824
5363,0.09256796237583002,0.4053726201323726,0.27978222217274556,0.3966028406757131,0.2796069241495189,0.2116446992951824
5364,0.09256796237583002,0.4053726201323726,0.27978222217274556,0.3966028406757131,0.2796069241495189,0.2116446992951824
5365,0.09256796237583002,0.4053726201323726,0.27978222217274556,0.3966028406757131,0.2796069241495189,0.2116446992951824
5366,0.09256796237583002,0.4053726201323726,0.27978222217274556,0.3966028406757131,0.2796069241495189,0.2116446992951824
5367,0.09256796237583002,0.4053726201323726,0.27978222217274556,0.3966028406757131,0.2796069241495189,0.2116446992951824
5368,0.09256796237583002,0.4053726201323726,0.27978222217274556,0.3966028406757131,0.2796069241495189,0.2116446992951824
5369,0.09256796237583002,0.4053726201323726,0.27978222217274556,0.3966028406757131,0.2796069241495189,0.2116446992951824
5370,0.09256796237583002,0.4053726201323726,0.27978222217274556,0.3966028406757131,0.2796069241495189,0.2116446992951824
5371,0.09256796237583002,0.4053726201323726,0.27978222217274556,0.3966028406757131,0.2796069241495189,0.2116446992951824
5372,0.09256796237583002,0.4053726201323726,0.27978222217274556,0.3966028406757131,0.2796069241495189,0.2116446992951824
5373,0.09256796237583002,0.4053726201323726,0.27978222217274556,0.3966028406757131,0.2796069241495189,0.2116446992951824
5374,0.09256796237583002,0.4053726201323726,0.27978222217274556,0.3966028406757131,0.2796069241495189,0.2116446992951824
5375,0.09256796237583002,0.4053726201323726,0.27978222217274556,0.3966028406757131,0.2796069241495189,0.2116446992951824
5376,0.09254578452776968,0.4049831827301528,0.27947463421229846,0.39625286227877865,0.2792582495471655,0.2114444100154289
5377,0.09254578452776968,0.4049831827301528,0.27947463421229846,0.39625286227877865,0.2792582495471655,0.2114444100154289
5378,0.09254578452776968,0.4049831827301528,0.27947463421229846,0.39625286227877865,0.2792582495471655,0.2114444100154289
5379,0.09254578452776968,0.4049831827301528,0.27947463421229846,0.39625286227877865,0.2792582495471655,0.2114444100154289
5380,0.09254578452776968,0.4049831827301528,0.27947463421229846,0.39625286227877865,0.2792582495471655,0.2114444100154289
5381,0.09254578452776968,0.4049831827301528,0.27947463421229846,0.39625286227877865,0.2792582495471655,0.2114444100154289
5382,0.09254578452776968,0.4049831827301528,0.27947463421229846,0.39625286227877865,0.2792582495471655,0.2114444100154289
5383,0.09254578452776968,0.4049831827301528,0.27947463421229846,0.39625286227877865,0.2792582495471655,0.2114444100154289
5384,0.09254578452776968,0.4049831827301528,0.27947463421229846,0.39625286227877865,0.2792582495471655,0.2114444100154289
5385,0.09254578452776968,0.4049831827301528,0.27947463421229846,0.39625286227877865,0.2792582495471655,0.2114444100154289
5386,0.09254578452776968,0.4049831827301528,0.27947463421229846,0.39625286227877865,0.2792582495471655,0.2114444100154289
5387,0.09254578452776968,0.4049831827301528,0.27947463421229846,0.39625286227877865,0.2792582495471655,0.2114444100154289
5388,0.09254578452776968,0.4049831827301528,0.27947463421229846,0.39625286227877865,0.2792582495471655,0.2114444100154289
5389,0.09254578452776968,0.4049831827301528,0.27947463421229846,0.39625286227877865,0.2792582495471655,0.2114444100154289
5390,0.09254578452776968,0.4049831827301528,0.27947463421229846,0.39625286227877865,0.2792582495471655,0.2114444100154289
5391,0.09254578452776968,0.4049831827301528,0.27947463421229846,0.39625286227877865,0.2792582495471655,0.2114444100154289
5392,0.09254578452776968,0.4049831827301528,0.27947463421229846,0.39625286227877865,0.2792582495471655,0.2114444100154289
5393,0.09254578452776968,0.4049831827301528,0.27947463421229846,0.39625286227877865,0.2792582495471655,0.2114444100154289
5394,0.09254578452776968,0.4049831827301528,0.27947463421229846,0.39625286227877865,0.2792582495471655,0.2114444100154289
5395,0.09254578452776968,0.4049831827301528,0.27947463421229846,0.39625286227877865,0.2792582495471655,0.2114444100154289
5396,0.09254578452776968,0.4049831827301528,0.27947463421229846,0.39625286227877865,0.2792582495471655,0.2114444100154289
5397,0.09254578452776968,0.4049831827301528,0.27947463421229846,0.39625286227877865,0.2792582495471655,0.2114444100154289
5398,0.09254578452776968,0.4049831827301528,0.27947463421229846,0.39625286227877865,0.2792582495471655,0.2114444100154289
5399,0.09254578452776968,0.4049831827301528,0.27947463421229846,0.39625286227877865,0.2792582495471655,0.2114444100154289
5400,0.09281437059530546,0.4091662885639699,0.2825982567227217,0.40029645423768456,0.2830583762307595,0.21332450527751481
5401,0.09281437059530546,0.4091662885639699,0.2825982567227217,0.40029645423768456,0.2830583762307595,0.21332450527751481
5402,0.09281437059530546,0.4091662885639699,0.2825982567227217,0.40029645423768456,0.2830583762307595,0.21332450527751481
5403,0.09281437059530546,0.4091662885639699,0.2825982567227217,0.40029645423768456,0.2830583762307595,0.21332450527751481
5404,0.09281437059530546,0.4091662885639699,0.2825982567227217,0.40029645423768456,0.2830583762307595,0.21332450527751481
5405,0.09281437059530546,0.4091662885639699,0.2825982567227217,0.40029645423768456,0.2830583762307595,0.21332450527751481
5406,0.09281437059530546,0.4091662885639699,0.2825982567227217,0.40029645423768456,0.2830583762307595,0.21332450527751481
5407,0.09281437059530546,0.4091662885639699,0.2825982567227217,0.40029645423768456,0.2830583762307595,0.21332450527751481
5408,0.09281437059530546,0.4091662885639699,0.2825982567227217,0.40029645423768456,0.2830583762307595,0.21332450527751481
5409,0.09281437059530546,0.4091662885639699,0.2825982567227217,0.40029645423768456,0.2830583762307595,0.21332450527751481
5410,0.09281437059530546,0.4091662885639699,0.2825982567227217,0.40029645423768456,0.2830583762307595,0.21332450527751481
5411,0.09281437059530546,0.4091662885639699,0.2825982567227217,0.40029645423768456,0.2830583762307595,0.21332450527751481
5412,0.09281437059530546,0.4091662885639699,0.2825982567227217,0.40029645423768456,0.2830583762307595,0.21332450527751481
5413,0.09281437059530546,0.4091662885639699,0.2825982567227217,0.40029645423768456,0.2830583762307595,0.21332450527751481
5414,0.09281437059530546,0.4091662885639699,0.2825982567227217,0.40029645423768456,0.2830583762307595,0.21332450527751481
5415,0.09281437059530546,0.4091662885639699,0.2825982567227217,0.40029645423768456,0.2830583762307595,0.21332450527751481
5416,0.09281437059530546,0.4091662885639699,0.2825982567227217,0.40029645423768456,0.2830583762307595,0.21332450527751481
5417,0.09281437059530546,0.4091662885639699,0.2825982567227217,0.40029645423768456,0.2830583762307595,0.21332450527751481
5418,0.09281437059530546,0.4091662885639699,0.2825982567227217,0.40029645423768456,0.2830583762307595,0.21332450527751481
5419,0.09281437059530546,0.4091662885639699,0.2825982567227217,0.40029645423768456,0.2830583762307595,0.21332450527751481
5420,0.09281437059530546,0.4091662885639699,0.2825982567227217,0.40029645423768456,0.2830583762307595,0.21332450527751481
5421,0.09281437059530546,0.4091662885639699,0.2825982567227217,0.40029645423768456,0.2830583762307595,0.21332450527751481
5422,0.09281437059530546,0.4091662885639699,0.2825982567227217,0.40029645423768456,0.2830583762307595,0.21332450527751481
5423,0.09281437059530546,0.4091662885639699,0.2825982567227217,0.40029645423768456,0.2830583762307595,0.21332450527751481
5424,0.0932964335503389,0.414409952953827,0.28645035417885334,0.4059292112673308,0.2881312056249963,0.21567326478859386
5425,0.0932964335503389,0.414409952953827,0.28645035417885334,0.4059292112673308,0.2881312056249963,0.21567326478859386
5426,0.0932964335503389,0.414409952953827,0.28645035417885334,0.4059292112673308,0.2881312056249963,0.21567326478859386
5427,0.0932964335503389,0.414409952953827,0.28645035417885334,0.4059292112673308,0.2881312056249963,0.21567326478859386
5428,0.0932964335503389,0.414409952953827,0.28645035417885334,0.4059292112673308,0.2881312056249963,0.21567326478859386
5429,0.0932964335503389,0.414409952953827,0.28645035417885334,0.4059292112673308,0.2881312056249963,0.21567326478859386
5430,0.0932964335503389,0.414409952953827,0.28645035417885334,0.4059292112673308,0.2881312056249963,0.21567326478859386
5431,0.0932964335503389,0.414409952953827,0.28645035417885334,0.4059292112673308,0.2881312056249963,0.21567326478859386
5432,0.0932964335503389,0.414409952953827,0.28645035417885334,0.4059292112673308,0.2881312056249963,0.21567326478859386
5433,0.0932964335503389,0.414409952953827,0.28645035417885334,0.4059292112673308,0.2881312056249963,0.21567326478859386
5434,0.0932964335503389,0.414409952953827,0.28645035417885334,0.4059292112673308,0.2881312056249963,0.21567326478859386
5435,0.0932964335503389,0.414409952953827,0.28645035417885334,0.4059292112673308,0.2881312056249963,0.21567326478859386
5436,0.0932964335503389,0.414409952953827,0.28645035417885334,0.4059292112673308,0.2881312056249963,0.21567326478859386
5437,0.0932964335503389,0.414409952953827,0.28645035417885334,0.4059292112673308,0.2881312056249963,0.21567326478859386
5438,0.0932964335503389,0.414409952953827,0.28645035417885334,0.4059292112673308,0.2881312056249963,0.21567326478859386
5439,0.0932964335503389,0.414409952953827,0.28645035417885334,0.4059292112673308,0.2881312056249963,0.21567326478859386
5440,0.0932964335503389,0.414409952953827,0.28645035417885334,0.4059292112673308,0.2881312056249963,0.21567326478859386
5441,0.0932964335503389,0.414409952953827,0.28645035417885334,0.4059292112673308,0.2881312056249963,0.21567326478859386
5442,0.0932964335503389,0.414409952953827,0.28645035417885334,0.4059292112673308,0.2881312056249963,0.21567326478859386
5443,0.0932964335503389,0.414409952953827,0.28645035417885334,0.4059292112673308,0.2881312056249963,0.21567326478859386
5444,0.0932964335503389,0.414409952953827,0.28645035417885334,0.4059292112673308,0.2881312056249963,0.21567326478859386
5445,0.0932964335503389,0.414409952953827,0.28645035417885334,0.4059292112673308,0.2881312056249963,0.21567326478859386
5446,0.0932964335503389,0.414409952953827,0.28645035417885334,0.4059292112673308,0.2881312056249963,0.21567326478859386
5447,0.0932964335503389,0.414409952953827,0.28645035417885334,0.4059292112673308,0.2881312056249963,0.21567326478859386
5448,0.09296090392041749,0.40937540782680987,0.2825325111230269,0.40149508964269204,0.28325340707951163,0.2137519728315308
5449,0.09296090392041749,0.40937540782680987,0.2825325111230269,0.40149508964269204,0.28325340707951163,0.2137519728315308
5450,0.09296090392041749,0.40937540782680987,0.2825325111230269,0.40149508964269204,0.28325340707951163,0.2137519728315308
5451,0.09296090392041749,0.40937540782680987,0.2825325111230269,0.40149508964269204,0.28325340707951163,0.2137519728315308
5452,0.09296090392041749,0.40937540782680987,0.2825325111230269,0.40149508964269204,0.28325340707951163,0.2137519728315308
5453,0.09296090392041749,0.40937540782680987,0.2825325111230269,0.40149508964269204,0.28325340707951163,0.2137519728315308
5454,0.09296090392041749,0.40937540782680987,0.2825325111230269,0.40149508964269204,0.28325340707951163,0.2137519728315308
5455,0.09296090392041749,0.40937540782680987,0.2825325111230269,0.40149508964269204,0.28325340707951163,0.2137519728315308
5456,0.09296090392041749,0.40937540782680987,0.2825325111230269,0.40149508964269204,0.28325340707951163,0.2137519728315308
5457,0.09296090392041749,0.40937540782680987,0.2825325111230269,0.40149508964269204,0.28325340707951163,0.2137519728315308
5458,0.09296090392041749,0.40937540782680987,0.2825325111230269,0.40149508964269204,0.28325340707951163,0.2137519728315308
5459,0.09296090392041749,0.40937540782680987,0.2825325111230269,0.40149508964269204,0.28325340707951163,0.2137519728315308
5460,0.09296090392041749,0.40937540782680987,0.2825325111230269,0.40149508964269204,0.28325340707951163,0.2137519728315308
5461,0.09296090392041749,0.40937540782680987,0.2825325111230269,0.40149508964269204,0.28325340707951163,0.2137519728315308
5462,0.09296090392041749,0.40937540782680987,0.2825325111230269,0.40149508964269204,0.28325340707951163,0.2137519728315308
5463,0.09296090392041749,0.40937540782680987,0.2825325111230269,0.40149508964269204,0.28325340707951163,0.2137519728315308
5464,0.09296090392041749,0.40937540782680987,0.2825325111230269,0.40149508964269204,0.28325340707951163,0.2137519728315308
5465,0.09296090392041749,0.40937540782680987,0.2825325111230269,0.40149508964269204,0.28325340707951163,0.2137519728315308
5466,0.09296090392041749,0.40937540782680987,0.2825325111230269,0.40149508964269204,0.28325340707951163,0.2137519728315308
5467,0.09296090392041749,0.40937540782680987,0.2825325111230269,0.40149508964269204,0.28325340707951163,0.2137519728315308
5468,0.09296090392041749,0.40937540782680987,0.2825325111230269,0.40149508964269204,0.28325340707951163,0.2137519728315308
5469,0.09296090392041749,0.40937540782680987,0.2825325111230269,0.40149508964269204,0.28325340707951163,0.2137519728315308
5470,0.09296090392041749,0.40937540782680987,0.2825325111230269,0.40149508964269204,0.28325340707951163,0.2137519728315308
5471,0.09296090392041749,0.40937540782680987,0.2825325111230269,0.40149508964269204,0.28325340707951163,0.2137519728315308
5472,0.09264648403037283,0.4044129986441372,0.2788031519483111,0.39706196492610096,0.27854244980647774,0.2118062159145375
5473,0.09264648403037283,0.4044129986441372,0.2788031519483111,0.39706196492610096,0.27854244980647774,0.2118062159145375
5474,0.09264648403037283,0.4044129986441372,0.2788031519483111,0.39706196492610096,0.27854244980647774,0.2118062159145375
5475,0.09264648403037283,0.4044129986441372,0.2788031519483111,0.39706196492610096,0.27854244980647774,0.2118062159145375
5476,0.09264648403037283,0.4044129986441372,0.2788031519483111,0.39706196492610096,0.27854244980647774,0.2118062159145375
5477,0.09264648403037283,0.4044129986441372,0.2788031519483111,0.39706196492610096,0.27854244980647774,0.2118062159145375
5478,0.09264648403037283,0.4044129986441372,0.2788031519483111,0.39706196492610096,0.27854244980647774,0.2118062159145375
5479,0.09264648403037283,0.4044129986441372,0.2788031519483111,0.39706196492610096,0.27854244980647774,0.2118062159145375
5480,0.09264648403037283,0.4044129986441372,0.2788031519483111,0.39706196492610096,0.27854244980647774,0.2118062159145375
5481,0.09264648403037283,0.4044129986441372,0.2788031519483111,0.39706196492610096,0.27854244980647774,0.2118062159145375
5482,0.09264648403037283,0.4044129986441372,0.2788031519483111,0.39706196492610096,0.27854244980647774,0.2118062159145375
5483,0.09264648403037283,0.4044129986441372,0.2788031519483111,0.39706196492610096,0.27854244980647774,0.2118062159145375
5484,0.09264648403037283,0.4044129986441372,0.2788031519483111,0.39706196492610096,0.27854244980647774,0.2118062159145375
5485,0.09264648403037283,0.4044129986441372,0.2788031519483111,0.39706196492610096,0.27854244980647774,0.2118062159145375
5486,0.09264648403037283,0.4044129986441372,0.2788031519483111,0.39706196492610096,0.27854244980647774,0.2118062159145375
5487,0.09264648403037283,0.4044129986441372,0.2788031519483111,0.39706196492610096,0.27854244980647774,0.2118062159145375
5488,0.09264648403037283,0.4044129986441372,0.2788031519483111,0.39706196492610096,0.27854244980647774,0.2118062159145375
5489,0.09264648403037283,0.4044129986441372,0.2788031519483111,0.39706196492610096,0.27854244980647774,0.2118062159145375
5490,0.09264648403037283,0.4044129986441372,0.2788031519483111,0.39706196492610096,0.27854244980647774,0.2118062159145375
5491,0.09264648403037283,0.4044129986441372,0.2788031519483111,0.39706196492610096,0.27854244980647774,0.2118062159145375
5492,0.09264648403037283,0.4044129986441372,0.2788031519483111,0.39706196492610096,0.27854244980647774,0.2118062159145375
5493,0.09264648403037283,0.4044129986441372,0.2788031519483111,0.39706196492610096,0.27854244980647774,0.2118062159145375
5494,0.09264648403037283,0.4044129986441372,0.2788031519483111,0.39706196492610096,0.27854244980647774,0.2118062159145375
5495,0.09264648403037283,0.4044129986441372,0.2788031519483111,0.39706196492610096,0.27854244980647774,0.2118062159145375
5496,0.09262741176913791,0.40387949088452735,0.2784297361967711,0.3965585997194409,0.2780763750579451,0.21158543690144696
5497,0.09262741176913791,0.40387949088452735,0.2784297361967711,0.3965585997194409,0.2780763750579451,0.21158543690144696
5498,0.09262741176913791,0.40387949088452735,0.2784297361967711,0.3965585997194409,0.2780763750579451,0.21158543690144696
5499,0.09262741176913791,0.40387949088452735,0.2784297361967711,0.3965585997194409,0.2780763750579451,0.21158543690144696
5500,0.09262741176913791,0.40387949088452735,0.2784297361967711,0.3965585997194409,0.2780763750579451,0.21158543690144696
5501,0.09262741176913791,0.40387949088452735,0.2784297361967711,0.3965585997194409,0.2780763750579451,0.21158543690144696
5502,0.09262741176913791,0.40387949088452735,0.2784297361967711,0.3965585997194409,0.2780763750579451,0.21158543690144696
5503,0.09262741176913791,0.40387949088452735,0.2784297361967711,0.3965585997194409,0.2780763750579451,0.21158543690144696
5504,0.09262741176913791,0.40387949088452735,0.2784297361967711,0.3965585997194409,0.2780763750579451,0.21158543690144696
5505,0.09262741176913791,0.40387949088452735,0.2784297361967711,0.3965585997194409,0.2780763750579451,0.21158543690144696
5506,0.09262741176913791,0.40387949088452735,0.2784297361967711,0.3965585997194409,0.2780763750579451,0.21158543690144696
5507,0.09262741176913791,0.40387949088452735,0.2784297361967711,0.3965585997194409,0.2780763750579451,0.21158543690144696
5508,0.09262741176913791,0.40387949088452735,0.2784297361967711,0.3965585997194409,0.2780763750579451,0.21158543690144696
5509,0.09262741176913791,0.40387949088452735,0.2784297361967711,0.3965585997194409,0.2780763750579451,0.21158543690144696
5510,0.09262741176913791,0.40387949088452735,0.2784297361967711,0.3965585997194409,0.2780763750579451,0.21158543690144696
5511,0.09262741176913791,0.40387949088452735,0.2784297361967711,0.3965585997194409,0.2780763750579451,0.21158543690144696
5512,0.09262741176913791,0.40387949088452735,0.2784297361967711,0.3965585997194409,0.2780763750579451,0.21158543690144696
5513,0.09262741176913791,0.40387949088452735,0.2784297361967711,0.3965585997194409,0.2780763750579451,0.21158543690144696
5514,0.09262741176913791,0.40387949088452735,0.2784297361967711,0.3965585997194409,0.2780763750579451,0.21158543690144696
5515,0.09262741176913791,0.40387949088452735,0.2784297361967711,0.3965585997194409,0.2780763750579451,0.21158543690144696
5516,0.09262741176913791,0.40387949088452735,0.2784297361967711,0.3965585997194409,0.2780763750579451,0.21158543690144696
5517,0.09262741176913791,0.40387949088452735,0.2784297361967711,0.3965585997194409,0.2780763750579451,0.21158543690144696
5518,0.09262741176913791,0.40387949088452735,0.2784297361967711,0.3965585997194409,0.2780763750579451,0.21158543690144696
5519,0.09262741176913791,0.40387949088452735,0.2784297361967711,0.3965585997194409,0.2780763750579451,0.21158543690144696
5520,0.09297501729572331,0.40940006737081064,0.28261133288529033,0.40175268468683695,0.2831637736344267,0.21390243587049243
5521,0.09297501729572331,0.40940006737081064,0.28261133288529033,0.40175268468683695,0.2831637736344267,0.21390243587049243
5522,0.09297501729572331,0.40940006737081064,0.28261133288529033,0.40175268468683695,0.2831637736344267,0.21390243587049243
5523,0.09297501729572331,0.40940006737081064,0.28261133288529033,0.40175268468683695,0.2831637736344267,0.21390243587049243
5524,0.09297501729572331,0.40940006737081064,0.28261133288529033,0.40175268468683695,0.2831637736344267,0.21390243587049243
5525,0.09297501729572331,0.40940006737081064,0.28261133288529033,0.40175268468683695,0.2831637736344267,0.21390243587049243
5526,0.09297501729572331,0.40940006737081064,0.28261133288529033,0.40175268468683695,0.2831637736344267,0.21390243587049243
5527,0.09297501729572331,0.40940006737081064,0.28261133288529033,0.40175268468683695,0.2831637736344267,0.21390243587049243
5528,0.09297501729572331,0.40940006737081064,0.28261133288529033,0.40175268468683695,0.2831637736344267,0.21390243587049243
5529,0.09297501729572331,0.40940006737081064,0.28261133288529033,0.40175268468683695,0.2831637736344267,0.21390243587049243
5530,0.09297501729572331,0.40940006737081064,0.28261133288529033,0.40175268468683695,0.2831637736344267,0.21390243587049243
5531,0.09297501729572331,0.40940006737081064,0.28261133288529033,0.40175268468683695,0.2831637736344267,0.21390243587049243
5532,0.09297501729572331,0.40940006737081064,0.28261133288529033,0.40175268468683695,0.2831637736344267,0.21390243587049243
5533,0.09297501729572331,0.40940006737081064,0.28261133288529033,0.40175268468683695,0.2831637736344267,0.21390243587049243
5534,0.09297501729572331,0.40940006737081064,0.28261133288529033,0.40175268468683695,0.2831637736344267,0.21390243587049243
5535,0.09297501729572331,0.40940006737081064,0.28261133288529033,0.40175268468683695,0.2831637736344267,0.21390243587049243
5536,0.09297501729572331,0.40940006737081064,0.28261133288529033,0.40175268468683695,0.2831637736344267,0.21390243587049243
5537,0.09297501729572331,0.40940006737081064,0.28261133288529033,0.40175268468683695,0.2831637736344267,0.21390243587049243
5538,0.09297501729572331,0.40940006737081064,0.28261133288529033,0.40175268468683695,0.2831637736344267,0.21390243587049243
5539,0.09297501729572331,0.40940006737081064,0.28261133288529033,0.40175268468683695,0.2831637736344267,0.21390243587049243
5540,0.09297501729572331,0.40940006737081064,0.28261133288529033,0.40175268468683695,0.2831637736344267,0.21390243587049243
5541,0.09297501729572331,0.40940006737081064,0.28261133288529033,0.40175268468683695,0.2831637736344267,0.21390243587049243
5542,0.09297501729572331,0.40940006737081064,0.28261133288529033,0.40175268468683695,0.2831637736344267,0.21390243587049243
5543,0.09297501729572331,0.40940006737081064,0.28261133288529033,0.40175268468683695,0.2831637736344267,0.21390243587049243
5544,0.09329113003141498,0.41407803203073196,0.28612968581123316,0.40631243917477916,0.2874023679679765,0.21601333494550615
5545,0.09329113003141498,0.41407803203073196,0.28612968581123316,0.40631243917477916,0.2874023679679765,0.21601333494550615
5546,0.09329113003141498,0.41407803203073196,0.28612968581123316,0.40631243917477916,0.2874023679679765,0.21601333494550615
5547,0.09329113003141498,0.41407803203073196,0.28612968581123316,0.40631243917477916,0.2874023679679765,0.21601333494550615
5548,0.09329113003141498,0.41407803203073196,0.28612968581123316,0.40631243917477916,0.2874023679679765,0.21601333494550615
5549,0.09329113003141498,0.41407803203073196,0.28612968581123316,0.40631243917477916,0.2874023679679765,0.21601333494550615
5550,0.09329113003141498,0.41407803203073196,0.28612968581123316,0.40631243917477916,0.2874023679679765,0.21601333494550615
5551,0.09329113003141498,0.41407803203073196,0.28612968581123316,0.40631243917477916,0.2874023679679765,0.21601333494550615
5552,0.09329113003141498,0.41407803203073196,0.28612968581123316,0.40631243917477916,0.2874023679679765,0.21601333494550615
5553,0.09329113003141498,0.41407803203073196,0.28612968581123316,0.40631243917477916,0.2874023679679765,0.21601333494550615
5554,0.09329113003141498,0.41407803203073196,0.28612968581123316,0.40631243917477916,0.2874023679679765,0.21601333494550615
5555,0.09329113003141498,0.41407803203073196,0.28612968581123316,0.40631243917477916,0.2874023679679765,0.21601333494550615
5556,0.09329113003141498,0.41407803203073196,0.28612968581123316,0.40631243917477916,0.2874023679679765,0.21601333494550615
5557,0.09329113003141498,0.41407803203073196,0.28612968581123316,0.40631243917477916,0.2874023679679765,0.21601333494550615
5558,0.09329113003141498,0.41407803203073196,0.28612968581123316,0.40631243917477916,0.2874023679679765,0.21601333494550615
5559,0.09329113003141498,0.41407803203073196,0.28612968581123316,0.40631243917477916,0.2874023679679765,0.21601333494550615
5560,0.09329113003141498,0.41407803203073196,0.28612968581123316,0.40631243917477916,0.2874023679679765,0.21601333494550615
5561,0.09329113003141498,0.41407803203073196,0.28612968581123316,0.40631243917477916,0.2874023679679765,0.21601333494550615
5562,0.09329113003141498,0.41407803203073196,0.28612968581123316,0.40631243917477916,0.2874023679679765,0.21601333494550615
5563,0.09329113003141498,0.41407803203073196,0.28612968581123316,0.40631243917477916,0.2874023679679765,0.21601333494550615
5564,0.09329113003141498,0.41407803203073196,0.28612968581123316,0.40631243917477916,0.2874023679679765,0.21601333494550615
5565,0.09329113003141498,0.41407803203073196,0.28612968581123316,0.40631243917477916,0.2874023679679765,0.21601333494550615
5566,0.09329113003141498,0.41407803203073196,0.28612968581123316,0.40631243917477916,0.2874023679679765,0.21601333494550615
5567,0.09329113003141498,0.41407803203073196,0.28612968581123316,0.40631243917477916,0.2874023679679765,0.21601333494550615
5568,0.09778665840913586,0.4145581216467391,0.28774138690830564,0.40560972392753253,0.28682321512741354,0.21508144364353635
5569,0.09778665840913586,0.4145581216467391,0.28774138690830564,0.40560972392753253,0.28682321512741354,0.21508144364353635
5570,0.09778665840913586,0.4145581216467391,0.28774138690830564,0.40560972392753253,0.28682321512741354,0.21508144364353635
5571,0.09778665840913586,0.4145581216467391,0.28774138690830564,0.40560972392753253,0.28682321512741354,0.21508144364353635
5572,0.09778665840913586,0.4145581216467391,0.28774138690830564,0.40560972392753253,0.28682321512741354,0.21508144364353635
5573,0.09778665840913586,0.4145581216467391,0.28774138690830564,0.40560972392753253,0.28682321512741354,0.21508144364353635
5574,0.09778665840913586,0.4145581216467391,0.28774138690830564,0.40560972392753253,0.28682321512741354,0.21508144364353635
5575,0.09778665840913586,0.4145581216467391,0.28774138690830564,0.40560972392753253,0.28682321512741354,0.21508144364353635
5576,0.09778665840913586,0.4145581216467391,0.28774138690830564,0.40560972392753253,0.28682321512741354,0.21508144364353635
5577,0.09778665840913586,0.4145581216467391,0.28774138690830564,0.40560972392753253,0.28682321512741354,0.21508144364353635
5578,0.09778665840913586,0.4145581216467391,0.28774138690830564,0.40560972392753253,0.28682321512741354,0.21508144364353635
5579,0.09778665840913586,0.4145581216467391,0.28774138690830564,0.40560972392753253,0.28682321512741354,0.21508144364353635
5580,0.09778665840913586,0.4145581216467391,0.28774138690830564,0.40560972392753253,0.28682321512741354,0.21508144364353635
5581,0.09778665840913586,0.4145581216467391,0.28774138690830564,0.40560972392753253,0.28682321512741354,0.21508144364353635
5582,0.09778665840913586,0.4145581216467391,0.28774138690830564,0.40560972392753253,0.28682321512741354,0.21508144364353635
5583,0.09778665840913586,0.4145581216467391,0.28774138690830564,0.40560972392753253,0.28682321512741354,0.21508144364353635
5584,0.09778665840913586,0.4145581216467391,0.28774138690830564,0.40560972392753253,0.28682321512741354,0.21508144364353635
5585,0.09778665840913586,0.4145581216467391,0.28774138690830564,0.40560972392753253,0.28682321512741354,0.21508144364353635
5586,0.09778665840913586,0.4145581216467391,0.28774138690830564,0.40560972392753253,0.28682321512741354,0.21508144364353635
5587,0.09778665840913586,0.4145581216467391,0.28774138690830564,0.40560972392753253,0.28682321512741354,0.21508144364353635
5588,0.09778665840913586,0.4145581216467391,0.28774138690830564,0.40560972392753253,0.28682321512741354,0.21508144364353635
5589,0.09778665840913586,0.4145581216467391,0.28774138690830564,0.40560972392753253,0.28682321512741354,0.21508144364353635
5590,0.09778665840913586,0.4145581216467391,0.28774138690830564,0.40560972392753253,0.28682321512741354,0.21508144364353635
5591,0.09778665840913586,0.4145581216467391,0.28774138690830564,0.40560972392753253,0.28682321512741354,0.21508144364353635
5592,0.10122136830863733,0.4136332704192393,0.2879886267395436,0.40372771080896497,0.28519326835561876,0.21386694772341433
5593,0.10122136830863733,0.4136332704192393,0.2879886267395436,0.40372771080896497,0.28519326835561876,0.21386694772341433
5594,0.10122136830863733,0.4136332704192393,0.2879886267395436,0.40372771080896497,0.28519326835561876,0.21386694772341433
5595,0.10122136830863733,0.4136332704192393,0.2879886267395436,0.40372771080896497,0.28519326835561876,0.21386694772341433
5596,0.10122136830863733,0.4136332704192393,0.2879886267395436,0.40372771080896497,0.28519326835561876,0.21386694772341433
5597,0.10122136830863733,0.4136332704192393,0.2879886267395436,0.40372771080896497,0.28519326835561876,0.21386694772341433
5598,0.10122136830863733,0.4136332704192393,0.2879886267395436,0.40372771080896497,0.28519326835561876,0.21386694772341433
5599,0.10122136830863733,0.4136332704192393,0.2879886267395436,0.40372771080896497,0.28519326835561876,0.21386694772341433
5600,0.10122136830863733,0.4136332704192393,0.2879886267395436,0.40372771080896497,0.28519326835561876,0.21386694772341433
5601,0.10122136830863733,0.4136332704192393,0.2879886267395436,0.40372771080896497,0.28519326835561876,0.21386694772341433
5602,0.10122136830863733,0.4136332704192393,0.2879886267395436,0.40372771080896497,0.28519326835561876,0.21386694772341433
5603,0.10122136830863733,0.4136332704192393,0.2879886267395436,0.40372771080896497,0.28519326835561876,0.21386694772341433
5604,0.10122136830863733,0.4136332704192393,0.2879886267395436,0.40372771080896497,0.28519326835561876,0.21386694772341433
5605,0.10122136830863733,0.4136332704192393,0.2879886267395436,0.40372771080896497,0.28519326835561876,0.21386694772341433
5606,0.10122136830863733,0.4136332704192393,0.2879886267395436,0.40372771080896497,0.28519326835561876,0.21386694772341433
5607,0.10122136830863733,0.4136332704192393,0.2879886267395436,0.40372771080896497,0.28519326835561876,0.21386694772341433
5608,0.10122136830863733,0.4136332704192393,0.2879886267395436,0.40372771080896497,0.28519326835561876,0.21386694772341433
5609,0.10122136830863733,0.4136332704192393,0.2879886267395436,0.40372771080896497,0.28519326835561876,0.21386694772341433
5610,0.10122136830863733,0.4136332704192393,0.2879886267395436,0.40372771080896497,0.28519326835561876,0.21386694772341433
5611,0.10122136830863733,0.4136332704192393,0.2879886267395436,0.40372771080896497,0.28519326835561876,0.21386694772341433
5612,0.10122136830863733,0.4136332704192393,0.2879886267395436,0.40372771080896497,0.28519326835561876,0.21386694772341433
5613,0.10122136830863733,0.4136332704192393,0.2879886267395436,0.40372771080896497,0.28519326835561876,0.21386694772341433
5614,0.10122136830863733,0.4136332704192393,0.2879886267395436,0.40372771080896497,0.28519326835561876,0.21386694772341433
5615,0.10122136830863733,0.4136332704192393,0.2879886267395436,0.40372771080896497,0.28519326835561876,0.21386694772341433
5616,0.10483594493008025,0.41193317396752044,0.28763165331121865,0.4010030222975773,0.28282403252514904,0.21223252667431872
5617,0.10483594493008025,0.41193317396752044,0.28763165331121865,0.4010030222975773,0.28282403252514904,0.21223252667431872
5618,0.10483594493008025,0.41193317396752044,0.28763165331121865,0.4010030222975773,0.28282403252514904,0.21223252667431872
5619,0.10483594493008025,0.41193317396752044,0.28763165331121865,0.4010030222975773,0.28282403252514904,0.21223252667431872
5620,0.10483594493008025,0.41193317396752044,0.28763165331121865,0.4010030222975773,0.28282403252514904,0.21223252667431872
5621,0.10483594493008025,0.41193317396752044,0.28763165331121865,0.4010030222975773,0.28282403252514904,0.21223252667431872
5622,0.10483594493008025,0.41193317396752044,0.28763165331121865,0.4010030222975773,0.28282403252514904,0.21223252667431872
5623,0.10483594493008025,0.41193317396752044,0.28763165331121865,0.4010030222975773,0.28282403252514904,0.21223252667431872
5624,0.10483594493008025,0.41193317396752044,0.28763165331121865,0.4010030222975773,0.28282403252514904,0.21223252667431872
5625,0.10483594493008025,0.41193317396752044,0.28763165331121865,0.4010030222975773,0.28282403252514904,0.21223252667431872
5626,0.10483594493008025,0.41193317396752044,0.28763165331121865,0.4010030222975773,0.28282403252514904,0.21223252667431872
5627,0.10483594493008025,0.41193317396752044,0.28763165331121865,0.4010030222975773,0.28282403252514904,0.21223252667431872
5628,0.10483594493008025,0.41193317396752044,0.28763165331121865,0.4010030222975773,0.28282403252514904,0.21223252667431872
5629,0.10483594493008025,0.41193317396752044,0.28763165331121865,0.4010030222975773,0.28282403252514904,0.21223252667431872
5630,0.10483594493008025,0.41193317396752044,0.28763165331121865,0.4010030222975773,0.28282403252514904,0.21223252667431872
5631,0.10483594493008025,0.41193317396752044,0.28763165331121865,0.4010030222975773,0.28282403252514904,0.21223252667431872
5632,0.10483594493008025,0.41193317396752044,0.28763165331121865,0.4010030222975773,0.28282403252514904,0.21223252667431872
5633,0.10483594493008025,0.41193317396752044,0.28763165331121865,0.4010030222975773,0.28282403252514904,0.21223252667431872
5634,0.10483594493008025,0.41193317396752044,0.28763165331121865,0.4010030222975773,0.28282403252514904,0.21223252667431872
5635,0.10483594493008025,0.41193317396752044,0.28763165331121865,0.4010030222975773,0.28282403252514904,0.21223252667431872
5636,0.10483594493008025,0.41193317396752044,0.28763165331121865,0.4010030222975773,0.28282403252514904,0.21223252667431872
5637,0.10483594493008025,0.41193317396752044,0.28763165331121865,0.4010030222975773,0.28282403252514904,0.21223252667431872
5638,0.10483594493008025,0.41193317396752044,0.28763165331121865,0.4010030222975773,0.28282403252514904,0.21223252667431872
5639,0.10483594493008025,0.41193317396752044,0.28763165331121865,0.4010030222975773,0.28282403252514904,0.21223252667431872
5640,0.1097577352770247,0.4119151955687965,0.2888426031947204,0.39976320526738657,0.28173031810554483,0.210941991541409
5641,0.1097577352770247,0.4119151955687965,0.2888426031947204,0.39976320526738657,0.28173031810554483,0.210941991541409
5642,0.1097577352770247,0.4119151955687965,0.2888426031947204,0.39976320526738657,0.28173031810554483,0.210941991541409
5643,0.1097577352770247,0.4119151955687965,0.2888426031947204,0.39976320526738657,0.28173031810554483,0.210941991541409
5644,0.1097577352770247,0.4119151955687965,0.2888426031947204,0.39976320526738657,0.28173031810554483,0.210941991541409
5645,0.1097577352770247,0.4119151955687965,0.2888426031947204,0.39976320526738657,0.28173031810554483,0.210941991541409
5646,0.1097577352770247,0.4119151955687965,0.2888426031947204,0.39976320526738657,0.28173031810554483,0.210941991541409
5647,0.1097577352770247,0.4119151955687965,0.2888426031947204,0.39976320526738657,0.28173031810554483,0.210941991541409
5648,0.1097577352770247,0.4119151955687965,0.2888426031947204,0.39976320526738657,0.28173031810554483,0.210941991541409
5649,0.1097577352770247,0.4119151955687965,0.2888426031947204,0.39976320526738657,0.28173031810554483,0.210941991541409
5650,0.1097577352770247,0.4119151955687965,0.2888426031947204,0.39976320526738657,0.28173031810554483,0.210941991541409
5651,0.1097577352770247,0.4119151955687965,0.2888426031947204,0.39976320526738657,0.28173031810554483,0.210941991541409
5652,0.1097577352770247,0.4119151955687965,0.2888426031947204,0.39976320526738657,0.28173031810554483,0.210941991541409
5653,0.1097577352770247,0.4119151955687965,0.2888426031947204,0.39976320526738657,0.28173031810554483,0.210941991541409
5654,0.1097577352770247,0.4119151955687965,0.2888426031947204,0.39976320526738657,0.28173031810554483,0.210941991541409
5655,0.1097577352770247,0.4119151955687965,0.2888426031947204,0.39976320526738657,0.28173031810554483,0.210941991541409
5656,0.1097577352770247,0.4119151955687965,0.2888426031947204,0.39976320526738657,0.28173031810554483,0.210941991541409
5657,0.1097577352770247,0.4119151955687965,0.2888426031947204,0.39976320526738657,0.28173031810554483,0.210941991541409
5658,0.1097577352770247,0.4119151955687965,0.2888426031947204,0.39976320526738657,0.28173031810554483,0.210941991541409
5659,0.1097577352770247,0.4119151955687965,0.2888426031947204,0.39976320526738657,0.28173031810554483,0.210941991541409
5660,0.1097577352770247,0.4119151955687965,0.2888426031947204,0.39976320526738657,0.28173031810554483,0.210941991541409
5661,0.1097577352770247,0.4119151955687965,0.2888426031947204,0.39976320526738657,0.28173031810554483,0.210941991541409
5662,0.1097577352770247,0.4119151955687965,0.2888426031947204,0.39976320526738657,0.28173031810554483,0.210941991541409
5663,0.1097577352770247,0.4119151955687965,0.2888426031947204,0.39976320526738657,0.28173031810554483,0.210941991541409
5664,0.11403072872475577,0.4087681237932394,0.2878264632683565,0.39561924045675306,0.27786027307795147,0.2083657809248408
5665,0.11403072872475577,0.4087681237932394,0.2878264632683565,0.39561924045675306,0.27786027307795147,0.2083657809248408
5666,0.11403072872475577,0.4087681237932394,0.2878264632683565,0.39561924045675306,0.27786027307795147,0.2083657809248408
5667,0.11403072872475577,0.4087681237932394,0.2878264632683565,0.39561924045675306,0.27786027307795147,0.2083657809248408
5668,0.11403072872475577,0.4087681237932394,0.2878264632683565,0.39561924045675306,0.27786027307795147,0.2083657809248408
5669,0.11403072872475577,0.4087681237932394,0.2878264632683565,0.39561924045675306,0.27786027307795147,0.2083657809248408
5670,0.11403072872475577,0.4087681237932394,0.2878264632683565,0.39561924045675306,0.27786027307795147,0.2083657809248408
5671,0.11403072872475577,0.4087681237932394,0.2878264632683565,0.39561924045675306,0.27786027307795147,0.2083657809248408
5672,0.11403072872475577,0.4087681237932394,0.2878264632683565,0.39561924045675306,0.27786027307795147,0.2083657809248408
5673,0.11403072872475577,0.4087681237932394,0.2878264632683565,0.39561924045675306,0.27786027307795147,0.2083657809248408
5674,0.11403072872475577,0.4087681237932394,0.2878264632683565,0.39561924045675306,0.27786027307795147,0.2083657809248408
5675,0.11403072872475577,0.4087681237932394,0.2878264632683565,0.39561924045675306,0.27786027307795147,0.2083657809248408
5676,0.11403072872475577,0.4087681237932394,0.2878264632683565,0.39561924045675306,0.27786027307795147,0.2083657809248408
5677,0.11403072872475577,0.4087681237932394,0.2878264632683565,0.39561924045675306,0.27786027307795147,0.2083657809248408
5678,0.11403072872475577,0.4087681237932394,0.2878264632683565,0.39561924045675306,0.27786027307795147,0.2083657809248408
5679,0.11403072872475577,0.4087681237932394,0.2878264632683565,0.39561924045675306,0.27786027307795147,0.2083657809248408
5680,0.11403072872475577,0.4087681237932394,0.2878264632683565,0.39561924045675306,0.27786027307795147,0.2083657809248408
5681,0.11403072872475577,0.4087681237932394,0.2878264632683565,0.39561924045675306,0.27786027307795147,0.2083657809248408
5682,0.11403072872475577,0.4087681237932394,0.2878264632683565,0.39561924045675306,0.27786027307795147,0.2083657809248408
5683,0.11403072872475577,0.4087681237932394,0.2878264632683565,0.39561924045675306,0.27786027307795147,0.2083657809248408
5684,0.11403072872475577,0.4087681237932394,0.2878264632683565,0.39561924045675306,0.27786027307795147,0.2083657809248408
5685,0.11403072872475577,0.4087681237932394,0.2878264632683565,0.39561924045675306,0.27786027307795147,0.2083657809248408
5686,0.11403072872475577,0.4087681237932394,0.2878264632683565,0.39561924045675306,0.27786027307795147,0.2083657809248408
5687,0.11403072872475577,0.4087681237932394,0.2878264632683565,0.39561924045675306,0.27786027307795147,0.2083657809248408
5688,0.11749533963166912,0.4034163951950516,0.28487498105340836,0.38948751668693354,0.27214378843592824,0.20515884355513167
5689,0.11749533963166912,0.4034163951950516,0.28487498105340836,0.38948751668693354,0.27214378843592824,0.20515884355513167
5690,0.11749533963166912,0.4034163951950516,0.28487498105340836,0.38948751668693354,0.27214378843592824,0.20515884355513167
5691,0.11749533963166912,0.4034163951950516,0.28487498105340836,0.38948751668693354,0.27214378843592824,0.20515884355513167
5692,0.11749533963166912,0.4034163951950516,0.28487498105340836,0.38948751668693354,0.27214378843592824,0.20515884355513167
5693,0.11749533963166912,0.4034163951950516,0.28487498105340836,0.38948751668693354,0.27214378843592824,0.20515884355513167
5694,0.11749533963166912,0.4034163951950516,0.28487498105340836,0.38948751668693354,0.27214378843592824,0.20515884355513167
5695,0.11749533963166912,0.4034163951950516,0.28487498105340836,0.38948751668693354,0.27214378843592824,0.20515884355513167
5696,0.11749533963166912,0.4034163951950516,0.28487498105340836,0.38948751668693354,0.27214378843592824,0.20515884355513167
5697,0.11749533963166912,0.4034163951950516,0.28487498105340836,0.38948751668693354,0.27214378843592824,0.20515884355513167
5698,0.11749533963166912,0.4034163951950516,0.28487498105340836,0.38948751668693354,0.27214378843592824,0.20515884355513167
5699,0.11749533963166912,0.4034163951950516,0.28487498105340836,0.38948751668693354,0.27214378843592824,0.20515884355513167
5700,0.11749533963166912,0.4034163951950516,0.28487498105340836,0.38948751668693354,0.27214378843592824,0.20515884355513167
5701,0.11749533963166912,0.4034163951950516,0.28487498105340836,0.38948751668693354,0.27214378843592824,0.20515884355513167
5702,0.11749533963166912,0.4034163951950516,0.28487498105340836,0.38948751668693354,0.27214378843592824,0.20515884355513167
5703,0.11749533963166912,0.4034163951950516,0.28487498105340836,0.38948751668693354,0.27214378843592824,0.20515884355513167
5704,0.11749533963166912,0.4034163951950516,0.28487498105340836,0.38948751668693354,0.27214378843592824,0.20515884355513167
5705,0.11749533963166912,0.4034163951950516,0.28487498105340836,0.38948751668693354,0.27214378843592824,0.20515884355513167
5706,0.11749533963166912,0.4034163951950516,0.28487498105340836,0.38948751668693354,0.27214378843592824,0.20515884355513167
5707,0.11749533963166912,0.4034163951950516,0.28487498105340836,0.38948751668693354,0.27214378843592824,0.20515884355513167
5708,0.11749533963166912,0.4034163951950516,0.28487498105340836,0.38948751668693354,0.27214378843592824,0.20515884355513167
5709,0.11749533963166912,0.4034163951950516,0.28487498105340836,0.38948751668693354,0.27214378843592824,0.20515884355513167
5710,0.11749533963166912,0.4034163951950516,0.28487498105340836,0.38948751668693354,0.27214378843592824,0.20515884355513167
5711,0.11749533963166912,0.4034163951950516,0.28487498105340836,0.38948751668693354,0.27214378843592824,0.20515884355513167
5712,0.12029297308780396,0.39965975492342015,0.28278795826377884,0.38482920239216706,0.2679822253676937,0.202819214409104
5713,0.12029297308780396,0.39965975492342015,0.28278795826377884,0.38482920239216706,0.2679822253676937,0.202819214409104
5714,0.12029297308780396,0.39965975492342015,0.28278795826377884,0.38482920239216706,0.2679822253676937,0.202819214409104
5715,0.12029297308780396,0.39965975492342015,0.28278795826377884,0.38482920239216706,0.2679822253676937,0.202819214409104
5716,0.12029297308780396,0.39965975492342015,0.28278795826377884,0.38482920239216706,0.2679822253676937,0.202819214409104
5717,0.12029297308780396,0.39965975492342015,0.28278795826377884,0.38482920239216706,0.2679822253676937,0.202819214409104
5718,0.12029297308780396,0.39965975492342015,0.28278795826377884,0.38482920239216706,0.2679822253676937,0.202819214409104
5719,0.12029297308780396,0.39965975492342015,0.28278795826377884,0.38482920239216706,0.2679822253676937,0.202819214409104
5720,0.12029297308780396,0.39965975492342015,0.28278795826377884,0.38482920239216706,0.2679822253676937,0.202819214409104
5721,0.12029297308780396,0.39965975492342015,0.28278795826377884,0.38482920239216706,0.2679822253676937,0.202819214409104
5722,0.12029297308780396,0.39965975492342015,0.28278795826377884,0.38482920239216706,0.2679822253676937,0.202819214409104
5723,0.12029297308780396,0.39965975492342015,0.28278795826377884,0.38482920239216706,0.2679822253676937,0.202819214409104
5724,0.12029297308780396,0.39965975492342015,0.28278795826377884,0.38482920239216706,0.2679822253676937,0.202819214409104
5725,0.12029297308780396,0.39965975492342015,0.28278795826377884,0.38482920239216706,0.2679822253676937,0.202819214409104
5726,0.12029297308780396,0.39965975492342015,0.28278795826377884,0.38482920239216706,0.2679822253676937,0.202819214409104
5727,0.12029297308780396,0.39965975492342015,0.28278795826377884,0.38482920239216706,0.2679822253676937,0.202819214409104
5728,0.12029297308780396,0.39965975492342015,0.28278795826377884,0.38482920239216706,0.2679822253676937,0.202819214409104
5729,0.12029297308780396,0.39965975492342015,0.28278795826377884,0.38482920239216706,0.2679822253676937,0.202819214409104
5730,0.12029297308780396,0.39965975492342015,0.28278795826377884,0.38482920239216706,0.2679822253676937,0.202819214409104
5731,0.12029297308780396,0.39965975492342015,0.28278795826377884,0.38482920239216706,0.2679822253676937,0.202819214409104
5732,0.12029297308780396,0.39965975492342015,0.28278795826377884,0.38482920239216706,0.2679822253676937,0.202819214409104
5733,0.12029297308780396,0.39965975492342015,0.28278795826377884,0.38482920239216706,0.2679822253676937,0.202819214409104
5734,0.12029297308780396,0.39965975492342015,0.28278795826377884,0.38482920239216706,0.2679822253676937,0.202819214409104
5735,0.12029297308780396,0.39965975492342015,0.28278795826377884,0.38482920239216706,0.2679822253676937,0.202819214409104
5736,0.12296529420659989,0.39329508084760983,0.2789080990045028,0.37765846057969304,0.2614408898901645,0.1992570628343807
5737,0.12296529420659989,0.39329508084760983,0.2789080990045028,0.37765846057969304,0.2614408898901645,0.1992570628343807
5738,0.12296529420659989,0.39329508084760983,0.2789080990045028,0.37765846057969304,0.2614408898901645,0.1992570628343807
5739,0.12296529420659989,0.39329508084760983,0.2789080990045028,0.37765846057969304,0.2614408898901645,0.1992570628343807
5740,0.12296529420659989,0.39329508084760983,0.2789080990045028,0.37765846057969304,0.2614408898901645,0.1992570628343807
5741,0.12296529420659989,0.39329508084760983,0.2789080990045028,0.37765846057969304,0.2614408898901645,0.1992570628343807
5742,0.12296529420659989,0.39329508084760983,0.2789080990045028,0.37765846057969304,0.2614408898901645,0.1992570628343807
5743,0.12296529420659989,0.39329508084760983,0.2789080990045028,0.37765846057969304,0.2614408898901645,0.1992570628343807
5744,0.12296529420659989,0.39329508084760983,0.2789080990045028,0.37765846057969304,0.2614408898901645,0.1992570628343807
5745,0.12296529420659989,0.39329508084760983,0.2789080990045028,0.37765846057969304,0.2614408898901645,0.1992570628343807
5746,0.12296529420659989,0.39329508084760983,0.2789080990045028,0.37765846057969304,0.2614408898901645,0.1992570628343807
5747,0.12296529420659989,0.39329508084760983,0.2789080990045028,0.37765846057969304,0.2614408898901645,0.1992570628343807
5748,0.12296529420659989,0.39329508084760983,0.2789080990045028,0.37765846057969304,0.2614408898901645,0.1992570628343807
5749,0.12296529420659989,0.39329508084760983,0.2789080990045028,0.37765846057969304,0.2614408898901645,0.1992570628343807
5750,0.12296529420659989,0.39329508084760983,0.2789080990045028,0.37765846057969304,0.2614408898901645,0.1992570628343807
5751,0.12296529420659989,0.39329508084760983,0.2789080990045028,0.37765846057969304,0.2614408898901645,0.1992570628343807
5752,0.12296529420659989,0.39329508084760983,0.2789080990045028,0.37765846057969304,0.2614408898901645,0.1992570628343807
5753,0.12296529420659989,0.39329508084760983,0.2789080990045028,0.37765846057969304,0.2614408898901645,0.1992570628343807
5754,0.12296529420659989,0.39329508084760983,0.2789080990045028,0.37765846057969304,0.2614408898901645,0.1992570628343807
5755,0.12296529420659989,0.39329508084760983,0.2789080990045028,0.37765846057969304,0.2614408898901645,0.1992570628343807
5756,0.12296529420659989,0.39329508084760983,0.2789080990045028,0.37765846057969304,0.2614408898901645,0.1992570628343807
5757,0.12296529420659989,0.39329508084760983,0.2789080990045028,0.37765846057969304,0.2614408898901645,0.1992570628343807
5758,0.12296529420659989,0.39329508084760983,0.2789080990045028,0.37765846057969304,0.2614408898901645,0.1992570628343807
5759,0.12296529420659989,0.39329508084760983,0.2789080990045028,0.37765846057969304,0.2614408898901645,0.1992570628343807
5760,0.12611786716417236,0.3856901034799891,0.2739593243392828,0.36966088267268843,0.2534072445683183,0.1953483708418949
5761,0.12611786716417236,0.3856901034799891,0.2739593243392828,0.36966088267268843,0.2534072445683183,0.1953483708418949
5762,0.12611786716417236,0.3856901034799891,0.2739593243392828,0.36966088267268843,0.2534072445683183,0.1953483708418949
5763,0.12611786716417236,0.3856901034799891,0.2739593243392828,0.36966088267268843,0.2534072445683183,0.1953483708418949
5764,0.12611786716417236,0.3856901034799891,0.2739593243392828,0.36966088267268843,0.2534072445683183,0.1953483708418949
5765,0.12611786716417236,0.3856901034799891,0.2739593243392828,0.36966088267268843,0.2534072445683183,0.1953483708418949
5766,0.12611786716417236,0.3856901034799891,0.2739593243392828,0.36966088267268843,0.2534072445683183,0.1953483708418949
5767,0.12611786716417236,0.3856901034799891,0.2739593243392828,0.36966088267268843,0.2534072445683183,0.1953483708418949
5768,0.12611786716417236,0.3856901034799891,0.2739593243392828,0.36966088267268843,0.2534072445683183,0.1953483708418949
5769,0.12611786716417236,0.3856901034799891,0.2739593243392828,0.36966088267268843,0.2534072445683183,0.1953483708418949
5770,0.12611786716417236,0.3856901034799891,0.2739593243392828,0.36966088267268843,0.2534072445683183,0.1953483708418949
5771,0.12611786716417236,0.3856901034799891,0.2739593243392828,0.36966088267268843,0.2534072445683183,0.1953483708418949
5772,0.12611786716417236,0.3856901034799891,0.2739593243392828,0.36966088267268843,0.2534072445683183,0.1953483708418949
5773,0.12611786716417236,0.3856901034799891,0.2739593243392828,0.36966088267268843,0.2534072445683183,0.1953483708418949
5774,0.12611786716417236,0.3856901034799891,0.2739593243392828,0.36966088267268843,0.2534072445683183,0.1953483708418949
5775,0.12611786716417236,0.3856901034799891,0.2739593243392828,0.36966088267268843,0.2534072445683183,0.1953483708418949
5776,0.12611786716417236,0.3856901034799891,0.2739593243392828,0.36966088267268843,0.2534072445683183,0.1953483708418949
5777,0.12611786716417236,0.3856901034799891,0.2739593243392828,0.36966088267268843,0.2534072445683183,0.1953483708418949
5778,0.12611786716417236,0.3856901034799891,0.2739593243392828,0.36966088267268843,0.2534072445683183,0.1953483708418949
5779,0.12611786716417236,0.3856901034799891,0.2739593243392828,0.36966088267268843,0.2534072445683183,0.1953483708418949
5780,0.12611786716417236,0.3856901034799891,0.2739593243392828,0.36966088267268843,0.2534072445683183,0.1953483708418949
5781,0.12611786716417236,0.3856901034799891,0.2739593243392828,0.36966088267268843,0.2534072445683183,0.1953483708418949
5782,0.12611786716417236,0.3856901034799891,0.2739593243392828,0.36966088267268843,0.2534072445683183,0.1953483708418949
5783,0.12611786716417236,0.3856901034799891,0.2739593243392828,0.36966088267268843,0.2534072445683183,0.1953483708418949
5784,0.12964276261415816,0.38284161866419725,0.2727264831918006,0.36589842963844327,0.25004611099791707,0.1932648934215684
5785,0.12964276261415816,0.38284161866419725,0.2727264831918006,0.36589842963844327,0.25004611099791707,0.1932648934215684
5786,0.12964276261415816,0.38284161866419725,0.2727264831918006,0.36589842963844327,0.25004611099791707,0.1932648934215684
5787,0.12964276261415816,0.38284161866419725,0.2727264831918006,0.36589842963844327,0.25004611099791707,0.1932648934215684
5788,0.12964276261415816,0.38284161866419725,0.2727264831918006,0.36589842963844327,0.25004611099791707,0.1932648934215684
5789,0.12964276261415816,0.38284161866419725,0.2727264831918006,0.36589842963844327,0.25004611099791707,0.1932648934215684
5790,0.12964276261415816,0.38284161866419725,0.2727264831918006,0.36589842963844327,0.25004611099791707,0.1932648934215684
5791,0.12964276261415816,0.38284161866419725,0.2727264831918006,0.36589842963844327,0.25004611099791707,0.1932648934215684
5792,0.12964276261415816,0.38284161866419725,0.2727264831918006,0.36589842963844327,0.25004611099791707,0.1932648934215684
5793,0.12964276261415816,0.38284161866419725,0.2727264831918006,0.36589842963844327,0.25004611099791707,0.1932648934215684
5794,0.12964276261415816,0.38284161866419725,0.2727264831918006,0.36589842963844327,0.25004611099791707,0.1932648934215684
5795,0.12964276261415816,0.38284161866419725,0.2727264831918006,0.36589842963844327,0.25004611099791707,0.1932648934215684
5796,0.12964276261415816,0.38284161866419725,0.2727264831918006,0.36589842963844327,0.25004611099791707,0.1932648934215684
5797,0.12964276261415816,0.38284161866419725,0.2727264831918006,0.36589842963844327,0.25004611099791707,0.1932648934215684
5798,0.12964276261415816,0.38284161866419725,0.2727264831918006,0.36589842963844327,0.25004611099791707,0.1932648934215684
5799,0.12964276261415816,0.38284161866419725,0.2727264831918006,0.36589842963844327,0.25004611099791707,0.1932648934215684
5800,0.12964276261415816,0.38284161866419725,0.2727264831918006,0.36589842963844327,0.25004611099791707,0.1932648934215684
5801,0.12964276261415816,0.38284161866419725,0.2727264831918006,0.36589842963844327,0.25004611099791707,0.1932648934215684
5802,0.12964276261415816,0.38284161866419725,0.2727264831918006,0.36589842963844327,0.25004611099791707,0.1932648934215684
5803,0.12964276261415816,0.38284161866419725,0.2727264831918006,0.36589842963844327,0.25004611099791707,0.1932648934215684
5804,0.12964276261415816,0.38284161866419725,0.2727264831918006,0.36589842963844327,0.25004611099791707,0.1932648934215684
5805,0.12964276261415816,0.38284161866419725,0.2727264831918006,0.36589842963844327,0.25004611099791707,0.1932648934215684
5806,0.12964276261415816,0.38284161866419725,0.2727264831918006,0.36589842963844327,0.25004611099791707,0.1932648934215684
5807,0.12964276261415816,0.38284161866419725,0.2727264831918006,0.36589842963844327,0.25004611099791707,0.1932648934215684
5808,0.13195955901619585,0.37842657771526333,0.27019542774614386,0.36046885217879093,0.2453143991896988,0.19079404781557865
5809,0.13195955901619585,0.37842657771526333,0.27019542774614386,0.36046885217879093,0.2453143991896988,0.19079404781557865
5810,0.13195955901619585,0.37842657771526333,0.27019542774614386,0.36046885217879093,0.2453143991896988,0.19079404781557865
5811,0.13195955901619585,0.37842657771526333,0.27019542774614386,0.36046885217879093,0.2453143991896988,0.19079404781557865
5812,0.13195955901619585,0.37842657771526333,0.27019542774614386,0.36046885217879093,0.2453143991896988,0.19079404781557865
5813,0.13195955901619585,0.37842657771526333,0.27019542774614386,0.36046885217879093,0.2453143991896988,0.19079404781557865
5814,0.13195955901619585,0.37842657771526333,0.27019542774614386,0.36046885217879093,0.2453143991896988,0.19079404781557865
5815,0.13195955901619585,0.37842657771526333,0.27019542774614386,0.36046885217879093,0.2453143991896988,0.19079404781557865
5816,0.13195955901619585,0.37842657771526333,0.27019542774614386,0.36046885217879093,0.2453143991896988,0.19079404781557865
5817,0.13195955901619585,0.37842657771526333,0.27019542774614386,0.36046885217879093,0.2453143991896988,0.19079404781557865
5818,0.13195955901619585,0.37842657771526333,0.27019542774614386,0.36046885217879093,0.2453143991896988,0.19079404781557865
5819,0.13195955901619585,0.37842657771526333,0.27019542774614386,0.36046885217879093,0.2453143991896988,0.19079404781557865
5820,0.13195955901619585,0.37842657771526333,0.27019542774614386,0.36046885217879093,0.2453143991896988,0.19079404781557865
5821,0.13195955901619585,0.37842657771526333,0.27019542774614386,0.36046885217879093,0.2453143991896988,0.19079404781557865
5822,0.13195955901619585,0.37842657771526333,0.27019542774614386,0.36046885217879093,0.2453143991896988,0.19079404781557865
5823,0.13195955901619585,0.37842657771526333,0.27019542774614386,0.36046885217879093,0.2453143991896988,0.19079404781557865
5824,0.13195955901619585,0.37842657771526333,0.27019542774614386,0.36046885217879093,0.2453143991896988,0.19079404781557865
5825,0.13195955901619585,0.37842657771526333,0.27019542774614386,0.36046885217879093,0.2453143991896988,0.19079404781557865
5826,0.13195955901619585,0.37842657771526333,0.27019542774614386,0.36046885217879093,0.2453143991896988,0.19079404781557865
5827,0.13195955901619585,0.37842657771526333,0.27019542774614386,0.36046885217879093,0.2453143991896988,0.19079404781557865
5828,0.13195955901619585,0.37842657771526333,0.27019542774614386,0.36046885217879093,0.2453143991896988,0.19079404781557865
5829,0.13195955901619585,0.37842657771526333,0.27019542774614386,0.36046885217879093,0.2453143991896988,0.19079404781557865
5830,0.13195955901619585,0.37842657771526333,0.27019542774614386,0.36046885217879093,0.2453143991896988,0.19079404781557865
5831,0.13195955901619585,0.37842657771526333,0.27019542774614386,0.36046885217879093,0.2453143991896988,0.19079404781557865
5832,0.13490922099985703,0.376282474748657,0.26943226441475343,0.35734048854621986,0.24260778745952472,0.18913796213511155
5833,0.13490922099985703,0.376282474748657,0.26943226441475343,0.35734048854621986,0.24260778745952472,0.18913796213511155
5834,0.13490922099985703,0.376282474748657,0.26943226441475343,0.35734048854621986,0.24260778745952472,0.18913796213511155
5835,0.13490922099985703,0.376282474748657,0.26943226441475343,0.35734048854621986,0.24260778745952472,0.18913796213511155
5836,0.13490922099985703,0.376282474748657,0.26943226441475343,0.35734048854621986,0.24260778745952472,0.18913796213511155
5837,0.13490922099985703,0.376282474748657,0.26943226441475343,0.35734048854621986,0.24260778745952472,0.18913796213511155
5838,0.13490922099985703,0.376282474748657,0.26943226441475343,0.35734048854621986,0.24260778745952472,0.18913796213511155
5839,0.13490922099985703,0.376282474748657,0.26943226441475343,0.35734048854621986,0.24260778745952472,0.18913796213511155
5840,0.13490922099985703,0.376282474748657,0.26943226441475343,0.35734048854621986,0.24260778745952472,0.18913796213511155
5841,0.13490922099985703,0.376282474748657,0.26943226441475343,0.35734048854621986,0.24260778745952472,0.18913796213511155
5842,0.13490922099985703,0.376282474748657,0.26943226441475343,0.35734048854621986,0.24260778745952472,0.18913796213511155
5843,0.13490922099985703,0.376282474748657,0.26943226441475343,0.35734048854621986,0.24260778745952472,0.18913796213511155
5844,0.13490922099985703,0.376282474748657,0.26943226441475343,0.35734048854621986,0.24260778745952472,0.18913796213511155
5845,0.13490922099985703,0.376282474748657,0.26943226441475343,0.35734048854621986,0.24260778745952472,0.18913796213511155
5846,0.13490922099985703,0.376282474748657,0.26943226441475343,0.35734048854621986,0.24260778745952472,0.18913796213511155
5847,0.13490922099985703,0.376282474748657,0.26943226441475343,0.35734048854621986,0.24260778745952472,0.18913796213511155
5848,0.13490922099985703,0.376282474748657,0.26943226441475343,0.35734048854621986,0.24260778745952472,0.18913796213511155
5849,0.13490922099985703,0.376282474748657,0.26943226441475343,0.35734048854621986,0.24260778745952472,0.18913796213511155
5850,0.13490922099985703,0.376282474748657,0.26943226441475343,0.35734048854621986,0.24260778745952472,0.18913796213511155
5851,0.13490922099985703,0.376282474748657,0.26943226441475343,0.35734048854621986,0.24260778745952472,0.18913796213511155
5852,0.13490922099985703,0.376282474748657,0.26943226441475343,0.35734048854621986,0.24260778745952472,0.18913796213511155
5853,0.13490922099985703,0.376282474748657,0.26943226441475343,0.35734048854621986,0.24260778745952472,0.18913796213511155
5854,0.13490922099985703,0.376282474748657,0.26943226441475343,0.35734048854621986,0.24260778745952472,0.18913796213511155
5855,0.13490922099985703,0.376282474748657,0.26943226441475343,0.35734048854621986,0.24260778745952472,0.18913796213511155
5856,0.1394907585694237,0.3783364806852125,0.2722686771157002,0.358508608089799,0.24362235332079393,0.18897432513622225
5857,0.1394907585694237,0.3783364806852125,0.2722686771157002,0.358508608089799,0.24362235332079393,0.18897432513622225
5858,0.1394907585694237,0.3783364806852125,0.2722686771157002,0.358508608089799,0.24362235332079393,0.18897432513622225
5859,0.1394907585694237,0.3783364806852125,0.2722686771157002,0.358508608089799,0.24362235332079393,0.18897432513622225
5860,0.1394907585694237,0.3783364806852125,0.2722686771157002,0.358508608089799,0.24362235332079393,0.18897432513622225
5861,0.1394907585694237,0.3783364806852125,0.2722686771157002,0.358508608089799,0.24362235332079393,0.18897432513622225
5862,0.1394907585694237,0.3783364806852125,0.2722686771157002,0.358508608089799,0.24362235332079393,0.18897432513622225
5863,0.1394907585694237,0.3783364806852125,0.2722686771157002,0.358508608089799,0.24362235332079393,0.18897432513622225
5864,0.1394907585694237,0.3783364806852125,0.2722686771157002,0.358508608089799,0.24362235332079393,0.18897432513622225
5865,0.1394907585694237,0.3783364806852125,0.2722686771157002,0.358508608089799,0.24362235332079393,0.18897432513622225
5866,0.1394907585694237,0.3783364806852125,0.2722686771157002,0.358508608089799,0.24362235332079393,0.18897432513622225
5867,0.1394907585694237,0.3783364806852125,0.2722686771157002,0.358508608089799,0.24362235332079393,0.18897432513622225
5868,0.1394907585694237,0.3783364806852125,0.2722686771157002,0.358508608089799,0.24362235332079393,0.18897432513622225
5869,0.1394907585694237,0.3783364806852125,0.2722686771157002,0.358508608089799,0.24362235332079393,0.18897432513622225
5870,0.1394907585694237,0.3783364806852125,0.2722686771157002,0.358508608089799,0.24362235332079393,0.18897432513622225
5871,0.1394907585694237,0.3783364806852125,0.2722686771157002,0.358508608089799,0.24362235332079393,0.18897432513622225
5872,0.1394907585694237,0.3783364806852125,0.2722686771157002,0.358508608089799,0.24362235332079393,0.18897432513622225
5873,0.1394907585694237,0.3783364806852125,0.2722686771157002,0.358508608089799,0.24362235332079393,0.18897432513622225
5874,0.1394907585694237,0.3783364806852125,0.2722686771157002,0.358508608089799,0.24362235332079393,0.18897432513622225
5875,0.1394907585694237,0.3783364806852125,0.2722686771157002,0.358508608089799,0.24362235332079393,0.18897432513622225
5876,0.1394907585694237,0.3783364806852125,0.2722686771157002,0.358508608089799,0.24362235332079393,0.18897432513622225
5877,0.1394907585694237,0.3783364806852125,0.2722686771157002,0.358508608089799,0.24362235332079393,0.18897432513622225
5878,0.1394907585694237,0.3783364806852125,0.2722686771157002,0.358508608089799,0.24362235332079393,0.18897432513622225
5879,0.1394907585694237,0.3783364806852125,0.2722686771157002,0.358508608089799,0.24362235332079393,0.18897432513622225
5880,0.14362008001034812,0.3779533096814232,0.2730862094924606,0.3569638286366408,0.24235509548427658,0.18776822016281067
5881,0.14362008001034812,0.3779533096814232,0.2730862094924606,0.3569638286366408,0.24235509548427658,0.18776822016281067
5882,0.14362008001034812,0.3779533096814232,0.2730862094924606,0.3569638286366408,0.24235509548427658,0.18776822016281067
5883,0.14362008001034812,0.3779533096814232,0.2730862094924606,0.3569638286366408,0.24235509548427658,0.18776822016281067
5884,0.14362008001034812,0.3779533096814232,0.2730862094924606,0.3569638286366408,0.24235509548427658,0.18776822016281067
5885,0.14362008001034812,0.3779533096814232,0.2730862094924606,0.3569638286366408,0.24235509548427658,0.18776822016281067
5886,0.14362008001034812,0.3779533096814232,0.2730862094924606,0.3569638286366408,0.24235509548427658,0.18776822016281067
5887,0.14362008001034812,0.3779533096814232,0.2730862094924606,0.3569638286366408,0.24235509548427658,0.18776822016281067
5888,0.14362008001034812,0.3779533096814232,0.2730862094924606,0.3569638286366408,0.24235509548427658,0.18776822016281067
5889,0.14362008001034812,0.3779533096814232,0.2730862094924606,0.3569638286366408,0.24235509548427658,0.18776822016281067
5890,0.14362008001034812,0.3779533096814232,0.2730862094924606,0.3569638286366408,0.24235509548427658,0.18776822016281067
5891,0.14362008001034812,0.3779533096814232,0.2730862094924606,0.3569638286366408,0.24235509548427658,0.18776822016281067
5892,0.14362008001034812,0.3779533096814232,0.2730862094924606,0.3569638286366408,0.24235509548427658,0.18776822016281067
5893,0.14362008001034812,0.3779533096814232,0.2730862094924606,0.3569638286366408,0.24235509548427658,0.18776822016281067
5894,0.14362008001034812,0.3779533096814232,0.2730862094924606,0.3569638286366408,0.24235509548427658,0.18776822016281067
5895,0.14362008001034812,0.3779533096814232,0.2730862094924606,0.3569638286366408,0.24235509548427658,0.18776822016281067
5896,0.14362008001034812,0.3779533096814232,0.2730862094924606,0.3569638286366408,0.24235509548427658,0.18776822016281067
5897,0.14362008001034812,0.3779533096814232,0.2730862094924606,0.3569638286366408,0.24235509548427658,0.18776822016281067
5898,0.14362008001034812,0.3779533096814232,0.2730862094924606,0.3569638286366408,0.24235509548427658,0.18776822016281067
5899,0.14362008001034812,0.3779533096814232,0.2730862094924606,0.3569638286366408,0.24235509548427658,0.18776822016281067
5900,0.14362008001034812,0.3779533096814232,0.2730862094924606,0.3569638286366408,0.24235509548427658,0.18776822016281067
5901,0.14362008001034812,0.3779533096814232,0.2730862094924606,0.3569638286366408,0.24235509548427658,0.18776822016281067
5902,0.14362008001034812,0.3779533096814232,0.2730862094924606,0.3569638286366408,0.24235509548427658,0.18776822016281067
5903,0.14362008001034812,0.3779533096814232,0.2730862094924606,0.3569638286366408,0.24235509548427658,0.18776822016281067
5904,0.14651821338299267,0.37216728280975264,0.2696666426124379,0.3503881633948021,0.23633453513421268,0.18442820273621316
5905,0.14651821338299267,0.37216728280975264,0.2696666426124379,0.3503881633948021,0.23633453513421268,0.18442820273621316
5906,0.14651821338299267,0.37216728280975264,0.2696666426124379,0.3503881633948021,0.23633453513421268,0.18442820273621316
5907,0.14651821338299267,0.37216728280975264,0.2696666426124379,0.3503881633948021,0.23633453513421268,0.18442820273621316
5908,0.14651821338299267,0.37216728280975264,0.2696666426124379,0.3503881633948021,0.23633453513421268,0.18442820273621316
5909,0.14651821338299267,0.37216728280975264,0.2696666426124379,0.3503881633948021,0.23633453513421268,0.18442820273621316
5910,0.14651821338299267,0.37216728280975264,0.2696666426124379,0.3503881633948021,0.23633453513421268,0.18442820273621316
5911,0.14651821338299267,0.37216728280975264,0.2696666426124379,0.3503881633948021,0.23633453513421268,0.18442820273621316
5912,0.14651821338299267,0.37216728280975264,0.2696666426124379,0.3503881633948021,0.23633453513421268,0.18442820273621316
5913,0.14651821338299267,0.37216728280975264,0.2696666426124379,0.3503881633948021,0.23633453513421268,0.18442820273621316
5914,0.14651821338299267,0.37216728280975264,0.2696666426124379,0.3503881633948021,0.23633453513421268,0.18442820273621316
5915,0.14651821338299267,0.37216728280975264,0.2696666426124379,0.3503881633948021,0.23633453513421268,0.18442820273621316
5916,0.14651821338299267,0.37216728280975264,0.2696666426124379,0.3503881633948021,0.23633453513421268,0.18442820273621316
5917,0.14651821338299267,0.37216728280975264,0.2696666426124379,0.3503881633948021,0.23633453513421268,0.18442820273621316
5918,0.14651821338299267,0.37216728280975264,0.2696666426124379,0.3503881633948021,0.23633453513421268,0.18442820273621316
5919,0.14651821338299267,0.37216728280975264,0.2696666426124379,0.3503881633948021,0.23633453513421268,0.18442820273621316
5920,0.14651821338299267,0.37216728280975264,0.2696666426124379,0.3503881633948021,0.23633453513421268,0.18442820273621316
5921,0.14651821338299267,0.37216728280975264,0.2696666426124379,0.3503881633948021,0.23633453513421268,0.18442820273621316
5922,0.14651821338299267,0.37216728280975264,0.2696666426124379,0.3503881633948021,0.23633453513421268,0.18442820273621316
5923,0.14651821338299267,0.37216728280975264,0.2696666426124379,0.3503881633948021,0.23633453513421268,0.18442820273621316
5924,0.14651821338299267,0.37216728280975264,0.2696666426124379,0.3503881633948021,0.23633453513421268,0.18442820273621316
5925,0.14651821338299267,0.37216728280975264,0.2696666426124379,0.3503881633948021,0.23633453513421268,0.18442820273621316
5926,0.14651821338299267,0.37216728280975264,0.2696666426124379,0.3503881633948021,0.23633453513421268,0.18442820273621316
5927,0.14651821338299267,0.37216728280975264,0.2696666426124379,0.3503881633948021,0.23633453513421268,0.18442820273621316
5928,0.1492885234168648,0.36699355623500374,0.2666125027723665,0.344310320688064,0.230899906321656,0.18141976225130116
5929,0.1492885234168648,0.36699355623500374,0.2666125027723665,0.344310320688064,0.230899906321656,0.18141976225130116
5930,0.1492885234168648,0.36699355623500374,0.2666125027723665,0.344310320688064,0.230899906321656,0.18141976225130116
5931,0.1492885234168648,0.36699355623500374,0.2666125027723665,0.344310320688064,0.230899906321656,0.18141976225130116
5932,0.1492885234168648,0.36699355623500374,0.2666125027723665,0.344310320688064,0.230899906321656,0.18141976225130116
5933,0.1492885234168648,0.36699355623500374,0.2666125027723665,0.344310320688064,0.230899906321656,0.18141976225130116
5934,0.1492885234168648,0.36699355623500374,0.2666125027723665,0.344310320688064,0.230899906321656,0.18141976225130116
5935,0.1492885234168648,0.36699355623500374,0.2666125027723665,0.344310320688064,0.230899906321656,0.18141976225130116
5936,0.1492885234168648,0.36699355623500374,0.2666125027723665,0.344310320688064,0.230899906321656,0.18141976225130116
5937,0.1492885234168648,0.36699355623500374,0.2666125027723665,0.344310320688064,0.230899906321656,0.18141976225130116
5938,0.1492885234168648,0.36699355623500374,0.2666125027723665,0.344310320688064,0.230899906321656,0.18141976225130116
5939,0.1492885234168648,0.36699355623500374,0.2666125027723665,0.344310320688064,0.230899906321656,0.18141976225130116
5940,0.1492885234168648,0.36699355623500374,0.2666125027723665,0.344310320688064,0.230899906321656,0.18141976225130116
5941,0.1492885234168648,0.36699355623500374,0.2666125027723665,0.344310320688064,0.230899906321656,0.18141976225130116
5942,0.1492885234168648,0.36699355623500374,0.2666125027723665,0.344310320688064,0.230899906321656,0.18141976225130116
5943,0.1492885234168648,0.36699355623500374,0.2666125027723665,0.344310320688064,0.230899906321656,0.18141976225130116
5944,0.1492885234168648,0.36699355623500374,0.2666125027723665,0.344310320688064,0.230899906321656,0.18141976225130116
5945,0.1492885234168648,0.36699355623500374,0.2666125027723665,0.344310320688064,0.230899906321656,0.18141976225130116
5946,0.1492885234168648,0.36699355623500374,0.2666125027723665,0.344310320688064,0.230899906321656,0.18141976225130116
5947,0.1492885234168648,0.36699355623500374,0.2666125027723665,0.344310320688064,0.230899906321656,0.18141976225130116
5948,0.1492885234168648,0.36699355623500374,0.2666125027723665,0.344310320688064,0.230899906321656,0.18141976225130116
5949,0.1492885234168648,0.36699355623500374,0.2666125027723665,0.344310320688064,0.230899906321656,0.18141976225130116
5950,0.1492885234168648,0.36699355623500374,0.2666125027723665,0.344310320688064,0.230899906321656,0.18141976225130116
5951,0.1492885234168648,0.36699355623500374,0.2666125027723665,0.344310320688064,0.230899906321656,0.18141976225130116
5952,0.15286499997170663,0.3643718353609693,0.26557734049168785,0.34073657242745914,0.22773861851810528,0.17940004578408977
5953,0.15286499997170663,0.3643718353609693,0.26557734049168785,0.34073657242745914,0.22773861851810528,0.17940004578408977
5954,0.15286499997170663,0.3643718353609693,0.26557734049168785,0.34073657242745914,0.22773861851810528,0.17940004578408977
5955,0.15286499997170663,0.3643718353609693,0.26557734049168785,0.34073657242745914,0.22773861851810528,0.17940004578408977
5956,0.15286499997170663,0.3643718353609693,0.26557734049168785,0.34073657242745914,0.22773861851810528,0.17940004578408977
5957,0.15286499997170663,0.3643718353609693,0.26557734049168785,0.34073657242745914,0.22773861851810528,0.17940004578408977
5958,0.15286499997170663,0.3643718353609693,0.26557734049168785,0.34073657242745914,0.22773861851810528,0.17940004578408977
5959,0.15286499997170663,0.3643718353609693,0.26557734049168785,0.34073657242745914,0.22773861851810528,0.17940004578408977
5960,0.15286499997170663,0.3643718353609693,0.26557734049168785,0.34073657242745914,0.22773861851810528,0.17940004578408977
5961,0.15286499997170663,0.3643718353609693,0.26557734049168785,0.34073657242745914,0.22773861851810528,0.17940004578408977
5962,0.15286499997170663,0.3643718353609693,0.26557734049168785,0.34073657242745914,0.22773861851810528,0.17940004578408977
5963,0.15286499997170663,0.3643718353609693,0.26557734049168785,0.34073657242745914,0.22773861851810528,0.17940004578408977
5964,0.15286499997170663,0.3643718353609693,0.26557734049168785,0.34073657242745914,0.22773861851810528,0.17940004578408977
5965,0.15286499997170663,0.3643718353609693,0.26557734049168785,0.34073657242745914,0.22773861851810528,0.17940004578408977
5966,0.15286499997170663,0.3643718353609693,0.26557734049168785,0.34073657242745914,0.22773861851810528,0.17940004578408977
5967,0.15286499997170663,0.3643718353609693,0.26557734049168785,0.34073657242745914,0.22773861851810528,0.17940004578408977
5968,0.15286499997170663,0.3643718353609693,0.26557734049168785,0.34073657242745914,0.22773861851810528,0.17940004578408977
5969,0.15286499997170663,0.3643718353609693,0.26557734049168785,0.34073657242745914,0.22773861851810528,0.17940004578408977
5970,0.15286499997170663,0.3643718353609693,0.26557734049168785,0.34073657242745914,0.22773861851810528,0.17940004578408977
5971,0.15286499997170663,0.3643718353609693,0.26557734049168785,0.34073657242745914,0.22773861851810528,0.17940004578408977
5972,0.15286499997170663,0.3643718353609693,0.26557734049168785,0.34073657242745914,0.22773861851810528,0.17940004578408977
5973,0.15286499997170663,0.3643718353609693,0.26557734049168785,0.34073657242745914,0.22773861851810528,0.17940004578408977
5974,0.15286499997170663,0.3643718353609693,0.26557734049168785,0.34073657242745914,0.22773861851810528,0.17940004578408977
5975,0.15286499997170663,0.3643718353609693,0.26557734049168785,0.34073657242745914,0.22773861851810528,0.17940004578408977
5976,0.1557442128875027,0.3608338195816984,0.26364693202630113,0.3363285221336774,0.22376678318236878,0.1771267687823835
5977,0.1557442128875027,0.3608338195816984,0.26364693202630113,0.3363285221336774,0.22376678318236878,0.1771267687823835
5978,0.1557442128875027,0.3608338195816984,0.26364693202630113,0.3363285221336774,0.22376678318236878,0.1771267687823835
5979,0.1557442128875027,0.3608338195816984,0.26364693202630113,0.3363285221336774,0.22376678318236878,0.1771267687823835
5980,0.1557442128875027,0.3608338195816984,0.26364693202630113,0.3363285221336774,0.22376678318236878,0.1771267687823835
5981,0.1557442128875027,0.3608338195816984,0.26364693202630113,0.3363285221336774,0.22376678318236878,0.1771267687823835
5982,0.1557442128875027,0.3608338195816984,0.26364693202630113,0.3363285221336774,0.22376678318236878,0.1771267687823835
5983,0.1557442128875027,0.3608338195816984,0.26364693202630113,0.3363285221336774,0.22376678318236878,0.1771267687823835
5984,0.1557442128875027,0.3608338195816984,0.26364693202630113,0.3363285221336774,0.22376678318236878,0.1771267687823835
5985,0.1557442128875027,0.3608338195816984,0.26364693202630113,0.3363285221336774,0.22376678318236878,0.1771267687823835
5986,0.1557442128875027,0.3608338195816984,0.26364693202630113,0.3363285221336774,0.22376678318236878,0.1771267687823835
5987,0.1557442128875027,0.3608338195816984,0.26364693202630113,0.3363285221336774,0.22376678318236878,0.1771267687823835
5988,0.1557442128875027,0.3608338195816984,0.26364693202630113,0.3363285221336774,0.22376678318236878,0.1771267687823835
5989,0.1557442128875027,0.3608338195816984,0.26364693202630113,0.3363285221336774,0.22376678318236878,0.1771267687823835
5990,0.1557442128875027,0.3608338195816984,0.26364693202630113,0.3363285221336774,0.22376678318236878,0.1771267687823835
5991,0.1557442128875027,0.3608338195816984,0.26364693202630113,0.3363285221336774,0.22376678318236878,0.1771267687823835
5992,0.1557442128875027,0.3608338195816984,0.26364693202630113,0.3363285221336774,0.22376678318236878,0.1771267687823835
5993,0.1557442128875027,0.3608338195816984,0.26364693202630113,0.3363285221336774,0.22376678318236878,0.1771267687823835
5994,0.1557442128875027,0.3608338195816984,0.26364693202630113,0.3363285221336774,0.22376678318236878,0.1771267687823835
5995,0.1557442128875027,0.3608338195816984,0.26364693202630113,0.3363285221336774,0.22376678318236878,0.1771267687823835
5996,0.1557442128875027,0.3608338195816984,0.26364693202630113,0.3363285221336774,0.22376678318236878,0.1771267687823835
5997,0.1557442128875027,0.3608338195816984,0.26364693202630113,0.3363285221336774,0.22376678318236878,0.1771267687823835
5998,0.1557442128875027,0.3608338195816984,0.26364693202630113,0.3363285221336774,0.22376678318236878,0.1771267687823835
5999,0.1557442128875027,0.3608338195816984,0.26364693202630113,0.3363285221336774,0.22376678318236878,0.1771267687823835
6000,0.1578345768553284,0.3556675194246155,0.26058448644032184,0.3300761686033144,0.21837103023642832,0.17443788252615364
6001,0.1578345768553284,0.3556675194246155,0.26058448644032184,0.3300761686033144,0.21837103023642832,0.17443788252615364
6002,0.1578345768553284,0.3556675194246155,0.26058448644032184,0.3300761686033144,0.21837103023642832,0.17443788252615364
6003,0.1578345768553284,0.3556675194246155,0.26058448644032184,0.3300761686033144,0.21837103023642832,0.17443788252615364
6004,0.1578345768553284,0.3556675194246155,0.26058448644032184,0.3300761686033144,0.21837103023642832,0.17443788252615364
6005,0.1578345768553284,0.3556675194246155,0.26058448644032184,0.3300761686033144,0.21837103023642832,0.17443788252615364
6006,0.1578345768553284,0.3556675194246155,0.26058448644032184,0.3300761686033144,0.21837103023642832,0.17443788252615364
6007,0.1578345768553284,0.3556675194246155,0.26058448644032184,0.3300761686033144,0.21837103023642832,0.17443788252615364
6008,0.1578345768553284,0.3556675194246155,0.26058448644032184,0.3300761686033144,0.21837103023642832,0.17443788252615364
6009,0.1578345768553284,0.3556675194246155,0.26058448644032184,0.3300761686033144,0.21837103023642832,0.17443788252615364
6010,0.1578345768553284,0.3556675194246155,0.26058448644032184,0.3300761686033144,0.21837103023642832,0.17443788252615364
6011,0.1578345768553284,0.3556675194246155,0.26058448644032184,0.3300761686033144,0.21837103023642832,0.17443788252615364
6012,0.1578345768553284,0.3556675194246155,0.26058448644032184,0.3300761686033144,0.21837103023642832,0.17443788252615364
6013,0.1578345768553284,0.3556675194246155,0.26058448644032184,0.3300761686033144,0.21837103023642832,0.17443788252615364
6014,0.1578345768553284,0.3556675194246155,0.26058448644032184,0.3300761686033144,0.21837103023642832,0.17443788252615364
6015,0.1578345768553284,0.3556675194246155,0.26058448644032184,0.3300761686033144,0.21837103023642832,0.17443788252615364
6016,0.1578345768553284,0.3556675194246155,0.26058448644032184,0.3300761686033144,0.21837103023642832,0.17443788252615364
6017,0.1578345768553284,0.3556675194246155,0.26058448644032184,0.3300761686033144,0.21837103023642832,0.17443788252615364
6018,0.1578345768553284,0.3556675194246155,0.26058448644032184,0.3300761686033144,0.21837103023642832,0.17443788252615364
6019,0.1578345768553284,0.3556675194246155,0.26058448644032184,0.3300761686033144,0.21837103023642832,0.17443788252615364
6020,0.1578345768553284,0.3556675194246155,0.26058448644032184,0.3300761686033144,0.21837103023642832,0.17443788252615364
6021,0.1578345768553284,0.3556675194246155,0.26058448644032184,0.3300761686033144,0.21837103023642832,0.17443788252615364
6022,0.1578345768553284,0.3556675194246155,0.26058448644032184,0.3300761686033144,0.21837103023642832,0.17443788252615364
6023,0.1578345768553284,0.3556675194246155,0.26058448644032184,0.3300761686033144,0.21837103023642832,0.17443788252615364
6024,0.15996833856933987,0.3474005094572174,0.25526630412615253,0.32110473901434605,0.21006482493510314,0.1703639292897846
6025,0.15996833856933987,0.3474005094572174,0.25526630412615253,0.32110473901434605,0.21006482493510314,0.1703639292897846
6026,0.15996833856933987,0.3474005094572174,0.25526630412615253,0.32110473901434605,0.21006482493510314,0.1703639292897846
6027,0.15996833856933987,0.3474005094572174,0.25526630412615253,0.32110473901434605,0.21006482493510314,0.1703639292897846
6028,0.15996833856933987,0.3474005094572174,0.25526630412615253,0.32110473901434605,0.21006482493510314,0.1703639292897846
6029,0.15996833856933987,0.3474005094572174,0.25526630412615253,0.32110473901434605,0.21006482493510314,0.1703639292897846
6030,0.15996833856933987,0.3474005094572174,0.25526630412615253,0.32110473901434605,0.21006482493510314,0.1703639292897846
6031,0.15996833856933987,0.3474005094572174,0.25526630412615253,0.32110473901434605,0.21006482493510314,0.1703639292897846
6032,0.15996833856933987,0.3474005094572174,0.25526630412615253,0.32110473901434605,0.21006482493510314,0.1703639292897846
6033,0.15996833856933987,0.3474005094572174,0.25526630412615253,0.32110473901434605,0.21006482493510314,0.1703639292897846
6034,0.15996833856933987,0.3474005094572174,0.25526630412615253,0.32110473901434605,0.21006482493510314,0.1703639292897846
6035,0.15996833856933987,0.3474005094572174,0.25526630412615253,0.32110473901434605,0.21006482493510314,0.1703639292897846
6036,0.15996833856933987,0.3474005094572174,0.25526630412615253,0.32110473901434605,0.21006482493510314,0.1703639292897846
6037,0.15996833856933987,0.3474005094572174,0.25526630412615253,0.32110473901434605,0.21006482493510314,0.1703639292897846
6038,0.15996833856933987,0.3474005094572174,0.25526630412615253,0.32110473901434605,0.21006482493510314,0.1703639292897846
6039,0.15996833856933987,0.3474005094572174,0.25526630412615253,0.32110473901434605,0.21006482493510314,0.1703639292897846
6040,0.15996833856933987,0.3474005094572174,0.25526630412615253,0.32110473901434605,0.21006482493510314,0.1703639292897846
6041,0.15996833856933987,0.3474005094572174,0.25526630412615253,0.32110473901434605,0.21006482493510314,0.1703639292897846
6042,0.15996833856933987,0.3474005094572174,0.25526630412615253,0.32110473901434605,0.21006482493510314,0.1703639292897846
6043,0.15996833856933987,0.3474005094572174,0.25526630412615253,0.32110473901434605,0.21006482493510314,0.1703639292897846
6044,0.15996833856933987,0.3474005094572174,0.25526630412615253,0.32110473901434605,0.21006482493510314,0.1703639292897846
6045,0.15996833856933987,0.3474005094572174,0.25526630412615253,0.32110473901434605,0.21006482493510314,0.1703639292897846
6046,0.15996833856933987,0.3474005094572174,0.25526630412615253,0.32110473901434605,0.21006482493510314,0.1703639292897846
6047,0.15996833856933987,0.3474005094572174,0.25526630412615253,0.32110473901434605,0.21006482493510314,0.1703639292897846
6048,0.16217866833441277,0.3403719937153243,0.250923202432022,0.3131902898418701,0.20296925129531507,0.16668151273668974
6049,0.16217866833441277,0.3403719937153243,0.250923202432022,0.3131902898418701,0.20296925129531507,0.16668151273668974
6050,0.16217866833441277,0.3403719937153243,0.250923202432022,0.3131902898418701,0.20296925129531507,0.16668151273668974
6051,0.16217866833441277,0.3403719937153243,0.250923202432022,0.3131902898418701,0.20296925129531507,0.16668151273668974
6052,0.16217866833441277,0.3403719937153243,0.250923202432022,0.3131902898418701,0.20296925129531507,0.16668151273668974
6053,0.16217866833441277,0.3403719937153243,0.250923202432022,0.3131902898418701,0.20296925129531507,0.16668151273668974
6054,0.16217866833441277,0.3403719937153243,0.250923202432022,0.3131902898418701,0.20296925129531507,0.16668151273668974
6055,0.16217866833441277,0.3403719937153243,0.250923202432022,0.3131902898418701,0.20296925129531507,0.16668151273668974
6056,0.16217866833441277,0.3403719937153243,0.250923202432022,0.3131902898418701,0.20296925129531507,0.16668151273668974
6057,0.16217866833441277,0.3403719937153243,0.250923202432022,0.3131902898418701,0.20296925129531507,0.16668151273668974
6058,0.16217866833441277,0.3403719937153243,0.250923202432022,0.3131902898418701,0.20296925129531507,0.16668151273668974
6059,0.16217866833441277,0.3403719937153243,0.250923202432022,0.3131902898418701,0.20296925129531507,0.16668151273668974
6060,0.16217866833441277,0.3403719937153243,0.250923202432022,0.3131902898418701,0.20296925129531507,0.16668151273668974
6061,0.16217866833441277,0.3403719937153243,0.250923202432022,0.3131902898418701,0.20296925129531507,0.16668151273668974
6062,0.16217866833441277,0.3403719937153243,0.250923202432022,0.3131902898418701,0.20296925129531507,0.16668151273668974
6063,0.16217866833441277,0.3403719937153243,0.250923202432022,0.3131902898418701,0.20296925129531507,0.16668151273668974
6064,0.16217866833441277,0.3403719937153243,0.250923202432022,0.3131902898418701,0.20296925129531507,0.16668151273668974
6065,0.16217866833441277,0.3403719937153243,0.250923202432022,0.3131902898418701,0.20296925129531507,0.16668151273668974
6066,0.16217866833441277,0.3403719937153243,0.250923202432022,0.3131902898418701,0.20296925129531507,0.16668151273668974
6067,0.16217866833441277,0.3403719937153243,0.250923202432022,0.3131902898418701,0.20296925129531507,0.16668151273668974
6068,0.16217866833441277,0.3403719937153243,0.250923202432022,0.3131902898418701,0.20296925129531507,0.16668151273668974
6069,0.16217866833441277,0.3403719937153243,0.250923202432022,0.3131902898418701,0.20296925129531507,0.16668151273668974
6070,0.16217866833441277,0.3403719937153243,0.250923202432022,0.3131902898418701,0.20296925129531507,0.16668151273668974
6071,0.16217866833441277,0.3403719937153243,0.250923202432022,0.3131902898418701,0.20296925129531507,0.16668151273668974
6072,0.1612341336415051,0.33855643250546213,0.24918518066587458,0.31151013570821334,0.20146205530763686,0.1661887790151851
6073,0.1612341336415051,0.33855643250546213,0.24918518066587458,0.31151013570821334,0.20146205530763686,0.1661887790151851
6074,0.1612341336415051,0.33855643250546213,0.24918518066587458,0.31151013570821334,0.20146205530763686,0.1661887790151851
6075,0.1612341336415051,0.33855643250546213,0.24918518066587458,0.31151013570821334,0.20146205530763686,0.1661887790151851
6076,0.1612341336415051,0.33855643250546213,0.24918518066587458,0.31151013570821334,0.20146205530763686,0.1661887790151851
6077,0.1612341336415051,0.33855643250546213,0.24918518066587458,0.31151013570821334,0.20146205530763686,0.1661887790151851
6078,0.1612341336415051,0.33855643250546213,0.24918518066587458,0.31151013570821334,0.20146205530763686,0.1661887790151851
6079,0.1612341336415051,0.33855643250546213,0.24918518066587458,0.31151013570821334,0.20146205530763686,0.1661887790151851
6080,0.1612341336415051,0.33855643250546213,0.24918518066587458,0.31151013570821334,0.20146205530763686,0.1661887790151851
6081,0.1612341336415051,0.33855643250546213,0.24918518066587458,0.31151013570821334,0.20146205530763686,0.1661887790151851
6082,0.1612341336415051,0.33855643250546213,0.24918518066587458,0.31151013570821334,0.20146205530763686,0.1661887790151851
6083,0.1612341336415051,0.33855643250546213,0.24918518066587458,0.31151013570821334,0.20146205530763686,0.1661887790151851
6084,0.1612341336415051,0.33855643250546213,0.24918518066587458,0.31151013570821334,0.20146205530763686,0.1661887790151851
6085,0.1612341336415051,0.33855643250546213,0.24918518066587458,0.31151013570821334,0.20146205530763686,0.1661887790151851
6086,0.1612341336415051,0.33855643250546213,0.24918518066587458,0.31151013570821334,0.20146205530763686,0.1661887790151851
6087,0.1612341336415051,0.33855643250546213,0.24918518066587458,0.31151013570821334,0.20146205530763686,0.1661887790151851
6088,0.1612341336415051,0.33855643250546213,0.24918518066587458,0.31151013570821334,0.20146205530763686,0.1661887790151851
6089,0.1612341336415051,0.33855643250546213,0.24918518066587458,0.31151013570821334,0.20146205530763686,0.1661887790151851
6090,0.1612341336415051,0.33855643250546213,0.24918518066587458,0.31151013570821334,0.20146205530763686,0.1661887790151851
6091,0.1612341336415051,0.33855643250546213,0.24918518066587458,0.31151013570821334,0.20146205530763686,0.1661887790151851
6092,0.1612341336415051,0.33855643250546213,0.24918518066587458,0.31151013570821334,0.20146205530763686,0.1661887790151851
6093,0.1612341336415051,0.33855643250546213,0.24918518066587458,0.31151013570821334,0.20146205530763686,0.1661887790151851
6094,0.1612341336415051,0.33855643250546213,0.24918518066587458,0.31151013570821334,0.20146205530763686,0.1661887790151851
6095,0.1612341336415051,0.33855643250546213,0.24918518066587458,0.31151013570821334,0.20146205530763686,0.1661887790151851
6096,0.1608127056387129,0.3378400923621736,0.24857506215437483,0.31081612626945737,0.20082842904337717,0.16596334688227124
6097,0.1608127056387129,0.3378400923621736,0.24857506215437483,0.31081612626945737,0.20082842904337717,0.16596334688227124
6098,0.1608127056387129,0.3378400923621736,0.24857506215437483,0.31081612626945737,0.20082842904337717,0.16596334688227124
6099,0.1608127056387129,0.3378400923621736,0.24857506215437483,0.31081612626945737,0.20082842904337717,0.16596334688227124
6100,0.1608127056387129,0.3378400923621736,0.24857506215437483,0.31081612626945737,0.20082842904337717,0.16596334688227124
6101,0.1608127056387129,0.3378400923621736,0.24857506215437483,0.31081612626945737,0.20082842904337717,0.16596334688227124
6102,0.1608127056387129,0.3378400923621736,0.24857506215437483,0.31081612626945737,0.20082842904337717,0.16596334688227124
6103,0.1608127056387129,0.3378400923621736,0.24857506215437483,0.31081612626945737,0.20082842904337717,0.16596334688227124
6104,0.1608127056387129,0.3378400923621736,0.24857506215437483,0.31081612626945737,0.20082842904337717,0.16596334688227124
6105,0.1608127056387129,0.3378400923621736,0.24857506215437483,0.31081612626945737,0.20082842904337717,0.16596334688227124
6106,0.1608127056387129,0.3378400923621736,0.24857506215437483,0.31081612626945737,0.20082842904337717,0.16596334688227124
6107,0.1608127056387129,0.3378400923621736,0.24857506215437483,0.31081612626945737,0.20082842904337717,0.16596334688227124
6108,0.1608127056387129,0.3378400923621736,0.24857506215437483,0.31081612626945737,0.20082842904337717,0.16596334688227124
6109,0.1608127056387129,0.3378400923621736,0.24857506215437483,0.31081612626945737,0.20082842904337717,0.16596334688227124
6110,0.1608127056387129,0.3378400923621736,0.24857506215437483,0.31081612626945737,0.20082842904337717,0.16596334688227124
6111,0.1608127056387129,0.3378400923621736,0.24857506215437483,0.31081612626945737,0.20082842904337717,0.16596334688227124
6112,0.1608127056387129,0.3378400923621736,0.24857506215437483,0.31081612626945737,0.20082842904337717,0.16596334688227124
6113,0.1608127056387129,0.3378400923621736,0.24857506215437483,0.31081612626945737,0.20082842904337717,0.16596334688227124
6114,0.1608127056387129,0.3378400923621736,0.24857506215437483,0.31081612626945737,0.20082842904337717,0.16596334688227124
6115,0.1608127056387129,0.3378400923621736,0.24857506215437483,0.31081612626945737,0.20082842904337717,0.16596334688227124
6116,0.1608127056387129,0.3378400923621736,0.24857506215437483,0.31081612626945737,0.20082842904337717,0.16596334688227124
6117,0.1608127056387129,0.3378400923621736,0.24857506215437483,0.31081612626945737,0.20082842904337717,0.16596334688227124
6118,0.1608127056387129,0.3378400923621736,0.24857506215437483,0.31081612626945737,0.20082842904337717,0.16596334688227124
6119,0.1608127056387129,0.3378400923621736,0.24857506215437483,0.31081612626945737,0.20082842904337717,0.16596334688227124
6120,0.16003093214461117,0.3363743971723739,0.24730122944481644,0.3094090044561297,0.19959157020791,0.16546493583114247
6121,0.16003093214461117,0.3363743971723739,0.24730122944481644,0.3094090044561297,0.19959157020791,0.16546493583114247
6122,0.16003093214461117,0.3363743971723739,0.24730122944481644,0.3094090044561297,0.19959157020791,0.16546493583114247
6123,0.16003093214461117,0.3363743971723739,0.24730122944481644,0.3094090044561297,0.19959157020791,0.16546493583114247
6124,0.16003093214461117,0.3363743971723739,0.24730122944481644,0.3094090044561297,0.19959157020791,0.16546493583114247
6125,0.16003093214461117,0.3363743971723739,0.24730122944481644,0.3094090044561297,0.19959157020791,0.16546493583114247
6126,0.16003093214461117,0.3363743971723739,0.24730122944481644,0.3094090044561297,0.19959157020791,0.16546493583114247
6127,0.16003093214461117,0.3363743971723739,0.24730122944481644,0.3094090044561297,0.19959157020791,0.16546493583114247
6128,0.16003093214461117,0.3363743971723739,0.24730122944481644,0.3094090044561297,0.19959157020791,0.16546493583114247
6129,0.16003093214461117,0.3363743971723739,0.24730122944481644,0.3094090044561297,0.19959157020791,0.16546493583114247
6130,0.16003093214461117,0.3363743971723739,0.24730122944481644,0.3094090044561297,0.19959157020791,0.16546493583114247
6131,0.16003093214461117,0.3363743971723739,0.24730122944481644,0.3094090044561297,0.19959157020791,0.16546493583114247
6132,0.16003093214461117,0.3363743971723739,0.24730122944481644,0.3094090044561297,0.19959157020791,0.16546493583114247
6133,0.16003093214461117,0.3363743971723739,0.24730122944481644,0.3094090044561297,0.19959157020791,0.16546493583114247
6134,0.16003093214461117,0.3363743971723739,0.24730122944481644,0.3094090044561297,0.19959157020791,0.16546493583114247
6135,0.16003093214461117,0.3363743971723739,0.24730122944481644,0.3094090044561297,0.19959157020791,0.16546493583114247
6136,0.16003093214461117,0.3363743971723739,0.24730122944481644,0.3094090044561297,0.19959157020791,0.16546493583114247
6137,0.16003093214461117,0.3363743971723739,0.24730122944481644,0.3094090044561297,0.19959157020791,0.16546493583114247
6138,0.16003093214461117,0.3363743971723739,0.24730122944481644,0.3094090044561297,0.19959157020791,0.16546493583114247
6139,0.16003093214461117,0.3363743971723739,0.24730122944481644,0.3094090044561297,0.19959157020791,0.16546493583114247
6140,0.16003093214461117,0.3363743971723739,0.24730122944481644,0.3094090044561297,0.19959157020791,0.16546493583114247
6141,0.16003093214461117,0.3363743971723739,0.24730122944481644,0.3094090044561297,0.19959157020791,0.16546493583114247
6142,0.16003093214461117,0.3363743971723739,0.24730122944481644,0.3094090044561297,0.19959157020791,0.16546493583114247
6143,0.16003093214461117,0.3363743971723739,0.24730122944481644,0.3094090044561297,0.19959157020791,0.16546493583114247
6144,0.15852075582577468,0.3335232225683636,0.24476752138254662,0.30681972629693216,0.19726944582270659,0.1646605014341917
6145,0.15852075582577468,0.3335232225683636,0.24476752138254662,0.30681972629693216,0.19726944582270659,0.1646605014341917
6146,0.15852075582577468,0.3335232225683636,0.24476752138254662,0.30681972629693216,0.19726944582270659,0.1646605014341917
6147,0.15852075582577468,0.3335232225683636,0.24476752138254662,0.30681972629693216,0.19726944582270659,0.1646605014341917
6148,0.15852075582577468,0.3335232225683636,0.24476752138254662,0.30681972629693216,0.19726944582270659,0.1646605014341917
6149,0.15852075582577468,0.3335232225683636,0.24476752138254662,0.30681972629693216,0.19726944582270659,0.1646605014341917
6150,0.15852075582577468,0.3335232225683636,0.24476752138254662,0.30681972629693216,0.19726944582270659,0.1646605014341917
6151,0.15852075582577468,0.3335232225683636,0.24476752138254662,0.30681972629693216,0.19726944582270659,0.1646605014341917
6152,0.15852075582577468,0.3335232225683636,0.24476752138254662,0.30681972629693216,0.19726944582270659,0.1646605014341917
6153,0.15852075582577468,0.3335232225683636,0.24476752138254662,0.30681972629693216,0.19726944582270659,0.1646605014341917
6154,0.15852075582577468,0.3335232225683636,0.24476752138254662,0.30681972629693216,0.19726944582270659,0.1646605014341917
6155,0.15852075582577468,0.3335232225683636,0.24476752138254662,0.30681972629693216,0.19726944582270659,0.1646605014341917
6156,0.15852075582577468,0.3335232225683636,0.24476752138254662,0.30681972629693216,0.19726944582270659,0.1646605014341917
6157,0.15852075582577468,0.3335232225683636,0.24476752138254662,0.30681972629693216,0.19726944582270659,0.1646605014341917
6158,0.15852075582577468,0.3335232225683636,0.24476752138254662,0.30681972629693216,0.19726944582270659,0.1646605014341917
6159,0.15852075582577468,0.3335232225683636,0.24476752138254662,0.30681972629693216,0.19726944582270659,0.1646605014341917
6160,0.15852075582577468,0.3335232225683636,0.24476752138254662,0.30681972629693216,0.19726944582270659,0.1646605014341917
6161,0.15852075582577468,0.3335232225683636,0.24476752138254662,0.30681972629693216,0.19726944582270659,0.1646605014341917
6162,0.15852075582577468,0.3335232225683636,0.24476752138254662,0.30681972629693216,0.19726944582270659,0.1646605014341917
6163,0.15852075582577468,0.3335232225683636,0.24476752138254662,0.30681972629693216,0.19726944582270659,0.1646605014341917
6164,0.15852075582577468,0.3335232225683636,0.24476752138254662,0.30681972629693216,0.19726944582270659,0.1646605014341917
6165,0.15852075582577468,0.3335232225683636,0.24476752138254662,0.30681972629693216,0.19726944582270659,0.1646605014341917
6166,0.15852075582577468,0.3335232225683636,0.24476752138254662,0.30681972629693216,0.19726944582270659,0.1646605014341917
6167,0.15852075582577468,0.3335232225683636,0.24476752138254662,0.30681972629693216,0.19726944582270659,0.1646605014341917
6168,0.15705222747615766,0.3307626026939889,0.2422847726238128,0.30426505555916605,0.195041159713098,0.16383537915697113
6169,0.15705222747615766,0.3307626026939889,0.2422847726238128,0.30426505555916605,0.195041159713098,0.16383537915697113
6170,0.15705222747615766,0.3307626026939889,0.2422847726238128,0.30426505555916605,0.195041159713098,0.16383537915697113
6171,0.15705222747615766,0.3307626026939889,0.2422847726238128,0.30426505555916605,0.195041159713098,0.16383537915697113
6172,0.15705222747615766,0.3307626026939889,0.2422847726238128,0.30426505555916605,0.195041159713098,0.16383537915697113
6173,0.15705222747615766,0.3307626026939889,0.2422847726238128,0.30426505555916605,0.195041159713098,0.16383537915697113
6174,0.15705222747615766,0.3307626026939889,0.2422847726238128,0.30426505555916605,0.195041159713098,0.16383537915697113
6175,0.15705222747615766,0.3307626026939889,0.2422847726238128,0.30426505555916605,0.195041159713098,0.16383537915697113
6176,0.15705222747615766,0.3307626026939889,0.2422847726238128,0.30426505555916605,0.195041159713098,0.16383537915697113
6177,0.15705222747615766,0.3307626026939889,0.2422847726238128,0.30426505555916605,0.195041159713098,0.16383537915697113
6178,0.15705222747615766,0.3307626026939889,0.2422847726238128,0.30426505555916605,0.195041159713098,0.16383537915697113
6179,0.15705222747615766,0.3307626026939889,0.2422847726238128,0.30426505555916605,0.195041159713098,0.16383537915697113
6180,0.15705222747615766,0.3307626026939889,0.2422847726238128,0.30426505555916605,0.195041159713098,0.16383537915697113
6181,0.15705222747615766,0.3307626026939889,0.2422847726238128,0.30426505555916605,0.195041159713098,0.16383537915697113
6182,0.15705222747615766,0.3307626026939889,0.2422847726238128,0.30426505555916605,0.195041159713098,0.16383537915697113
6183,0.15705222747615766,0.3307626026939889,0.2422847726238128,0.30426505555916605,0.195041159713098,0.16383537915697113
6184,0.15705222747615766,0.3307626026939889,0.2422847726238128,0.30426505555916605,0.195041159713098,0.16383537915697113
6185,0.15705222747615766,0.3307626026939889,0.2422847726238128,0.30426505555916605,0.195041159713098,0.16383537915697113
6186,0.15705222747615766,0.3307626026939889,0.2422847726238128,0.30426505555916605,0.195041159713098,0.16383537915697113
6187,0.15705222747615766,0.3307626026939889,0.2422847726238128,0.30426505555916605,0.195041159713098,0.16383537915697113
6188,0.15705222747615766,0.3307626026939889,0.2422847726238128,0.30426505555916605,0.195041159713098,0.16383537915697113
6189,0.15705222747615766,0.3307626026939889,0.2422847726238128,0.30426505555916605,0.195041159713098,0.16383537915697113
6190,0.15705222747615766,0.3307626026939889,0.2422847726238128,0.30426505555916605,0.195041159713098,0.16383537915697113
6191,0.15705222747615766,0.3307626026939889,0.2422847726238128,0.30426505555916605,0.195041159713098,0.16383537915697113
6192,0.15594272455198813,0.3287183384540415,0.24053670239020344,0.30224113301245076,0.19329525344303775,0.16320266087427962
6193,0.15594272455198813,0.3287183384540415,0.24053670239020344,0.30224113301245076,0.19329525344303775,0.16320266087427962
6194,0.15594272455198813,0.3287183384540415,0.24053670239020344,0.30224113301245076,0.19329525344303775,0.16320266087427962
6195,0.15594272455198813,0.3287183384540415,0.24053670239020344,0.30224113301245076,0.19329525344303775,0.16320266087427962
6196,0.15594272455198813,0.3287183384540415,0.24053670239020344,0.30224113301245076,0.19329525344303775,0.16320266087427962
6197,0.15594272455198813,0.3287183384540415,0.24053670239020344,0.30224113301245076,0.19329525344303775,0.16320266087427962
6198,0.15594272455198813,0.3287183384540415,0.24053670239020344,0.30224113301245076,0.19329525344303775,0.16320266087427962
6199,0.15594272455198813,0.3287183384540415,0.24053670239020344,0.30224113301245076,0.19329525344303775,0.16320266087427962
6200,0.15594272455198813,0.3287183384540415,0.24053670239020344,0.30224113301245076,0.19329525344303775,0.16320266087427962
6201,0.15594272455198813,0.3287183384540415,0.24053670239020344,0.30224113301245076,0.19329525344303775,0.16320266087427962
6202,0.15594272455198813,0.3287183384540415,0.24053670239020344,0.30224113301245076,0.19329525344303775,0.16320266087427962
6203,0.15594272455198813,0.3287183384540415,0.24053670239020344,0.30224113301245076,0.19329525344303775,0.16320266087427962
6204,0.15594272455198813,0.3287183384540415,0.24053670239020344,0.30224113301245076,0.19329525344303775,0.16320266087427962
6205,0.15594272455198813,0.3287183384540415,0.24053670239020344,0.30224113301245076,0.19329525344303775,0.16320266087427962
6206,0.15594272455198813,0.3287183384540415,0.24053670239020344,0.30224113301245076,0.19329525344303775,0.16320266087427962
6207,0.15594272455198813,0.3287183384540415,0.24053670239020344,0.30224113301245076,0.19329525344303775,0.16320266087427962
6208,0.15594272455198813,0.3287183384540415,0.24053670239020344,0.30224113301245076,0.19329525344303775,0.16320266087427962
6209,0.15594272455198813,0.3287183384540415,0.24053670239020344,0.30224113301245076,0.19329525344303775,0.16320266087427962
6210,0.15594272455198813,0.3287183384540415,0.24053670239020344,0.30224113301245076,0.19329525344303775,0.16320266087427962
6211,0.15594272455198813,0.3287183384540415,0.24053670239020344,0.30224113301245076,0.19329525344303775,0.16320266087427962
6212,0.15594272455198813,0.3287183384540415,0.24053670239020344,0.30224113301245076,0.19329525344303775,0.16320266087427962
6213,0.15594272455198813,0.3287183384540415,0.24053670239020344,0.30224113301245076,0.19329525344303775,0.16320266087427962
6214,0.15594272455198813,0.3287183384540415,0.24053670239020344,0.30224113301245076,0.19329525344303775,0.16320266087427962
6215,0.15594272455198813,0.3287183384540415,0.24053670239020344,0.30224113301245076,0.19329525344303775,0.16320266087427962
6216,0.15594030656696198,0.32871553840660434,0.2405338127376628,0.30223687143261413,0.19329195806186392,0.16320260436188974
6217,0.15594030656696198,0.32871553840660434,0.2405338127376628,0.30223687143261413,0.19329195806186392,0.16320260436188974
6218,0.15594030656696198,0.32871553840660434,0.2405338127376628,0.30223687143261413,0.19329195806186392,0.16320260436188974
6219,0.15594030656696198,0.32871553840660434,0.2405338127376628,0.30223687143261413,0.19329195806186392,0.16320260436188974
6220,0.15594030656696198,0.32871553840660434,0.2405338127376628,0.30223687143261413,0.19329195806186392,0.16320260436188974
6221,0.15594030656696198,0.32871553840660434,0.2405338127376628,0.30223687143261413,0.19329195806186392,0.16320260436188974
6222,0.15594030656696198,0.32871553840660434,0.2405338127376628,0.30223687143261413,0.19329195806186392,0.16320260436188974
6223,0.15594030656696198,0.32871553840660434,0.2405338127376628,0.30223687143261413,0.19329195806186392,0.16320260436188974
6224,0.15594030656696198,0.32871553840660434,0.2405338127376628,0.30223687143261413,0.19329195806186392,0.16320260436188974
6225,0.15594030656696198,0.32871553840660434,0.2405338127376628,0.30223687143261413,0.19329195806186392,0.16320260436188974
6226,0.15594030656696198,0.32871553840660434,0.2405338127376628,0.30223687143261413,0.19329195806186392,0.16320260436188974
6227,0.15594030656696198,0.32871553840660434,0.2405338127376628,0.30223687143261413,0.19329195806186392,0.16320260436188974
6228,0.15594030656696198,0.32871553840660434,0.2405338127376628,0.30223687143261413,0.19329195806186392,0.16320260436188974
6229,0.15594030656696198,0.32871553840660434,0.2405338127376628,0.30223687143261413,0.19329195806186392,0.16320260436188974
6230,0.15594030656696198,0.32871553840660434,0.2405338127376628,0.30223687143261413,0.19329195806186392,0.16320260436188974
6231,0.15594030656696198,0.32871553840660434,0.2405338127376628,0.30223687143261413,0.19329195806186392,0.16320260436188974
6232,0.15594030656696198,0.32871553840660434,0.2405338127376628,0.30223687143261413,0.19329195806186392,0.16320260436188974
6233,0.15594030656696198,0.32871553840660434,0.2405338127376628,0.30223687143261413,0.19329195806186392,0.16320260436188974
6234,0.15594030656696198,0.32871553840660434,0.2405338127376628,0.30223687143261413,0.19329195806186392,0.16320260436188974
6235,0.15594030656696198,0.32871553840660434,0.2405338127376628,0.30223687143261413,0.19329195806186392,0.16320260436188974
6236,0.15594030656696198,0.32871553840660434,0.2405338127376628,0.30223687143261413,0.19329195806186392,0.16320260436188974
6237,0.15594030656696198,0.32871553840660434,0.2405338127376628,0.30223687143261413,0.19329195806186392,0.16320260436188974
6238,0.15594030656696198,0.32871553840660434,0.2405338127376628,0.30223687143261413,0.19329195806186392,0.16320260436188974
6239,0.15594030656696198,0.32871553840660434,0.2405338127376628,0.30223687143261413,0.19329195806186392,0.16320260436188974
6240,0.15669933038631603,0.33012314721104247,0.24175520145439114,0.30358060066460263,0.1944657726951894,0.16369968647390612
6241,0.15669933038631603,0.33012314721104247,0.24175520145439114,0.30358060066460263,0.1944657726951894,0.16369968647390612
6242,0.15669933038631603,0.33012314721104247,0.24175520145439114,0.30358060066460263,0.1944657726951894,0.16369968647390612
6243,0.15669933038631603,0.33012314721104247,0.24175520145439114,0.30358060066460263,0.1944657726951894,0.16369968647390612
6244,0.15669933038631603,0.33012314721104247,0.24175520145439114,0.30358060066460263,0.1944657726951894,0.16369968647390612
6245,0.15669933038631603,0.33012314721104247,0.24175520145439114,0.30358060066460263,0.1944657726951894,0.16369968647390612
6246,0.15669933038631603,0.33012314721104247,0.24175520145439114,0.30358060066460263,0.1944657726951894,0.16369968647390612
6247,0.15669933038631603,0.33012314721104247,0.24175520145439114,0.30358060066460263,0.1944657726951894,0.16369968647390612
6248,0.15669933038631603,0.33012314721104247,0.24175520145439114,0.30358060066460263,0.1944657726951894,0.16369968647390612
6249,0.15669933038631603,0.33012314721104247,0.24175520145439114,0.30358060066460263,0.1944657726951894,0.16369968647390612
6250,0.15669933038631603,0.33012314721104247,0.24175520145439114,0.30358060066460263,0.1944657726951894,0.16369968647390612
6251,0.15669933038631603,0.33012314721104247,0.24175520145439114,0.30358060066460263,0.1944657726951894,0.16369968647390612
6252,0.15669933038631603,0.33012314721104247,0.24175520145439114,0.30358060066460263,0.1944657726951894,0.16369968647390612
6253,0.15669933038631603,0.33012314721104247,0.24175520145439114,0.30358060066460263,0.1944657726951894,0.16369968647390612
6254,0.15669933038631603,0.33012314721104247,0.24175520145439114,0.30358060066460263,0.1944657726951894,0.16369968647390612
6255,0.15669933038631603,0.33012314721104247,0.24175520145439114,0.30358060066460263,0.1944657726951894,0.16369968647390612
6256,0.15669933038631603,0.33012314721104247,0.24175520145439114,0.30358060066460263,0.1944657726951894,0.16369968647390612
6257,0.15669933038631603,0.33012314721104247,0.24175520145439114,0.30358060066460263,0.1944657726951894,0.16369968647390612
6258,0.15669933038631603,0.33012314721104247,0.24175520145439114,0.30358060066460263,0.1944657726951894,0.16369968647390612
6259,0.15669933038631603,0.33012314721104247,0.24175520145439114,0.30358060066460263,0.1944657726951894,0.16369968647390612
6260,0.15669933038631603,0.33012314721104247,0.24175520145439114,0.30358060066460263,0.1944657726951894,0.16369968647390612
6261,0.15669933038631603,0.33012314721104247,0.24175520145439114,0.30358060066460263,0.1944657726951894,0.16369968647390612
6262,0.15669933038631603,0.33012314721104247,0.24175520145439114,0.30358060066460263,0.1944657726951894,0.16369968647390612
6263,0.15669933038631603,0.33012314721104247,0.24175520145439114,0.30358060066460263,0.1944657726951894,0.16369968647390612
6264,0.15671907670076085,0.33016391193046996,0.24180442390731235,0.30360776548980434,0.19450797389166052,0.16372304928277462
6265,0.15671907670076085,0.33016391193046996,0.24180442390731235,0.30360776548980434,0.19450797389166052,0.16372304928277462
6266,0.15671907670076085,0.33016391193046996,0.24180442390731235,0.30360776548980434,0.19450797389166052,0.16372304928277462
6267,0.15671907670076085,0.33016391193046996,0.24180442390731235,0.30360776548980434,0.19450797389166052,0.16372304928277462
6268,0.15671907670076085,0.33016391193046996,0.24180442390731235,0.30360776548980434,0.19450797389166052,0.16372304928277462
6269,0.15671907670076085,0.33016391193046996,0.24180442390731235,0.30360776548980434,0.19450797389166052,0.16372304928277462
6270,0.15671907670076085,0.33016391193046996,0.24180442390731235,0.30360776548980434,0.19450797389166052,0.16372304928277462
6271,0.15671907670076085,0.33016391193046996,0.24180442390731235,0.30360776548980434,0.19450797389166052,0.16372304928277462
6272,0.15671907670076085,0.33016391193046996,0.24180442390731235,0.30360776548980434,0.19450797389166052,0.16372304928277462
6273,0.15671907670076085,0.33016391193046996,0.24180442390731235,0.30360776548980434,0.19450797389166052,0.16372304928277462
6274,0.15671907670076085,0.33016391193046996,0.24180442390731235,0.30360776548980434,0.19450797389166052,0.16372304928277462
6275,0.15671907670076085,0.33016391193046996,0.24180442390731235,0.30360776548980434,0.19450797389166052,0.16372304928277462
6276,0.15671907670076085,0.33016391193046996,0.24180442390731235,0.30360776548980434,0.19450797389166052,0.16372304928277462
6277,0.15671907670076085,0.33016391193046996,0.24180442390731235,0.30360776548980434,0.19450797389166052,0.16372304928277462
6278,0.15671907670076085,0.33016391193046996,0.24180442390731235,0.30360776548980434,0.19450797389166052,0.16372304928277462
6279,0.15671907670076085,0.33016391193046996,0.24180442390731235,0.30360776548980434,0.19450797389166052,0.16372304928277462
6280,0.15671907670076085,0.33016391193046996,0.24180442390731235,0.30360776548980434,0.19450797389166052,0.16372304928277462
6281,0.15671907670076085,0.33016391193046996,0.24180442390731235,0.30360776548980434,0.19450797389166052,0.16372304928277462
6282,0.15671907670076085,0.33016391193046996,0.24180442390731235,0.30360776548980434,0.19450797389166052,0.16372304928277462
6283,0.15671907670076085,0.33016391193046996,0.24180442390731235,0.30360776548980434,0.19450797389166052,0.16372304928277462
6284,0.15671907670076085,0.33016391193046996,0.24180442390731235,0.30360776548980434,0.19450797389166052,0.16372304928277462
6285,0.15671907670076085,0.33016391193046996,0.24180442390731235,0.30360776548980434,0.19450797389166052,0.16372304928277462
6286,0.15671907670076085,0.33016391193046996,0.24180442390731235,0.30360776548980434,0.19450797389166052,0.16372304928277462
6287,0.15671907670076085,0.33016391193046996,0.24180442390731235,0.30360776548980434,0.19450797389166052,0.16372304928277462
6288,0.1568558466388832,0.33040339138396285,0.24209254034349728,0.3038490350545721,0.19473072714803544,0.16375712239980486
6289,0.1568558466388832,0.33040339138396285,0.24209254034349728,0.3038490350545721,0.19473072714803544,0.16375712239980486
6290,0.1568558466388832,0.33040339138396285,0.24209254034349728,0.3038490350545721,0.19473072714803544,0.16375712239980486
6291,0.1568558466388832,0.33040339138396285,0.24209254034349728,0.3038490350545721,0.19473072714803544,0.16375712239980486
6292,0.1568558466388832,0.33040339138396285,0.24209254034349728,0.3038490350545721,0.19473072714803544,0.16375712239980486
6293,0.1568558466388832,0.33040339138396285,0.24209254034349728,0.3038490350545721,0.19473072714803544,0.16375712239980486
6294,0.1568558466388832,0.33040339138396285,0.24209254034349728,0.3038490350545721,0.19473072714803544,0.16375712239980486
6295,0.1568558466388832,0.33040339138396285,0.24209254034349728,0.3038490350545721,0.19473072714803544,0.16375712239980486
6296,0.1568558466388832,0.33040339138396285,0.24209254034349728,0.3038490350545721,0.19473072714803544,0.16375712239980486
6297,0.1568558466388832,0.33040339138396285,0.24209254034349728,0.3038490350545721,0.19473072714803544,0.16375712239980486
6298,0.1568558466388832,0.33040339138396285,0.24209254034349728,0.3038490350545721,0.19473072714803544,0.16375712239980486
6299,0.1568558466388832,0.33040339138396285,0.24209254034349728,0.3038490350545721,0.19473072714803544,0.16375712239980486
6300,0.1568558466388832,0.33040339138396285,0.24209254034349728,0.3038490350545721,0.19473072714803544,0.16375712239980486
6301,0.1568558466388832,0.33040339138396285,0.24209254034349728,0.3038490350545721,0.19473072714803544,0.16375712239980486
6302,0.1568558466388832,0.33040339138396285,0.24209254034349728,0.3038490350545721,0.19473072714803544,0.16375712239980486
6303,0.1568558466388832,0.33040339138396285,0.24209254034349728,0.3038490350545721,0.19473072714803544,0.16375712239980486
6304,0.1568558466388832,0.33040339138396285,0.24209254034349728,0.3038490350545721,0.19473072714803544,0.16375712239980486
6305,0.1568558466388832,0.33040339138396285,0.24209254034349728,0.3038490350545721,0.19473072714803544,0.16375712239980486
6306,0.1568558466388832,0.33040339138396285,0.24209254034349728,0.3038490350545721,0.19473072714803544,0.16375712239980486
6307,0.1568558466388832,0.33040339138396285,0.24209254034349728,0.3038490350545721,0.19473072714803544,0.16375712239980486
6308,0.1568558466388832,0.33040339138396285,0.24209254034349728,0.3038490350545721,0.19473072714803544,0.16375712239980486
6309,0.1568558466388832,0.33040339138396285,0.24209254034349728,0.3038490350545721,0.19473072714803544,0.16375712239980486
6310,0.1568558466388832,0.33040339138396285,0.24209254034349728,0.3038490350545721,0.19473072714803544,0.16375712239980486
6311,0.1568558466388832,0.33040339138396285,0.24209254034349728,0.3038490350545721,0.19473072714803544,0.16375712239980486
6312,0.15666698250520064,0.329549050327449,0.24097864604648264,0.3021457137926712,0.19322253609231319,0.16405991246625998
6313,0.15666698250520064,0.329549050327449,0.24097864604648264,0.3021457137926712,0.19322253609231319,0.16405991246625998
6314,0.15666698250520064,0.329549050327449,0.24097864604648264,0.3021457137926712,0.19322253609231319,0.16405991246625998
6315,0.15666698250520064,0.329549050327449,0.24097864604648264,0.3021457137926712,0.19322253609231319,0.16405991246625998
6316,0.15666698250520064,0.329549050327449,0.24097864604648264,0.3021457137926712,0.19322253609231319,0.16405991246625998
6317,0.15666698250520064,0.329549050327449,0.24097864604648264,0.3021457137926712,0.19322253609231319,0.16405991246625998
6318,0.15666698250520064,0.329549050327449,0.24097864604648264,0.3021457137926712,0.19322253609231319,0.16405991246625998
6319,0.15666698250520064,0.329549050327449,0.24097864604648264,0.3021457137926712,0.19322253609231319,0.16405991246625998
6320,0.15666698250520064,0.329549050327449,0.24097864604648264,0.3021457137926712,0.19322253609231319,0.16405991246625998
6321,0.15666698250520064,0.329549050327449,0.24097864604648264,0.3021457137926712,0.19322253609231319,0.16405991246625998
6322,0.15666698250520064,0.329549050327449,0.24097864604648264,0.3021457137926712,0.19322253609231319,0.16405991246625998
6323,0.15666698250520064,0.329549050327449,0.24097864604648264,0.3021457137926712,0.19322253609231319,0.16405991246625998
6324,0.15666698250520064,0.329549050327449,0.24097864604648264,0.3021457137926712,0.19322253609231319,0.16405991246625998
6325,0.15666698250520064,0.329549050327449,0.24097864604648264,0.3021457137926712,0.19322253609231319,0.16405991246625998
6326,0.15666698250520064,0.329549050327449,0.24097864604648264,0.3021457137926712,0.19322253609231319,0.16405991246625998
6327,0.15666698250520064,0.329549050327449,0.24097864604648264,0.3021457137926712,0.19322253609231319,0.16405991246625998
6328,0.15666698250520064,0.329549050327449,0.24097864604648264,0.3021457137926712,0.19322253609231319,0.16405991246625998
6329,0.15666698250520064,0.329549050327449,0.24097864604648264,0.3021457137926712,0.19322253609231319,0.16405991246625998
6330,0.15666698250520064,0.329549050327449,0.24097864604648264,0.3021457137926712,0.19322253609231319,0.16405991246625998
6331,0.15666698250520064,0.329549050327449,0.24097864604648264,0.3021457137926712,0.19322253609231319,0.16405991246625998
6332,0.15666698250520064,0.329549050327449,0.24097864604648264,0.3021457137926712,0.19322253609231319,0.16405991246625998
6333,0.15666698250520064,0.329549050327449,0.24097864604648264,0.3021457137926712,0.19322253609231319,0.16405991246625998
6334,0.15666698250520064,0.329549050327449,0.24097864604648264,0.3021457137926712,0.19322253609231319,0.16405991246625998
6335,0.15666698250520064,0.329549050327449,0.24097864604648264,0.3021457137926712,0.19322253609231319,0.16405991246625998
6336,0.1561436066578839,0.3279031178226581,0.23925709663081496,0.29983292660062705,0.19101896370900925,0.16423308032314832
6337,0.1561436066578839,0.3279031178226581,0.23925709663081496,0.29983292660062705,0.19101896370900925,0.16423308032314832
6338,0.1561436066578839,0.3279031178226581,0.23925709663081496,0.29983292660062705,0.19101896370900925,0.16423308032314832
6339,0.1561436066578839,0.3279031178226581,0.23925709663081496,0.29983292660062705,0.19101896370900925,0.16423308032314832
6340,0.1561436066578839,0.3279031178226581,0.23925709663081496,0.29983292660062705,0.19101896370900925,0.16423308032314832
6341,0.1561436066578839,0.3279031178226581,0.23925709663081496,0.29983292660062705,0.19101896370900925,0.16423308032314832
6342,0.1561436066578839,0.3279031178226581,0.23925709663081496,0.29983292660062705,0.19101896370900925,0.16423308032314832
6343,0.1561436066578839,0.3279031178226581,0.23925709663081496,0.29983292660062705,0.19101896370900925,0.16423308032314832
6344,0.1561436066578839,0.3279031178226581,0.23925709663081496,0.29983292660062705,0.19101896370900925,0.16423308032314832
6345,0.1561436066578839,0.3279031178226581,0.23925709663081496,0.29983292660062705,0.19101896370900925,0.16423308032314832
6346,0.1561436066578839,0.3279031178226581,0.23925709663081496,0.29983292660062705,0.19101896370900925,0.16423308032314832
6347,0.1561436066578839,0.3279031178226581,0.23925709663081496,0.29983292660062705,0.19101896370900925,0.16423308032314832
6348,0.1561436066578839,0.3279031178226581,0.23925709663081496,0.29983292660062705,0.19101896370900925,0.16423308032314832
6349,0.1561436066578839,0.3279031178226581,0.23925709663081496,0.29983292660062705,0.19101896370900925,0.16423308032314832
6350,0.1561436066578839,0.3279031178226581,0.23925709663081496,0.29983292660062705,0.19101896370900925,0.16423308032314832
6351,0.1561436066578839,0.3279031178226581,0.23925709663081496,0.29983292660062705,0.19101896370900925,0.16423308032314832
6352,0.1561436066578839,0.3279031178226581,0.23925709663081496,0.29983292660062705,0.19101896370900925,0.16423308032314832
6353,0.1561436066578839,0.3279031178226581,0.23925709663081496,0.29983292660062705,0.19101896370900925,0.16423308032314832
6354,0.1561436066578839,0.3279031178226581,0.23925709663081496,0.29983292660062705,0.19101896370900925,0.16423308032314832
6355,0.1561436066578839,0.3279031178226581,0.23925709663081496,0.29983292660062705,0.19101896370900925,0.16423308032314832
6356,0.1561436066578839,0.3279031178226581,0.23925709663081496,0.29983292660062705,0.19101896370900925,0.16423308032314832
6357,0.1561436066578839,0.3279031178226581,0.23925709663081496,0.29983292660062705,0.19101896370900925,0.16423308032314832
6358,0.1561436066578839,0.3279031178226581,0.23925709663081496,0.29983292660062705,0.19101896370900925,0.16423308032314832
6359,0.1561436066578839,0.3279031178226581,0.23925709663081496,0.29983292660062705,0.19101896370900925,0.16423308032314832
6360,0.1546973329985924,0.3239134361503721,0.23521560169659428,0.29571856974121274,0.18678783469789964,0.16393830220276814
6361,0.1546973329985924,0.3239134361503721,0.23521560169659428,0.29571856974121274,0.18678783469789964,0.16393830220276814
6362,0.1546973329985924,0.3239134361503721,0.23521560169659428,0.29571856974121274,0.18678783469789964,0.16393830220276814
6363,0.1546973329985924,0.3239134361503721,0.23521560169659428,0.29571856974121274,0.18678783469789964,0.16393830220276814
6364,0.1546973329985924,0.3239134361503721,0.23521560169659428,0.29571856974121274,0.18678783469789964,0.16393830220276814
6365,0.1546973329985924,0.3239134361503721,0.23521560169659428,0.29571856974121274,0.18678783469789964,0.16393830220276814
6366,0.1546973329985924,0.3239134361503721,0.23521560169659428,0.29571856974121274,0.18678783469789964,0.16393830220276814
6367,0.1546973329985924,0.3239134361503721,0.23521560169659428,0.29571856974121274,0.18678783469789964,0.16393830220276814
6368,0.1546973329985924,0.3239134361503721,0.23521560169659428,0.29571856974121274,0.18678783469789964,0.16393830220276814
6369,0.1546973329985924,0.3239134361503721,0.23521560169659428,0.29571856974121274,0.18678783469789964,0.16393830220276814
6370,0.1546973329985924,0.3239134361503721,0.23521560169659428,0.29571856974121274,0.18678783469789964,0.16393830220276814
6371,0.1546973329985924,0.3239134361503721,0.23521560169659428,0.29571856974121274,0.18678783469789964,0.16393830220276814
6372,0.1546973329985924,0.3239134361503721,0.23521560169659428,0.29571856974121274,0.18678783469789964,0.16393830220276814
6373,0.1546973329985924,0.3239134361503721,0.23521560169659428,0.29571856974121274,0.18678783469789964,0.16393830220276814
6374,0.1546973329985924,0.3239134361503721,0.23521560169659428,0.29571856974121274,0.18678783469789964,0.16393830220276814
6375,0.1546973329985924,0.3239134361503721,0.23521560169659428,0.29571856974121274,0.18678783469789964,0.16393830220276814
6376,0.1546973329985924,0.3239134361503721,0.23521560169659428,0.29571856974121274,0.18678783469789964,0.16393830220276814
6377,0.1546973329985924,0.3239134361503721,0.23521560169659428,0.29571856974121274,0.18678783469789964,0.16393830220276814
6378,0.1546973329985924,0.3239134361503721,0.23521560169659428,0.29571856974121274,0.18678783469789964,0.16393830220276814
6379,0.1546973329985924,0.3239134361503721,0.23521560169659428,0.29571856974121274,0.18678783469789964,0.16393830220276814
6380,0.1546973329985924,0.3239134361503721,0.23521560169659428,0.29571856974121274,0.18678783469789964,0.16393830220276814
6381,0.1546973329985924,0.3239134361503721,0.23521560169659428,0.29571856974121274,0.18678783469789964,0.16393830220276814
6382,0.1546973329985924,0.3239134361503721,0.23521560169659428,0.29571856974121274,0.18678783469789964,0.16393830220276814
6383,0.1546973329985924,0.3239134361503721,0.23521560169659428,0.29571856974121274,0.18678783469789964,0.16393830220276814
6384,0.15441938955959628,0.32128840286023136,0.23181569004941113,0.293489773790963,0.18334849632036654,0.16440895439073097
6385,0.15441938955959628,0.32128840286023136,0.23181569004941113,0.293489773790963,0.18334849632036654,0.16440895439073097
6386,0.15441938955959628,0.32128840286023136,0.23181569004941113,0.293489773790963,0.18334849632036654,0.16440895439073097
6387,0.15441938955959628,0.32128840286023136,0.23181569004941113,0.293489773790963,0.18334849632036654,0.16440895439073097
6388,0.15441938955959628,0.32128840286023136,0.23181569004941113,0.293489773790963,0.18334849632036654,0.16440895439073097
6389,0.15441938955959628,0.32128840286023136,0.23181569004941113,0.293489773790963,0.18334849632036654,0.16440895439073097
6390,0.15441938955959628,0.32128840286023136,0.23181569004941113,0.293489773790963,0.18334849632036654,0.16440895439073097
6391,0.15441938955959628,0.32128840286023136,0.23181569004941113,0.293489773790963,0.18334849632036654,0.16440895439073097
6392,0.15441938955959628,0.32128840286023136,0.23181569004941113,0.293489773790963,0.18334849632036654,0.16440895439073097
6393,0.15441938955959628,0.32128840286023136,0.23181569004941113,0.293489773790963,0.18334849632036654,0.16440895439073097
6394,0.15441938955959628,0.32128840286023136,0.23181569004941113,0.293489773790963,0.18334849632036654,0.16440895439073097
6395,0.15441938955959628,0.32128840286023136,0.23181569004941113,0.293489773790963,0.18334849632036654,0.16440895439073097
6396,0.15441938955959628,0.32128840286023136,0.23181569004941113,0.293489773790963,0.18334849632036654,0.16440895439073097
6397,0.15441938955959628,0.32128840286023136,0.23181569004941113,0.293489773790963,0.18334849632036654,0.16440895439073097
6398,0.15441938955959628,0.32128840286023136,0.23181569004941113,0.293489773790963,0.18334849632036654,0.16440895439073097
6399,0.15441938955959628,0.32128840286023136,0.23181569004941113,0.293489773790963,0.18334849632036654,0.16440895439073097
6400,0.15441938955959628,0.32128840286023136,0.23181569004941113,0.293489773790963,0.18334849632036654,0.16440895439073097
6401,0.15441938955959628,0.32128840286023136,0.23181569004941113,0.293489773790963,0.18334849632036654,0.16440895439073097
6402,0.15441938955959628,0.32128840286023136,0.23181569004941113,0.293489773790963,0.18334849632036654,0.16440895439073097
6403,0.15441938955959628,0.32128840286023136,0.23181569004941113,0.293489773790963,0.18334849632036654,0.16440895439073097
6404,0.15441938955959628,0.32128840286023136,0.23181569004941113,0.293489773790963,0.18334849632036654,0.16440895439073097
6405,0.15441938955959628,0.32128840286023136,0.23181569004941113,0.293489773790963,0.18334849632036654,0.16440895439073097
6406,0.15441938955959628,0.32128840286023136,0.23181569004941113,0.293489773790963,0.18334849632036654,0.16440895439073097
6407,0.15441938955959628,0.32128840286023136,0.23181569004941113,0.293489773790963,0.18334849632036654,0.16440895439073097
6408,0.15491247350021403,0.32019658760321856,0.22997352964608528,0.2924783902442708,0.18126862327112134,0.1652945792891323
6409,0.15491247350021403,0.32019658760321856,0.22997352964608528,0.2924783902442708,0.18126862327112134,0.1652945792891323
6410,0.15491247350021403,0.32019658760321856,0.22997352964608528,0.2924783902442708,0.18126862327112134,0.1652945792891323
6411,0.15491247350021403,0.32019658760321856,0.22997352964608528,0.2924783902442708,0.18126862327112134,0.1652945792891323
6412,0.15491247350021403,0.32019658760321856,0.22997352964608528,0.2924783902442708,0.18126862327112134,0.1652945792891323
6413,0.15491247350021403,0.32019658760321856,0.22997352964608528,0.2924783902442708,0.18126862327112134,0.1652945792891323
6414,0.15491247350021403,0.32019658760321856,0.22997352964608528,0.2924783902442708,0.18126862327112134,0.1652945792891323
6415,0.15491247350021403,0.32019658760321856,0.22997352964608528,0.2924783902442708,0.18126862327112134,0.1652945792891323
6416,0.15491247350021403,0.32019658760321856,0.22997352964608528,0.2924783902442708,0.18126862327112134,0.1652945792891323
6417,0.15491247350021403,0.32019658760321856,0.22997352964608528,0.2924783902442708,0.18126862327112134,0.1652945792891323
6418,0.15491247350021403,0.32019658760321856,0.22997352964608528,0.2924783902442708,0.18126862327112134,0.1652945792891323
6419,0.15491247350021403,0.32019658760321856,0.22997352964608528,0.2924783902442708,0.18126862327112134,0.1652945792891323
6420,0.15491247350021403,0.32019658760321856,0.22997352964608528,0.2924783902442708,0.18126862327112134,0.1652945792891323
6421,0.15491247350021403,0.32019658760321856,0.22997352964608528,0.2924783902442708,0.18126862327112134,0.1652945792891323
6422,0.15491247350021403,0.32019658760321856,0.22997352964608528,0.2924783902442708,0.18126862327112134,0.1652945792891323
6423,0.15491247350021403,0.32019658760321856,0.22997352964608528,0.2924783902442708,0.18126862327112134,0.1652945792891323
6424,0.15491247350021403,0.32019658760321856,0.22997352964608528,0.2924783902442708,0.18126862327112134,0.1652945792891323
6425,0.15491247350021403,0.32019658760321856,0.22997352964608528,0.2924783902442708,0.18126862327112134,0.1652945792891323
6426,0.15491247350021403,0.32019658760321856,0.22997352964608528,0.2924783902442708,0.18126862327112134,0.1652945792891323
6427,0.15491247350021403,0.32019658760321856,0.22997352964608528,0.2924783902442708,0.18126862327112134,0.1652945792891323
6428,0.15491247350021403,0.32019658760321856,0.22997352964608528,0.2924783902442708,0.18126862327112134,0.1652945792891323
6429,0.15491247350021403,0.32019658760321856,0.22997352964608528,0.2924783902442708,0.18126862327112134,0.1652945792891323
6430,0.15491247350021403,0.32019658760321856,0.22997352964608528,0.2924783902442708,0.18126862327112134,0.1652945792891323
6431,0.15491247350021403,0.32019658760321856,0.22997352964608528,0.2924783902442708,0.18126862327112134,0.1652945792891323
6432,0.1568034070562944,0.3208684357810007,0.22900166549421888,0.29373730242525625,0.18026853777726745,0.16705862433874755
6433,0.1568034070562944,0.3208684357810007,0.22900166549421888,0.29373730242525625,0.18026853777726745,0.16705862433874755
6434,0.1568034070562944,0.3208684357810007,0.22900166549421888,0.29373730242525625,0.18026853777726745,0.16705862433874755
6435,0.1568034070562944,0.3208684357810007,0.22900166549421888,0.29373730242525625,0.18026853777726745,0.16705862433874755
6436,0.1568034070562944,0.3208684357810007,0.22900166549421888,0.29373730242525625,0.18026853777726745,0.16705862433874755
6437,0.1568034070562944,0.3208684357810007,0.22900166549421888,0.29373730242525625,0.18026853777726745,0.16705862433874755
6438,0.1568034070562944,0.3208684357810007,0.22900166549421888,0.29373730242525625,0.18026853777726745,0.16705862433874755
6439,0.1568034070562944,0.3208684357810007,0.22900166549421888,0.29373730242525625,0.18026853777726745,0.16705862433874755
6440,0.1568034070562944,0.3208684357810007,0.22900166549421888,0.29373730242525625,0.18026853777726745,0.16705862433874755
6441,0.1568034070562944,0.3208684357810007,0.22900166549421888,0.29373730242525625,0.18026853777726745,0.16705862433874755
6442,0.1568034070562944,0.3208684357810007,0.22900166549421888,0.29373730242525625,0.18026853777726745,0.16705862433874755
6443,0.1568034070562944,0.3208684357810007,0.22900166549421888,0.29373730242525625,0.18026853777726745,0.16705862433874755
6444,0.1568034070562944,0.3208684357810007,0.22900166549421888,0.29373730242525625,0.18026853777726745,0.16705862433874755
6445,0.1568034070562944,0.3208684357810007,0.22900166549421888,0.29373730242525625,0.18026853777726745,0.16705862433874755
6446,0.1568034070562944,0.3208684357810007,0.22900166549421888,0.29373730242525625,0.18026853777726745,0.16705862433874755
6447,0.1568034070562944,0.3208684357810007,0.22900166549421888,0.29373730242525625,0.18026853777726745,0.16705862433874755
6448,0.1568034070562944,0.3208684357810007,0.22900166549421888,0.29373730242525625,0.18026853777726745,0.16705862433874755
6449,0.1568034070562944,0.3208684357810007,0.22900166549421888,0.29373730242525625,0.18026853777726745,0.16705862433874755
6450,0.1568034070562944,0.3208684357810007,0.22900166549421888,0.29373730242525625,0.18026853777726745,0.16705862433874755
6451,0.1568034070562944,0.3208684357810007,0.22900166549421888,0.29373730242525625,0.18026853777726745,0.16705862433874755
6452,0.1568034070562944,0.3208684357810007,0.22900166549421888,0.29373730242525625,0.18026853777726745,0.16705862433874755
6453,0.1568034070562944,0.3208684357810007,0.22900166549421888,0.29373730242525625,0.18026853777726745,0.16705862433874755
6454,0.1568034070562944,0.3208684357810007,0.22900166549421888,0.29373730242525625,0.18026853777726745,0.16705862433874755
6455,0.1568034070562944,0.3208684357810007,0.22900166549421888,0.29373730242525625,0.18026853777726745,0.16705862433874755
6456,0.15795119873729266,0.32020870717965316,0.22683224149125283,0.29373479970155775,0.17812542566696057,0.1683795743342367
6457,0.15795119873729266,0.32020870717965316,0.22683224149125283,0.29373479970155775,0.17812542566696057,0.1683795743342367
6458,0.15795119873729266,0.32020870717965316,0.22683224149125283,0.29373479970155775,0.17812542566696057,0.1683795743342367
6459,0.15795119873729266,0.32020870717965316,0.22683224149125283,0.29373479970155775,0.17812542566696057,0.1683795743342367
6460,0.15795119873729266,0.32020870717965316,0.22683224149125283,0.29373479970155775,0.17812542566696057,0.1683795743342367
6461,0.15795119873729266,0.32020870717965316,0.22683224149125283,0.29373479970155775,0.17812542566696057,0.1683795743342367
6462,0.15795119873729266,0.32020870717965316,0.22683224149125283,0.29373479970155775,0.17812542566696057,0.1683795743342367
6463,0.15795119873729266,0.32020870717965316,0.22683224149125283,0.29373479970155775,0.17812542566696057,0.1683795743342367
6464,0.15795119873729266,0.32020870717965316,0.22683224149125283,0.29373479970155775,0.17812542566696057,0.1683795743342367
6465,0.15795119873729266,0.32020870717965316,0.22683224149125283,0.29373479970155775,0.17812542566696057,0.1683795743342367
6466,0.15795119873729266,0.32020870717965316,0.22683224149125283,0.29373479970155775,0.17812542566696057,0.1683795743342367
6467,0.15795119873729266,0.32020870717965316,0.22683224149125283,0.29373479970155775,0.17812542566696057,0.1683795743342367
6468,0.15795119873729266,0.32020870717965316,0.22683224149125283,0.29373479970155775,0.17812542566696057,0.1683795743342367
6469,0.15795119873729266,0.32020870717965316,0.22683224149125283,0.29373479970155775,0.17812542566696057,0.1683795743342367
6470,0.15795119873729266,0.32020870717965316,0.22683224149125283,0.29373479970155775,0.17812542566696057,0.1683795743342367
6471,0.15795119873729266,0.32020870717965316,0.22683224149125283,0.29373479970155775,0.17812542566696057,0.1683795743342367
6472,0.15795119873729266,0.32020870717965316,0.22683224149125283,0.29373479970155775,0.17812542566696057,0.1683795743342367
6473,0.15795119873729266,0.32020870717965316,0.22683224149125283,0.29373479970155775,0.17812542566696057,0.1683795743342367
6474,0.15795119873729266,0.32020870717965316,0.22683224149125283,0.29373479970155775,0.17812542566696057,0.1683795743342367
6475,0.15795119873729266,0.32020870717965316,0.22683224149125283,0.29373479970155775,0.17812542566696057,0.1683795743342367
6476,0.15795119873729266,0.32020870717965316,0.22683224149125283,0.29373479970155775,0.17812542566696057,0.1683795743342367
6477,0.15795119873729266,0.32020870717965316,0.22683224149125283,0.29373479970155775,0.17812542566696057,0.1683795743342367
6478,0.15795119873729266,0.32020870717965316,0.22683224149125283,0.29373479970155775,0.17812542566696057,0.1683795743342367
6479,0.15795119873729266,0.32020870717965316,0.22683224149125283,0.29373479970155775,0.17812542566696057,0.1683795743342367
6480,0.15886354287414367,0.31971749342409045,0.22536937663984294,0.2934589230693592,0.17646025643105948,0.1694842778597707
6481,0.15886354287414367,0.31971749342409045,0.22536937663984294,0.2934589230693592,0.17646025643105948,0.1694842778597707
6482,0.15886354287414367,0.31971749342409045,0.22536937663984294,0.2934589230693592,0.17646025643105948,0.1694842778597707
6483,0.15886354287414367,0.31971749342409045,0.22536937663984294,0.2934589230693592,0.17646025643105948,0.1694842778597707
6484,0.15886354287414367,0.31971749342409045,0.22536937663984294,0.2934589230693592,0.17646025643105948,0.1694842778597707
6485,0.15886354287414367,0.31971749342409045,0.22536937663984294,0.2934589230693592,0.17646025643105948,0.1694842778597707
6486,0.15886354287414367,0.31971749342409045,0.22536937663984294,0.2934589230693592,0.17646025643105948,0.1694842778597707
6487,0.15886354287414367,0.31971749342409045,0.22536937663984294,0.2934589230693592,0.17646025643105948,0.1694842778597707
6488,0.15886354287414367,0.31971749342409045,0.22536937663984294,0.2934589230693592,0.17646025643105948,0.1694842778597707
6489,0.15886354287414367,0.31971749342409045,0.22536937663984294,0.2934589230693592,0.17646025643105948,0.1694842778597707
6490,0.15886354287414367,0.31971749342409045,0.22536937663984294,0.2934589230693592,0.17646025643105948,0.1694842778597707
6491,0.15886354287414367,0.31971749342409045,0.22536937663984294,0.2934589230693592,0.17646025643105948,0.1694842778597707
6492,0.15886354287414367,0.31971749342409045,0.22536937663984294,0.2934589230693592,0.17646025643105948,0.1694842778597707
6493,0.15886354287414367,0.31971749342409045,0.22536937663984294,0.2934589230693592,0.17646025643105948,0.1694842778597707
6494,0.15886354287414367,0.31971749342409045,0.22536937663984294,0.2934589230693592,0.17646025643105948,0.1694842778597707
6495,0.15886354287414367,0.31971749342409045,0.22536937663984294,0.2934589230693592,0.17646025643105948,0.1694842778597707
6496,0.15886354287414367,0.31971749342409045,0.22536937663984294,0.2934589230693592,0.17646025643105948,0.1694842778597707
6497,0.15886354287414367,0.31971749342409045,0.22536937663984294,0.2934589230693592,0.17646025643105948,0.1694842778597707
6498,0.15886354287414367,0.31971749342409045,0.22536937663984294,0.2934589230693592,0.17646025643105948,0.1694842778597707
6499,0.15886354287414367,0.31971749342409045,0.22536937663984294,0.2934589230693592,0.17646025643105948,0.1694842778597707
6500,0.15886354287414367,0.31971749342409045,0.22536937663984294,0.2934589230693592,0.17646025643105948,0.1694842778597707
6501,0.15886354287414367,0.31971749342409045,0.22536937663984294,0.2934589230693592,0.17646025643105948,0.1694842778597707
6502,0.15886354287414367,0.31971749342409045,0.22536937663984294,0.2934589230693592,0.17646025643105948,0.1694842778597707
6503,0.15886354287414367,0.31971749342409045,0.22536937663984294,0.2934589230693592,0.17646025643105948,0.1694842778597707
6504,0.15926152980861993,0.31937566382757265,0.22450390143162616,0.29275323513847185,0.1753833091317242,0.17002057046868616
6505,0.15926152980861993,0.31937566382757265,0.22450390143162616,0.29275323513847185,0.1753833091317242,0.17002057046868616
6506,0.15926152980861993,0.31937566382757265,0.22450390143162616,0.29275323513847185,0.1753833091317242,0.17002057046868616
6507,0.15926152980861993,0.31937566382757265,0.22450390143162616,0.29275323513847185,0.1753833091317242,0.17002057046868616
6508,0.15926152980861993,0.31937566382757265,0.22450390143162616,0.29275323513847185,0.1753833091317242,0.17002057046868616
6509,0.15926152980861993,0.31937566382757265,0.22450390143162616,0.29275323513847185,0.1753833091317242,0.17002057046868616
6510,0.15926152980861993,0.31937566382757265,0.22450390143162616,0.29275323513847185,0.1753833091317242,0.17002057046868616
6511,0.15926152980861993,0.31937566382757265,0.22450390143162616,0.29275323513847185,0.1753833091317242,0.17002057046868616
6512,0.15926152980861993,0.31937566382757265,0.22450390143162616,0.29275323513847185,0.1753833091317242,0.17002057046868616
6513,0.15926152980861993,0.31937566382757265,0.22450390143162616,0.29275323513847185,0.1753833091317242,0.17002057046868616
6514,0.15926152980861993,0.31937566382757265,0.22450390143162616,0.29275323513847185,0.1753833091317242,0.17002057046868616
6515,0.15926152980861993,0.31937566382757265,0.22450390143162616,0.29275323513847185,0.1753833091317242,0.17002057046868616
6516,0.15926152980861993,0.31937566382757265,0.22450390143162616,0.29275323513847185,0.1753833091317242,0.17002057046868616
6517,0.15926152980861993,0.31937566382757265,0.22450390143162616,0.29275323513847185,0.1753833091317242,0.17002057046868616
6518,0.15926152980861993,0.31937566382757265,0.22450390143162616,0.29275323513847185,0.1753833091317242,0.17002057046868616
6519,0.15926152980861993,0.31937566382757265,0.22450390143162616,0.29275323513847185,0.1753833091317242,0.17002057046868616
6520,0.15926152980861993,0.31937566382757265,0.22450390143162616,0.29275323513847185,0.1753833091317242,0.17002057046868616
6521,0.15926152980861993,0.31937566382757265,0.22450390143162616,0.29275323513847185,0.1753833091317242,0.17002057046868616
6522,0.15926152980861993,0.31937566382757265,0.22450390143162616,0.29275323513847185,0.1753833091317242,0.17002057046868616
6523,0.15926152980861993,0.31937566382757265,0.22450390143162616,0.29275323513847185,0.1753833091317242,0.17002057046868616
6524,0.15926152980861993,0.31937566382757265,0.22450390143162616,0.29275323513847185,0.1753833091317242,0.17002057046868616
6525,0.15926152980861993,0.31937566382757265,0.22450390143162616,0.29275323513847185,0.1753833091317242,0.17002057046868616
6526,0.15926152980861993,0.31937566382757265,0.22450390143162616,0.29275323513847185,0.1753833091317242,0.17002057046868616
6527,0.15926152980861993,0.31937566382757265,0.22450390143162616,0.29275323513847185,0.1753833091317242,0.17002057046868616
6528,0.1600678383937574,0.31912346809644526,0.22349717930254653,0.29254800101168943,0.17422034416082668,0.17099429085386683
6529,0.1600678383937574,0.31912346809644526,0.22349717930254653,0.29254800101168943,0.17422034416082668,0.17099429085386683
6530,0.1600678383937574,0.31912346809644526,0.22349717930254653,0.29254800101168943,0.17422034416082668,0.17099429085386683
6531,0.1600678383937574,0.31912346809644526,0.22349717930254653,0.29254800101168943,0.17422034416082668,0.17099429085386683
6532,0.1600678383937574,0.31912346809644526,0.22349717930254653,0.29254800101168943,0.17422034416082668,0.17099429085386683
6533,0.1600678383937574,0.31912346809644526,0.22349717930254653,0.29254800101168943,0.17422034416082668,0.17099429085386683
6534,0.1600678383937574,0.31912346809644526,0.22349717930254653,0.29254800101168943,0.17422034416082668,0.17099429085386683
6535,0.1600678383937574,0.31912346809644526,0.22349717930254653,0.29254800101168943,0.17422034416082668,0.17099429085386683
6536,0.1600678383937574,0.31912346809644526,0.22349717930254653,0.29254800101168943,0.17422034416082668,0.17099429085386683
6537,0.1600678383937574,0.31912346809644526,0.22349717930254653,0.29254800101168943,0.17422034416082668,0.17099429085386683
6538,0.1600678383937574,0.31912346809644526,0.22349717930254653,0.29254800101168943,0.17422034416082668,0.17099429085386683
6539,0.1600678383937574,0.31912346809644526,0.22349717930254653,0.29254800101168943,0.17422034416082668,0.17099429085386683
6540,0.1600678383937574,0.31912346809644526,0.22349717930254653,0.29254800101168943,0.17422034416082668,0.17099429085386683
6541,0.1600678383937574,0.31912346809644526,0.22349717930254653,0.29254800101168943,0.17422034416082668,0.17099429085386683
6542,0.1600678383937574,0.31912346809644526,0.22349717930254653,0.29254800101168943,0.17422034416082668,0.17099429085386683
6543,0.1600678383937574,0.31912346809644526,0.22349717930254653,0.29254800101168943,0.17422034416082668,0.17099429085386683
6544,0.1600678383937574,0.31912346809644526,0.22349717930254653,0.29254800101168943,0.17422034416082668,0.17099429085386683
6545,0.1600678383937574,0.31912346809644526,0.22349717930254653,0.29254800101168943,0.17422034416082668,0.17099429085386683
6546,0.1600678383937574,0.31912346809644526,0.22349717930254653,0.29254800101168943,0.17422034416082668,0.17099429085386683
6547,0.1600678383937574,0.31912346809644526,0.22349717930254653,0.29254800101168943,0.17422034416082668,0.17099429085386683
6548,0.1600678383937574,0.31912346809644526,0.22349717930254653,0.29254800101168943,0.17422034416082668,0.17099429085386683
6549,0.1600678383937574,0.31912346809644526,0.22349717930254653,0.29254800101168943,0.17422034416082668,0.17099429085386683
6550,0.1600678383937574,0.31912346809644526,0.22349717930254653,0.29254800101168943,0.17422034416082668,0.17099429085386683
6551,0.1600678383937574,0.31912346809644526,0.22349717930254653,0.29254800101168943,0.17422034416082668,0.17099429085386683
6552,0.16231877670647288,0.32051648179603004,0.22309356299503544,0.2945445121242776,0.17387368821675064,0.17284490600273938
6553,0.16231877670647288,0.32051648179603004,0.22309356299503544,0.2945445121242776,0.17387368821675064,0.17284490600273938
6554,0.16231877670647288,0.32051648179603004,0.22309356299503544,0.2945445121242776,0.17387368821675064,0.17284490600273938
6555,0.16231877670647288,0.32051648179603004,0.22309356299503544,0.2945445121242776,0.17387368821675064,0.17284490600273938
6556,0.16231877670647288,0.32051648179603004,0.22309356299503544,0.2945445121242776,0.17387368821675064,0.17284490600273938
6557,0.16231877670647288,0.32051648179603004,0.22309356299503544,0.2945445121242776,0.17387368821675064,0.17284490600273938
6558,0.16231877670647288,0.32051648179603004,0.22309356299503544,0.2945445121242776,0.17387368821675064,0.17284490600273938
6559,0.16231877670647288,0.32051648179603004,0.22309356299503544,0.2945445121242776,0.17387368821675064,0.17284490600273938
6560,0.16231877670647288,0.32051648179603004,0.22309356299503544,0.2945445121242776,0.17387368821675064,0.17284490600273938
6561,0.16231877670647288,0.32051648179603004,0.22309356299503544,0.2945445121242776,0.17387368821675064,0.17284490600273938
6562,0.16231877670647288,0.32051648179603004,0.22309356299503544,0.2945445121242776,0.17387368821675064,0.17284490600273938
6563,0.16231877670647288,0.32051648179603004,0.22309356299503544,0.2945445121242776,0.17387368821675064,0.17284490600273938
6564,0.16231877670647288,0.32051648179603004,0.22309356299503544,0.2945445121242776,0.17387368821675064,0.17284490600273938
6565,0.16231877670647288,0.32051648179603004,0.22309356299503544,0.2945445121242776,0.17387368821675064,0.17284490600273938
6566,0.16231877670647288,0.32051648179603004,0.22309356299503544,0.2945445121242776,0.17387368821675064,0.17284490600273938
6567,0.16231877670647288,0.32051648179603004,0.22309356299503544,0.2945445121242776,0.17387368821675064,0.17284490600273938
6568,0.16231877670647288,0.32051648179603004,0.22309356299503544,0.2945445121242776,0.17387368821675064,0.17284490600273938
6569,0.16231877670647288,0.32051648179603004,0.22309356299503544,0.2945445121242776,0.17387368821675064,0.17284490600273938
6570,0.16231877670647288,0.32051648179603004,0.22309356299503544,0.2945445121242776,0.17387368821675064,0.17284490600273938
6571,0.16231877670647288,0.32051648179603004,0.22309356299503544,0.2945445121242776,0.17387368821675064,0.17284490600273938
6572,0.16231877670647288,0.32051648179603004,0.22309356299503544,0.2945445121242776,0.17387368821675064,0.17284490600273938
6573,0.16231877670647288,0.32051648179603004,0.22309356299503544,0.2945445121242776,0.17387368821675064,0.17284490600273938
6574,0.16231877670647288,0.32051648179603004,0.22309356299503544,0.2945445121242776,0.17387368821675064,0.17284490600273938
6575,0.16231877670647288,0.32051648179603004,0.22309356299503544,0.2945445121242776,0.17387368821675064,0.17284490600273938
6576,0.16405851045864836,0.32072638013058447,0.22139096392745797,0.2955055504106254,0.17237529129776516,0.17456555773548632
6577,0.16405851045864836,0.32072638013058447,0.22139096392745797,0.2955055504106254,0.17237529129776516,0.17456555773548632
6578,0.16405851045864836,0.32072638013058447,0.22139096392745797,0.2955055504106254,0.17237529129776516,0.17456555773548632
6579,0.16405851045864836,0.32072638013058447,0.22139096392745797,0.2955055504106254,0.17237529129776516,0.17456555773548632
6580,0.16405851045864836,0.32072638013058447,0.22139096392745797,0.2955055504106254,0.17237529129776516,0.17456555773548632
6581,0.16405851045864836,0.32072638013058447,0.22139096392745797,0.2955055504106254,0.17237529129776516,0.17456555773548632
6582,0.16405851045864836,0.32072638013058447,0.22139096392745797,0.2955055504106254,0.17237529129776516,0.17456555773548632
6583,0.16405851045864836,0.32072638013058447,0.22139096392745797,0.2955055504106254,0.17237529129776516,0.17456555773548632
6584,0.16405851045864836,0.32072638013058447,0.22139096392745797,0.2955055504106254,0.17237529129776516,0.17456555773548632
6585,0.16405851045864836,0.32072638013058447,0.22139096392745797,0.2955055504106254,0.17237529129776516,0.17456555773548632
6586,0.16405851045864836,0.32072638013058447,0.22139096392745797,0.2955055504106254,0.17237529129776516,0.17456555773548632
6587,0.16405851045864836,0.32072638013058447,0.22139096392745797,0.2955055504106254,0.17237529129776516,0.17456555773548632
6588,0.16405851045864836,0.32072638013058447,0.22139096392745797,0.2955055504106254,0.17237529129776516,0.17456555773548632
6589,0.16405851045864836,0.32072638013058447,0.22139096392745797,0.2955055504106254,0.17237529129776516,0.17456555773548632
6590,0.16405851045864836,0.32072638013058447,0.22139096392745797,0.2955055504106254,0.17237529129776516,0.17456555773548632
6591,0.16405851045864836,0.32072638013058447,0.22139096392745797,0.2955055504106254,0.17237529129776516,0.17456555773548632
6592,0.16405851045864836,0.32072638013058447,0.22139096392745797,0.2955055504106254,0.17237529129776516,0.17456555773548632
6593,0.16405851045864836,0.32072638013058447,0.22139096392745797,0.2955055504106254,0.17237529129776516,0.17456555773548632
6594,0.16405851045864836,0.32072638013058447,0.22139096392745797,0.2955055504106254,0.17237529129776516,0.17456555773548632
6595,0.16405851045864836,0.32072638013058447,0.22139096392745797,0.2955055504106254,0.17237529129776516,0.17456555773548632
6596,0.16405851045864836,0.32072638013058447,0.22139096392745797,0.2955055504106254,0.17237529129776516,0.17456555773548632
6597,0.16405851045864836,0.32072638013058447,0.22139096392745797,0.2955055504106254,0.17237529129776516,0.17456555773548632
6598,0.16405851045864836,0.32072638013058447,0.22139096392745797,0.2955055504106254,0.17237529129776516,0.17456555773548632
6599,0.16405851045864836,0.32072638013058447,0.22139096392745797,0.2955055504106254,0.17237529129776516,0.17456555773548632
6600,0.16486408946527908,0.3200540219666728,0.21988430255221103,0.29503945708370166,0.17065627455362756,0.17560139460470284
6601,0.16486408946527908,0.3200540219666728,0.21988430255221103,0.29503945708370166,0.17065627455362756,0.17560139460470284
6602,0.16486408946527908,0.3200540219666728,0.21988430255221103,0.29503945708370166,0.17065627455362756,0.17560139460470284
6603,0.16486408946527908,0.3200540219666728,0.21988430255221103,0.29503945708370166,0.17065627455362756,0.17560139460470284
6604,0.16486408946527908,0.3200540219666728,0.21988430255221103,0.29503945708370166,0.17065627455362756,0.17560139460470284
6605,0.16486408946527908,0.3200540219666728,0.21988430255221103,0.29503945708370166,0.17065627455362756,0.17560139460470284
6606,0.16486408946527908,0.3200540219666728,0.21988430255221103,0.29503945708370166,0.17065627455362756,0.17560139460470284
6607,0.16486408946527908,0.3200540219666728,0.21988430255221103,0.29503945708370166,0.17065627455362756,0.17560139460470284
6608,0.16486408946527908,0.3200540219666728,0.21988430255221103,0.29503945708370166,0.17065627455362756,0.17560139460470284
6609,0.16486408946527908,0.3200540219666728,0.21988430255221103,0.29503945708370166,0.17065627455362756,0.17560139460470284
6610,0.16486408946527908,0.3200540219666728,0.21988430255221103,0.29503945708370166,0.17065627455362756,0.17560139460470284
6611,0.16486408946527908,0.3200540219666728,0.21988430255221103,0.29503945708370166,0.17065627455362756,0.17560139460470284
6612,0.16486408946527908,0.3200540219666728,0.21988430255221103,0.29503945708370166,0.17065627455362756,0.17560139460470284
6613,0.16486408946527908,0.3200540219666728,0.21988430255221103,0.29503945708370166,0.17065627455362756,0.17560139460470284
6614,0.16486408946527908,0.3200540219666728,0.21988430255221103,0.29503945708370166,0.17065627455362756,0.17560139460470284
6615,0.16486408946527908,0.3200540219666728,0.21988430255221103,0.29503945708370166,0.17065627455362756,0.17560139460470284
6616,0.16486408946527908,0.3200540219666728,0.21988430255221103,0.29503945708370166,0.17065627455362756,0.17560139460470284
6617,0.16486408946527908,0.3200540219666728,0.21988430255221103,0.29503945708370166,0.17065627455362756,0.17560139460470284
6618,0.16486408946527908,0.3200540219666728,0.21988430255221103,0.29503945708370166,0.17065627455362756,0.17560139460470284
6619,0.16486408946527908,0.3200540219666728,0.21988430255221103,0.29503945708370166,0.17065627455362756,0.17560139460470284
6620,0.16486408946527908,0.3200540219666728,0.21988430255221103,0.29503945708370166,0.17065627455362756,0.17560139460470284
6621,0.16486408946527908,0.3200540219666728,0.21988430255221103,0.29503945708370166,0.17065627455362756,0.17560139460470284
6622,0.16486408946527908,0.3200540219666728,0.21988430255221103,0.29503945708370166,0.17065627455362756,0.17560139460470284
6623,0.16486408946527908,0.3200540219666728,0.21988430255221103,0.29503945708370166,0.17065627455362756,0.17560139460470284
6624,0.16533706486877542,0.3191949083430398,0.21839890158999956,0.2942099579342918,0.16891260074705225,0.17643873438878996
6625,0.16533706486877542,0.3191949083430398,0.21839890158999956,0.2942099579342918,0.16891260074705225,0.17643873438878996
6626,0.16533706486877542,0.3191949083430398,0.21839890158999956,0.2942099579342918,0.16891260074705225,0.17643873438878996
6627,0.16533706486877542,0.3191949083430398,0.21839890158999956,0.2942099579342918,0.16891260074705225,0.17643873438878996
6628,0.16533706486877542,0.3191949083430398,0.21839890158999956,0.2942099579342918,0.16891260074705225,0.17643873438878996
6629,0.16533706486877542,0.3191949083430398,0.21839890158999956,0.2942099579342918,0.16891260074705225,0.17643873438878996
6630,0.16533706486877542,0.3191949083430398,0.21839890158999956,0.2942099579342918,0.16891260074705225,0.17643873438878996
6631,0.16533706486877542,0.3191949083430398,0.21839890158999956,0.2942099579342918,0.16891260074705225,0.17643873438878996
6632,0.16533706486877542,0.3191949083430398,0.21839890158999956,0.2942099579342918,0.16891260074705225,0.17643873438878996
6633,0.16533706486877542,0.3191949083430398,0.21839890158999956,0.2942099579342918,0.16891260074705225,0.17643873438878996
6634,0.16533706486877542,0.3191949083430398,0.21839890158999956,0.2942099579342918,0.16891260074705225,0.17643873438878996
6635,0.16533706486877542,0.3191949083430398,0.21839890158999956,0.2942099579342918,0.16891260074705225,0.17643873438878996
6636,0.16533706486877542,0.3191949083430398,0.21839890158999956,0.2942099579342918,0.16891260074705225,0.17643873438878996
6637,0.16533706486877542,0.3191949083430398,0.21839890158999956,0.2942099579342918,0.16891260074705225,0.17643873438878996
6638,0.16533706486877542,0.3191949083430398,0.21839890158999956,0.2942099579342918,0.16891260074705225,0.17643873438878996
6639,0.16533706486877542,0.3191949083430398,0.21839890158999956,0.2942099579342918,0.16891260074705225,0.17643873438878996
6640,0.16533706486877542,0.3191949083430398,0.21839890158999956,0.2942099579342918,0.16891260074705225,0.17643873438878996
6641,0.16533706486877542,0.3191949083430398,0.21839890158999956,0.2942099579342918,0.16891260074705225,0.17643873438878996
6642,0.16533706486877542,0.3191949083430398,0.21839890158999956,0.2942099579342918,0.16891260074705225,0.17643873438878996
6643,0.16533706486877542,0.3191949083430398,0.21839890158999956,0.2942099579342918,0.16891260074705225,0.17643873438878996
6644,0.16533706486877542,0.3191949083430398,0.21839890158999956,0.2942099579342918,0.16891260074705225,0.17643873438878996
6645,0.16533706486877542,0.3191949083430398,0.21839890158999956,0.2942099579342918,0.16891260074705225,0.17643873438878996
6646,0.16533706486877542,0.3191949083430398,0.21839890158999956,0.2942099579342918,0.16891260074705225,0.17643873438878996
6647,0.16533706486877542,0.3191949083430398,0.21839890158999956,0.2942099579342918,0.16891260074705225,0.17643873438878996
6648,0.1658628223018878,0.31787530798593017,0.21617749232579261,0.29330927162436166,0.1665237105313104,0.17732334250666756
6649,0.1658628223018878,0.31787530798593017,0.21617749232579261,0.29330927162436166,0.1665237105313104,0.17732334250666756
6650,0.1658628223018878,0.31787530798593017,0.21617749232579261,0.29330927162436166,0.1665237105313104,0.17732334250666756
6651,0.1658628223018878,0.31787530798593017,0.21617749232579261,0.29330927162436166,0.1665237105313104,0.17732334250666756
6652,0.1658628223018878,0.31787530798593017,0.21617749232579261,0.29330927162436166,0.1665237105313104,0.17732334250666756
6653,0.1658628223018878,0.31787530798593017,0.21617749232579261,0.29330927162436166,0.1665237105313104,0.17732334250666756
6654,0.1658628223018878,0.31787530798593017,0.21617749232579261,0.29330927162436166,0.1665237105313104,0.17732334250666756
6655,0.1658628223018878,0.31787530798593017,0.21617749232579261,0.29330927162436166,0.1665237105313104,0.17732334250666756
6656,0.1658628223018878,0.31787530798593017,0.21617749232579261,0.29330927162436166,0.1665237105313104,0.17732334250666756
6657,0.1658628223018878,0.31787530798593017,0.21617749232579261,0.29330927162436166,0.1665237105313104,0.17732334250666756
6658,0.1658628223018878,0.31787530798593017,0.21617749232579261,0.29330927162436166,0.1665237105313104,0.17732334250666756
6659,0.1658628223018878,0.31787530798593017,0.21617749232579261,0.29330927162436166,0.1665237105313104,0.17732334250666756
6660,0.1658628223018878,0.31787530798593017,0.21617749232579261,0.29330927162436166,0.1665237105313104,0.17732334250666756
6661,0.1658628223018878,0.31787530798593017,0.21617749232579261,0.29330927162436166,0.1665237105313104,0.17732334250666756
6662,0.1658628223018878,0.31787530798593017,0.21617749232579261,0.29330927162436166,0.1665237105313104,0.17732334250666756
6663,0.1658628223018878,0.31787530798593017,0.21617749232579261,0.29330927162436166,0.1665237105313104,0.17732334250666756
6664,0.1658628223018878,0.31787530798593017,0.21617749232579261,0.29330927162436166,0.1665237105313104,0.17732334250666756
6665,0.1658628223018878,0.31787530798593017,0.21617749232579261,0.29330927162436166,0.1665237105313104,0.17732334250666756
6666,0.1658628223018878,0.31787530798593017,0.21617749232579261,0.29330927162436166,0.1665237105313104,0.17732334250666756
6667,0.1658628223018878,0.31787530798593017,0.21617749232579261,0.29330927162436166,0.1665237105313104,0.17732334250666756
6668,0.1658628223018878,0.31787530798593017,0.21617749232579261,0.29330927162436166,0.1665237105313104,0.17732334250666756
6669,0.1658628223018878,0.31787530798593017,0.21617749232579261,0.29330927162436166,0.1665237105313104,0.17732334250666756
6670,0.1658628223018878,0.31787530798593017,0.21617749232579261,0.29330927162436166,0.1665237105313104,0.17732334250666756
6671,0.1658628223018878,0.31787530798593017,0.21617749232579261,0.29330927162436166,0.1665237105313104,0.17732334250666756
6672,0.16749515184147437,0.31822435293141577,0.21502064631557252,0.2941271115317915,0.16526456675043275,0.17891408431491287
6673,0.16749515184147437,0.31822435293141577,0.21502064631557252,0.2941271115317915,0.16526456675043275,0.17891408431491287
6674,0.16749515184147437,0.31822435293141577,0.21502064631557252,0.2941271115317915,0.16526456675043275,0.17891408431491287
6675,0.16749515184147437,0.31822435293141577,0.21502064631557252,0.2941271115317915,0.16526456675043275,0.17891408431491287
6676,0.16749515184147437,0.31822435293141577,0.21502064631557252,0.2941271115317915,0.16526456675043275,0.17891408431491287
6677,0.16749515184147437,0.31822435293141577,0.21502064631557252,0.2941271115317915,0.16526456675043275,0.17891408431491287
6678,0.16749515184147437,0.31822435293141577,0.21502064631557252,0.2941271115317915,0.16526456675043275,0.17891408431491287
6679,0.16749515184147437,0.31822435293141577,0.21502064631557252,0.2941271115317915,0.16526456675043275,0.17891408431491287
6680,0.16749515184147437,0.31822435293141577,0.21502064631557252,0.2941271115317915,0.16526456675043275,0.17891408431491287
6681,0.16749515184147437,0.31822435293141577,0.21502064631557252,0.2941271115317915,0.16526456675043275,0.17891408431491287
6682,0.16749515184147437,0.31822435293141577,0.21502064631557252,0.2941271115317915,0.16526456675043275,0.17891408431491287
6683,0.16749515184147437,0.31822435293141577,0.21502064631557252,0.2941271115317915,0.16526456675043275,0.17891408431491287
6684,0.16749515184147437,0.31822435293141577,0.21502064631557252,0.2941271115317915,0.16526456675043275,0.17891408431491287
6685,0.16749515184147437,0.31822435293141577,0.21502064631557252,0.2941271115317915,0.16526456675043275,0.17891408431491287
6686,0.16749515184147437,0.31822435293141577,0.21502064631557252,0.2941271115317915,0.16526456675043275,0.17891408431491287
6687,0.16749515184147437,0.31822435293141577,0.21502064631557252,0.2941271115317915,0.16526456675043275,0.17891408431491287
6688,0.16749515184147437,0.31822435293141577,0.21502064631557252,0.2941271115317915,0.16526456675043275,0.17891408431491287
6689,0.16749515184147437,0.31822435293141577,0.21502064631557252,0.2941271115317915,0.16526456675043275,0.17891408431491287
6690,0.16749515184147437,0.31822435293141577,0.21502064631557252,0.2941271115317915,0.16526456675043275,0.17891408431491287
6691,0.16749515184147437,0.31822435293141577,0.21502064631557252,0.2941271115317915,0.16526456675043275,0.17891408431491287
6692,0.16749515184147437,0.31822435293141577,0.21502064631557252,0.2941271115317915,0.16526456675043275,0.17891408431491287
6693,0.16749515184147437,0.31822435293141577,0.21502064631557252,0.2941271115317915,0.16526456675043275,0.17891408431491287
6694,0.16749515184147437,0.31822435293141577,0.21502064631557252,0.2941271115317915,0.16526456675043275,0.17891408431491287
6695,0.16749515184147437,0.31822435293141577,0.21502064631557252,0.2941271115317915,0.16526456675043275,0.17891408431491287
6696,0.17031319332485695,0.3203461017877563,0.2147747835468944,0.29700127414583893,0.16530497186771484,0.181287896843351
6697,0.17031319332485695,0.3203461017877563,0.2147747835468944,0.29700127414583893,0.16530497186771484,0.181287896843351
6698,0.17031319332485695,0.3203461017877563,0.2147747835468944,0.29700127414583893,0.16530497186771484,0.181287896843351
6699,0.17031319332485695,0.3203461017877563,0.2147747835468944,0.29700127414583893,0.16530497186771484,0.181287896843351
6700,0.17031319332485695,0.3203461017877563,0.2147747835468944,0.29700127414583893,0.16530497186771484,0.181287896843351
6701,0.17031319332485695,0.3203461017877563,0.2147747835468944,0.29700127414583893,0.16530497186771484,0.181287896843351
6702,0.17031319332485695,0.3203461017877563,0.2147747835468944,0.29700127414583893,0.16530497186771484,0.181287896843351
6703,0.17031319332485695,0.3203461017877563,0.2147747835468944,0.29700127414583893,0.16530497186771484,0.181287896843351
6704,0.17031319332485695,0.3203461017877563,0.2147747835468944,0.29700127414583893,0.16530497186771484,0.181287896843351
6705,0.17031319332485695,0.3203461017877563,0.2147747835468944,0.29700127414583893,0.16530497186771484,0.181287896843351
6706,0.17031319332485695,0.3203461017877563,0.2147747835468944,0.29700127414583893,0.16530497186771484,0.181287896843351
6707,0.17031319332485695,0.3203461017877563,0.2147747835468944,0.29700127414583893,0.16530497186771484,0.181287896843351
6708,0.17031319332485695,0.3203461017877563,0.2147747835468944,0.29700127414583893,0.16530497186771484,0.181287896843351
6709,0.17031319332485695,0.3203461017877563,0.2147747835468944,0.29700127414583893,0.16530497186771484,0.181287896843351
6710,0.17031319332485695,0.3203461017877563,0.2147747835468944,0.29700127414583893,0.16530497186771484,0.181287896843351
6711,0.17031319332485695,0.3203461017877563,0.2147747835468944,0.29700127414583893,0.16530497186771484,0.181287896843351
6712,0.17031319332485695,0.3203461017877563,0.2147747835468944,0.29700127414583893,0.16530497186771484,0.181287896843351
6713,0.17031319332485695,0.3203461017877563,0.2147747835468944,0.29700127414583893,0.16530497186771484,0.181287896843351
6714,0.17031319332485695,0.3203461017877563,0.2147747835468944,0.29700127414583893,0.16530497186771484,0.181287896843351
6715,0.17031319332485695,0.3203461017877563,0.2147747835468944,0.29700127414583893,0.16530497186771484,0.181287896843351
6716,0.17031319332485695,0.3203461017877563,0.2147747835468944,0.29700127414583893,0.16530497186771484,0.181287896843351
6717,0.17031319332485695,0.3203461017877563,0.2147747835468944,0.29700127414583893,0.16530497186771484,0.181287896843351
6718,0.17031319332485695,0.3203461017877563,0.2147747835468944,0.29700127414583893,0.16530497186771484,0.181287896843351
6719,0.17031319332485695,0.3203461017877563,0.2147747835468944,0.29700127414583893,0.16530497186771484,0.181287896843351
6720,0.1717043789651068,0.3204781163563341,0.21366610343347495,0.29758439810306897,0.16405887768862276,0.1827212872495839
6721,0.1717043789651068,0.3204781163563341,0.21366610343347495,0.29758439810306897,0.16405887768862276,0.1827212872495839
6722,0.1717043789651068,0.3204781163563341,0.21366610343347495,0.29758439810306897,0.16405887768862276,0.1827212872495839
6723,0.1717043789651068,0.3204781163563341,0.21366610343347495,0.29758439810306897,0.16405887768862276,0.1827212872495839
6724,0.1717043789651068,0.3204781163563341,0.21366610343347495,0.29758439810306897,0.16405887768862276,0.1827212872495839
6725,0.1717043789651068,0.3204781163563341,0.21366610343347495,0.29758439810306897,0.16405887768862276,0.1827212872495839
6726,0.1717043789651068,0.3204781163563341,0.21366610343347495,0.29758439810306897,0.16405887768862276,0.1827212872495839
6727,0.1717043789651068,0.3204781163563341,0.21366610343347495,0.29758439810306897,0.16405887768862276,0.1827212872495839
6728,0.1717043789651068,0.3204781163563341,0.21366610343347495,0.29758439810306897,0.16405887768862276,0.1827212872495839
6729,0.1717043789651068,0.3204781163563341,0.21366610343347495,0.29758439810306897,0.16405887768862276,0.1827212872495839
6730,0.1717043789651068,0.3204781163563341,0.21366610343347495,0.29758439810306897,0.16405887768862276,0.1827212872495839
6731,0.1717043789651068,0.3204781163563341,0.21366610343347495,0.29758439810306897,0.16405887768862276,0.1827212872495839
6732,0.1717043789651068,0.3204781163563341,0.21366610343347495,0.29758439810306897,0.16405887768862276,0.1827212872495839
6733,0.1717043789651068,0.3204781163563341,0.21366610343347495,0.29758439810306897,0.16405887768862276,0.1827212872495839
6734,0.1717043789651068,0.3204781163563341,0.21366610343347495,0.29758439810306897,0.16405887768862276,0.1827212872495839
6735,0.1717043789651068,0.3204781163563341,0.21366610343347495,0.29758439810306897,0.16405887768862276,0.1827212872495839
6736,0.1717043789651068,0.3204781163563341,0.21366610343347495,0.29758439810306897,0.16405887768862276,0.1827212872495839
6737,0.1717043789651068,0.3204781163563341,0.21366610343347495,0.29758439810306897,0.16405887768862276,0.1827212872495839
6738,0.1717043789651068,0.3204781163563341,0.21366610343347495,0.29758439810306897,0.16405887768862276,0.1827212872495839
6739,0.1717043789651068,0.3204781163563341,0.21366610343347495,0.29758439810306897,0.16405887768862276,0.1827212872495839
6740,0.1717043789651068,0.3204781163563341,0.21366610343347495,0.29758439810306897,0.16405887768862276,0.1827212872495839
6741,0.1717043789651068,0.3204781163563341,0.21366610343347495,0.29758439810306897,0.16405887768862276,0.1827212872495839
6742,0.1717043789651068,0.3204781163563341,0.21366610343347495,0.29758439810306897,0.16405887768862276,0.1827212872495839
6743,0.1717043789651068,0.3204781163563341,0.21366610343347495,0.29758439810306897,0.16405887768862276,0.1827212872495839
6744,0.17177922293821665,0.31851884420250925,0.2109998904956725,0.2958886759637193,0.16124803811488733,0.1833142205086059
6745,0.17177922293821665,0.31851884420250925,0.2109998904956725,0.2958886759637193,0.16124803811488733,0.1833142205086059
6746,0.17177922293821665,0.31851884420250925,0.2109998904956725,0.2958886759637193,0.16124803811488733,0.1833142205086059
6747,0.17177922293821665,0.31851884420250925,0.2109998904956725,0.2958886759637193,0.16124803811488733,0.1833142205086059
6748,0.17177922293821665,0.31851884420250925,0.2109998904956725,0.2958886759637193,0.16124803811488733,0.1833142205086059
6749,0.17177922293821665,0.31851884420250925,0.2109998904956725,0.2958886759637193,0.16124803811488733,0.1833142205086059
6750,0.17177922293821665,0.31851884420250925,0.2109998904956725,0.2958886759637193,0.16124803811488733,0.1833142205086059
6751,0.17177922293821665,0.31851884420250925,0.2109998904956725,0.2958886759637193,0.16124803811488733,0.1833142205086059
6752,0.17177922293821665,0.31851884420250925,0.2109998904956725,0.2958886759637193,0.16124803811488733,0.1833142205086059
6753,0.17177922293821665,0.31851884420250925,0.2109998904956725,0.2958886759637193,0.16124803811488733,0.1833142205086059
6754,0.17177922293821665,0.31851884420250925,0.2109998904956725,0.2958886759637193,0.16124803811488733,0.1833142205086059
6755,0.17177922293821665,0.31851884420250925,0.2109998904956725,0.2958886759637193,0.16124803811488733,0.1833142205086059
6756,0.17177922293821665,0.31851884420250925,0.2109998904956725,0.2958886759637193,0.16124803811488733,0.1833142205086059
6757,0.17177922293821665,0.31851884420250925,0.2109998904956725,0.2958886759637193,0.16124803811488733,0.1833142205086059
6758,0.17177922293821665,0.31851884420250925,0.2109998904956725,0.2958886759637193,0.16124803811488733,0.1833142205086059
6759,0.17177922293821665,0.31851884420250925,0.2109998904956725,0.2958886759637193,0.16124803811488733,0.1833142205086059
6760,0.17177922293821665,0.31851884420250925,0.2109998904956725,0.2958886759637193,0.16124803811488733,0.1833142205086059
6761,0.17177922293821665,0.31851884420250925,0.2109998904956725,0.2958886759637193,0.16124803811488733,0.1833142205086059
6762,0.17177922293821665,0.31851884420250925,0.2109998904956725,0.2958886759637193,0.16124803811488733,0.1833142205086059
6763,0.17177922293821665,0.31851884420250925,0.2109998904956725,0.2958886759637193,0.16124803811488733,0.1833142205086059
6764,0.17177922293821665,0.31851884420250925,0.2109998904956725,0.2958886759637193,0.16124803811488733,0.1833142205086059
6765,0.17177922293821665,0.31851884420250925,0.2109998904956725,0.2958886759637193,0.16124803811488733,0.1833142205086059
6766,0.17177922293821665,0.31851884420250925,0.2109998904956725,0.2958886759637193,0.16124803811488733,0.1833142205086059
6767,0.17177922293821665,0.31851884420250925,0.2109998904956725,0.2958886759637193,0.16124803811488733,0.1833142205086059
6768,0.17220627671818245,0.31707389503140054,0.20866558326152004,0.2948692381109038,0.1587514188171302,0.18415890379094824
6769,0.17220627671818245,0.31707389503140054,0.20866558326152004,0.2948692381109038,0.1587514188171302,0.18415890379094824
6770,0.17220627671818245,0.31707389503140054,0.20866558326152004,0.2948692381109038,0.1587514188171302,0.18415890379094824
6771,0.17220627671818245,0.31707389503140054,0.20866558326152004,0.2948692381109038,0.1587514188171302,0.18415890379094824
6772,0.17220627671818245,0.31707389503140054,0.20866558326152004,0.2948692381109038,0.1587514188171302,0.18415890379094824
6773,0.17220627671818245,0.31707389503140054,0.20866558326152004,0.2948692381109038,0.1587514188171302,0.18415890379094824
6774,0.17220627671818245,0.31707389503140054,0.20866558326152004,0.2948692381109038,0.1587514188171302,0.18415890379094824
6775,0.17220627671818245,0.31707389503140054,0.20866558326152004,0.2948692381109038,0.1587514188171302,0.18415890379094824
6776,0.17220627671818245,0.31707389503140054,0.20866558326152004,0.2948692381109038,0.1587514188171302,0.18415890379094824
6777,0.17220627671818245,0.31707389503140054,0.20866558326152004,0.2948692381109038,0.1587514188171302,0.18415890379094824
6778,0.17220627671818245,0.31707389503140054,0.20866558326152004,0.2948692381109038,0.1587514188171302,0.18415890379094824
6779,0.17220627671818245,0.31707389503140054,0.20866558326152004,0.2948692381109038,0.1587514188171302,0.18415890379094824
6780,0.17220627671818245,0.31707389503140054,0.20866558326152004,0.2948692381109038,0.1587514188171302,0.18415890379094824
6781,0.17220627671818245,0.31707389503140054,0.20866558326152004,0.2948692381109038,0.1587514188171302,0.18415890379094824
6782,0.17220627671818245,0.31707389503140054,0.20866558326152004,0.2948692381109038,0.1587514188171302,0.18415890379094824
6783,0.17220627671818245,0.31707389503140054,0.20866558326152004,0.2948692381109038,0.1587514188171302,0.18415890379094824
6784,0.17220627671818245,0.31707389503140054,0.20866558326152004,0.2948692381109038,0.1587514188171302,0.18415890379094824
6785,0.17220627671818245,0.31707389503140054,0.20866558326152004,0.2948692381109038,0.1587514188171302,0.18415890379094824
6786,0.17220627671818245,0.31707389503140054,0.20866558326152004,0.2948692381109038,0.1587514188171302,0.18415890379094824
6787,0.17220627671818245,0.31707389503140054,0.20866558326152004,0.2948692381109038,0.1587514188171302,0.18415890379094824
6788,0.17220627671818245,0.31707389503140054,0.20866558326152004,0.2948692381109038,0.1587514188171302,0.18415890379094824
6789,0.17220627671818245,0.31707389503140054,0.20866558326152004,0.2948692381109038,0.1587514188171302,0.18415890379094824
6790,0.17220627671818245,0.31707389503140054,0.20866558326152004,0.2948692381109038,0.1587514188171302,0.18415890379094824
6791,0.17220627671818245,0.31707389503140054,0.20866558326152004,0.2948692381109038,0.1587514188171302,0.18415890379094824
6792,0.17400651339053305,0.3172053455223531,0.20663854162794695,0.29582610110565993,0.15705673820894017,0.1859589294777244
6793,0.17400651339053305,0.3172053455223531,0.20663854162794695,0.29582610110565993,0.15705673820894017,0.1859589294777244
6794,0.17400651339053305,0.3172053455223531,0.20663854162794695,0.29582610110565993,0.15705673820894017,0.1859589294777244
6795,0.17400651339053305,0.3172053455223531,0.20663854162794695,0.29582610110565993,0.15705673820894017,0.1859589294777244
6796,0.17400651339053305,0.3172053455223531,0.20663854162794695,0.29582610110565993,0.15705673820894017,0.1859589294777244
6797,0.17400651339053305,0.3172053455223531,0.20663854162794695,0.29582610110565993,0.15705673820894017,0.1859589294777244
6798,0.17400651339053305,0.3172053455223531,0.20663854162794695,0.29582610110565993,0.15705673820894017,0.1859589294777244
6799,0.17400651339053305,0.3172053455223531,0.20663854162794695,0.29582610110565993,0.15705673820894017,0.1859589294777244
6800,0.17400651339053305,0.3172053455223531,0.20663854162794695,0.29582610110565993,0.15705673820894017,0.1859589294777244
6801,0.17400651339053305,0.3172053455223531,0.20663854162794695,0.29582610110565993,0.15705673820894017,0.1859589294777244
6802,0.17400651339053305,0.3172053455223531,0.20663854162794695,0.29582610110565993,0.15705673820894017,0.1859589294777244
6803,0.17400651339053305,0.3172053455223531,0.20663854162794695,0.29582610110565993,0.15705673820894017,0.1859589294777244
6804,0.17400651339053305,0.3172053455223531,0.20663854162794695,0.29582610110565993,0.15705673820894017,0.1859589294777244
6805,0.17400651339053305,0.3172053455223531,0.20663854162794695,0.29582610110565993,0.15705673820894017,0.1859589294777244
6806,0.17400651339053305,0.3172053455223531,0.20663854162794695,0.29582610110565993,0.15705673820894017,0.1859589294777244
6807,0.17400651339053305,0.3172053455223531,0.20663854162794695,0.29582610110565993,0.15705673820894017,0.1859589294777244
6808,0.17400651339053305,0.3172053455223531,0.20663854162794695,0.29582610110565993,0.15705673820894017,0.1859589294777244
6809,0.17400651339053305,0.3172053455223531,0.20663854162794695,0.29582610110565993,0.15705673820894017,0.1859589294777244
6810,0.17400651339053305,0.3172053455223531,0.20663854162794695,0.29582610110565993,0.15705673820894017,0.1859589294777244
6811,0.17400651339053305,0.3172053455223531,0.20663854162794695,0.29582610110565993,0.15705673820894017,0.1859589294777244
6812,0.17400651339053305,0.3172053455223531,0.20663854162794695,0.29582610110565993,0.15705673820894017,0.1859589294777244
6813,0.17400651339053305,0.3172053455223531,0.20663854162794695,0.29582610110565993,0.15705673820894017,0.1859589294777244
6814,0.17400651339053305,0.3172053455223531,0.20663854162794695,0.29582610110565993,0.15705673820894017,0.1859589294777244
6815,0.17400651339053305,0.3172053455223531,0.20663854162794695,0.29582610110565993,0.15705673820894017,0.1859589294777244
6816,0.17870924914444,0.3223727835816769,0.2086058312103226,0.3027369707091729,0.1600999767610233,0.18911306966519636
6817,0.17870924914444,0.3223727835816769,0.2086058312103226,0.3027369707091729,0.1600999767610233,0.18911306966519636
6818,0.17870924914444,0.3223727835816769,0.2086058312103226,0.3027369707091729,0.1600999767610233,0.18911306966519636
6819,0.17870924914444,0.3223727835816769,0.2086058312103226,0.3027369707091729,0.1600999767610233,0.18911306966519636
6820,0.17870924914444,0.3223727835816769,0.2086058312103226,0.3027369707091729,0.1600999767610233,0.18911306966519636
6821,0.17870924914444,0.3223727835816769,0.2086058312103226,0.3027369707091729,0.1600999767610233,0.18911306966519636
6822,0.17870924914444,0.3223727835816769,0.2086058312103226,0.3027369707091729,0.1600999767610233,0.18911306966519636
6823,0.17870924914444,0.3223727835816769,0.2086058312103226,0.3027369707091729,0.1600999767610233,0.18911306966519636
6824,0.17870924914444,0.3223727835816769,0.2086058312103226,0.3027369707091729,0.1600999767610233,0.18911306966519636
6825,0.17870924914444,0.3223727835816769,0.2086058312103226,0.3027369707091729,0.1600999767610233,0.18911306966519636
6826,0.17870924914444,0.3223727835816769,0.2086058312103226,0.3027369707091729,0.1600999767610233,0.18911306966519636
6827,0.17870924914444,0.3223727835816769,0.2086058312103226,0.3027369707091729,0.1600999767610233,0.18911306966519636
6828,0.17870924914444,0.3223727835816769,0.2086058312103226,0.3027369707091729,0.1600999767610233,0.18911306966519636
6829,0.17870924914444,0.3223727835816769,0.2086058312103226,0.3027369707091729,0.1600999767610233,0.18911306966519636
6830,0.17870924914444,0.3223727835816769,0.2086058312103226,0.3027369707091729,0.1600999767610233,0.18911306966519636
6831,0.17870924914444,0.3223727835816769,0.2086058312103226,0.3027369707091729,0.1600999767610233,0.18911306966519636
6832,0.17870924914444,0.3223727835816769,0.2086058312103226,0.3027369707091729,0.1600999767610233,0.18911306966519636
6833,0.17870924914444,0.3223727835816769,0.2086058312103226,0.3027369707091729,0.1600999767610233,0.18911306966519636
6834,0.17870924914444,0.3223727835816769,0.2086058312103226,0.3027369707091729,0.1600999767610233,0.18911306966519636
6835,0.17870924914444,0.3223727835816769,0.2086058312103226,0.3027369707091729,0.1600999767610233,0.18911306966519636
6836,0.17870924914444,0.3223727835816769,0.2086058312103226,0.3027369707091729,0.1600999767610233,0.18911306966519636
6837,0.17870924914444,0.3223727835816769,0.2086058312103226,0.3027369707091729,0.1600999767610233,0.18911306966519636
6838,0.17870924914444,0.3223727835816769,0.2086058312103226,0.3027369707091729,0.1600999767610233,0.18911306966519636
6839,0.17870924914444,0.3223727835816769,0.2086058312103226,0.3027369707091729,0.1600999767610233,0.18911306966519636
6840,0.18345999724084572,0.3277831769196112,0.2107389158989145,0.3095445106442211,0.16328214527932244,0.19235766682632907
6841,0.18345999724084572,0.3277831769196112,0.2107389158989145,0.3095445106442211,0.16328214527932244,0.19235766682632907
6842,0.18345999724084572,0.3277831769196112,0.2107389158989145,0.3095445106442211,0.16328214527932244,0.19235766682632907
6843,0.18345999724084572,0.3277831769196112,0.2107389158989145,0.3095445106442211,0.16328214527932244,0.19235766682632907
6844,0.18345999724084572,0.3277831769196112,0.2107389158989145,0.3095445106442211,0.16328214527932244,0.19235766682632907
6845,0.18345999724084572,0.3277831769196112,0.2107389158989145,0.3095445106442211,0.16328214527932244,0.19235766682632907
6846,0.18345999724084572,0.3277831769196112,0.2107389158989145,0.3095445106442211,0.16328214527932244,0.19235766682632907
6847,0.18345999724084572,0.3277831769196112,0.2107389158989145,0.3095445106442211,0.16328214527932244,0.19235766682632907
6848,0.18345999724084572,0.3277831769196112,0.2107389158989145,0.3095445106442211,0.16328214527932244,0.19235766682632907
6849,0.18345999724084572,0.3277831769196112,0.2107389158989145,0.3095445106442211,0.16328214527932244,0.19235766682632907
6850,0.18345999724084572,0.3277831769196112,0.2107389158989145,0.3095445106442211,0.16328214527932244,0.19235766682632907
6851,0.18345999724084572,0.3277831769196112,0.2107389158989145,0.3095445106442211,0.16328214527932244,0.19235766682632907
6852,0.18345999724084572,0.3277831769196112,0.2107389158989145,0.3095445106442211,0.16328214527932244,0.19235766682632907
6853,0.18345999724084572,0.3277831769196112,0.2107389158989145,0.3095445106442211,0.16328214527932244,0.19235766682632907
6854,0.18345999724084572,0.3277831769196112,0.2107389158989145,0.3095445106442211,0.16328214527932244,0.19235766682632907
6855,0.18345999724084572,0.3277831769196112,0.2107389158989145,0.3095445106442211,0.16328214527932244,0.19235766682632907
6856,0.18345999724084572,0.3277831769196112,0.2107389158989145,0.3095445106442211,0.16328214527932244,0.19235766682632907
6857,0.18345999724084572,0.3277831769196112,0.2107389158989145,0.3095445106442211,0.16328214527932244,0.19235766682632907
6858,0.18345999724084572,0.3277831769196112,0.2107389158989145,0.3095445106442211,0.16328214527932244,0.19235766682632907
6859,0.18345999724084572,0.3277831769196112,0.2107389158989145,0.3095445106442211,0.16328214527932244,0.19235766682632907
6860,0.18345999724084572,0.3277831769196112,0.2107389158989145,0.3095445106442211,0.16328214527932244,0.19235766682632907
6861,0.18345999724084572,0.3277831769196112,0.2107389158989145,0.3095445106442211,0.16328214527932244,0.19235766682632907
6862,0.18345999724084572,0.3277831769196112,0.2107389158989145,0.3095445106442211,0.16328214527932244,0.19235766682632907
6863,0.18345999724084572,0.3277831769196112,0.2107389158989145,0.3095445106442211,0.16328214527932244,0.19235766682632907
6864,0.18616439166280585,0.33079752052471945,0.21178736586797783,0.31364011098340133,0.16497169220018526,0.19415648318159062
6865,0.18616439166280585,0.33079752052471945,0.21178736586797783,0.31364011098340133,0.16497169220018526,0.19415648318159062
6866,0.18616439166280585,0.33079752052471945,0.21178736586797783,0.31364011098340133,0.16497169220018526,0.19415648318159062
6867,0.18616439166280585,0.33079752052471945,0.21178736586797783,0.31364011098340133,0.16497169220018526,0.19415648318159062
6868,0.18616439166280585,0.33079752052471945,0.21178736586797783,0.31364011098340133,0.16497169220018526,0.19415648318159062
6869,0.18616439166280585,0.33079752052471945,0.21178736586797783,0.31364011098340133,0.16497169220018526,0.19415648318159062
6870,0.18616439166280585,0.33079752052471945,0.21178736586797783,0.31364011098340133,0.16497169220018526,0.19415648318159062
6871,0.18616439166280585,0.33079752052471945,0.21178736586797783,0.31364011098340133,0.16497169220018526,0.19415648318159062
6872,0.18616439166280585,0.33079752052471945,0.21178736586797783,0.31364011098340133,0.16497169220018526,0.19415648318159062
6873,0.18616439166280585,0.33079752052471945,0.21178736586797783,0.31364011098340133,0.16497169220018526,0.19415648318159062
6874,0.18616439166280585,0.33079752052471945,0.21178736586797783,0.31364011098340133,0.16497169220018526,0.19415648318159062
6875,0.18616439166280585,0.33079752052471945,0.21178736586797783,0.31364011098340133,0.16497169220018526,0.19415648318159062
6876,0.18616439166280585,0.33079752052471945,0.21178736586797783,0.31364011098340133,0.16497169220018526,0.19415648318159062
6877,0.18616439166280585,0.33079752052471945,0.21178736586797783,0.31364011098340133,0.16497169220018526,0.19415648318159062
6878,0.18616439166280585,0.33079752052471945,0.21178736586797783,0.31364011098340133,0.16497169220018526,0.19415648318159062
6879,0.18616439166280585,0.33079752052471945,0.21178736586797783,0.31364011098340133,0.16497169220018526,0.19415648318159062
6880,0.18616439166280585,0.33079752052471945,0.21178736586797783,0.31364011098340133,0.16497169220018526,0.19415648318159062
6881,0.18616439166280585,0.33079752052471945,0.21178736586797783,0.31364011098340133,0.16497169220018526,0.19415648318159062
6882,0.18616439166280585,0.33079752052471945,0.21178736586797783,0.31364011098340133,0.16497169220018526,0.19415648318159062
6883,0.18616439166280585,0.33079752052471945,0.21178736586797783,0.31364011098340133,0.16497169220018526,0.19415648318159062
6884,0.18616439166280585,0.33079752052471945,0.21178736586797783,0.31364011098340133,0.16497169220018526,0.19415648318159062
6885,0.18616439166280585,0.33079752052471945,0.21178736586797783,0.31364011098340133,0.16497169220018526,0.19415648318159062
6886,0.18616439166280585,0.33079752052471945,0.21178736586797783,0.31364011098340133,0.16497169220018526,0.19415648318159062
6887,0.18616439166280585,0.33079752052471945,0.21178736586797783,0.31364011098340133,0.16497169220018526,0.19415648318159062
6888,0.1883003226923877,0.33343719541012723,0.21280005173700034,0.31684946449880663,0.16656158080060052,0.19566553930187855
6889,0.1883003226923877,0.33343719541012723,0.21280005173700034,0.31684946449880663,0.16656158080060052,0.19566553930187855
6890,0.1883003226923877,0.33343719541012723,0.21280005173700034,0.31684946449880663,0.16656158080060052,0.19566553930187855
6891,0.1883003226923877,0.33343719541012723,0.21280005173700034,0.31684946449880663,0.16656158080060052,0.19566553930187855
6892,0.1883003226923877,0.33343719541012723,0.21280005173700034,0.31684946449880663,0.16656158080060052,0.19566553930187855
6893,0.1883003226923877,0.33343719541012723,0.21280005173700034,0.31684946449880663,0.16656158080060052,0.19566553930187855
6894,0.1883003226923877,0.33343719541012723,0.21280005173700034,0.31684946449880663,0.16656158080060052,0.19566553930187855
6895,0.1883003226923877,0.33343719541012723,0.21280005173700034,0.31684946449880663,0.16656158080060052,0.19566553930187855
6896,0.1883003226923877,0.33343719541012723,0.21280005173700034,0.31684946449880663,0.16656158080060052,0.19566553930187855
6897,0.1883003226923877,0.33343719541012723,0.21280005173700034,0.31684946449880663,0.16656158080060052,0.19566553930187855
6898,0.1883003226923877,0.33343719541012723,0.21280005173700034,0.31684946449880663,0.16656158080060052,0.19566553930187855
6899,0.1883003226923877,0.33343719541012723,0.21280005173700034,0.31684946449880663,0.16656158080060052,0.19566553930187855
6900,0.1883003226923877,0.33343719541012723,0.21280005173700034,0.31684946449880663,0.16656158080060052,0.19566553930187855
6901,0.1883003226923877,0.33343719541012723,0.21280005173700034,0.31684946449880663,0.16656158080060052,0.19566553930187855
6902,0.1883003226923877,0.33343719541012723,0.21280005173700034,0.31684946449880663,0.16656158080060052,0.19566553930187855
6903,0.1883003226923877,0.33343719541012723,0.21280005173700034,0.31684946449880663,0.16656158080060052,0.19566553930187855
6904,0.1883003226923877,0.33343719541012723,0.21280005173700034,0.31684946449880663,0.16656158080060052,0.19566553930187855
6905,0.1883003226923877,0.33343719541012723,0.21280005173700034,0.31684946449880663,0.16656158080060052,0.19566553930187855
6906,0.1883003226923877,0.33343719541012723,0.21280005173700034,0.31684946449880663,0.16656158080060052,0.19566553930187855
6907,0.1883003226923877,0.33343719541012723,0.21280005173700034,0.31684946449880663,0.16656158080060052,0.19566553930187855
6908,0.1883003226923877,0.33343719541012723,0.21280005173700034,0.31684946449880663,0.16656158080060052,0.19566553930187855
6909,0.1883003226923877,0.33343719541012723,0.21280005173700034,0.31684946449880663,0.16656158080060052,0.19566553930187855
6910,0.1883003226923877,0.33343719541012723,0.21280005173700034,0.31684946449880663,0.16656158080060052,0.19566553930187855
6911,0.1883003226923877,0.33343719541012723,0.21280005173700034,0.31684946449880663,0.16656158080060052,0.19566553930187855
6912,0.1889229142728027,0.3341407450089359,0.21311100071728006,0.3178707239139851,0.1669358886445176,0.19602925096352677
6913,0.1889229142728027,0.3341407450089359,0.21311100071728006,0.3178707239139851,0.1669358886445176,0.19602925096352677
6914,0.1889229142728027,0.3341407450089359,0.21311100071728006,0.3178707239139851,0.1669358886445176,0.19602925096352677
6915,0.1889229142728027,0.3341407450089359,0.21311100071728006,0.3178707239139851,0.1669358886445176,0.19602925096352677
6916,0.1889229142728027,0.3341407450089359,0.21311100071728006,0.3178707239139851,0.1669358886445176,0.19602925096352677
6917,0.1889229142728027,0.3341407450089359,0.21311100071728006,0.3178707239139851,0.1669358886445176,0.19602925096352677
6918,0.1889229142728027,0.3341407450089359,0.21311100071728006,0.3178707239139851,0.1669358886445176,0.19602925096352677
6919,0.1889229142728027,0.3341407450089359,0.21311100071728006,0.3178707239139851,0.1669358886445176,0.19602925096352677
6920,0.1889229142728027,0.3341407450089359,0.21311100071728006,0.3178707239139851,0.1669358886445176,0.19602925096352677
6921,0.1889229142728027,0.3341407450089359,0.21311100071728006,0.3178707239139851,0.1669358886445176,0.19602925096352677
6922,0.1889229142728027,0.3341407450089359,0.21311100071728006,0.3178707239139851,0.1669358886445176,0.19602925096352677
6923,0.1889229142728027,0.3341407450089359,0.21311100071728006,0.3178707239139851,0.1669358886445176,0.19602925096352677
6924,0.1889229142728027,0.3341407450089359,0.21311100071728006,0.3178707239139851,0.1669358886445176,0.19602925096352677
6925,0.1889229142728027,0.3341407450089359,0.21311100071728006,0.3178707239139851,0.1669358886445176,0.19602925096352677
6926,0.1889229142728027,0.3341407450089359,0.21311100071728006,0.3178707239139851,0.1669358886445176,0.19602925096352677
6927,0.1889229142728027,0.3341407450089359,0.21311100071728006,0.3178707239139851,0.1669358886445176,0.19602925096352677
6928,0.1889229142728027,0.3341407450089359,0.21311100071728006,0.3178707239139851,0.1669358886445176,0.19602925096352677
6929,0.1889229142728027,0.3341407450089359,0.21311100071728006,0.3178707239139851,0.1669358886445176,0.19602925096352677
6930,0.1889229142728027,0.3341407450089359,0.21311100071728006,0.3178707239139851,0.1669358886445176,0.19602925096352677
6931,0.1889229142728027,0.3341407450089359,0.21311100071728006,0.3178707239139851,0.1669358886445176,0.19602925096352677
6932,0.1889229142728027,0.3341407450089359,0.21311100071728006,0.3178707239139851,0.1669358886445176,0.19602925096352677
6933,0.1889229142728027,0.3341407450089359,0.21311100071728006,0.3178707239139851,0.1669358886445176,0.19602925096352677
6934,0.1889229142728027,0.3341407450089359,0.21311100071728006,0.3178707239139851,0.1669358886445176,0.19602925096352677
6935,0.1889229142728027,0.3341407450089359,0.21311100071728006,0.3178707239139851,0.1669358886445176,0.19602925096352677
6936,0.1908537702257526,0.33660519763925345,0.21414512789617987,0.32055609910160854,0.16849444498977054,0.19737118211214177
6937,0.1908537702257526,0.33660519763925345,0.21414512789617987,0.32055609910160854,0.16849444498977054,0.19737118211214177
6938,0.1908537702257526,0.33660519763925345,0.21414512789617987,0.32055609910160854,0.16849444498977054,0.19737118211214177
6939,0.1908537702257526,0.33660519763925345,0.21414512789617987,0.32055609910160854,0.16849444498977054,0.19737118211214177
6940,0.1908537702257526,0.33660519763925345,0.21414512789617987,0.32055609910160854,0.16849444498977054,0.19737118211214177
6941,0.1908537702257526,0.33660519763925345,0.21414512789617987,0.32055609910160854,0.16849444498977054,0.19737118211214177
6942,0.1908537702257526,0.33660519763925345,0.21414512789617987,0.32055609910160854,0.16849444498977054,0.19737118211214177
6943,0.1908537702257526,0.33660519763925345,0.21414512789617987,0.32055609910160854,0.16849444498977054,0.19737118211214177
6944,0.1908537702257526,0.33660519763925345,0.21414512789617987,0.32055609910160854,0.16849444498977054,0.19737118211214177
6945,0.1908537702257526,0.33660519763925345,0.21414512789617987,0.32055609910160854,0.16849444498977054,0.19737118211214177
6946,0.1908537702257526,0.33660519763925345,0.21414512789617987,0.32055609910160854,0.16849444498977054,0.19737118211214177
6947,0.1908537702257526,0.33660519763925345,0.21414512789617987,0.32055609910160854,0.16849444498977054,0.19737118211214177
6948,0.1908537702257526,0.33660519763925345,0.21414512789617987,0.32055609910160854,0.16849444498977054,0.19737118211214177
6949,0.1908537702257526,0.33660519763925345,0.21414512789617987,0.32055609910160854,0.16849444498977054,0.19737118211214177
6950,0.1908537702257526,0.33660519763925345,0.21414512789617987,0.32055609910160854,0.16849444498977054,0.19737118211214177
6951,0.1908537702257526,0.33660519763925345,0.21414512789617987,0.32055609910160854,0.16849444498977054,0.19737118211214177
6952,0.1908537702257526,0.33660519763925345,0.21414512789617987,0.32055609910160854,0.16849444498977054,0.19737118211214177
6953,0.1908537702257526,0.33660519763925345,0.21414512789617987,0.32055609910160854,0.16849444498977054,0.19737118211214177
6954,0.1908537702257526,0.33660519763925345,0.21414512789617987,0.32055609910160854,0.16849444498977054,0.19737118211214177
6955,0.1908537702257526,0.33660519763925345,0.21414512789617987,0.32055609910160854,0.16849444498977054,0.19737118211214177
6956,0.1908537702257526,0.33660519763925345,0.21414512789617987,0.32055609910160854,0.16849444498977054,0.19737118211214177
6957,0.1908537702257526,0.33660519763925345,0.21414512789617987,0.32055609910160854,0.16849444498977054,0.19737118211214177
6958,0.1908537702257526,0.33660519763925345,0.21414512789617987,0.32055609910160854,0.16849444498977054,0.19737118211214177
6959,0.1908537702257526,0.33660519763925345,0.21414512789617987,0.32055609910160854,0.16849444498977054,0.19737118211214177
6960,0.19238928369185512,0.33847339072891214,0.2148611523774839,0.3226727023454726,0.16969494501107343,0.19840881203686478
6961,0.19238928369185512,0.33847339072891214,0.2148611523774839,0.3226727023454726,0.16969494501107343,0.19840881203686478
6962,0.19238928369185512,0.33847339072891214,0.2148611523774839,0.3226727023454726,0.16969494501107343,0.19840881203686478
6963,0.19238928369185512,0.33847339072891214,0.2148611523774839,0.3226727023454726,0.16969494501107343,0.19840881203686478
6964,0.19238928369185512,0.33847339072891214,0.2148611523774839,0.3226727023454726,0.16969494501107343,0.19840881203686478
6965,0.19238928369185512,0.33847339072891214,0.2148611523774839,0.3226727023454726,0.16969494501107343,0.19840881203686478
6966,0.19238928369185512,0.33847339072891214,0.2148611523774839,0.3226727023454726,0.16969494501107343,0.19840881203686478
6967,0.19238928369185512,0.33847339072891214,0.2148611523774839,0.3226727023454726,0.16969494501107343,0.19840881203686478
6968,0.19238928369185512,0.33847339072891214,0.2148611523774839,0.3226727023454726,0.16969494501107343,0.19840881203686478
6969,0.19238928369185512,0.33847339072891214,0.2148611523774839,0.3226727023454726,0.16969494501107343,0.19840881203686478
6970,0.19238928369185512,0.33847339072891214,0.2148611523774839,0.3226727023454726,0.16969494501107343,0.19840881203686478
6971,0.19238928369185512,0.33847339072891214,0.2148611523774839,0.3226727023454726,0.16969494501107343,0.19840881203686478
6972,0.19238928369185512,0.33847339072891214,0.2148611523774839,0.3226727023454726,0.16969494501107343,0.19840881203686478
6973,0.19238928369185512,0.33847339072891214,0.2148611523774839,0.3226727023454726,0.16969494501107343,0.19840881203686478
6974,0.19238928369185512,0.33847339072891214,0.2148611523774839,0.3226727023454726,0.16969494501107343,0.19840881203686478
6975,0.19238928369185512,0.33847339072891214,0.2148611523774839,0.3226727023454726,0.16969494501107343,0.19840881203686478
6976,0.19238928369185512,0.33847339072891214,0.2148611523774839,0.3226727023454726,0.16969494501107343,0.19840881203686478
6977,0.19238928369185512,0.33847339072891214,0.2148611523774839,0.3226727023454726,0.16969494501107343,0.19840881203686478
6978,0.19238928369185512,0.33847339072891214,0.2148611523774839,0.3226727023454726,0.16969494501107343,0.19840881203686478
6979,0.19238928369185512,0.33847339072891214,0.2148611523774839,0.3226727023454726,0.16969494501107343,0.19840881203686478
6980,0.19238928369185512,0.33847339072891214,0.2148611523774839,0.3226727023454726,0.16969494501107343,0.19840881203686478
6981,0.19238928369185512,0.33847339072891214,0.2148611523774839,0.3226727023454726,0.16969494501107343,0.19840881203686478
6982,0.19238928369185512,0.33847339072891214,0.2148611523774839,0.3226727023454726,0.16969494501107343,0.19840881203686478
6983,0.19238928369185512,0.33847339072891214,0.2148611523774839,0.3226727023454726,0.16969494501107343,0.19840881203686478
6984,0.19424073522271057,0.34071861702014644,0.21573347577143856,0.3254872326523643,0.1710520313165618,0.1996805898284735
6985,0.19424073522271057,0.34071861702014644,0.21573347577143856,0.3254872326523643,0.1710520313165618,0.1996805898284735
6986,0.19424073522271057,0.34071861702014644,0.21573347577143856,0.3254872326523643,0.1710520313165618,0.1996805898284735
6987,0.19424073522271057,0.34071861702014644,0.21573347577143856,0.3254872326523643,0.1710520313165618,0.1996805898284735
6988,0.19424073522271057,0.34071861702014644,0.21573347577143856,0.3254872326523643,0.1710520313165618,0.1996805898284735
6989,0.19424073522271057,0.34071861702014644,0.21573347577143856,0.3254872326523643,0.1710520313165618,0.1996805898284735
6990,0.19424073522271057,0.34071861702014644,0.21573347577143856,0.3254872326523643,0.1710520313165618,0.1996805898284735
6991,0.19424073522271057,0.34071861702014644,0.21573347577143856,0.3254872326523643,0.1710520313165618,0.1996805898284735
6992,0.19424073522271057,0.34071861702014644,0.21573347577143856,0.3254872326523643,0.1710520313165618,0.1996805898284735
6993,0.19424073522271057,0.34071861702014644,0.21573347577143856,0.3254872326523643,0.1710520313165618,0.1996805898284735
6994,0.19424073522271057,0.34071861702014644,0.21573347577143856,0.3254872326523643,0.1710520313165618,0.1996805898284735
6995,0.19424073522271057,0.34071861702014644,0.21573347577143856,0.3254872326523643,0.1710520313165618,0.1996805898284735
6996,0.19424073522271057,0.34071861702014644,0.21573347577143856,0.3254872326523643,0.1710520313165618,0.1996805898284735
6997,0.19424073522271057,0.34071861702014644,0.21573347577143856,0.3254872326523643,0.1710520313165618,0.1996805898284735
6998,0.19424073522271057,0.34071861702014644,0.21573347577143856,0.3254872326523643,0.1710520313165618,0.1996805898284735
6999,0.19424073522271057,0.34071861702014644,0.21573347577143856,0.3254872326523643,0.1710520313165618,0.1996805898284735
7000,0.19424073522271057,0.34071861702014644,0.21573347577143856,0.3254872326523643,0.1710520313165618,0.1996805898284735
7001,0.19424073522271057,0.34071861702014644,0.21573347577143856,0.3254872326523643,0.1710520313165618,0.1996805898284735
7002,0.19424073522271057,0.34071861702014644,0.21573347577143856,0.3254872326523643,0.1710520313165618,0.1996805898284735
7003,0.19424073522271057,0.34071861702014644,0.21573347577143856,0.3254872326523643,0.1710520313165618,0.1996805898284735
7004,0.19424073522271057,0.34071861702014644,0.21573347577143856,0.3254872326523643,0.1710520313165618,0.1996805898284735
7005,0.19424073522271057,0.34071861702014644,0.21573347577143856,0.3254872326523643,0.1710520313165618,0.1996805898284735
7006,0.19424073522271057,0.34071861702014644,0.21573347577143856,0.3254872326523643,0.1710520313165618,0.1996805898284735
7007,0.19424073522271057,0.34071861702014644,0.21573347577143856,0.3254872326523643,0.1710520313165618,0.1996805898284735
7008,0.19693122055582105,0.34355484724798663,0.21664664735300654,0.3295754963967288,0.17260677745527095,0.20145132514449057
7009,0.19693122055582105,0.34355484724798663,0.21664664735300654,0.3295754963967288,0.17260677745527095,0.20145132514449057
7010,0.19693122055582105,0.34355484724798663,0.21664664735300654,0.3295754963967288,0.17260677745527095,0.20145132514449057
7011,0.19693122055582105,0.34355484724798663,0.21664664735300654,0.3295754963967288,0.17260677745527095,0.20145132514449057
7012,0.19693122055582105,0.34355484724798663,0.21664664735300654,0.3295754963967288,0.17260677745527095,0.20145132514449057
7013,0.19693122055582105,0.34355484724798663,0.21664664735300654,0.3295754963967288,0.17260677745527095,0.20145132514449057
7014,0.19693122055582105,0.34355484724798663,0.21664664735300654,0.3295754963967288,0.17260677745527095,0.20145132514449057
7015,0.19693122055582105,0.34355484724798663,0.21664664735300654,0.3295754963967288,0.17260677745527095,0.20145132514449057
7016,0.19693122055582105,0.34355484724798663,0.21664664735300654,0.3295754963967288,0.17260677745527095,0.20145132514449057
7017,0.19693122055582105,0.34355484724798663,0.21664664735300654,0.3295754963967288,0.17260677745527095,0.20145132514449057
7018,0.19693122055582105,0.34355484724798663,0.21664664735300654,0.3295754963967288,0.17260677745527095,0.20145132514449057
7019,0.19693122055582105,0.34355484724798663,0.21664664735300654,0.3295754963967288,0.17260677745527095,0.20145132514449057
7020,0.19693122055582105,0.34355484724798663,0.21664664735300654,0.3295754963967288,0.17260677745527095,0.20145132514449057
7021,0.19693122055582105,0.34355484724798663,0.21664664735300654,0.3295754963967288,0.17260677745527095,0.20145132514449057
7022,0.19693122055582105,0.34355484724798663,0.21664664735300654,0.3295754963967288,0.17260677745527095,0.20145132514449057
7023,0.19693122055582105,0.34355484724798663,0.21664664735300654,0.3295754963967288,0.17260677745527095,0.20145132514449057
7024,0.19693122055582105,0.34355484724798663,0.21664664735300654,0.3295754963967288,0.17260677745527095,0.20145132514449057
7025,0.19693122055582105,0.34355484724798663,0.21664664735300654,0.3295754963967288,0.17260677745527095,0.20145132514449057
7026,0.19693122055582105,0.34355484724798663,0.21664664735300654,0.3295754963967288,0.17260677745527095,0.20145132514449057
7027,0.19693122055582105,0.34355484724798663,0.21664664735300654,0.3295754963967288,0.17260677745527095,0.20145132514449057
7028,0.19693122055582105,0.34355484724798663,0.21664664735300654,0.3295754963967288,0.17260677745527095,0.20145132514449057
7029,0.19693122055582105,0.34355484724798663,0.21664664735300654,0.3295754963967288,0.17260677745527095,0.20145132514449057
7030,0.19693122055582105,0.34355484724798663,0.21664664735300654,0.3295754963967288,0.17260677745527095,0.20145132514449057
7031,0.19693122055582105,0.34355484724798663,0.21664664735300654,0.3295754963967288,0.17260677745527095,0.20145132514449057
7032,0.1958035661712041,0.3587730461834488,0.22474938790951393,0.34298112544358933,0.18000462374115797,0.21206334022023668
7033,0.1958035661712041,0.3587730461834488,0.22474938790951393,0.34298112544358933,0.18000462374115797,0.21206334022023668
7034,0.1958035661712041,0.3587730461834488,0.22474938790951393,0.34298112544358933,0.18000462374115797,0.21206334022023668
7035,0.1958035661712041,0.3587730461834488,0.22474938790951393,0.34298112544358933,0.18000462374115797,0.21206334022023668
7036,0.1958035661712041,0.3587730461834488,0.22474938790951393,0.34298112544358933,0.18000462374115797,0.21206334022023668
7037,0.1958035661712041,0.3587730461834488,0.22474938790951393,0.34298112544358933,0.18000462374115797,0.21206334022023668
7038,0.1958035661712041,0.3587730461834488,0.22474938790951393,0.34298112544358933,0.18000462374115797,0.21206334022023668
7039,0.1958035661712041,0.3587730461834488,0.22474938790951393,0.34298112544358933,0.18000462374115797,0.21206334022023668
7040,0.1958035661712041,0.3587730461834488,0.22474938790951393,0.34298112544358933,0.18000462374115797,0.21206334022023668
7041,0.1958035661712041,0.3587730461834488,0.22474938790951393,0.34298112544358933,0.18000462374115797,0.21206334022023668
7042,0.1958035661712041,0.3587730461834488,0.22474938790951393,0.34298112544358933,0.18000462374115797,0.21206334022023668
7043,0.1958035661712041,0.3587730461834488,0.22474938790951393,0.34298112544358933,0.18000462374115797,0.21206334022023668
7044,0.1958035661712041,0.3587730461834488,0.22474938790951393,0.34298112544358933,0.18000462374115797,0.21206334022023668
7045,0.1958035661712041,0.3587730461834488,0.22474938790951393,0.34298112544358933,0.18000462374115797,0.21206334022023668
7046,0.1958035661712041,0.3587730461834488,0.22474938790951393,0.34298112544358933,0.18000462374115797,0.21206334022023668
7047,0.1958035661712041,0.3587730461834488,0.22474938790951393,0.34298112544358933,0.18000462374115797,0.21206334022023668
7048,0.1958035661712041,0.3587730461834488,0.22474938790951393,0.34298112544358933,0.18000462374115797,0.21206334022023668
7049,0.1958035661712041,0.3587730461834488,0.22474938790951393,0.34298112544358933,0.18000462374115797,0.21206334022023668
7050,0.1958035661712041,0.3587730461834488,0.22474938790951393,0.34298112544358933,0.18000462374115797,0.21206334022023668
7051,0.1958035661712041,0.3587730461834488,0.22474938790951393,0.34298112544358933,0.18000462374115797,0.21206334022023668
7052,0.1958035661712041,0.3587730461834488,0.22474938790951393,0.34298112544358933,0.18000462374115797,0.21206334022023668
7053,0.1958035661712041,0.3587730461834488,0.22474938790951393,0.34298112544358933,0.18000462374115797,0.21206334022023668
7054,0.1958035661712041,0.3587730461834488,0.22474938790951393,0.34298112544358933,0.18000462374115797,0.21206334022023668
7055,0.1958035661712041,0.3587730461834488,0.22474938790951393,0.34298112544358933,0.18000462374115797,0.21206334022023668
7056,0.19315524694078734,0.37202563515473314,0.23199256259345838,0.3539289392859752,0.1862512638462398,0.22166741333370743
7057,0.19315524694078734,0.37202563515473314,0.23199256259345838,0.3539289392859752,0.1862512638462398,0.22166741333370743
7058,0.19315524694078734,0.37202563515473314,0.23199256259345838,0.3539289392859752,0.1862512638462398,0.22166741333370743
7059,0.19315524694078734,0.37202563515473314,0.23199256259345838,0.3539289392859752,0.1862512638462398,0.22166741333370743
7060,0.19315524694078734,0.37202563515473314,0.23199256259345838,0.3539289392859752,0.1862512638462398,0.22166741333370743
7061,0.19315524694078734,0.37202563515473314,0.23199256259345838,0.3539289392859752,0.1862512638462398,0.22166741333370743
7062,0.19315524694078734,0.37202563515473314,0.23199256259345838,0.3539289392859752,0.1862512638462398,0.22166741333370743
7063,0.19315524694078734,0.37202563515473314,0.23199256259345838,0.3539289392859752,0.1862512638462398,0.22166741333370743
7064,0.19315524694078734,0.37202563515473314,0.23199256259345838,0.3539289392859752,0.1862512638462398,0.22166741333370743
7065,0.19315524694078734,0.37202563515473314,0.23199256259345838,0.3539289392859752,0.1862512638462398,0.22166741333370743
7066,0.19315524694078734,0.37202563515473314,0.23199256259345838,0.3539289392859752,0.1862512638462398,0.22166741333370743
7067,0.19315524694078734,0.37202563515473314,0.23199256259345838,0.3539289392859752,0.1862512638462398,0.22166741333370743
7068,0.19315524694078734,0.37202563515473314,0.23199256259345838,0.3539289392859752,0.1862512638462398,0.22166741333370743
7069,0.19315524694078734,0.37202563515473314,0.23199256259345838,0.3539289392859752,0.1862512638462398,0.22166741333370743
7070,0.19315524694078734,0.37202563515473314,0.23199256259345838,0.3539289392859752,0.1862512638462398,0.22166741333370743
7071,0.19315524694078734,0.37202563515473314,0.23199256259345838,0.3539289392859752,0.1862512638462398,0.22166741333370743
7072,0.19315524694078734,0.37202563515473314,0.23199256259345838,0.3539289392859752,0.1862512638462398,0.22166741333370743
7073,0.19315524694078734,0.37202563515473314,0.23199256259345838,0.3539289392859752,0.1862512638462398,0.22166741333370743
7074,0.19315524694078734,0.37202563515473314,0.23199256259345838,0.3539289392859752,0.1862512638462398,0.22166741333370743
7075,0.19315524694078734,0.37202563515473314,0.23199256259345838,0.3539289392859752,0.1862512638462398,0.22166741333370743
7076,0.19315524694078734,0.37202563515473314,0.23199256259345838,0.3539289392859752,0.1862512638462398,0.22166741333370743
7077,0.19315524694078734,0.37202563515473314,0.23199256259345838,0.3539289392859752,0.1862512638462398,0.22166741333370743
7078,0.19315524694078734,0.37202563515473314,0.23199256259345838,0.3539289392859752,0.1862512638462398,0.22166741333370743
7079,0.19315524694078734,0.37202563515473314,0.23199256259345838,0.3539289392859752,0.1862512638462398,0.22166741333370743
7080,0.1899993368082816,0.38498165123797695,0.2394113073574976,0.3642588859239679,0.1925037480667385,0.2310219007797335
7081,0.1899993368082816,0.38498165123797695,0.2394113073574976,0.3642588859239679,0.1925037480667385,0.2310219007797335
7082,0.1899993368082816,0.38498165123797695,0.2394113073574976,0.3642588859239679,0.1925037480667385,0.2310219007797335
7083,0.1899993368082816,0.38498165123797695,0.2394113073574976,0.3642588859239679,0.1925037480667385,0.2310219007797335
7084,0.1899993368082816,0.38498165123797695,0.2394113073574976,0.3642588859239679,0.1925037480667385,0.2310219007797335
7085,0.1899993368082816,0.38498165123797695,0.2394113073574976,0.3642588859239679,0.1925037480667385,0.2310219007797335
7086,0.1899993368082816,0.38498165123797695,0.2394113073574976,0.3642588859239679,0.1925037480667385,0.2310219007797335
7087,0.1899993368082816,0.38498165123797695,0.2394113073574976,0.3642588859239679,0.1925037480667385,0.2310219007797335
7088,0.1899993368082816,0.38498165123797695,0.2394113073574976,0.3642588859239679,0.1925037480667385,0.2310219007797335
7089,0.1899993368082816,0.38498165123797695,0.2394113073574976,0.3642588859239679,0.1925037480667385,0.2310219007797335
7090,0.1899993368082816,0.38498165123797695,0.2394113073574976,0.3642588859239679,0.1925037480667385,0.2310219007797335
7091,0.1899993368082816,0.38498165123797695,0.2394113073574976,0.3642588859239679,0.1925037480667385,0.2310219007797335
7092,0.1899993368082816,0.38498165123797695,0.2394113073574976,0.3642588859239679,0.1925037480667385,0.2310219007797335
7093,0.1899993368082816,0.38498165123797695,0.2394113073574976,0.3642588859239679,0.1925037480667385,0.2310219007797335
7094,0.1899993368082816,0.38498165123797695,0.2394113073574976,0.3642588859239679,0.1925037480667385,0.2310219007797335
7095,0.1899993368082816,0.38498165123797695,0.2394113073574976,0.3642588859239679,0.1925037480667385,0.2310219007797335
7096,0.1899993368082816,0.38498165123797695,0.2394113073574976,0.3642588859239679,0.1925037480667385,0.2310219007797335
7097,0.1899993368082816,0.38498165123797695,0.2394113073574976,0.3642588859239679,0.1925037480667385,0.2310219007797335
7098,0.1899993368082816,0.38498165123797695,0.2394113073574976,0.3642588859239679,0.1925037480667385,0.2310219007797335
7099,0.1899993368082816,0.38498165123797695,0.2394113073574976,0.3642588859239679,0.1925037480667385,0.2310219007797335
7100,0.1899993368082816,0.38498165123797695,0.2394113073574976,0.3642588859239679,0.1925037480667385,0.2310219007797335
7101,0.1899993368082816,0.38498165123797695,0.2394113073574976,0.3642588859239679,0.1925037480667385,0.2310219007797335
7102,0.1899993368082816,0.38498165123797695,0.2394113073574976,0.3642588859239679,0.1925037480667385,0.2310219007797335
7103,0.1899993368082816,0.38498165123797695,0.2394113073574976,0.3642588859239679,0.1925037480667385,0.2310219007797335
7104,0.18849346930873778,0.4002465224262965,0.24785179330169194,0.3772665900959746,0.2001957059777588,0.24160418714068044
7105,0.18849346930873778,0.4002465224262965,0.24785179330169194,0.3772665900959746,0.2001957059777588,0.24160418714068044
7106,0.18849346930873778,0.4002465224262965,0.24785179330169194,0.3772665900959746,0.2001957059777588,0.24160418714068044
7107,0.18849346930873778,0.4002465224262965,0.24785179330169194,0.3772665900959746,0.2001957059777588,0.24160418714068044
7108,0.18849346930873778,0.4002465224262965,0.24785179330169194,0.3772665900959746,0.2001957059777588,0.24160418714068044
7109,0.18849346930873778,0.4002465224262965,0.24785179330169194,0.3772665900959746,0.2001957059777588,0.24160418714068044
7110,0.18849346930873778,0.4002465224262965,0.24785179330169194,0.3772665900959746,0.2001957059777588,0.24160418714068044
7111,0.18849346930873778,0.4002465224262965,0.24785179330169194,0.3772665900959746,0.2001957059777588,0.24160418714068044
7112,0.18849346930873778,0.4002465224262965,0.24785179330169194,0.3772665900959746,0.2001957059777588,0.24160418714068044
7113,0.18849346930873778,0.4002465224262965,0.24785179330169194,0.3772665900959746,0.2001957059777588,0.24160418714068044
7114,0.18849346930873778,0.4002465224262965,0.24785179330169194,0.3772665900959746,0.2001957059777588,0.24160418714068044
7115,0.18849346930873778,0.4002465224262965,0.24785179330169194,0.3772665900959746,0.2001957059777588,0.24160418714068044
7116,0.18849346930873778,0.4002465224262965,0.24785179330169194,0.3772665900959746,0.2001957059777588,0.24160418714068044
7117,0.18849346930873778,0.4002465224262965,0.24785179330169194,0.3772665900959746,0.2001957059777588,0.24160418714068044
7118,0.18849346930873778,0.4002465224262965,0.24785179330169194,0.3772665900959746,0.2001957059777588,0.24160418714068044
7119,0.18849346930873778,0.4002465224262965,0.24785179330169194,0.3772665900959746,0.2001957059777588,0.24160418714068044
7120,0.18849346930873778,0.4002465224262965,0.24785179330169194,0.3772665900959746,0.2001957059777588,0.24160418714068044
7121,0.18849346930873778,0.4002465224262965,0.24785179330169194,0.3772665900959746,0.2001957059777588,0.24160418714068044
7122,0.18849346930873778,0.4002465224262965,0.24785179330169194,0.3772665900959746,0.2001957059777588,0.24160418714068044
7123,0.18849346930873778,0.4002465224262965,0.24785179330169194,0.3772665900959746,0.2001957059777588,0.24160418714068044
7124,0.18849346930873778,0.4002465224262965,0.24785179330169194,0.3772665900959746,0.2001957059777588,0.24160418714068044
7125,0.18849346930873778,0.4002465224262965,0.24785179330169194,0.3772665900959746,0.2001957059777588,0.24160418714068044
7126,0.18849346930873778,0.4002465224262965,0.24785179330169194,0.3772665900959746,0.2001957059777588,0.24160418714068044
7127,0.18849346930873778,0.4002465224262965,0.24785179330169194,0.3772665900959746,0.2001957059777588,0.24160418714068044
7128,0.187898964299116,0.4181806481887081,0.25835930661161827,0.39238316732508594,0.21025302543737165,0.253579227553089
7129,0.187898964299116,0.4181806481887081,0.25835930661161827,0.39238316732508594,0.21025302543737165,0.253579227553089
7130,0.187898964299116,0.4181806481887081,0.25835930661161827,0.39238316732508594,0.21025302543737165,0.253579227553089
7131,0.187898964299116,0.4181806481887081,0.25835930661161827,0.39238316732508594,0.21025302543737165,0.253579227553089
7132,0.187898964299116,0.4181806481887081,0.25835930661161827,0.39238316732508594,0.21025302543737165,0.253579227553089
7133,0.187898964299116,0.4181806481887081,0.25835930661161827,0.39238316732508594,0.21025302543737165,0.253579227553089
7134,0.187898964299116,0.4181806481887081,0.25835930661161827,0.39238316732508594,0.21025302543737165,0.253579227553089
7135,0.187898964299116,0.4181806481887081,0.25835930661161827,0.39238316732508594,0.21025302543737165,0.253579227553089
7136,0.187898964299116,0.4181806481887081,0.25835930661161827,0.39238316732508594,0.21025302543737165,0.253579227553089
7137,0.187898964299116,0.4181806481887081,0.25835930661161827,0.39238316732508594,0.21025302543737165,0.253579227553089
7138,0.187898964299116,0.4181806481887081,0.25835930661161827,0.39238316732508594,0.21025302543737165,0.253579227553089
7139,0.187898964299116,0.4181806481887081,0.25835930661161827,0.39238316732508594,0.21025302543737165,0.253579227553089
7140,0.187898964299116,0.4181806481887081,0.25835930661161827,0.39238316732508594,0.21025302543737165,0.253579227553089
7141,0.187898964299116,0.4181806481887081,0.25835930661161827,0.39238316732508594,0.21025302543737165,0.253579227553089
7142,0.187898964299116,0.4181806481887081,0.25835930661161827,0.39238316732508594,0.21025302543737165,0.253579227553089
7143,0.187898964299116,0.4181806481887081,0.25835930661161827,0.39238316732508594,0.21025302543737165,0.253579227553089
7144,0.187898964299116,0.4181806481887081,0.25835930661161827,0.39238316732508594,0.21025302543737165,0.253579227553089
7145,0.187898964299116,0.4181806481887081,0.25835930661161827,0.39238316732508594,0.21025302543737165,0.253579227553089
7146,0.187898964299116,0.4181806481887081,0.25835930661161827,0.39238316732508594,0.21025302543737165,0.253579227553089
7147,0.187898964299116,0.4181806481887081,0.25835930661161827,0.39238316732508594,0.21025302543737165,0.253579227553089
7148,0.187898964299116,0.4181806481887081,0.25835930661161827,0.39238316732508594,0.21025302543737165,0.253579227553089
7149,0.187898964299116,0.4181806481887081,0.25835930661161827,0.39238316732508594,0.21025302543737165,0.253579227553089
7150,0.187898964299116,0.4181806481887081,0.25835930661161827,0.39238316732508594,0.21025302543737165,0.253579227553089
7151,0.187898964299116,0.4181806481887081,0.25835930661161827,0.39238316732508594,0.21025302543737165,0.253579227553089
7152,0.18652199108006537,0.4349008454539771,0.26825942093546506,0.4061246542768066,0.21958783696642148,0.264891041256766
7153,0.18652199108006537,0.4349008454539771,0.26825942093546506,0.4061246542768066,0.21958783696642148,0.264891041256766
7154,0.18652199108006537,0.4349008454539771,0.26825942093546506,0.4061246542768066,0.21958783696642148,0.264891041256766
7155,0.18652199108006537,0.4349008454539771,0.26825942093546506,0.4061246542768066,0.21958783696642148,0.264891041256766
7156,0.18652199108006537,0.4349008454539771,0.26825942093546506,0.4061246542768066,0.21958783696642148,0.264891041256766
7157,0.18652199108006537,0.4349008454539771,0.26825942093546506,0.4061246542768066,0.21958783696642148,0.264891041256766
7158,0.18652199108006537,0.4349008454539771,0.26825942093546506,0.4061246542768066,0.21958783696642148,0.264891041256766
7159,0.18652199108006537,0.4349008454539771,0.26825942093546506,0.4061246542768066,0.21958783696642148,0.264891041256766
7160,0.18652199108006537,0.4349008454539771,0.26825942093546506,0.4061246542768066,0.21958783696642148,0.264891041256766
7161,0.18652199108006537,0.4349008454539771,0.26825942093546506,0.4061246542768066,0.21958783696642148,0.264891041256766
7162,0.18652199108006537,0.4349008454539771,0.26825942093546506,0.4061246542768066,0.21958783696642148,0.264891041256766
7163,0.18652199108006537,0.4349008454539771,0.26825942093546506,0.4061246542768066,0.21958783696642148,0.264891041256766
7164,0.18652199108006537,0.4349008454539771,0.26825942093546506,0.4061246542768066,0.21958783696642148,0.264891041256766
7165,0.18652199108006537,0.4349008454539771,0.26825942093546506,0.4061246542768066,0.21958783696642148,0.264891041256766
7166,0.18652199108006537,0.4349008454539771,0.26825942093546506,0.4061246542768066,0.21958783696642148,0.264891041256766
7167,0.18652199108006537,0.4349008454539771,0.26825942093546506,0.4061246542768066,0.21958783696642148,0.264891041256766
7168,0.18652199108006537,0.4349008454539771,0.26825942093546506,0.4061246542768066,0.21958783696642148,0.264891041256766
7169,0.18652199108006537,0.4349008454539771,0.26825942093546506,0.4061246542768066,0.21958783696642148,0.264891041256766
7170,0.18652199108006537,0.4349008454539771,0.26825942093546506,0.4061246542768066,0.21958783696642148,0.264891041256766
7171,0.18652199108006537,0.4349008454539771,0.26825942093546506,0.4061246542768066,0.21958783696642148,0.264891041256766
7172,0.18652199108006537,0.4349008454539771,0.26825942093546506,0.4061246542768066,0.21958783696642148,0.264891041256766
7173,0.18652199108006537,0.4349008454539771,0.26825942093546506,0.4061246542768066,0.21958783696642148,0.264891041256766
7174,0.18652199108006537,0.4349008454539771,0.26825942093546506,0.4061246542768066,0.21958783696642148,0.264891041256766
7175,0.18652199108006537,0.4349008454539771,0.26825942093546506,0.4061246542768066,0.21958783696642148,0.264891041256766
7176,0.18459000630393,0.45116213923787457,0.2780657513772092,0.4191567972654835,0.22873545577355822,0.27593617618178307
7177,0.18459000630393,0.45116213923787457,0.2780657513772092,0.4191567972654835,0.22873545577355822,0.27593617618178307
7178,0.18459000630393,0.45116213923787457,0.2780657513772092,0.4191567972654835,0.22873545577355822,0.27593617618178307
7179,0.18459000630393,0.45116213923787457,0.2780657513772092,0.4191567972654835,0.22873545577355822,0.27593617618178307
7180,0.18459000630393,0.45116213923787457,0.2780657513772092,0.4191567972654835,0.22873545577355822,0.27593617618178307
7181,0.18459000630393,0.45116213923787457,0.2780657513772092,0.4191567972654835,0.22873545577355822,0.27593617618178307
7182,0.18459000630393,0.45116213923787457,0.2780657513772092,0.4191567972654835,0.22873545577355822,0.27593617618178307
7183,0.18459000630393,0.45116213923787457,0.2780657513772092,0.4191567972654835,0.22873545577355822,0.27593617618178307
7184,0.18459000630393,0.45116213923787457,0.2780657513772092,0.4191567972654835,0.22873545577355822,0.27593617618178307
7185,0.18459000630393,0.45116213923787457,0.2780657513772092,0.4191567972654835,0.22873545577355822,0.27593617618178307
7186,0.18459000630393,0.45116213923787457,0.2780657513772092,0.4191567972654835,0.22873545577355822,0.27593617618178307
7187,0.18459000630393,0.45116213923787457,0.2780657513772092,0.4191567972654835,0.22873545577355822,0.27593617618178307
7188,0.18459000630393,0.45116213923787457,0.2780657513772092,0.4191567972654835,0.22873545577355822,0.27593617618178307
7189,0.18459000630393,0.45116213923787457,0.2780657513772092,0.4191567972654835,0.22873545577355822,0.27593617618178307
7190,0.18459000630393,0.45116213923787457,0.2780657513772092,0.4191567972654835,0.22873545577355822,0.27593617618178307
7191,0.18459000630393,0.45116213923787457,0.2780657513772092,0.4191567972654835,0.22873545577355822,0.27593617618178307
7192,0.18459000630393,0.45116213923787457,0.2780657513772092,0.4191567972654835,0.22873545577355822,0.27593617618178307
7193,0.18459000630393,0.45116213923787457,0.2780657513772092,0.4191567972654835,0.22873545577355822,0.27593617618178307
7194,0.18459000630393,0.45116213923787457,0.2780657513772092,0.4191567972654835,0.22873545577355822,0.27593617618178307
7195,0.18459000630393,0.45116213923787457,0.2780657513772092,0.4191567972654835,0.22873545577355822,0.27593617618178307
7196,0.18459000630393,0.45116213923787457,0.2780657513772092,0.4191567972654835,0.22873545577355822,0.27593617618178307
7197,0.18459000630393,0.45116213923787457,0.2780657513772092,0.4191567972654835,0.22873545577355822,0.27593617618178307
7198,0.18459000630393,0.45116213923787457,0.2780657513772092,0.4191567972654835,0.22873545577355822,0.27593617618178307
7199,0.18459000630393,0.45116213923787457,0.2780657513772092,0.4191567972654835,0.22873545577355822,0.27593617618178307
7200,0.18213554876336405,0.467773506828515,0.28866045423122727,0.4318403807785823,0.23855989722184356,0.28704883341221593
7201,0.18213554876336405,0.467773506828515,0.28866045423122727,0.4318403807785823,0.23855989722184356,0.28704883341221593
7202,0.18213554876336405,0.467773506828515,0.28866045423122727,0.4318403807785823,0.23855989722184356,0.28704883341221593
7203,0.18213554876336405,0.467773506828515,0.28866045423122727,0.4318403807785823,0.23855989722184356,0.28704883341221593
7204,0.18213554876336405,0.467773506828515,0.28866045423122727,0.4318403807785823,0.23855989722184356,0.28704883341221593
7205,0.18213554876336405,0.467773506828515,0.28866045423122727,0.4318403807785823,0.23855989722184356,0.28704883341221593
7206,0.18213554876336405,0.467773506828515,0.28866045423122727,0.4318403807785823,0.23855989722184356,0.28704883341221593
7207,0.18213554876336405,0.467773506828515,0.28866045423122727,0.4318403807785823,0.23855989722184356,0.28704883341221593
7208,0.18213554876336405,0.467773506828515,0.28866045423122727,0.4318403807785823,0.23855989722184356,0.28704883341221593
7209,0.18213554876336405,0.467773506828515,0.28866045423122727,0.4318403807785823,0.23855989722184356,0.28704883341221593
7210,0.18213554876336405,0.467773506828515,0.28866045423122727,0.4318403807785823,0.23855989722184356,0.28704883341221593
7211,0.18213554876336405,0.467773506828515,0.28866045423122727,0.4318403807785823,0.23855989722184356,0.28704883341221593
7212,0.18213554876336405,0.467773506828515,0.28866045423122727,0.4318403807785823,0.23855989722184356,0.28704883341221593
7213,0.18213554876336405,0.467773506828515,0.28866045423122727,0.4318403807785823,0.23855989722184356,0.28704883341221593
7214,0.18213554876336405,0.467773506828515,0.28866045423122727,0.4318403807785823,0.23855989722184356,0.28704883341221593
7215,0.18213554876336405,0.467773506828515,0.28866045423122727,0.4318403807785823,0.23855989722184356,0.28704883341221593
7216,0.18213554876336405,0.467773506828515,0.28866045423122727,0.4318403807785823,0.23855989722184356,0.28704883341221593
7217,0.18213554876336405,0.467773506828515,0.28866045423122727,0.4318403807785823,0.23855989722184356,0.28704883341221593
7218,0.18213554876336405,0.467773506828515,0.28866045423122727,0.4318403807785823,0.23855989722184356,0.28704883341221593
7219,0.18213554876336405,0.467773506828515,0.28866045423122727,0.4318403807785823,0.23855989722184356,0.28704883341221593
7220,0.18213554876336405,0.467773506828515,0.28866045423122727,0.4318403807785823,0.23855989722184356,0.28704883341221593
7221,0.18213554876336405,0.467773506828515,0.28866045423122727,0.4318403807785823,0.23855989722184356,0.28704883341221593
7222,0.18213554876336405,0.467773506828515,0.28866045423122727,0.4318403807785823,0.23855989722184356,0.28704883341221593
7223,0.18213554876336405,0.467773506828515,0.28866045423122727,0.4318403807785823,0.23855989722184356,0.28704883341221593
7224,0.18004089426224387,0.4822091455509166,0.2966534363537903,0.44387618082786945,0.2457230174955374,0.29718044227638374
7225,0.18004089426224387,0.4822091455509166,0.2966534363537903,0.44387618082786945,0.2457230174955374,0.29718044227638374
7226,0.18004089426224387,0.4822091455509166,0.2966534363537903,0.44387618082786945,0.2457230174955374,0.29718044227638374
7227,0.18004089426224387,0.4822091455509166,0.2966534363537903,0.44387618082786945,0.2457230174955374,0.29718044227638374
7228,0.18004089426224387,0.4822091455509166,0.2966534363537903,0.44387618082786945,0.2457230174955374,0.29718044227638374
7229,0.18004089426224387,0.4822091455509166,0.2966534363537903,0.44387618082786945,0.2457230174955374,0.29718044227638374
7230,0.18004089426224387,0.4822091455509166,0.2966534363537903,0.44387618082786945,0.2457230174955374,0.29718044227638374
7231,0.18004089426224387,0.4822091455509166,0.2966534363537903,0.44387618082786945,0.2457230174955374,0.29718044227638374
7232,0.18004089426224387,0.4822091455509166,0.2966534363537903,0.44387618082786945,0.2457230174955374,0.29718044227638374
7233,0.18004089426224387,0.4822091455509166,0.2966534363537903,0.44387618082786945,0.2457230174955374,0.29718044227638374
7234,0.18004089426224387,0.4822091455509166,0.2966534363537903,0.44387618082786945,0.2457230174955374,0.29718044227638374
7235,0.18004089426224387,0.4822091455509166,0.2966534363537903,0.44387618082786945,0.2457230174955374,0.29718044227638374
7236,0.18004089426224387,0.4822091455509166,0.2966534363537903,0.44387618082786945,0.2457230174955374,0.29718044227638374
7237,0.18004089426224387,0.4822091455509166,0.2966534363537903,0.44387618082786945,0.2457230174955374,0.29718044227638374
7238,0.18004089426224387,0.4822091455509166,0.2966534363537903,0.44387618082786945,0.2457230174955374,0.29718044227638374
7239,0.18004089426224387,0.4822091455509166,0.2966534363537903,0.44387618082786945,0.2457230174955374,0.29718044227638374
7240,0.18004089426224387,0.4822091455509166,0.2966534363537903,0.44387618082786945,0.2457230174955374,0.29718044227638374
7241,0.18004089426224387,0.4822091455509166,0.2966534363537903,0.44387618082786945,0.2457230174955374,0.29718044227638374
7242,0.18004089426224387,0.4822091455509166,0.2966534363537903,0.44387618082786945,0.2457230174955374,0.29718044227638374
7243,0.18004089426224387,0.4822091455509166,0.2966534363537903,0.44387618082786945,0.2457230174955374,0.29718044227638374
7244,0.18004089426224387,0.4822091455509166,0.2966534363537903,0.44387618082786945,0.2457230174955374,0.29718044227638374
7245,0.18004089426224387,0.4822091455509166,0.2966534363537903,0.44387618082786945,0.2457230174955374,0.29718044227638374
7246,0.18004089426224387,0.4822091455509166,0.2966534363537903,0.44387618082786945,0.2457230174955374,0.29718044227638374
7247,0.18004089426224387,0.4822091455509166,0.2966534363537903,0.44387618082786945,0.2457230174955374,0.29718044227638374
7248,0.17841232969297807,0.4969520149466397,0.3046480825795994,0.4565776891599398,0.2529083075805196,0.3075130399844661
7249,0.17841232969297807,0.4969520149466397,0.3046480825795994,0.4565776891599398,0.2529083075805196,0.3075130399844661
7250,0.17841232969297807,0.4969520149466397,0.3046480825795994,0.4565776891599398,0.2529083075805196,0.3075130399844661
7251,0.17841232969297807,0.4969520149466397,0.3046480825795994,0.4565776891599398,0.2529083075805196,0.3075130399844661
7252,0.17841232969297807,0.4969520149466397,0.3046480825795994,0.4565776891599398,0.2529083075805196,0.3075130399844661
7253,0.17841232969297807,0.4969520149466397,0.3046480825795994,0.4565776891599398,0.2529083075805196,0.3075130399844661
7254,0.17841232969297807,0.4969520149466397,0.3046480825795994,0.4565776891599398,0.2529083075805196,0.3075130399844661
7255,0.17841232969297807,0.4969520149466397,0.3046480825795994,0.4565776891599398,0.2529083075805196,0.3075130399844661
7256,0.17841232969297807,0.4969520149466397,0.3046480825795994,0.4565776891599398,0.2529083075805196,0.3075130399844661
7257,0.17841232969297807,0.4969520149466397,0.3046480825795994,0.4565776891599398,0.2529083075805196,0.3075130399844661
7258,0.17841232969297807,0.4969520149466397,0.3046480825795994,0.4565776891599398,0.2529083075805196,0.3075130399844661
7259,0.17841232969297807,0.4969520149466397,0.3046480825795994,0.4565776891599398,0.2529083075805196,0.3075130399844661
7260,0.17841232969297807,0.4969520149466397,0.3046480825795994,0.4565776891599398,0.2529083075805196,0.3075130399844661
7261,0.17841232969297807,0.4969520149466397,0.3046480825795994,0.4565776891599398,0.2529083075805196,0.3075130399844661
7262,0.17841232969297807,0.4969520149466397,0.3046480825795994,0.4565776891599398,0.2529083075805196,0.3075130399844661
7263,0.17841232969297807,0.4969520149466397,0.3046480825795994,0.4565776891599398,0.2529083075805196,0.3075130399844661
7264,0.17841232969297807,0.4969520149466397,0.3046480825795994,0.4565776891599398,0.2529083075805196,0.3075130399844661
7265,0.17841232969297807,0.4969520149466397,0.3046480825795994,0.4565776891599398,0.2529083075805196,0.3075130399844661
7266,0.17841232969297807,0.4969520149466397,0.3046480825795994,0.4565776891599398,0.2529083075805196,0.3075130399844661
7267,0.17841232969297807,0.4969520149466397,0.3046480825795994,0.4565776891599398,0.2529083075805196,0.3075130399844661
7268,0.17841232969297807,0.4969520149466397,0.3046480825795994,0.4565776891599398,0.2529083075805196,0.3075130399844661
7269,0.17841232969297807,0.4969520149466397,0.3046480825795994,0.4565776891599398,0.2529083075805196,0.3075130399844661
7270,0.17841232969297807,0.4969520149466397,0.3046480825795994,0.4565776891599398,0.2529083075805196,0.3075130399844661
7271,0.17841232969297807,0.4969520149466397,0.3046480825795994,0.4565776891599398,0.2529083075805196,0.3075130399844661
7272,0.1767582139663737,0.5123040751321928,0.31335614098122394,0.4693933693953008,0.26086004215544123,0.3180970781399073
7273,0.1767582139663737,0.5123040751321928,0.31335614098122394,0.4693933693953008,0.26086004215544123,0.3180970781399073
7274,0.1767582139663737,0.5123040751321928,0.31335614098122394,0.4693933693953008,0.26086004215544123,0.3180970781399073
7275,0.1767582139663737,0.5123040751321928,0.31335614098122394,0.4693933693953008,0.26086004215544123,0.3180970781399073
7276,0.1767582139663737,0.5123040751321928,0.31335614098122394,0.4693933693953008,0.26086004215544123,0.3180970781399073
7277,0.1767582139663737,0.5123040751321928,0.31335614098122394,0.4693933693953008,0.26086004215544123,0.3180970781399073
7278,0.1767582139663737,0.5123040751321928,0.31335614098122394,0.4693933693953008,0.26086004215544123,0.3180970781399073
7279,0.1767582139663737,0.5123040751321928,0.31335614098122394,0.4693933693953008,0.26086004215544123,0.3180970781399073
7280,0.1767582139663737,0.5123040751321928,0.31335614098122394,0.4693933693953008,0.26086004215544123,0.3180970781399073
7281,0.1767582139663737,0.5123040751321928,0.31335614098122394,0.4693933693953008,0.26086004215544123,0.3180970781399073
7282,0.1767582139663737,0.5123040751321928,0.31335614098122394,0.4693933693953008,0.26086004215544123,0.3180970781399073
7283,0.1767582139663737,0.5123040751321928,0.31335614098122394,0.4693933693953008,0.26086004215544123,0.3180970781399073
7284,0.1767582139663737,0.5123040751321928,0.31335614098122394,0.4693933693953008,0.26086004215544123,0.3180970781399073
7285,0.1767582139663737,0.5123040751321928,0.31335614098122394,0.4693933693953008,0.26086004215544123,0.3180970781399073
7286,0.1767582139663737,0.5123040751321928,0.31335614098122394,0.4693933693953008,0.26086004215544123,0.3180970781399073
7287,0.1767582139663737,0.5123040751321928,0.31335614098122394,0.4693933693953008,0.26086004215544123,0.3180970781399073
7288,0.1767582139663737,0.5123040751321928,0.31335614098122394,0.4693933693953008,0.26086004215544123,0.3180970781399073
7289,0.1767582139663737,0.5123040751321928,0.31335614098122394,0.4693933693953008,0.26086004215544123,0.3180970781399073
7290,0.1767582139663737,0.5123040751321928,0.31335614098122394,0.4693933693953008,0.26086004215544123,0.3180970781399073
7291,0.1767582139663737,0.5123040751321928,0.31335614098122394,0.4693933693953008,0.26086004215544123,0.3180970781399073
7292,0.1767582139663737,0.5123040751321928,0.31335614098122394,0.4693933693953008,0.26086004215544123,0.3180970781399073
7293,0.1767582139663737,0.5123040751321928,0.31335614098122394,0.4693933693953008,0.26086004215544123,0.3180970781399073
7294,0.1767582139663737,0.5123040751321928,0.31335614098122394,0.4693933693953008,0.26086004215544123,0.3180970781399073
7295,0.1767582139663737,0.5123040751321928,0.31335614098122394,0.4693933693953008,0.26086004215544123,0.3180970781399073
7296,0.17370449719788172,0.5264920469328817,0.32199322275238,0.4803846770796143,0.2683937393735277,0.32803921061504343
7297,0.17370449719788172,0.5264920469328817,0.32199322275238,0.4803846770796143,0.2683937393735277,0.32803921061504343
7298,0.17370449719788172,0.5264920469328817,0.32199322275238,0.4803846770796143,0.2683937393735277,0.32803921061504343
7299,0.17370449719788172,0.5264920469328817,0.32199322275238,0.4803846770796143,0.2683937393735277,0.32803921061504343
7300,0.17370449719788172,0.5264920469328817,0.32199322275238,0.4803846770796143,0.2683937393735277,0.32803921061504343
7301,0.17370449719788172,0.5264920469328817,0.32199322275238,0.4803846770796143,0.2683937393735277,0.32803921061504343
7302,0.17370449719788172,0.5264920469328817,0.32199322275238,0.4803846770796143,0.2683937393735277,0.32803921061504343
7303,0.17370449719788172,0.5264920469328817,0.32199322275238,0.4803846770796143,0.2683937393735277,0.32803921061504343
7304,0.17370449719788172,0.5264920469328817,0.32199322275238,0.4803846770796143,0.2683937393735277,0.32803921061504343
7305,0.17370449719788172,0.5264920469328817,0.32199322275238,0.4803846770796143,0.2683937393735277,0.32803921061504343
7306,0.17370449719788172,0.5264920469328817,0.32199322275238,0.4803846770796143,0.2683937393735277,0.32803921061504343
7307,0.17370449719788172,0.5264920469328817,0.32199322275238,0.4803846770796143,0.2683937393735277,0.32803921061504343
7308,0.17370449719788172,0.5264920469328817,0.32199322275238,0.4803846770796143,0.2683937393735277,0.32803921061504343
7309,0.17370449719788172,0.5264920469328817,0.32199322275238,0.4803846770796143,0.2683937393735277,0.32803921061504343
7310,0.17370449719788172,0.5264920469328817,0.32199322275238,0.4803846770796143,0.2683937393735277,0.32803921061504343
7311,0.17370449719788172,0.5264920469328817,0.32199322275238,0.4803846770796143,0.2683937393735277,0.32803921061504343
7312,0.17370449719788172,0.5264920469328817,0.32199322275238,0.4803846770796143,0.2683937393735277,0.32803921061504343
7313,0.17370449719788172,0.5264920469328817,0.32199322275238,0.4803846770796143,0.2683937393735277,0.32803921061504343
7314,0.17370449719788172,0.5264920469328817,0.32199322275238,0.4803846770796143,0.2683937393735277,0.32803921061504343
7315,0.17370449719788172,0.5264920469328817,0.32199322275238,0.4803846770796143,0.2683937393735277,0.32803921061504343
7316,0.17370449719788172,0.5264920469328817,0.32199322275238,0.4803846770796143,0.2683937393735277,0.32803921061504343
7317,0.17370449719788172,0.5264920469328817,0.32199322275238,0.4803846770796143,0.2683937393735277,0.32803921061504343
7318,0.17370449719788172,0.5264920469328817,0.32199322275238,0.4803846770796143,0.2683937393735277,0.32803921061504343
7319,0.17370449719788172,0.5264920469328817,0.32199322275238,0.4803846770796143,0.2683937393735277,0.32803921061504343
7320,0.16924362852720562,0.5385836723043603,0.3294924879375592,0.48936637282018375,0.27447585794505636,0.336830945510219
7321,0.16924362852720562,0.5385836723043603,0.3294924879375592,0.48936637282018375,0.27447585794505636,0.336830945510219
7322,0.16924362852720562,0.5385836723043603,0.3294924879375592,0.48936637282018375,0.27447585794505636,0.336830945510219
7323,0.16924362852720562,0.5385836723043603,0.3294924879375592,0.48936637282018375,0.27447585794505636,0.336830945510219
7324,0.16924362852720562,0.5385836723043603,0.3294924879375592,0.48936637282018375,0.27447585794505636,0.336830945510219
7325,0.16924362852720562,0.5385836723043603,0.3294924879375592,0.48936637282018375,0.27447585794505636,0.336830945510219
7326,0.16924362852720562,0.5385836723043603,0.3294924879375592,0.48936637282018375,0.27447585794505636,0.336830945510219
7327,0.16924362852720562,0.5385836723043603,0.3294924879375592,0.48936637282018375,0.27447585794505636,0.336830945510219
7328,0.16924362852720562,0.5385836723043603,0.3294924879375592,0.48936637282018375,0.27447585794505636,0.336830945510219
7329,0.16924362852720562,0.5385836723043603,0.3294924879375592,0.48936637282018375,0.27447585794505636,0.336830945510219
7330,0.16924362852720562,0.5385836723043603,0.3294924879375592,0.48936637282018375,0.27447585794505636,0.336830945510219
7331,0.16924362852720562,0.5385836723043603,0.3294924879375592,0.48936637282018375,0.27447585794505636,0.336830945510219
7332,0.16924362852720562,0.5385836723043603,0.3294924879375592,0.48936637282018375,0.27447585794505636,0.336830945510219
7333,0.16924362852720562,0.5385836723043603,0.3294924879375592,0.48936637282018375,0.27447585794505636,0.336830945510219
7334,0.16924362852720562,0.5385836723043603,0.3294924879375592,0.48936637282018375,0.27447585794505636,0.336830945510219
7335,0.16924362852720562,0.5385836723043603,0.3294924879375592,0.48936637282018375,0.27447585794505636,0.336830945510219
7336,0.16924362852720562,0.5385836723043603,0.3294924879375592,0.48936637282018375,0.27447585794505636,0.336830945510219
7337,0.16924362852720562,0.5385836723043603,0.3294924879375592,0.48936637282018375,0.27447585794505636,0.336830945510219
7338,0.16924362852720562,0.5385836723043603,0.3294924879375592,0.48936637282018375,0.27447585794505636,0.336830945510219
7339,0.16924362852720562,0.5385836723043603,0.3294924879375592,0.48936637282018375,0.27447585794505636,0.336830945510219
7340,0.16924362852720562,0.5385836723043603,0.3294924879375592,0.48936637282018375,0.27447585794505636,0.336830945510219
7341,0.16924362852720562,0.5385836723043603,0.3294924879375592,0.48936637282018375,0.27447585794505636,0.336830945510219
7342,0.16924362852720562,0.5385836723043603,0.3294924879375592,0.48936637282018375,0.27447585794505636,0.336830945510219
7343,0.16924362852720562,0.5385836723043603,0.3294924879375592,0.48936637282018375,0.27447585794505636,0.336830945510219
7344,0.16481121620496444,0.5515719997788381,0.3378778375224694,0.4988953737088831,0.28154971504407705,0.34606764722228656
7345,0.16481121620496444,0.5515719997788381,0.3378778375224694,0.4988953737088831,0.28154971504407705,0.34606764722228656
7346,0.16481121620496444,0.5515719997788381,0.3378778375224694,0.4988953737088831,0.28154971504407705,0.34606764722228656
7347,0.16481121620496444,0.5515719997788381,0.3378778375224694,0.4988953737088831,0.28154971504407705,0.34606764722228656
7348,0.16481121620496444,0.5515719997788381,0.3378778375224694,0.4988953737088831,0.28154971504407705,0.34606764722228656
7349,0.16481121620496444,0.5515719997788381,0.3378778375224694,0.4988953737088831,0.28154971504407705,0.34606764722228656
7350,0.16481121620496444,0.5515719997788381,0.3378778375224694,0.4988953737088831,0.28154971504407705,0.34606764722228656
7351,0.16481121620496444,0.5515719997788381,0.3378778375224694,0.4988953737088831,0.28154971504407705,0.34606764722228656
7352,0.16481121620496444,0.5515719997788381,0.3378778375224694,0.4988953737088831,0.28154971504407705,0.34606764722228656
7353,0.16481121620496444,0.5515719997788381,0.3378778375224694,0.4988953737088831,0.28154971504407705,0.34606764722228656
7354,0.16481121620496444,0.5515719997788381,0.3378778375224694,0.4988953737088831,0.28154971504407705,0.34606764722228656
7355,0.16481121620496444,0.5515719997788381,0.3378778375224694,0.4988953737088831,0.28154971504407705,0.34606764722228656
7356,0.16481121620496444,0.5515719997788381,0.3378778375224694,0.4988953737088831,0.28154971504407705,0.34606764722228656
7357,0.16481121620496444,0.5515719997788381,0.3378778375224694,0.4988953737088831,0.28154971504407705,0.34606764722228656
7358,0.16481121620496444,0.5515719997788381,0.3378778375224694,0.4988953737088831,0.28154971504407705,0.34606764722228656
7359,0.16481121620496444,0.5515719997788381,0.3378778375224694,0.4988953737088831,0.28154971504407705,0.34606764722228656
7360,0.16481121620496444,0.5515719997788381,0.3378778375224694,0.4988953737088831,0.28154971504407705,0.34606764722228656
7361,0.16481121620496444,0.5515719997788381,0.3378778375224694,0.4988953737088831,0.28154971504407705,0.34606764722228656
7362,0.16481121620496444,0.5515719997788381,0.3378778375224694,0.4988953737088831,0.28154971504407705,0.34606764722228656
7363,0.16481121620496444,0.5515719997788381,0.3378778375224694,0.4988953737088831,0.28154971504407705,0.34606764722228656
7364,0.16481121620496444,0.5515719997788381,0.3378778375224694,0.4988953737088831,0.28154971504407705,0.34606764722228656
7365,0.16481121620496444,0.5515719997788381,0.3378778375224694,0.4988953737088831,0.28154971504407705,0.34606764722228656
7366,0.16481121620496444,0.5515719997788381,0.3378778375224694,0.4988953737088831,0.28154971504407705,0.34606764722228656
7367,0.16481121620496444,0.5515719997788381,0.3378778375224694,0.4988953737088831,0.28154971504407705,0.34606764722228656
7368,0.1624487661794958,0.5695278288972233,0.3496121770296641,0.5123075007474654,0.29266225431255405,0.3578020110479104
7369,0.1624487661794958,0.5695278288972233,0.3496121770296641,0.5123075007474654,0.29266225431255405,0.3578020110479104
7370,0.1624487661794958,0.5695278288972233,0.3496121770296641,0.5123075007474654,0.29266225431255405,0.3578020110479104
7371,0.1624487661794958,0.5695278288972233,0.3496121770296641,0.5123075007474654,0.29266225431255405,0.3578020110479104
7372,0.1624487661794958,0.5695278288972233,0.3496121770296641,0.5123075007474654,0.29266225431255405,0.3578020110479104
7373,0.1624487661794958,0.5695278288972233,0.3496121770296641,0.5123075007474654,0.29266225431255405,0.3578020110479104
7374,0.1624487661794958,0.5695278288972233,0.3496121770296641,0.5123075007474654,0.29266225431255405,0.3578020110479104
7375,0.1624487661794958,0.5695278288972233,0.3496121770296641,0.5123075007474654,0.29266225431255405,0.3578020110479104
7376,0.1624487661794958,0.5695278288972233,0.3496121770296641,0.5123075007474654,0.29266225431255405,0.3578020110479104
7377,0.1624487661794958,0.5695278288972233,0.3496121770296641,0.5123075007474654,0.29266225431255405,0.3578020110479104
7378,0.1624487661794958,0.5695278288972233,0.3496121770296641,0.5123075007474654,0.29266225431255405,0.3578020110479104
7379,0.1624487661794958,0.5695278288972233,0.3496121770296641,0.5123075007474654,0.29266225431255405,0.3578020110479104
7380,0.1624487661794958,0.5695278288972233,0.3496121770296641,0.5123075007474654,0.29266225431255405,0.3578020110479104
7381,0.1624487661794958,0.5695278288972233,0.3496121770296641,0.5123075007474654,0.29266225431255405,0.3578020110479104
7382,0.1624487661794958,0.5695278288972233,0.3496121770296641,0.5123075007474654,0.29266225431255405,0.3578020110479104
7383,0.1624487661794958,0.5695278288972233,0.3496121770296641,0.5123075007474654,0.29266225431255405,0.3578020110479104
7384,0.1624487661794958,0.5695278288972233,0.3496121770296641,0.5123075007474654,0.29266225431255405,0.3578020110479104
7385,0.1624487661794958,0.5695278288972233,0.3496121770296641,0.5123075007474654,0.29266225431255405,0.3578020110479104
7386,0.1624487661794958,0.5695278288972233,0.3496121770296641,0.5123075007474654,0.29266225431255405,0.3578020110479104
7387,0.1624487661794958,0.5695278288972233,0.3496121770296641,0.5123075007474654,0.29266225431255405,0.3578020110479104
7388,0.1624487661794958,0.5695278288972233,0.3496121770296641,0.5123075007474654,0.29266225431255405,0.3578020110479104
7389,0.1624487661794958,0.5695278288972233,0.3496121770296641,0.5123075007474654,0.29266225431255405,0.3578020110479104
7390,0.1624487661794958,0.5695278288972233,0.3496121770296641,0.5123075007474654,0.29266225431255405,0.3578020110479104
7391,0.1624487661794958,0.5695278288972233,0.3496121770296641,0.5123075007474654,0.29266225431255405,0.3578020110479104
7392,0.15957880000474464,0.5863049841983369,0.3606469439169954,0.5247749362123545,0.30283349723646774,0.3689145945737218
7393,0.15957880000474464,0.5863049841983369,0.3606469439169954,0.5247749362123545,0.30283349723646774,0.3689145945737218
7394,0.15957880000474464,0.5863049841983369,0.3606469439169954,0.5247749362123545,0.30283349723646774,0.3689145945737218
7395,0.15957880000474464,0.5863049841983369,0.3606469439169954,0.5247749362123545,0.30283349723646774,0.3689145945737218
7396,0.15957880000474464,0.5863049841983369,0.3606469439169954,0.5247749362123545,0.30283349723646774,0.3689145945737218
7397,0.15957880000474464,0.5863049841983369,0.3606469439169954,0.5247749362123545,0.30283349723646774,0.3689145945737218
7398,0.15957880000474464,0.5863049841983369,0.3606469439169954,0.5247749362123545,0.30283349723646774,0.3689145945737218
7399,0.15957880000474464,0.5863049841983369,0.3606469439169954,0.5247749362123545,0.30283349723646774,0.3689145945737218
7400,0.15957880000474464,0.5863049841983369,0.3606469439169954,0.5247749362123545,0.30283349723646774,0.3689145945737218
7401,0.15957880000474464,0.5863049841983369,0.3606469439169954,0.5247749362123545,0.30283349723646774,0.3689145945737218
7402,0.15957880000474464,0.5863049841983369,0.3606469439169954,0.5247749362123545,0.30283349723646774,0.3689145945737218
7403,0.15957880000474464,0.5863049841983369,0.3606469439169954,0.5247749362123545,0.30283349723646774,0.3689145945737218
7404,0.15957880000474464,0.5863049841983369,0.3606469439169954,0.5247749362123545,0.30283349723646774,0.3689145945737218
7405,0.15957880000474464,0.5863049841983369,0.3606469439169954,0.5247749362123545,0.30283349723646774,0.3689145945737218
7406,0.15957880000474464,0.5863049841983369,0.3606469439169954,0.5247749362123545,0.30283349723646774,0.3689145945737218
7407,0.15957880000474464,0.5863049841983369,0.3606469439169954,0.5247749362123545,0.30283349723646774,0.3689145945737218
7408,0.15957880000474464,0.5863049841983369,0.3606469439169954,0.5247749362123545,0.30283349723646774,0.3689145945737218
7409,0.15957880000474464,0.5863049841983369,0.3606469439169954,0.5247749362123545,0.30283349723646774,0.3689145945737218
7410,0.15957880000474464,0.5863049841983369,0.3606469439169954,0.5247749362123545,0.30283349723646774,0.3689145945737218
7411,0.15957880000474464,0.5863049841983369,0.3606469439169954,0.5247749362123545,0.30283349723646774,0.3689145945737218
7412,0.15957880000474464,0.5863049841983369,0.3606469439169954,0.5247749362123545,0.30283349723646774,0.3689145945737218
7413,0.15957880000474464,0.5863049841983369,0.3606469439169954,0.5247749362123545,0.30283349723646774,0.3689145945737218
7414,0.15957880000474464,0.5863049841983369,0.3606469439169954,0.5247749362123545,0.30283349723646774,0.3689145945737218
7415,0.15957880000474464,0.5863049841983369,0.3606469439169954,0.5247749362123545,0.30283349723646774,0.3689145945737218
7416,0.15812785181091613,0.6034345356290475,0.37093840488357355,0.5386427561537963,0.312586540527141,0.38037242094451446
7417,0.15812785181091613,0.6034345356290475,0.37093840488357355,0.5386427561537963,0.312586540527141,0.38037242094451446
7418,0.15812785181091613,0.6034345356290475,0.37093840488357355,0.5386427561537963,0.312586540527141,0.38037242094451446
7419,0.15812785181091613,0.6034345356290475,0.37093840488357355,0.5386427561537963,0.312586540527141,0.38037242094451446
7420,0.15812785181091613,0.6034345356290475,0.37093840488357355,0.5386427561537963,0.312586540527141,0.38037242094451446
7421,0.15812785181091613,0.6034345356290475,0.37093840488357355,0.5386427561537963,0.312586540527141,0.38037242094451446
7422,0.15812785181091613,0.6034345356290475,0.37093840488357355,0.5386427561537963,0.312586540527141,0.38037242094451446
7423,0.15812785181091613,0.6034345356290475,0.37093840488357355,0.5386427561537963,0.312586540527141,0.38037242094451446
7424,0.15812785181091613,0.6034345356290475,0.37093840488357355,0.5386427561537963,0.312586540527141,0.38037242094451446
7425,0.15812785181091613,0.6034345356290475,0.37093840488357355,0.5386427561537963,0.312586540527141,0.38037242094451446
7426,0.15812785181091613,0.6034345356290475,0.37093840488357355,0.5386427561537963,0.312586540527141,0.38037242094451446
7427,0.15812785181091613,0.6034345356290475,0.37093840488357355,0.5386427561537963,0.312586540527141,0.38037242094451446
7428,0.15812785181091613,0.6034345356290475,0.37093840488357355,0.5386427561537963,0.312586540527141,0.38037242094451446
7429,0.15812785181091613,0.6034345356290475,0.37093840488357355,0.5386427561537963,0.312586540527141,0.38037242094451446
7430,0.15812785181091613,0.6034345356290475,0.37093840488357355,0.5386427561537963,0.312586540527141,0.38037242094451446
7431,0.15812785181091613,0.6034345356290475,0.37093840488357355,0.5386427561537963,0.312586540527141,0.38037242094451446
7432,0.15812785181091613,0.6034345356290475,0.37093840488357355,0.5386427561537963,0.312586540527141,0.38037242094451446
7433,0.15812785181091613,0.6034345356290475,0.37093840488357355,0.5386427561537963,0.312586540527141,0.38037242094451446
7434,0.15812785181091613,0.6034345356290475,0.37093840488357355,0.5386427561537963,0.312586540527141,0.38037242094451446
7435,0.15812785181091613,0.6034345356290475,0.37093840488357355,0.5386427561537963,0.312586540527141,0.38037242094451446
7436,0.15812785181091613,0.6034345356290475,0.37093840488357355,0.5386427561537963,0.312586540527141,0.38037242094451446
7437,0.15812785181091613,0.6034345356290475,0.37093840488357355,0.5386427561537963,0.312586540527141,0.38037242094451446
7438,0.15812785181091613,0.6034345356290475,0.37093840488357355,0.5386427561537963,0.312586540527141,0.38037242094451446
7439,0.15812785181091613,0.6034345356290475,0.37093840488357355,0.5386427561537963,0.312586540527141,0.38037242094451446
7440,0.15393383942947617,0.6163535586250289,0.3790857248690356,0.5482388563948856,0.31942148312510976,0.38959933554979087
7441,0.15393383942947617,0.6163535586250289,0.3790857248690356,0.5482388563948856,0.31942148312510976,0.38959933554979087
7442,0.15393383942947617,0.6163535586250289,0.3790857248690356,0.5482388563948856,0.31942148312510976,0.38959933554979087
7443,0.15393383942947617,0.6163535586250289,0.3790857248690356,0.5482388563948856,0.31942148312510976,0.38959933554979087
7444,0.15393383942947617,0.6163535586250289,0.3790857248690356,0.5482388563948856,0.31942148312510976,0.38959933554979087
7445,0.15393383942947617,0.6163535586250289,0.3790857248690356,0.5482388563948856,0.31942148312510976,0.38959933554979087
7446,0.15393383942947617,0.6163535586250289,0.3790857248690356,0.5482388563948856,0.31942148312510976,0.38959933554979087
7447,0.15393383942947617,0.6163535586250289,0.3790857248690356,0.5482388563948856,0.31942148312510976,0.38959933554979087
7448,0.15393383942947617,0.6163535586250289,0.3790857248690356,0.5482388563948856,0.31942148312510976,0.38959933554979087
7449,0.15393383942947617,0.6163535586250289,0.3790857248690356,0.5482388563948856,0.31942148312510976,0.38959933554979087
7450,0.15393383942947617,0.6163535586250289,0.3790857248690356,0.5482388563948856,0.31942148312510976,0.38959933554979087
7451,0.15393383942947617,0.6163535586250289,0.3790857248690356,0.5482388563948856,0.31942148312510976,0.38959933554979087
7452,0.15393383942947617,0.6163535586250289,0.3790857248690356,0.5482388563948856,0.31942148312510976,0.38959933554979087
7453,0.15393383942947617,0.6163535586250289,0.3790857248690356,0.5482388563948856,0.31942148312510976,0.38959933554979087
7454,0.15393383942947617,0.6163535586250289,0.3790857248690356,0.5482388563948856,0.31942148312510976,0.38959933554979087
7455,0.15393383942947617,0.6163535586250289,0.3790857248690356,0.5482388563948856,0.31942148312510976,0.38959933554979087
7456,0.15393383942947617,0.6163535586250289,0.3790857248690356,0.5482388563948856,0.31942148312510976,0.38959933554979087
7457,0.15393383942947617,0.6163535586250289,0.3790857248690356,0.5482388563948856,0.31942148312510976,0.38959933554979087
7458,0.15393383942947617,0.6163535586250289,0.3790857248690356,0.5482388563948856,0.31942148312510976,0.38959933554979087
7459,0.15393383942947617,0.6163535586250289,0.3790857248690356,0.5482388563948856,0.31942148312510976,0.38959933554979087
7460,0.15393383942947617,0.6163535586250289,0.3790857248690356,0.5482388563948856,0.31942148312510976,0.38959933554979087
7461,0.15393383942947617,0.6163535586250289,0.3790857248690356,0.5482388563948856,0.31942148312510976,0.38959933554979087
7462,0.15393383942947617,0.6163535586250289,0.3790857248690356,0.5482388563948856,0.31942148312510976,0.38959933554979087
7463,0.15393383942947617,0.6163535586250289,0.3790857248690356,0.5482388563948856,0.31942148312510976,0.38959933554979087
7464,0.14973427570919182,0.6281286233650608,0.38602837606329143,0.5572294682440415,0.3249293583588894,0.3982702664745019
7465,0.14973427570919182,0.6281286233650608,0.38602837606329143,0.5572294682440415,0.3249293583588894,0.3982702664745019
7466,0.14973427570919182,0.6281286233650608,0.38602837606329143,0.5572294682440415,0.3249293583588894,0.3982702664745019
7467,0.14973427570919182,0.6281286233650608,0.38602837606329143,0.5572294682440415,0.3249293583588894,0.3982702664745019
7468,0.14973427570919182,0.6281286233650608,0.38602837606329143,0.5572294682440415,0.3249293583588894,0.3982702664745019
7469,0.14973427570919182,0.6281286233650608,0.38602837606329143,0.5572294682440415,0.3249293583588894,0.3982702664745019
7470,0.14973427570919182,0.6281286233650608,0.38602837606329143,0.5572294682440415,0.3249293583588894,0.3982702664745019
7471,0.14973427570919182,0.6281286233650608,0.38602837606329143,0.5572294682440415,0.3249293583588894,0.3982702664745019
7472,0.14973427570919182,0.6281286233650608,0.38602837606329143,0.5572294682440415,0.3249293583588894,0.3982702664745019
7473,0.14973427570919182,0.6281286233650608,0.38602837606329143,0.5572294682440415,0.3249293583588894,0.3982702664745019
7474,0.14973427570919182,0.6281286233650608,0.38602837606329143,0.5572294682440415,0.3249293583588894,0.3982702664745019
7475,0.14973427570919182,0.6281286233650608,0.38602837606329143,0.5572294682440415,0.3249293583588894,0.3982702664745019
7476,0.14973427570919182,0.6281286233650608,0.38602837606329143,0.5572294682440415,0.3249293583588894,0.3982702664745019
7477,0.14973427570919182,0.6281286233650608,0.38602837606329143,0.5572294682440415,0.3249293583588894,0.3982702664745019
7478,0.14973427570919182,0.6281286233650608,0.38602837606329143,0.5572294682440415,0.3249293583588894,0.3982702664745019
7479,0.14973427570919182,0.6281286233650608,0.38602837606329143,0.5572294682440415,0.3249293583588894,0.3982702664745019
7480,0.14973427570919182,0.6281286233650608,0.38602837606329143,0.5572294682440415,0.3249293583588894,0.3982702664745019
7481,0.14973427570919182,0.6281286233650608,0.38602837606329143,0.5572294682440415,0.3249293583588894,0.3982702664745019
7482,0.14973427570919182,0.6281286233650608,0.38602837606329143,0.5572294682440415,0.3249293583588894,0.3982702664745019
7483,0.14973427570919182,0.6281286233650608,0.38602837606329143,0.5572294682440415,0.3249293583588894,0.3982702664745019
7484,0.14973427570919182,0.6281286233650608,0.38602837606329143,0.5572294682440415,0.3249293583588894,0.3982702664745019
7485,0.14973427570919182,0.6281286233650608,0.38602837606329143,0.5572294682440415,0.3249293583588894,0.3982702664745019
7486,0.14973427570919182,0.6281286233650608,0.38602837606329143,0.5572294682440415,0.3249293583588894,0.3982702664745019
7487,0.14973427570919182,0.6281286233650608,0.38602837606329143,0.5572294682440415,0.3249293583588894,0.3982702664745019
7488,0.14681898386566047,0.6434989950907101,0.39570912860868357,0.5689189727195384,0.3336488130197269,0.40876247955446127
7489,0.14681898386566047,0.6434989950907101,0.39570912860868357,0.5689189727195384,0.3336488130197269,0.40876247955446127
7490,0.14681898386566047,0.6434989950907101,0.39570912860868357,0.5689189727195384,0.3336488130197269,0.40876247955446127
7491,0.14681898386566047,0.6434989950907101,0.39570912860868357,0.5689189727195384,0.3336488130197269,0.40876247955446127
7492,0.14681898386566047,0.6434989950907101,0.39570912860868357,0.5689189727195384,0.3336488130197269,0.40876247955446127
7493,0.14681898386566047,0.6434989950907101,0.39570912860868357,0.5689189727195384,0.3336488130197269,0.40876247955446127
7494,0.14681898386566047,0.6434989950907101,0.39570912860868357,0.5689189727195384,0.3336488130197269,0.40876247955446127
7495,0.14681898386566047,0.6434989950907101,0.39570912860868357,0.5689189727195384,0.3336488130197269,0.40876247955446127
7496,0.14681898386566047,0.6434989950907101,0.39570912860868357,0.5689189727195384,0.3336488130197269,0.40876247955446127
7497,0.14681898386566047,0.6434989950907101,0.39570912860868357,0.5689189727195384,0.3336488130197269,0.40876247955446127
7498,0.14681898386566047,0.6434989950907101,0.39570912860868357,0.5689189727195384,0.3336488130197269,0.40876247955446127
7499,0.14681898386566047,0.6434989950907101,0.39570912860868357,0.5689189727195384,0.3336488130197269,0.40876247955446127
7500,0.14681898386566047,0.6434989950907101,0.39570912860868357,0.5689189727195384,0.3336488130197269,0.40876247955446127
7501,0.14681898386566047,0.6434989950907101,0.39570912860868357,0.5689189727195384,0.3336488130197269,0.40876247955446127
7502,0.14681898386566047,0.6434989950907101,0.39570912860868357,0.5689189727195384,0.3336488130197269,0.40876247955446127
7503,0.14681898386566047,0.6434989950907101,0.39570912860868357,0.5689189727195384,0.3336488130197269,0.40876247955446127
7504,0.14681898386566047,0.6434989950907101,0.39570912860868357,0.5689189727195384,0.3336488130197269,0.40876247955446127
7505,0.14681898386566047,0.6434989950907101,0.39570912860868357,0.5689189727195384,0.3336488130197269,0.40876247955446127
7506,0.14681898386566047,0.6434989950907101,0.39570912860868357,0.5689189727195384,0.3336488130197269,0.40876247955446127
7507,0.14681898386566047,0.6434989950907101,0.39570912860868357,0.5689189727195384,0.3336488130197269,0.40876247955446127
7508,0.14681898386566047,0.6434989950907101,0.39570912860868357,0.5689189727195384,0.3336488130197269,0.40876247955446127
7509,0.14681898386566047,0.6434989950907101,0.39570912860868357,0.5689189727195384,0.3336488130197269,0.40876247955446127
7510,0.14681898386566047,0.6434989950907101,0.39570912860868357,0.5689189727195384,0.3336488130197269,0.40876247955446127
7511,0.14681898386566047,0.6434989950907101,0.39570912860868357,0.5689189727195384,0.3336488130197269,0.40876247955446127
7512,0.1443080139914115,0.6591783940048935,0.4054400841006203,0.581100984120267,0.34249679753996914,0.4194580655577469
7513,0.1443080139914115,0.6591783940048935,0.4054400841006203,0.581100984120267,0.34249679753996914,0.4194580655577469
7514,0.1443080139914115,0.6591783940048935,0.4054400841006203,0.581100984120267,0.34249679753996914,0.4194580655577469
7515,0.1443080139914115,0.6591783940048935,0.4054400841006203,0.581100984120267,0.34249679753996914,0.4194580655577469
7516,0.1443080139914115,0.6591783940048935,0.4054400841006203,0.581100984120267,0.34249679753996914,0.4194580655577469
7517,0.1443080139914115,0.6591783940048935,0.4054400841006203,0.581100984120267,0.34249679753996914,0.4194580655577469
7518,0.1443080139914115,0.6591783940048935,0.4054400841006203,0.581100984120267,0.34249679753996914,0.4194580655577469
7519,0.1443080139914115,0.6591783940048935,0.4054400841006203,0.581100984120267,0.34249679753996914,0.4194580655577469
7520,0.1443080139914115,0.6591783940048935,0.4054400841006203,0.581100984120267,0.34249679753996914,0.4194580655577469
7521,0.1443080139914115,0.6591783940048935,0.4054400841006203,0.581100984120267,0.34249679753996914,0.4194580655577469
7522,0.1443080139914115,0.6591783940048935,0.4054400841006203,0.581100984120267,0.34249679753996914,0.4194580655577469
7523,0.1443080139914115,0.6591783940048935,0.4054400841006203,0.581100984120267,0.34249679753996914,0.4194580655577469
7524,0.1443080139914115,0.6591783940048935,0.4054400841006203,0.581100984120267,0.34249679753996914,0.4194580655577469
7525,0.1443080139914115,0.6591783940048935,0.4054400841006203,0.581100984120267,0.34249679753996914,0.4194580655577469
7526,0.1443080139914115,0.6591783940048935,0.4054400841006203,0.581100984120267,0.34249679753996914,0.4194580655577469
7527,0.1443080139914115,0.6591783940048935,0.4054400841006203,0.581100984120267,0.34249679753996914,0.4194580655577469
7528,0.1443080139914115,0.6591783940048935,0.4054400841006203,0.581100984120267,0.34249679753996914,0.4194580655577469
7529,0.1443080139914115,0.6591783940048935,0.4054400841006203,0.581100984120267,0.34249679753996914,0.4194580655577469
7530,0.1443080139914115,0.6591783940048935,0.4054400841006203,0.581100984120267,0.34249679753996914,0.4194580655577469
7531,0.1443080139914115,0.6591783940048935,0.4054400841006203,0.581100984120267,0.34249679753996914,0.4194580655577469
7532,0.1443080139914115,0.6591783940048935,0.4054400841006203,0.581100984120267,0.34249679753996914,0.4194580655577469
7533,0.1443080139914115,0.6591783940048935,0.4054400841006203,0.581100984120267,0.34249679753996914,0.4194580655577469
7534,0.1443080139914115,0.6591783940048935,0.4054400841006203,0.581100984120267,0.34249679753996914,0.4194580655577469
7535,0.1443080139914115,0.6591783940048935,0.4054400841006203,0.581100984120267,0.34249679753996914,0.4194580655577469
7536,0.14366331307190175,0.6560937986297027,0.4029931382647238,0.578565849753235,0.3398843477397225,0.4180882465976001
7537,0.14366331307190175,0.6560937986297027,0.4029931382647238,0.578565849753235,0.3398843477397225,0.4180882465976001
7538,0.14366331307190175,0.6560937986297027,0.4029931382647238,0.578565849753235,0.3398843477397225,0.4180882465976001
7539,0.14366331307190175,0.6560937986297027,0.4029931382647238,0.578565849753235,0.3398843477397225,0.4180882465976001
7540,0.14366331307190175,0.6560937986297027,0.4029931382647238,0.578565849753235,0.3398843477397225,0.4180882465976001
7541,0.14366331307190175,0.6560937986297027,0.4029931382647238,0.578565849753235,0.3398843477397225,0.4180882465976001
7542,0.14366331307190175,0.6560937986297027,0.4029931382647238,0.578565849753235,0.3398843477397225,0.4180882465976001
7543,0.14366331307190175,0.6560937986297027,0.4029931382647238,0.578565849753235,0.3398843477397225,0.4180882465976001
7544,0.14366331307190175,0.6560937986297027,0.4029931382647238,0.578565849753235,0.3398843477397225,0.4180882465976001
7545,0.14366331307190175,0.6560937986297027,0.4029931382647238,0.578565849753235,0.3398843477397225,0.4180882465976001
7546,0.14366331307190175,0.6560937986297027,0.4029931382647238,0.578565849753235,0.3398843477397225,0.4180882465976001
7547,0.14366331307190175,0.6560937986297027,0.4029931382647238,0.578565849753235,0.3398843477397225,0.4180882465976001
7548,0.14366331307190175,0.6560937986297027,0.4029931382647238,0.578565849753235,0.3398843477397225,0.4180882465976001
7549,0.14366331307190175,0.6560937986297027,0.4029931382647238,0.578565849753235,0.3398843477397225,0.4180882465976001
7550,0.14366331307190175,0.6560937986297027,0.4029931382647238,0.578565849753235,0.3398843477397225,0.4180882465976001
7551,0.14366331307190175,0.6560937986297027,0.4029931382647238,0.578565849753235,0.3398843477397225,0.4180882465976001
7552,0.14366331307190175,0.6560937986297027,0.4029931382647238,0.578565849753235,0.3398843477397225,0.4180882465976001
7553,0.14366331307190175,0.6560937986297027,0.4029931382647238,0.578565849753235,0.3398843477397225,0.4180882465976001
7554,0.14366331307190175,0.6560937986297027,0.4029931382647238,0.578565849753235,0.3398843477397225,0.4180882465976001
7555,0.14366331307190175,0.6560937986297027,0.4029931382647238,0.578565849753235,0.3398843477397225,0.4180882465976001
7556,0.14366331307190175,0.6560937986297027,0.4029931382647238,0.578565849753235,0.3398843477397225,0.4180882465976001
7557,0.14366331307190175,0.6560937986297027,0.4029931382647238,0.578565849753235,0.3398843477397225,0.4180882465976001
7558,0.14366331307190175,0.6560937986297027,0.4029931382647238,0.578565849753235,0.3398843477397225,0.4180882465976001
7559,0.14366331307190175,0.6560937986297027,0.4029931382647238,0.578565849753235,0.3398843477397225,0.4180882465976001
7560,0.14346550212207546,0.6552188693636412,0.40224329952843463,0.5778885639215491,0.3390874154260522,0.41772148510802914
7561,0.14346550212207546,0.6552188693636412,0.40224329952843463,0.5778885639215491,0.3390874154260522,0.41772148510802914
7562,0.14346550212207546,0.6552188693636412,0.40224329952843463,0.5778885639215491,0.3390874154260522,0.41772148510802914
7563,0.14346550212207546,0.6552188693636412,0.40224329952843463,0.5778885639215491,0.3390874154260522,0.41772148510802914
7564,0.14346550212207546,0.6552188693636412,0.40224329952843463,0.5778885639215491,0.3390874154260522,0.41772148510802914
7565,0.14346550212207546,0.6552188693636412,0.40224329952843463,0.5778885639215491,0.3390874154260522,0.41772148510802914
7566,0.14346550212207546,0.6552188693636412,0.40224329952843463,0.5778885639215491,0.3390874154260522,0.41772148510802914
7567,0.14346550212207546,0.6552188693636412,0.40224329952843463,0.5778885639215491,0.3390874154260522,0.41772148510802914
7568,0.14346550212207546,0.6552188693636412,0.40224329952843463,0.5778885639215491,0.3390874154260522,0.41772148510802914
7569,0.14346550212207546,0.6552188693636412,0.40224329952843463,0.5778885639215491,0.3390874154260522,0.41772148510802914
7570,0.14346550212207546,0.6552188693636412,0.40224329952843463,0.5778885639215491,0.3390874154260522,0.41772148510802914
7571,0.14346550212207546,0.6552188693636412,0.40224329952843463,0.5778885639215491,0.3390874154260522,0.41772148510802914
7572,0.14346550212207546,0.6552188693636412,0.40224329952843463,0.5778885639215491,0.3390874154260522,0.41772148510802914
7573,0.14346550212207546,0.6552188693636412,0.40224329952843463,0.5778885639215491,0.3390874154260522,0.41772148510802914
7574,0.14346550212207546,0.6552188693636412,0.40224329952843463,0.5778885639215491,0.3390874154260522,0.41772148510802914
7575,0.14346550212207546,0.6552188693636412,0.40224329952843463,0.5778885639215491,0.3390874154260522,0.41772148510802914
7576,0.14346550212207546,0.6552188693636412,0.40224329952843463,0.5778885639215491,0.3390874154260522,0.41772148510802914
7577,0.14346550212207546,0.6552188693636412,0.40224329952843463,0.5778885639215491,0.3390874154260522,0.41772148510802914
7578,0.14346550212207546,0.6552188693636412,0.40224329952843463,0.5778885639215491,0.3390874154260522,0.41772148510802914
7579,0.14346550212207546,0.6552188693636412,0.40224329952843463,0.5778885639215491,0.3390874154260522,0.41772148510802914
7580,0.14346550212207546,0.6552188693636412,0.40224329952843463,0.5778885639215491,0.3390874154260522,0.41772148510802914
7581,0.14346550212207546,0.6552188693636412,0.40224329952843463,0.5778885639215491,0.3390874154260522,0.41772148510802914
7582,0.14346550212207546,0.6552188693636412,0.40224329952843463,0.5778885639215491,0.3390874154260522,0.41772148510802914
7583,0.14346550212207546,0.6552188693636412,0.40224329952843463,0.5778885639215491,0.3390874154260522,0.41772148510802914
7584,0.14311659588528736,0.6536314019153295,0.4009307987034447,0.5767118021265651,0.3376294914519411,0.417058660651729
7585,0.14311659588528736,0.6536314019153295,0.4009307987034447,0.5767118021265651,0.3376294914519411,0.417058660651729
7586,0.14311659588528736,0.6536314019153295,0.4009307987034447,0.5767118021265651,0.3376294914519411,0.417058660651729
7587,0.14311659588528736,0.6536314019153295,0.4009307987034447,0.5767118021265651,0.3376294914519411,0.417058660651729
7588,0.14311659588528736,0.6536314019153295,0.4009307987034447,0.5767118021265651,0.3376294914519411,0.417058660651729
7589,0.14311659588528736,0.6536314019153295,0.4009307987034447,0.5767118021265651,0.3376294914519411,0.417058660651729
7590,0.14311659588528736,0.6536314019153295,0.4009307987034447,0.5767118021265651,0.3376294914519411,0.417058660651729
7591,0.14311659588528736,0.6536314019153295,0.4009307987034447,0.5767118021265651,0.3376294914519411,0.417058660651729
7592,0.14311659588528736,0.6536314019153295,0.4009307987034447,0.5767118021265651,0.3376294914519411,0.417058660651729
7593,0.14311659588528736,0.6536314019153295,0.4009307987034447,0.5767118021265651,0.3376294914519411,0.417058660651729
7594,0.14311659588528736,0.6536314019153295,0.4009307987034447,0.5767118021265651,0.3376294914519411,0.417058660651729
7595,0.14311659588528736,0.6536314019153295,0.4009307987034447,0.5767118021265651,0.3376294914519411,0.417058660651729
7596,0.14311659588528736,0.6536314019153295,0.4009307987034447,0.5767118021265651,0.3376294914519411,0.417058660651729
7597,0.14311659588528736,0.6536314019153295,0.4009307987034447,0.5767118021265651,0.3376294914519411,0.417058660651729
7598,0.14311659588528736,0.6536314019153295,0.4009307987034447,0.5767118021265651,0.3376294914519411,0.417058660651729
7599,0.14311659588528736,0.6536314019153295,0.4009307987034447,0.5767118021265651,0.3376294914519411,0.417058660651729
7600,0.14311659588528736,0.6536314019153295,0.4009307987034447,0.5767118021265651,0.3376294914519411,0.417058660651729
7601,0.14311659588528736,0.6536314019153295,0.4009307987034447,0.5767118021265651,0.3376294914519411,0.417058660651729
7602,0.14311659588528736,0.6536314019153295,0.4009307987034447,0.5767118021265651,0.3376294914519411,0.417058660651729
7603,0.14311659588528736,0.6536314019153295,0.4009307987034447,0.5767118021265651,0.3376294914519411,0.417058660651729
7604,0.14311659588528736,0.6536314019153295,0.4009307987034447,0.5767118021265651,0.3376294914519411,0.417058660651729
7605,0.14311659588528736,0.6536314019153295,0.4009307987034447,0.5767118021265651,0.3376294914519411,0.417058660651729
7606,0.14311659588528736,0.6536314019153295,0.4009307987034447,0.5767118021265651,0.3376294914519411,0.417058660651729
7607,0.14311659588528736,0.6536314019153295,0.4009307987034447,0.5767118021265651,0.3376294914519411,0.417058660651729
7608,0.14281683417934773,0.6523800930677051,0.3998697770607176,0.575786657059836,0.336392396536724,0.4164866438215536
7609,0.14281683417934773,0.6523800930677051,0.3998697770607176,0.575786657059836,0.336392396536724,0.4164866438215536
7610,0.14281683417934773,0.6523800930677051,0.3998697770607176,0.575786657059836,0.336392396536724,0.4164866438215536
7611,0.14281683417934773,0.6523800930677051,0.3998697770607176,0.575786657059836,0.336392396536724,0.4164866438215536
7612,0.14281683417934773,0.6523800930677051,0.3998697770607176,0.575786657059836,0.336392396536724,0.4164866438215536
7613,0.14281683417934773,0.6523800930677051,0.3998697770607176,0.575786657059836,0.336392396536724,0.4164866438215536
7614,0.14281683417934773,0.6523800930677051,0.3998697770607176,0.575786657059836,0.336392396536724,0.4164866438215536
7615,0.14281683417934773,0.6523800930677051,0.3998697770607176,0.575786657059836,0.336392396536724,0.4164866438215536
7616,0.14281683417934773,0.6523800930677051,0.3998697770607176,0.575786657059836,0.336392396536724,0.4164866438215536
7617,0.14281683417934773,0.6523800930677051,0.3998697770607176,0.575786657059836,0.336392396536724,0.4164866438215536
7618,0.14281683417934773,0.6523800930677051,0.3998697770607176,0.575786657059836,0.336392396536724,0.4164866438215536
7619,0.14281683417934773,0.6523800930677051,0.3998697770607176,0.575786657059836,0.336392396536724,0.4164866438215536
7620,0.14281683417934773,0.6523800930677051,0.3998697770607176,0.575786657059836,0.336392396536724,0.4164866438215536
7621,0.14281683417934773,0.6523800930677051,0.3998697770607176,0.575786657059836,0.336392396536724,0.4164866438215536
7622,0.14281683417934773,0.6523800930677051,0.3998697770607176,0.575786657059836,0.336392396536724,0.4164866438215536
7623,0.14281683417934773,0.6523800930677051,0.3998697770607176,0.575786657059836,0.336392396536724,0.4164866438215536
7624,0.14281683417934773,0.6523800930677051,0.3998697770607176,0.575786657059836,0.336392396536724,0.4164866438215536
7625,0.14281683417934773,0.6523800930677051,0.3998697770607176,0.575786657059836,0.336392396536724,0.4164866438215536
7626,0.14281683417934773,0.6523800930677051,0.3998697770607176,0.575786657059836,0.336392396536724,0.4164866438215536
7627,0.14281683417934773,0.6523800930677051,0.3998697770607176,0.575786657059836,0.336392396536724,0.4164866438215536
7628,0.14281683417934773,0.6523800930677051,0.3998697770607176,0.575786657059836,0.336392396536724,0.4164866438215536
7629,0.14281683417934773,0.6523800930677051,0.3998697770607176,0.575786657059836,0.336392396536724,0.4164866438215536
7630,0.14281683417934773,0.6523800930677051,0.3998697770607176,0.575786657059836,0.336392396536724,0.4164866438215536
7631,0.14281683417934773,0.6523800930677051,0.3998697770607176,0.575786657059836,0.336392396536724,0.4164866438215536
7632,0.14258622713897448,0.6513372364917627,0.39900973035270765,0.575093637377051,0.3353963161903211,0.4159626983697516
7633,0.14258622713897448,0.6513372364917627,0.39900973035270765,0.575093637377051,0.3353963161903211,0.4159626983697516
7634,0.14258622713897448,0.6513372364917627,0.39900973035270765,0.575093637377051,0.3353963161903211,0.4159626983697516
7635,0.14258622713897448,0.6513372364917627,0.39900973035270765,0.575093637377051,0.3353963161903211,0.4159626983697516
7636,0.14258622713897448,0.6513372364917627,0.39900973035270765,0.575093637377051,0.3353963161903211,0.4159626983697516
7637,0.14258622713897448,0.6513372364917627,0.39900973035270765,0.575093637377051,0.3353963161903211,0.4159626983697516
7638,0.14258622713897448,0.6513372364917627,0.39900973035270765,0.575093637377051,0.3353963161903211,0.4159626983697516
7639,0.14258622713897448,0.6513372364917627,0.39900973035270765,0.575093637377051,0.3353963161903211,0.4159626983697516
7640,0.14258622713897448,0.6513372364917627,0.39900973035270765,0.575093637377051,0.3353963161903211,0.4159626983697516
7641,0.14258622713897448,0.6513372364917627,0.39900973035270765,0.575093637377051,0.3353963161903211,0.4159626983697516
7642,0.14258622713897448,0.6513372364917627,0.39900973035270765,0.575093637377051,0.3353963161903211,0.4159626983697516
7643,0.14258622713897448,0.6513372364917627,0.39900973035270765,0.575093637377051,0.3353963161903211,0.4159626983697516
7644,0.14258622713897448,0.6513372364917627,0.39900973035270765,0.575093637377051,0.3353963161903211,0.4159626983697516
7645,0.14258622713897448,0.6513372364917627,0.39900973035270765,0.575093637377051,0.3353963161903211,0.4159626983697516
7646,0.14258622713897448,0.6513372364917627,0.39900973035270765,0.575093637377051,0.3353963161903211,0.4159626983697516
7647,0.14258622713897448,0.6513372364917627,0.39900973035270765,0.575093637377051,0.3353963161903211,0.4159626983697516
7648,0.14258622713897448,0.6513372364917627,0.39900973035270765,0.575093637377051,0.3353963161903211,0.4159626983697516
7649,0.14258622713897448,0.6513372364917627,0.39900973035270765,0.575093637377051,0.3353963161903211,0.4159626983697516
7650,0.14258622713897448,0.6513372364917627,0.39900973035270765,0.575093637377051,0.3353963161903211,0.4159626983697516
7651,0.14258622713897448,0.6513372364917627,0.39900973035270765,0.575093637377051,0.3353963161903211,0.4159626983697516
7652,0.14258622713897448,0.6513372364917627,0.39900973035270765,0.575093637377051,0.3353963161903211,0.4159626983697516
7653,0.14258622713897448,0.6513372364917627,0.39900973035270765,0.575093637377051,0.3353963161903211,0.4159626983697516
7654,0.14258622713897448,0.6513372364917627,0.39900973035270765,0.575093637377051,0.3353963161903211,0.4159626983697516
7655,0.14258622713897448,0.6513372364917627,0.39900973035270765,0.575093637377051,0.3353963161903211,0.4159626983697516
7656,0.14261597491971043,0.6515382915468075,0.39918106053268615,0.5752131584188025,0.33554808292331284,0.4160321724572314
7657,0.14261597491971043,0.6515382915468075,0.39918106053268615,0.5752131584188025,0.33554808292331284,0.4160321724572314
7658,0.14261597491971043,0.6515382915468075,0.39918106053268615,0.5752131584188025,0.33554808292331284,0.4160321724572314
7659,0.14261597491971043,0.6515382915468075,0.39918106053268615,0.5752131584188025,0.33554808292331284,0.4160321724572314
7660,0.14261597491971043,0.6515382915468075,0.39918106053268615,0.5752131584188025,0.33554808292331284,0.4160321724572314
7661,0.14261597491971043,0.6515382915468075,0.39918106053268615,0.5752131584188025,0.33554808292331284,0.4160321724572314
7662,0.14261597491971043,0.6515382915468075,0.39918106053268615,0.5752131584188025,0.33554808292331284,0.4160321724572314
7663,0.14261597491971043,0.6515382915468075,0.39918106053268615,0.5752131584188025,0.33554808292331284,0.4160321724572314
7664,0.14261597491971043,0.6515382915468075,0.39918106053268615,0.5752131584188025,0.33554808292331284,0.4160321724572314
7665,0.14261597491971043,0.6515382915468075,0.39918106053268615,0.5752131584188025,0.33554808292331284,0.4160321724572314
7666,0.14261597491971043,0.6515382915468075,0.39918106053268615,0.5752131584188025,0.33554808292331284,0.4160321724572314
7667,0.14261597491971043,0.6515382915468075,0.39918106053268615,0.5752131584188025,0.33554808292331284,0.4160321724572314
7668,0.14261597491971043,0.6515382915468075,0.39918106053268615,0.5752131584188025,0.33554808292331284,0.4160321724572314
7669,0.14261597491971043,0.6515382915468075,0.39918106053268615,0.5752131584188025,0.33554808292331284,0.4160321724572314
7670,0.14261597491971043,0.6515382915468075,0.39918106053268615,0.5752131584188025,0.33554808292331284,0.4160321724572314
7671,0.14261597491971043,0.6515382915468075,0.39918106053268615,0.5752131584188025,0.33554808292331284,0.4160321724572314
7672,0.14261597491971043,0.6515382915468075,0.39918106053268615,0.5752131584188025,0.33554808292331284,0.4160321724572314
7673,0.14261597491971043,0.6515382915468075,0.39918106053268615,0.5752131584188025,0.33554808292331284,0.4160321724572314
7674,0.14261597491971043,0.6515382915468075,0.39918106053268615,0.5752131584188025,0.33554808292331284,0.4160321724572314
7675,0.14261597491971043,0.6515382915468075,0.39918106053268615,0.5752131584188025,0.33554808292331284,0.4160321724572314
7676,0.14261597491971043,0.6515382915468075,0.39918106053268615,0.5752131584188025,0.33554808292331284,0.4160321724572314
7677,0.14261597491971043,0.6515382915468075,0.39918106053268615,0.5752131584188025,0.33554808292331284,0.4160321724572314
7678,0.14261597491971043,0.6515382915468075,0.39918106053268615,0.5752131584188025,0.33554808292331284,0.4160321724572314
7679,0.14261597491971043,0.6515382915468075,0.39918106053268615,0.5752131584188025,0.33554808292331284,0.4160321724572314
7680,0.14231447008511883,0.6501909948308875,0.3980094695012866,0.5743075095423157,0.3342449501702492,0.4153537424667862
7681,0.14231447008511883,0.6501909948308875,0.3980094695012866,0.5743075095423157,0.3342449501702492,0.4153537424667862
7682,0.14231447008511883,0.6501909948308875,0.3980094695012866,0.5743075095423157,0.3342449501702492,0.4153537424667862
7683,0.14231447008511883,0.6501909948308875,0.3980094695012866,0.5743075095423157,0.3342449501702492,0.4153537424667862
7684,0.14231447008511883,0.6501909948308875,0.3980094695012866,0.5743075095423157,0.3342449501702492,0.4153537424667862
7685,0.14231447008511883,0.6501909948308875,0.3980094695012866,0.5743075095423157,0.3342449501702492,0.4153537424667862
7686,0.14231447008511883,0.6501909948308875,0.3980094695012866,0.5743075095423157,0.3342449501702492,0.4153537424667862
7687,0.14231447008511883,0.6501909948308875,0.3980094695012866,0.5743075095423157,0.3342449501702492,0.4153537424667862
7688,0.14231447008511883,0.6501909948308875,0.3980094695012866,0.5743075095423157,0.3342449501702492,0.4153537424667862
7689,0.14231447008511883,0.6501909948308875,0.3980094695012866,0.5743075095423157,0.3342449501702492,0.4153537424667862
7690,0.14231447008511883,0.6501909948308875,0.3980094695012866,0.5743075095423157,0.3342449501702492,0.4153537424667862
7691,0.14231447008511883,0.6501909948308875,0.3980094695012866,0.5743075095423157,0.3342449501702492,0.4153537424667862
7692,0.14231447008511883,0.6501909948308875,0.3980094695012866,0.5743075095423157,0.3342449501702492,0.4153537424667862
7693,0.14231447008511883,0.6501909948308875,0.3980094695012866,0.5743075095423157,0.3342449501702492,0.4153537424667862
7694,0.14231447008511883,0.6501909948308875,0.3980094695012866,0.5743075095423157,0.3342449501702492,0.4153537424667862
7695,0.14231447008511883,0.6501909948308875,0.3980094695012866,0.5743075095423157,0.3342449501702492,0.4153537424667862
7696,0.14231447008511883,0.6501909948308875,0.3980094695012866,0.5743075095423157,0.3342449501702492,0.4153537424667862
7697,0.14231447008511883,0.6501909948308875,0.3980094695012866,0.5743075095423157,0.3342449501702492,0.4153537424667862
7698,0.14231447008511883,0.6501909948308875,0.3980094695012866,0.5743075095423157,0.3342449501702492,0.4153537424667862
7699,0.14231447008511883,0.6501909948308875,0.3980094695012866,0.5743075095423157,0.3342449501702492,0.4153537424667862
7700,0.14231447008511883,0.6501909948308875,0.3980094695012866,0.5743075095423157,0.3342449501702492,0.4153537424667862
7701,0.14231447008511883,0.6501909948308875,0.3980094695012866,0.5743075095423157,0.3342449501702492,0.4153537424667862
7702,0.14231447008511883,0.6501909948308875,0.3980094695012866,0.5743075095423157,0.3342449501702492,0.4153537424667862
7703,0.14231447008511883,0.6501909948308875,0.3980094695012866,0.5743075095423157,0.3342449501702492,0.4153537424667862
7704,0.14178059100871104,0.6475365100943166,0.395802805698154,0.5725376655700595,0.33170024255991387,0.41405265259754237
7705,0.14178059100871104,0.6475365100943166,0.395802805698154,0.5725376655700595,0.33170024255991387,0.41405265259754237
7706,0.14178059100871104,0.6475365100943166,0.395802805698154,0.5725376655700595,0.33170024255991387,0.41405265259754237
7707,0.14178059100871104,0.6475365100943166,0.395802805698154,0.5725376655700595,0.33170024255991387,0.41405265259754237
7708,0.14178059100871104,0.6475365100943166,0.395802805698154,0.5725376655700595,0.33170024255991387,0.41405265259754237
7709,0.14178059100871104,0.6475365100943166,0.395802805698154,0.5725376655700595,0.33170024255991387,0.41405265259754237
7710,0.14178059100871104,0.6475365100943166,0.395802805698154,0.5725376655700595,0.33170024255991387,0.41405265259754237
7711,0.14178059100871104,0.6475365100943166,0.395802805698154,0.5725376655700595,0.33170024255991387,0.41405265259754237
7712,0.14178059100871104,0.6475365100943166,0.395802805698154,0.5725376655700595,0.33170024255991387,0.41405265259754237
7713,0.14178059100871104,0.6475365100943166,0.395802805698154,0.5725376655700595,0.33170024255991387,0.41405265259754237
7714,0.14178059100871104,0.6475365100943166,0.395802805698154,0.5725376655700595,0.33170024255991387,0.41405265259754237
7715,0.14178059100871104,0.6475365100943166,0.395802805698154,0.5725376655700595,0.33170024255991387,0.41405265259754237
7716,0.14178059100871104,0.6475365100943166,0.395802805698154,0.5725376655700595,0.33170024255991387,0.41405265259754237
7717,0.14178059100871104,0.6475365100943166,0.395802805698154,0.5725376655700595,0.33170024255991387,0.41405265259754237
7718,0.14178059100871104,0.6475365100943166,0.395802805698154,0.5725376655700595,0.33170024255991387,0.41405265259754237
7719,0.14178059100871104,0.6475365100943166,0.395802805698154,0.5725376655700595,0.33170024255991387,0.41405265259754237
7720,0.14178059100871104,0.6475365100943166,0.395802805698154,0.5725376655700595,0.33170024255991387,0.41405265259754237
7721,0.14178059100871104,0.6475365100943166,0.395802805698154,0.5725376655700595,0.33170024255991387,0.41405265259754237
7722,0.14178059100871104,0.6475365100943166,0.395802805698154,0.5725376655700595,0.33170024255991387,0.41405265259754237
7723,0.14178059100871104,0.6475365100943166,0.395802805698154,0.5725376655700595,0.33170024255991387,0.41405265259754237
7724,0.14178059100871104,0.6475365100943166,0.395802805698154,0.5725376655700595,0.33170024255991387,0.41405265259754237
7725,0.14178059100871104,0.6475365100943166,0.395802805698154,0.5725376655700595,0.33170024255991387,0.41405265259754237
7726,0.14178059100871104,0.6475365100943166,0.395802805698154,0.5725376655700595,0.33170024255991387,0.41405265259754237
7727,0.14178059100871104,0.6475365100943166,0.395802805698154,0.5725376655700595,0.33170024255991387,0.41405265259754237
7728,0.14143720508833063,0.6459661134811626,0.3944814291002705,0.5713567465987,0.3302351850181767,0.4133983784300872
7729,0.14143720508833063,0.6459661134811626,0.3944814291002705,0.5713567465987,0.3302351850181767,0.4133983784300872
7730,0.14143720508833063,0.6459661134811626,0.3944814291002705,0.5713567465987,0.3302351850181767,0.4133983784300872
7731,0.14143720508833063,0.6459661134811626,0.3944814291002705,0.5713567465987,0.3302351850181767,0.4133983784300872
7732,0.14143720508833063,0.6459661134811626,0.3944814291002705,0.5713567465987,0.3302351850181767,0.4133983784300872
7733,0.14143720508833063,0.6459661134811626,0.3944814291002705,0.5713567465987,0.3302351850181767,0.4133983784300872
7734,0.14143720508833063,0.6459661134811626,0.3944814291002705,0.5713567465987,0.3302351850181767,0.4133983784300872
7735,0.14143720508833063,0.6459661134811626,0.3944814291002705,0.5713567465987,0.3302351850181767,0.4133983784300872
7736,0.14143720508833063,0.6459661134811626,0.3944814291002705,0.5713567465987,0.3302351850181767,0.4133983784300872
7737,0.14143720508833063,0.6459661134811626,0.3944814291002705,0.5713567465987,0.3302351850181767,0.4133983784300872
7738,0.14143720508833063,0.6459661134811626,0.3944814291002705,0.5713567465987,0.3302351850181767,0.4133983784300872
7739,0.14143720508833063,0.6459661134811626,0.3944814291002705,0.5713567465987,0.3302351850181767,0.4133983784300872
7740,0.14143720508833063,0.6459661134811626,0.3944814291002705,0.5713567465987,0.3302351850181767,0.4133983784300872
7741,0.14143720508833063,0.6459661134811626,0.3944814291002705,0.5713567465987,0.3302351850181767,0.4133983784300872
7742,0.14143720508833063,0.6459661134811626,0.3944814291002705,0.5713567465987,0.3302351850181767,0.4133983784300872
7743,0.14143720508833063,0.6459661134811626,0.3944814291002705,0.5713567465987,0.3302351850181767,0.4133983784300872
7744,0.14143720508833063,0.6459661134811626,0.3944814291002705,0.5713567465987,0.3302351850181767,0.4133983784300872
7745,0.14143720508833063,0.6459661134811626,0.3944814291002705,0.5713567465987,0.3302351850181767,0.4133983784300872
7746,0.14143720508833063,0.6459661134811626,0.3944814291002705,0.5713567465987,0.3302351850181767,0.4133983784300872
7747,0.14143720508833063,0.6459661134811626,0.3944814291002705,0.5713567465987,0.3302351850181767,0.4133983784300872
7748,0.14143720508833063,0.6459661134811626,0.3944814291002705,0.5713567465987,0.3302351850181767,0.4133983784300872
7749,0.14143720508833063,0.6459661134811626,0.3944814291002705,0.5713567465987,0.3302351850181767,0.4133983784300872
7750,0.14143720508833063,0.6459661134811626,0.3944814291002705,0.5713567465987,0.3302351850181767,0.4133983784300872
7751,0.14143720508833063,0.6459661134811626,0.3944814291002705,0.5713567465987,0.3302351850181767,0.4133983784300872
7752,0.14136774162732876,0.6456649736139294,0.3942362030248458,0.5711134340043635,0.32992054409886956,0.41327924083634526
7753,0.14136774162732876,0.6456649736139294,0.3942362030248458,0.5711134340043635,0.32992054409886956,0.41327924083634526
7754,0.14136774162732876,0.6456649736139294,0.3942362030248458,0.5711134340043635,0.32992054409886956,0.41327924083634526
7755,0.14136774162732876,0.6456649736139294,0.3942362030248458,0.5711134340043635,0.32992054409886956,0.41327924083634526
7756,0.14136774162732876,0.6456649736139294,0.3942362030248458,0.5711134340043635,0.32992054409886956,0.41327924083634526
7757,0.14136774162732876,0.6456649736139294,0.3942362030248458,0.5711134340043635,0.32992054409886956,0.41327924083634526
7758,0.14136774162732876,0.6456649736139294,0.3942362030248458,0.5711134340043635,0.32992054409886956,0.41327924083634526
7759,0.14136774162732876,0.6456649736139294,0.3942362030248458,0.5711134340043635,0.32992054409886956,0.41327924083634526
7760,0.14136774162732876,0.6456649736139294,0.3942362030248458,0.5711134340043635,0.32992054409886956,0.41327924083634526
7761,0.14136774162732876,0.6456649736139294,0.3942362030248458,0.5711134340043635,0.32992054409886956,0.41327924083634526
7762,0.14136774162732876,0.6456649736139294,0.3942362030248458,0.5711134340043635,0.32992054409886956,0.41327924083634526
7763,0.14136774162732876,0.6456649736139294,0.3942362030248458,0.5711134340043635,0.32992054409886956,0.41327924083634526
7764,0.14136774162732876,0.6456649736139294,0.3942362030248458,0.5711134340043635,0.32992054409886956,0.41327924083634526
7765,0.14136774162732876,0.6456649736139294,0.3942362030248458,0.5711134340043635,0.32992054409886956,0.41327924083634526
7766,0.14136774162732876,0.6456649736139294,0.3942362030248458,0.5711134340043635,0.32992054409886956,0.41327924083634526
7767,0.14136774162732876,0.6456649736139294,0.3942362030248458,0.5711134340043635,0.32992054409886956,0.41327924083634526
7768,0.14136774162732876,0.6456649736139294,0.3942362030248458,0.5711134340043635,0.32992054409886956,0.41327924083634526
7769,0.14136774162732876,0.6456649736139294,0.3942362030248458,0.5711134340043635,0.32992054409886956,0.41327924083634526
7770,0.14136774162732876,0.6456649736139294,0.3942362030248458,0.5711134340043635,0.32992054409886956,0.41327924083634526
7771,0.14136774162732876,0.6456649736139294,0.3942362030248458,0.5711134340043635,0.32992054409886956,0.41327924083634526
7772,0.14136774162732876,0.6456649736139294,0.3942362030248458,0.5711134340043635,0.32992054409886956,0.41327924083634526
7773,0.14136774162732876,0.6456649736139294,0.3942362030248458,0.5711134340043635,0.32992054409886956,0.41327924083634526
7774,0.14136774162732876,0.6456649736139294,0.3942362030248458,0.5711134340043635,0.32992054409886956,0.41327924083634526
7775,0.14136774162732876,0.6456649736139294,0.3942362030248458,0.5711134340043635,0.32992054409886956,0.41327924083634526
7776,0.1631142112410187,0.6481126012691885,0.39194297503791975,0.5782397157390337,0.3247964638186896,0.4180488412675294
7777,0.1631142112410187,0.6481126012691885,0.39194297503791975,0.5782397157390337,0.3247964638186896,0.4180488412675294
7778,0.1631142112410187,0.6481126012691885,0.39194297503791975,0.5782397157390337,0.3247964638186896,0.4180488412675294
7779,0.1631142112410187,0.6481126012691885,0.39194297503791975,0.5782397157390337,0.3247964638186896,0.4180488412675294
7780,0.1631142112410187,0.6481126012691885,0.39194297503791975,0.5782397157390337,0.3247964638186896,0.4180488412675294
7781,0.1631142112410187,0.6481126012691885,0.39194297503791975,0.5782397157390337,0.3247964638186896,0.4180488412675294
7782,0.1631142112410187,0.6481126012691885,0.39194297503791975,0.5782397157390337,0.3247964638186896,0.4180488412675294
7783,0.1631142112410187,0.6481126012691885,0.39194297503791975,0.5782397157390337,0.3247964638186896,0.4180488412675294
7784,0.1631142112410187,0.6481126012691885,0.39194297503791975,0.5782397157390337,0.3247964638186896,0.4180488412675294
7785,0.1631142112410187,0.6481126012691885,0.39194297503791975,0.5782397157390337,0.3247964638186896,0.4180488412675294
7786,0.1631142112410187,0.6481126012691885,0.39194297503791975,0.5782397157390337,0.3247964638186896,0.4180488412675294
7787,0.1631142112410187,0.6481126012691885,0.39194297503791975,0.5782397157390337,0.3247964638186896,0.4180488412675294
7788,0.1631142112410187,0.6481126012691885,0.39194297503791975,0.5782397157390337,0.3247964638186896,0.4180488412675294
7789,0.1631142112410187,0.6481126012691885,0.39194297503791975,0.5782397157390337,0.3247964638186896,0.4180488412675294
7790,0.1631142112410187,0.6481126012691885,0.39194297503791975,0.5782397157390337,0.3247964638186896,0.4180488412675294
7791,0.1631142112410187,0.6481126012691885,0.39194297503791975,0.5782397157390337,0.3247964638186896,0.4180488412675294
7792,0.1631142112410187,0.6481126012691885,0.39194297503791975,0.5782397157390337,0.3247964638186896,0.4180488412675294
7793,0.1631142112410187,0.6481126012691885,0.39194297503791975,0.5782397157390337,0.3247964638186896,0.4180488412675294
7794,0.1631142112410187,0.6481126012691885,0.39194297503791975,0.5782397157390337,0.3247964638186896,0.4180488412675294
7795,0.1631142112410187,0.6481126012691885,0.39194297503791975,0.5782397157390337,0.3247964638186896,0.4180488412675294
7796,0.1631142112410187,0.6481126012691885,0.39194297503791975,0.5782397157390337,0.3247964638186896,0.4180488412675294
7797,0.1631142112410187,0.6481126012691885,0.39194297503791975,0.5782397157390337,0.3247964638186896,0.4180488412675294
7798,0.1631142112410187,0.6481126012691885,0.39194297503791975,0.5782397157390337,0.3247964638186896,0.4180488412675294
7799,0.1631142112410187,0.6481126012691885,0.39194297503791975,0.5782397157390337,0.3247964638186896,0.4180488412675294
7800,0.18016749598807066,0.6474816048627251,0.38749965901198963,0.582687323350949,0.31805901143157167,0.4209503219179241
7801,0.18016749598807066,0.6474816048627251,0.38749965901198963,0.582687323350949,0.31805901143157167,0.4209503219179241
7802,0.18016749598807066,0.6474816048627251,0.38749965901198963,0.582687323350949,0.31805901143157167,0.4209503219179241
7803,0.18016749598807066,0.6474816048627251,0.38749965901198963,0.582687323350949,0.31805901143157167,0.4209503219179241
7804,0.18016749598807066,0.6474816048627251,0.38749965901198963,0.582687323350949,0.31805901143157167,0.4209503219179241
7805,0.18016749598807066,0.6474816048627251,0.38749965901198963,0.582687323350949,0.31805901143157167,0.4209503219179241
7806,0.18016749598807066,0.6474816048627251,0.38749965901198963,0.582687323350949,0.31805901143157167,0.4209503219179241
7807,0.18016749598807066,0.6474816048627251,0.38749965901198963,0.582687323350949,0.31805901143157167,0.4209503219179241
7808,0.18016749598807066,0.6474816048627251,0.38749965901198963,0.582687323350949,0.31805901143157167,0.4209503219179241
7809,0.18016749598807066,0.6474816048627251,0.38749965901198963,0.582687323350949,0.31805901143157167,0.4209503219179241
7810,0.18016749598807066,0.6474816048627251,0.38749965901198963,0.582687323350949,0.31805901143157167,0.4209503219179241
7811,0.18016749598807066,0.6474816048627251,0.38749965901198963,0.582687323350949,0.31805901143157167,0.4209503219179241
7812,0.18016749598807066,0.6474816048627251,0.38749965901198963,0.582687323350949,0.31805901143157167,0.4209503219179241
7813,0.18016749598807066,0.6474816048627251,0.38749965901198963,0.582687323350949,0.31805901143157167,0.4209503219179241
7814,0.18016749598807066,0.6474816048627251,0.38749965901198963,0.582687323350949,0.31805901143157167,0.4209503219179241
7815,0.18016749598807066,0.6474816048627251,0.38749965901198963,0.582687323350949,0.31805901143157167,0.4209503219179241
7816,0.18016749598807066,0.6474816048627251,0.38749965901198963,0.582687323350949,0.31805901143157167,0.4209503219179241
7817,0.18016749598807066,0.6474816048627251,0.38749965901198963,0.582687323350949,0.31805901143157167,0.4209503219179241
7818,0.18016749598807066,0.6474816048627251,0.38749965901198963,0.582687323350949,0.31805901143157167,0.4209503219179241
7819,0.18016749598807066,0.6474816048627251,0.38749965901198963,0.582687323350949,0.31805901143157167,0.4209503219179241
7820,0.18016749598807066,0.6474816048627251,0.38749965901198963,0.582687323350949,0.31805901143157167,0.4209503219179241
7821,0.18016749598807066,0.6474816048627251,0.38749965901198963,0.582687323350949,0.31805901143157167,0.4209503219179241
7822,0.18016749598807066,0.6474816048627251,0.38749965901198963,0.582687323350949,0.31805901143157167,0.4209503219179241
7823,0.18016749598807066,0.6474816048627251,0.38749965901198963,0.582687323350949,0.31805901143157167,0.4209503219179241
7824,0.20497322010175603,0.6508534189298439,0.38582305587959503,0.5908404095603891,0.31313926058737585,0.426343255941041
7825,0.20497322010175603,0.6508534189298439,0.38582305587959503,0.5908404095603891,0.31313926058737585,0.426343255941041
7826,0.20497322010175603,0.6508534189298439,0.38582305587959503,0.5908404095603891,0.31313926058737585,0.426343255941041
7827,0.20497322010175603,0.6508534189298439,0.38582305587959503,0.5908404095603891,0.31313926058737585,0.426343255941041
7828,0.20497322010175603,0.6508534189298439,0.38582305587959503,0.5908404095603891,0.31313926058737585,0.426343255941041
7829,0.20497322010175603,0.6508534189298439,0.38582305587959503,0.5908404095603891,0.31313926058737585,0.426343255941041
7830,0.20497322010175603,0.6508534189298439,0.38582305587959503,0.5908404095603891,0.31313926058737585,0.426343255941041
7831,0.20497322010175603,0.6508534189298439,0.38582305587959503,0.5908404095603891,0.31313926058737585,0.426343255941041
7832,0.20497322010175603,0.6508534189298439,0.38582305587959503,0.5908404095603891,0.31313926058737585,0.426343255941041
7833,0.20497322010175603,0.6508534189298439,0.38582305587959503,0.5908404095603891,0.31313926058737585,0.426343255941041
7834,0.20497322010175603,0.6508534189298439,0.38582305587959503,0.5908404095603891,0.31313926058737585,0.426343255941041
7835,0.20497322010175603,0.6508534189298439,0.38582305587959503,0.5908404095603891,0.31313926058737585,0.426343255941041
7836,0.20497322010175603,0.6508534189298439,0.38582305587959503,0.5908404095603891,0.31313926058737585,0.426343255941041
7837,0.20497322010175603,0.6508534189298439,0.38582305587959503,0.5908404095603891,0.31313926058737585,0.426343255941041
7838,0.20497322010175603,0.6508534189298439,0.38582305587959503,0.5908404095603891,0.31313926058737585,0.426343255941041
7839,0.20497322010175603,0.6508534189298439,0.38582305587959503,0.5908404095603891,0.31313926058737585,0.426343255941041
7840,0.20497322010175603,0.6508534189298439,0.38582305587959503,0.5908404095603891,0.31313926058737585,0.426343255941041
7841,0.20497322010175603,0.6508534189298439,0.38582305587959503,0.5908404095603891,0.31313926058737585,0.426343255941041
7842,0.20497322010175603,0.6508534189298439,0.38582305587959503,0.5908404095603891,0.31313926058737585,0.426343255941041
7843,0.20497322010175603,0.6508534189298439,0.38582305587959503,0.5908404095603891,0.31313926058737585,0.426343255941041
7844,0.20497322010175603,0.6508534189298439,0.38582305587959503,0.5908404095603891,0.31313926058737585,0.426343255941041
7845,0.20497322010175603,0.6508534189298439,0.38582305587959503,0.5908404095603891,0.31313926058737585,0.426343255941041
7846,0.20497322010175603,0.6508534189298439,0.38582305587959503,0.5908404095603891,0.31313926058737585,0.426343255941041
7847,0.20497322010175603,0.6508534189298439,0.38582305587959503,0.5908404095603891,0.31313926058737585,0.426343255941041
7848,0.23959720769586448,0.657848219638015,0.38626385439625377,0.6026965326475032,0.30953450816749567,0.4342768690750578
7849,0.23959720769586448,0.657848219638015,0.38626385439625377,0.6026965326475032,0.30953450816749567,0.4342768690750578
7850,0.23959720769586448,0.657848219638015,0.38626385439625377,0.6026965326475032,0.30953450816749567,0.4342768690750578
7851,0.23959720769586448,0.657848219638015,0.38626385439625377,0.6026965326475032,0.30953450816749567,0.4342768690750578
7852,0.23959720769586448,0.657848219638015,0.38626385439625377,0.6026965326475032,0.30953450816749567,0.4342768690750578
7853,0.23959720769586448,0.657848219638015,0.38626385439625377,0.6026965326475032,0.30953450816749567,0.4342768690750578
7854,0.23959720769586448,0.657848219638015,0.38626385439625377,0.6026965326475032,0.30953450816749567,0.4342768690750578
7855,0.23959720769586448,0.657848219638015,0.38626385439625377,0.6026965326475032,0.30953450816749567,0.4342768690750578
7856,0.23959720769586448,0.657848219638015,0.38626385439625377,0.6026965326475032,0.30953450816749567,0.4342768690750578
7857,0.23959720769586448,0.657848219638015,0.38626385439625377,0.6026965326475032,0.30953450816749567,0.4342768690750578
7858,0.23959720769586448,0.657848219638015,0.38626385439625377,0.6026965326475032,0.30953450816749567,0.4342768690750578
7859,0.23959720769586448,0.657848219638015,0.38626385439625377,0.6026965326475032,0.30953450816749567,0.4342768690750578
7860,0.23959720769586448,0.657848219638015,0.38626385439625377,0.6026965326475032,0.30953450816749567,0.4342768690750578
7861,0.23959720769586448,0.657848219638015,0.38626385439625377,0.6026965326475032,0.30953450816749567,0.4342768690750578
7862,0.23959720769586448,0.657848219638015,0.38626385439625377,0.6026965326475032,0.30953450816749567,0.4342768690750578
7863,0.23959720769586448,0.657848219638015,0.38626385439625377,0.6026965326475032,0.30953450816749567,0.4342768690750578
7864,0.23959720769586448,0.657848219638015,0.38626385439625377,0.6026965326475032,0.30953450816749567,0.4342768690750578
7865,0.23959720769586448,0.657848219638015,0.38626385439625377,0.6026965326475032,0.30953450816749567,0.4342768690750578
7866,0.23959720769586448,0.657848219638015,0.38626385439625377,0.6026965326475032,0.30953450816749567,0.4342768690750578
7867,0.23959720769586448,0.657848219638015,0.38626385439625377,0.6026965326475032,0.30953450816749567,0.4342768690750578
7868,0.23959720769586448,0.657848219638015,0.38626385439625377,0.6026965326475032,0.30953450816749567,0.4342768690750578
7869,0.23959720769586448,0.657848219638015,0.38626385439625377,0.6026965326475032,0.30953450816749567,0.4342768690750578
7870,0.23959720769586448,0.657848219638015,0.38626385439625377,0.6026965326475032,0.30953450816749567,0.4342768690750578
7871,0.23959720769586448,0.657848219638015,0.38626385439625377,0.6026965326475032,0.30953450816749567,0.4342768690750578
7872,0.28215707485879166,0.665469890282886,0.3865294937784185,0.6157308681687902,0.3046669580963536,0.44309037874099516
7873,0.28215707485879166,0.665469890282886,0.3865294937784185,0.6157308681687902,0.3046669580963536,0.44309037874099516
7874,0.28215707485879166,0.665469890282886,0.3865294937784185,0.6157308681687902,0.3046669580963536,0.44309037874099516
7875,0.28215707485879166,0.665469890282886,0.3865294937784185,0.6157308681687902,0.3046669580963536,0.44309037874099516
7876,0.28215707485879166,0.665469890282886,0.3865294937784185,0.6157308681687902,0.3046669580963536,0.44309037874099516
7877,0.28215707485879166,0.665469890282886,0.3865294937784185,0.6157308681687902,0.3046669580963536,0.44309037874099516
7878,0.28215707485879166,0.665469890282886,0.3865294937784185,0.6157308681687902,0.3046669580963536,0.44309037874099516
7879,0.28215707485879166,0.665469890282886,0.3865294937784185,0.6157308681687902,0.3046669580963536,0.44309037874099516
7880,0.28215707485879166,0.665469890282886,0.3865294937784185,0.6157308681687902,0.3046669580963536,0.44309037874099516
7881,0.28215707485879166,0.665469890282886,0.3865294937784185,0.6157308681687902,0.3046669580963536,0.44309037874099516
7882,0.28215707485879166,0.665469890282886,0.3865294937784185,0.6157308681687902,0.3046669580963536,0.44309037874099516
7883,0.28215707485879166,0.665469890282886,0.3865294937784185,0.6157308681687902,0.3046669580963536,0.44309037874099516
7884,0.28215707485879166,0.665469890282886,0.3865294937784185,0.6157308681687902,0.3046669580963536,0.44309037874099516
7885,0.28215707485879166,0.665469890282886,0.3865294937784185,0.6157308681687902,0.3046669580963536,0.44309037874099516
7886,0.28215707485879166,0.665469890282886,0.3865294937784185,0.6157308681687902,0.3046669580963536,0.44309037874099516
7887,0.28215707485879166,0.665469890282886,0.3865294937784185,0.6157308681687902,0.3046669580963536,0.44309037874099516
7888,0.28215707485879166,0.665469890282886,0.3865294937784185,0.6157308681687902,0.3046669580963536,0.44309037874099516
7889,0.28215707485879166,0.665469890282886,0.3865294937784185,0.6157308681687902,0.3046669580963536,0.44309037874099516
7890,0.28215707485879166,0.665469890282886,0.3865294937784185,0.6157308681687902,0.3046669580963536,0.44309037874099516
7891,0.28215707485879166,0.665469890282886,0.3865294937784185,0.6157308681687902,0.3046669580963536,0.44309037874099516
7892,0.28215707485879166,0.665469890282886,0.3865294937784185,0.6157308681687902,0.3046669580963536,0.44309037874099516
7893,0.28215707485879166,0.665469890282886,0.3865294937784185,0.6157308681687902,0.3046669580963536,0.44309037874099516
7894,0.28215707485879166,0.665469890282886,0.3865294937784185,0.6157308681687902,0.3046669580963536,0.44309037874099516
7895,0.28215707485879166,0.665469890282886,0.3865294937784185,0.6157308681687902,0.3046669580963536,0.44309037874099516
7896,0.3641872523525271,0.6878821015745383,0.39424760498784944,0.6436667308091233,0.3061020087234655,0.4615606431983809
7897,0.3641872523525271,0.6878821015745383,0.39424760498784944,0.6436667308091233,0.3061020087234655,0.4615606431983809
7898,0.3641872523525271,0.6878821015745383,0.39424760498784944,0.6436667308091233,0.3061020087234655,0.4615606431983809
7899,0.3641872523525271,0.6878821015745383,0.39424760498784944,0.6436667308091233,0.3061020087234655,0.4615606431983809
7900,0.3641872523525271,0.6878821015745383,0.39424760498784944,0.6436667308091233,0.3061020087234655,0.4615606431983809
7901,0.3641872523525271,0.6878821015745383,0.39424760498784944,0.6436667308091233,0.3061020087234655,0.4615606431983809
7902,0.3641872523525271,0.6878821015745383,0.39424760498784944,0.6436667308091233,0.3061020087234655,0.4615606431983809
7903,0.3641872523525271,0.6878821015745383,0.39424760498784944,0.6436667308091233,0.3061020087234655,0.4615606431983809
7904,0.3641872523525271,0.6878821015745383,0.39424760498784944,0.6436667308091233,0.3061020087234655,0.4615606431983809
7905,0.3641872523525271,0.6878821015745383,0.39424760498784944,0.6436667308091233,0.3061020087234655,0.4615606431983809
7906,0.3641872523525271,0.6878821015745383,0.39424760498784944,0.6436667308091233,0.3061020087234655,0.4615606431983809
7907,0.3641872523525271,0.6878821015745383,0.39424760498784944,0.6436667308091233,0.3061020087234655,0.4615606431983809
7908,0.3641872523525271,0.6878821015745383,0.39424760498784944,0.6436667308091233,0.3061020087234655,0.4615606431983809
7909,0.3641872523525271,0.6878821015745383,0.39424760498784944,0.6436667308091233,0.3061020087234655,0.4615606431983809
7910,0.3641872523525271,0.6878821015745383,0.39424760498784944,0.6436667308091233,0.3061020087234655,0.4615606431983809
7911,0.3641872523525271,0.6878821015745383,0.39424760498784944,0.6436667308091233,0.3061020087234655,0.4615606431983809
7912,0.3641872523525271,0.6878821015745383,0.39424760498784944,0.6436667308091233,0.3061020087234655,0.4615606431983809
7913,0.3641872523525271,0.6878821015745383,0.39424760498784944,0.6436667308091233,0.3061020087234655,0.4615606431983809
7914,0.3641872523525271,0.6878821015745383,0.39424760498784944,0.6436667308091233,0.3061020087234655,0.4615606431983809
7915,0.3641872523525271,0.6878821015745383,0.39424760498784944,0.6436667308091233,0.3061020087234655,0.4615606431983809
7916,0.3641872523525271,0.6878821015745383,0.39424760498784944,0.6436667308091233,0.3061020087234655,0.4615606431983809
7917,0.3641872523525271,0.6878821015745383,0.39424760498784944,0.6436667308091233,0.3061020087234655,0.4615606431983809
7918,0.3641872523525271,0.6878821015745383,0.39424760498784944,0.6436667308091233,0.3061020087234655,0.4615606431983809
7919,0.3641872523525271,0.6878821015745383,0.39424760498784944,0.6436667308091233,0.3061020087234655,0.4615606431983809
7920,0.43954086571178314,0.7101504301702689,0.40267806469180506,0.6705330732485302,0.3084893661872678,0.47951980199307526
7921,0.43954086571178314,0.7101504301702689,0.40267806469180506,0.6705330732485302,0.3084893661872678,0.47951980199307526
7922,0.43954086571178314,0.7101504301702689,0.40267806469180506,0.6705330732485302,0.3084893661872678,0.47951980199307526
7923,0.43954086571178314,0.7101504301702689,0.40267806469180506,0.6705330732485302,0.3084893661872678,0.47951980199307526
7924,0.43954086571178314,0.7101504301702689,0.40267806469180506,0.6705330732485302,0.3084893661872678,0.47951980199307526
7925,0.43954086571178314,0.7101504301702689,0.40267806469180506,0.6705330732485302,0.3084893661872678,0.47951980199307526
7926,0.43954086571178314,0.7101504301702689,0.40267806469180506,0.6705330732485302,0.3084893661872678,0.47951980199307526
7927,0.43954086571178314,0.7101504301702689,0.40267806469180506,0.6705330732485302,0.3084893661872678,0.47951980199307526
7928,0.43954086571178314,0.7101504301702689,0.40267806469180506,0.6705330732485302,0.3084893661872678,0.47951980199307526
7929,0.43954086571178314,0.7101504301702689,0.40267806469180506,0.6705330732485302,0.3084893661872678,0.47951980199307526
7930,0.43954086571178314,0.7101504301702689,0.40267806469180506,0.6705330732485302,0.3084893661872678,0.47951980199307526
7931,0.43954086571178314,0.7101504301702689,0.40267806469180506,0.6705330732485302,0.3084893661872678,0.47951980199307526
7932,0.43954086571178314,0.7101504301702689,0.40267806469180506,0.6705330732485302,0.3084893661872678,0.47951980199307526
7933,0.43954086571178314,0.7101504301702689,0.40267806469180506,0.6705330732485302,0.3084893661872678,0.47951980199307526
7934,0.43954086571178314,0.7101504301702689,0.40267806469180506,0.6705330732485302,0.3084893661872678,0.47951980199307526
7935,0.43954086571178314,0.7101504301702689,0.40267806469180506,0.6705330732485302,0.3084893661872678,0.47951980199307526
7936,0.43954086571178314,0.7101504301702689,0.40267806469180506,0.6705330732485302,0.3084893661872678,0.47951980199307526
7937,0.43954086571178314,0.7101504301702689,0.40267806469180506,0.6705330732485302,0.3084893661872678,0.47951980199307526
7938,0.43954086571178314,0.7101504301702689,0.40267806469180506,0.6705330732485302,0.3084893661872678,0.47951980199307526
7939,0.43954086571178314,0.7101504301702689,0.40267806469180506,0.6705330732485302,0.3084893661872678,0.47951980199307526
7940,0.43954086571178314,0.7101504301702689,0.40267806469180506,0.6705330732485302,0.3084893661872678,0.47951980199307526
7941,0.43954086571178314,0.7101504301702689,0.40267806469180506,0.6705330732485302,0.3084893661872678,0.47951980199307526
7942,0.43954086571178314,0.7101504301702689,0.40267806469180506,0.6705330732485302,0.3084893661872678,0.47951980199307526
7943,0.43954086571178314,0.7101504301702689,0.40267806469180506,0.6705330732485302,0.3084893661872678,0.47951980199307526
7944,0.4848236085761499,0.7221968687369821,0.40641885743676526,0.6866598318746363,0.30728510326079533,0.4906730998029541
7945,0.4848236085761499,0.7221968687369821,0.40641885743676526,0.6866598318746363,0.30728510326079533,0.4906730998029541
7946,0.4848236085761499,0.7221968687369821,0.40641885743676526,0.6866598318746363,0.30728510326079533,0.4906730998029541
7947,0.4848236085761499,0.7221968687369821,0.40641885743676526,0.6866598318746363,0.30728510326079533,0.4906730998029541
7948,0.4848236085761499,0.7221968687369821,0.40641885743676526,0.6866598318746363,0.30728510326079533,0.4906730998029541
7949,0.4848236085761499,0.7221968687369821,0.40641885743676526,0.6866598318746363,0.30728510326079533,0.4906730998029541
7950,0.4848236085761499,0.7221968687369821,0.40641885743676526,0.6866598318746363,0.30728510326079533,0.4906730998029541
7951,0.4848236085761499,0.7221968687369821,0.40641885743676526,0.6866598318746363,0.30728510326079533,0.4906730998029541
7952,0.4848236085761499,0.7221968687369821,0.40641885743676526,0.6866598318746363,0.30728510326079533,0.4906730998029541
7953,0.4848236085761499,0.7221968687369821,0.40641885743676526,0.6866598318746363,0.30728510326079533,0.4906730998029541
7954,0.4848236085761499,0.7221968687369821,0.40641885743676526,0.6866598318746363,0.30728510326079533,0.4906730998029541
7955,0.4848236085761499,0.7221968687369821,0.40641885743676526,0.6866598318746363,0.30728510326079533,0.4906730998029541
7956,0.4848236085761499,0.7221968687369821,0.40641885743676526,0.6866598318746363,0.30728510326079533,0.4906730998029541
7957,0.4848236085761499,0.7221968687369821,0.40641885743676526,0.6866598318746363,0.30728510326079533,0.4906730998029541
7958,0.4848236085761499,0.7221968687369821,0.40641885743676526,0.6866598318746363,0.30728510326079533,0.4906730998029541
7959,0.4848236085761499,0.7221968687369821,0.40641885743676526,0.6866598318746363,0.30728510326079533,0.4906730998029541
7960,0.4848236085761499,0.7221968687369821,0.40641885743676526,0.6866598318746363,0.30728510326079533,0.4906730998029541
7961,0.4848236085761499,0.7221968687369821,0.40641885743676526,0.6866598318746363,0.30728510326079533,0.4906730998029541
7962,0.4848236085761499,0.7221968687369821,0.40641885743676526,0.6866598318746363,0.30728510326079533,0.4906730998029541
7963,0.4848236085761499,0.7221968687369821,0.40641885743676526,0.6866598318746363,0.30728510326079533,0.4906730998029541
7964,0.4848236085761499,0.7221968687369821,0.40641885743676526,0.6866598318746363,0.30728510326079533,0.4906730998029541
7965,0.4848236085761499,0.7221968687369821,0.40641885743676526,0.6866598318746363,0.30728510326079533,0.4906730998029541
7966,0.4848236085761499,0.7221968687369821,0.40641885743676526,0.6866598318746363,0.30728510326079533,0.4906730998029541
7967,0.4848236085761499,0.7221968687369821,0.40641885743676526,0.6866598318746363,0.30728510326079533,0.4906730998029541
7968,0.5095440924592385,0.7265439948376272,0.4055892184267236,0.6953915083150339,0.30337914765115215,0.4965021041827258
7969,0.5095440924592385,0.7265439948376272,0.4055892184267236,0.6953915083150339,0.30337914765115215,0.4965021041827258
7970,0.5095440924592385,0.7265439948376272,0.4055892184267236,0.6953915083150339,0.30337914765115215,0.4965021041827258
7971,0.5095440924592385,0.7265439948376272,0.4055892184267236,0.6953915083150339,0.30337914765115215,0.4965021041827258
7972,0.5095440924592385,0.7265439948376272,0.4055892184267236,0.6953915083150339,0.30337914765115215,0.4965021041827258
7973,0.5095440924592385,0.7265439948376272,0.4055892184267236,0.6953915083150339,0.30337914765115215,0.4965021041827258
7974,0.5095440924592385,0.7265439948376272,0.4055892184267236,0.6953915083150339,0.30337914765115215,0.4965021041827258
7975,0.5095440924592385,0.7265439948376272,0.4055892184267236,0.6953915083150339,0.30337914765115215,0.4965021041827258
7976,0.5095440924592385,0.7265439948376272,0.4055892184267236,0.6953915083150339,0.30337914765115215,0.4965021041827258
7977,0.5095440924592385,0.7265439948376272,0.4055892184267236,0.6953915083150339,0.30337914765115215,0.4965021041827258
7978,0.5095440924592385,0.7265439948376272,0.4055892184267236,0.6953915083150339,0.30337914765115215,0.4965021041827258
7979,0.5095440924592385,0.7265439948376272,0.4055892184267236,0.6953915083150339,0.30337914765115215,0.4965021041827258
7980,0.5095440924592385,0.7265439948376272,0.4055892184267236,0.6953915083150339,0.30337914765115215,0.4965021041827258
7981,0.5095440924592385,0.7265439948376272,0.4055892184267236,0.6953915083150339,0.30337914765115215,0.4965021041827258
7982,0.5095440924592385,0.7265439948376272,0.4055892184267236,0.6953915083150339,0.30337914765115215,0.4965021041827258
7983,0.5095440924592385,0.7265439948376272,0.4055892184267236,0.6953915083150339,0.30337914765115215,0.4965021041827258
7984,0.5095440924592385,0.7265439948376272,0.4055892184267236,0.6953915083150339,0.30337914765115215,0.4965021041827258
7985,0.5095440924592385,0.7265439948376272,0.4055892184267236,0.6953915083150339,0.30337914765115215,0.4965021041827258
7986,0.5095440924592385,0.7265439948376272,0.4055892184267236,0.6953915083150339,0.30337914765115215,0.4965021041827258
7987,0.5095440924592385,0.7265439948376272,0.4055892184267236,0.6953915083150339,0.30337914765115215,0.4965021041827258
7988,0.5095440924592385,0.7265439948376272,0.4055892184267236,0.6953915083150339,0.30337914765115215,0.4965021041827258
7989,0.5095440924592385,0.7265439948376272,0.4055892184267236,0.6953915083150339,0.30337914765115215,0.4965021041827258
7990,0.5095440924592385,0.7265439948376272,0.4055892184267236,0.6953915083150339,0.30337914765115215,0.4965021041827258
7991,0.5095440924592385,0.7265439948376272,0.4055892184267236,0.6953915083150339,0.30337914765115215,0.4965021041827258
7992,0.5333679172300719,0.7279732864216976,0.4022756722930676,0.7021176920452133,0.29670634828556164,0.5008876002544624
7993,0.5333679172300719,0.7279732864216976,0.4022756722930676,0.7021176920452133,0.29670634828556164,0.5008876002544624
7994,0.5333679172300719,0.7279732864216976,0.4022756722930676,0.7021176920452133,0.29670634828556164,0.5008876002544624
7995,0.5333679172300719,0.7279732864216976,0.4022756722930676,0.7021176920452133,0.29670634828556164,0.5008876002544624
7996,0.5333679172300719,0.7279732864216976,0.4022756722930676,0.7021176920452133,0.29670634828556164,0.5008876002544624
7997,0.5333679172300719,0.7279732864216976,0.4022756722930676,0.7021176920452133,0.29670634828556164,0.5008876002544624
7998,0.5333679172300719,0.7279732864216976,0.4022756722930676,0.7021176920452133,0.29670634828556164,0.5008876002544624
7999,0.5333679172300719,0.7279732864216976,0.4022756722930676,0.7021176920452133,0.29670634828556164,0.5008876002544624
8000,0.5333679172300719,0.7279732864216976,0.4022756722930676,0.7021176920452133,0.29670634828556164,0.5008876002544624
8001,0.5333679172300719,0.7279732864216976,0.4022756722930676,0.7021176920452133,0.29670634828556164,0.5008876002544624
8002,0.5333679172300719,0.7279732864216976,0.4022756722930676,0.7021176920452133,0.29670634828556164,0.5008876002544624
8003,0.5333679172300719,0.7279732864216976,0.4022756722930676,0.7021176920452133,0.29670634828556164,0.5008876002544624
8004,0.5333679172300719,0.7279732864216976,0.4022756722930676,0.7021176920452133,0.29670634828556164,0.5008876002544624
8005,0.5333679172300719,0.7279732864216976,0.4022756722930676,0.7021176920452133,0.29670634828556164,0.5008876002544624
8006,0.5333679172300719,0.7279732864216976,0.4022756722930676,0.7021176920452133,0.29670634828556164,0.5008876002544624
8007,0.5333679172300719,0.7279732864216976,0.4022756722930676,0.7021176920452133,0.29670634828556164,0.5008876002544624
8008,0.5333679172300719,0.7279732864216976,0.4022756722930676,0.7021176920452133,0.29670634828556164,0.5008876002544624
8009,0.5333679172300719,0.7279732864216976,0.4022756722930676,0.7021176920452133,0.29670634828556164,0.5008876002544624
8010,0.5333679172300719,0.7279732864216976,0.4022756722930676,0.7021176920452133,0.29670634828556164,0.5008876002544624
8011,0.5333679172300719,0.7279732864216976,0.4022756722930676,0.7021176920452133,0.29670634828556164,0.5008876002544624
8012,0.5333679172300719,0.7279732864216976,0.4022756722930676,0.7021176920452133,0.29670634828556164,0.5008876002544624
8013,0.5333679172300719,0.7279732864216976,0.4022756722930676,0.7021176920452133,0.29670634828556164,0.5008876002544624
8014,0.5333679172300719,0.7279732864216976,0.4022756722930676,0.7021176920452133,0.29670634828556164,0.5008876002544624
8015,0.5333679172300719,0.7279732864216976,0.4022756722930676,0.7021176920452133,0.29670634828556164,0.5008876002544624
8016,0.5591545793236986,0.7305751913103725,0.39987482690370907,0.7099114451804048,0.2906602868218439,0.5059986278339946
8017,0.5591545793236986,0.7305751913103725,0.39987482690370907,0.7099114451804048,0.2906602868218439,0.5059986278339946
8018,0.5591545793236986,0.7305751913103725,0.39987482690370907,0.7099114451804048,0.2906602868218439,0.5059986278339946
8019,0.5591545793236986,0.7305751913103725,0.39987482690370907,0.7099114451804048,0.2906602868218439,0.5059986278339946
8020,0.5591545793236986,0.7305751913103725,0.39987482690370907,0.7099114451804048,0.2906602868218439,0.5059986278339946
8021,0.5591545793236986,0.7305751913103725,0.39987482690370907,0.7099114451804048,0.2906602868218439,0.5059986278339946
8022,0.5591545793236986,0.7305751913103725,0.39987482690370907,0.7099114451804048,0.2906602868218439,0.5059986278339946
8023,0.5591545793236986,0.7305751913103725,0.39987482690370907,0.7099114451804048,0.2906602868218439,0.5059986278339946
8024,0.5591545793236986,0.7305751913103725,0.39987482690370907,0.7099114451804048,0.2906602868218439,0.5059986278339946
8025,0.5591545793236986,0.7305751913103725,0.39987482690370907,0.7099114451804048,0.2906602868218439,0.5059986278339946
8026,0.5591545793236986,0.7305751913103725,0.39987482690370907,0.7099114451804048,0.2906602868218439,0.5059986278339946
8027,0.5591545793236986,0.7305751913103725,0.39987482690370907,0.7099114451804048,0.2906602868218439,0.5059986278339946
8028,0.5591545793236986,0.7305751913103725,0.39987482690370907,0.7099114451804048,0.2906602868218439,0.5059986278339946
8029,0.5591545793236986,0.7305751913103725,0.39987482690370907,0.7099114451804048,0.2906602868218439,0.5059986278339946
8030,0.5591545793236986,0.7305751913103725,0.39987482690370907,0.7099114451804048,0.2906602868218439,0.5059986278339946
8031,0.5591545793236986,0.7305751913103725,0.39987482690370907,0.7099114451804048,0.2906602868218439,0.5059986278339946
8032,0.5591545793236986,0.7305751913103725,0.39987482690370907,0.7099114451804048,0.2906602868218439,0.5059986278339946
8033,0.5591545793236986,0.7305751913103725,0.39987482690370907,0.7099114451804048,0.2906602868218439,0.5059986278339946
8034,0.5591545793236986,0.7305751913103725,0.39987482690370907,0.7099114451804048,0.2906602868218439,0.5059986278339946
8035,0.5591545793236986,0.7305751913103725,0.39987482690370907,0.7099114451804048,0.2906602868218439,0.5059986278339946
8036,0.5591545793236986,0.7305751913103725,0.39987482690370907,0.7099114451804048,0.2906602868218439,0.5059986278339946
8037,0.5591545793236986,0.7305751913103725,0.39987482690370907,0.7099114451804048,0.2906602868218439,0.5059986278339946
8038,0.5591545793236986,0.7305751913103725,0.39987482690370907,0.7099114451804048,0.2906602868218439,0.5059986278339946
8039,0.5591545793236986,0.7305751913103725,0.39987482690370907,0.7099114451804048,0.2906602868218439,0.5059986278339946
8040,0.5862429753127903,0.739124743039969,0.40236271123419426,0.7221521624797428,0.28997220647735705,0.5138736549499924
8041,0.5862429753127903,0.739124743039969,0.40236271123419426,0.7221521624797428,0.28997220647735705,0.5138736549499924
8042,0.5862429753127903,0.739124743039969,0.40236271123419426,0.7221521624797428,0.28997220647735705,0.5138736549499924
8043,0.5862429753127903,0.739124743039969,0.40236271123419426,0.7221521624797428,0.28997220647735705,0.5138736549499924
8044,0.5862429753127903,0.739124743039969,0.40236271123419426,0.7221521624797428,0.28997220647735705,0.5138736549499924
8045,0.5862429753127903,0.739124743039969,0.40236271123419426,0.7221521624797428,0.28997220647735705,0.5138736549499924
8046,0.5862429753127903,0.739124743039969,0.40236271123419426,0.7221521624797428,0.28997220647735705,0.5138736549499924
8047,0.5862429753127903,0.739124743039969,0.40236271123419426,0.7221521624797428,0.28997220647735705,0.5138736549499924
8048,0.5862429753127903,0.739124743039969,0.40236271123419426,0.7221521624797428,0.28997220647735705,0.5138736549499924
8049,0.5862429753127903,0.739124743039969,0.40236271123419426,0.7221521624797428,0.28997220647735705,0.5138736549499924
8050,0.5862429753127903,0.739124743039969,0.40236271123419426,0.7221521624797428,0.28997220647735705,0.5138736549499924
8051,0.5862429753127903,0.739124743039969,0.40236271123419426,0.7221521624797428,0.28997220647735705,0.5138736549499924
8052,0.5862429753127903,0.739124743039969,0.40236271123419426,0.7221521624797428,0.28997220647735705,0.5138736549499924
8053,0.5862429753127903,0.739124743039969,0.40236271123419426,0.7221521624797428,0.28997220647735705,0.5138736549499924
8054,0.5862429753127903,0.739124743039969,0.40236271123419426,0.7221521624797428,0.28997220647735705,0.5138736549499924
8055,0.5862429753127903,0.739124743039969,0.40236271123419426,0.7221521624797428,0.28997220647735705,0.5138736549499924
8056,0.5862429753127903,0.739124743039969,0.40236271123419426,0.7221521624797428,0.28997220647735705,0.5138736549499924
8057,0.5862429753127903,0.739124743039969,0.40236271123419426,0.7221521624797428,0.28997220647735705,0.5138736549499924
8058,0.5862429753127903,0.739124743039969,0.40236271123419426,0.7221521624797428,0.28997220647735705,0.5138736549499924
8059,0.5862429753127903,0.739124743039969,0.40236271123419426,0.7221521624797428,0.28997220647735705,0.5138736549499924
8060,0.5862429753127903,0.739124743039969,0.40236271123419426,0.7221521624797428,0.28997220647735705,0.5138736549499924
8061,0.5862429753127903,0.739124743039969,0.40236271123419426,0.7221521624797428,0.28997220647735705,0.5138736549499924
8062,0.5862429753127903,0.739124743039969,0.40236271123419426,0.7221521624797428,0.28997220647735705,0.5138736549499924
8063,0.5862429753127903,0.739124743039969,0.40236271123419426,0.7221521624797428,0.28997220647735705,0.5138736549499924
8064,0.6215924506537253,0.7498555293963537,0.40604195356403344,0.7365912767350208,0.28998387115004204,0.5235258536356907
8065,0.6215924506537253,0.7498555293963537,0.40604195356403344,0.7365912767350208,0.28998387115004204,0.5235258536356907
8066,0.6215924506537253,0.7498555293963537,0.40604195356403344,0.7365912767350208,0.28998387115004204,0.5235258536356907
8067,0.6215924506537253,0.7498555293963537,0.40604195356403344,0.7365912767350208,0.28998387115004204,0.5235258536356907
8068,0.6215924506537253,0.7498555293963537,0.40604195356403344,0.7365912767350208,0.28998387115004204,0.5235258536356907
8069,0.6215924506537253,0.7498555293963537,0.40604195356403344,0.7365912767350208,0.28998387115004204,0.5235258536356907
8070,0.6215924506537253,0.7498555293963537,0.40604195356403344,0.7365912767350208,0.28998387115004204,0.5235258536356907
8071,0.6215924506537253,0.7498555293963537,0.40604195356403344,0.7365912767350208,0.28998387115004204,0.5235258536356907
8072,0.6215924506537253,0.7498555293963537,0.40604195356403344,0.7365912767350208,0.28998387115004204,0.5235258536356907
8073,0.6215924506537253,0.7498555293963537,0.40604195356403344,0.7365912767350208,0.28998387115004204,0.5235258536356907
8074,0.6215924506537253,0.7498555293963537,0.40604195356403344,0.7365912767350208,0.28998387115004204,0.5235258536356907
8075,0.6215924506537253,0.7498555293963537,0.40604195356403344,0.7365912767350208,0.28998387115004204,0.5235258536356907
8076,0.6215924506537253,0.7498555293963537,0.40604195356403344,0.7365912767350208,0.28998387115004204,0.5235258536356907
8077,0.6215924506537253,0.7498555293963537,0.40604195356403344,0.7365912767350208,0.28998387115004204,0.5235258536356907
8078,0.6215924506537253,0.7498555293963537,0.40604195356403344,0.7365912767350208,0.28998387115004204,0.5235258536356907
8079,0.6215924506537253,0.7498555293963537,0.40604195356403344,0.7365912767350208,0.28998387115004204,0.5235258536356907
8080,0.6215924506537253,0.7498555293963537,0.40604195356403344,0.7365912767350208,0.28998387115004204,0.5235258536356907
8081,0.6215924506537253,0.7498555293963537,0.40604195356403344,0.7365912767350208,0.28998387115004204,0.5235258536356907
8082,0.6215924506537253,0.7498555293963537,0.40604195356403344,0.7365912767350208,0.28998387115004204,0.5235258536356907
8083,0.6215924506537253,0.7498555293963537,0.40604195356403344,0.7365912767350208,0.28998387115004204,0.5235258536356907
8084,0.6215924506537253,0.7498555293963537,0.40604195356403344,0.7365912767350208,0.28998387115004204,0.5235258536356907
8085,0.6215924506537253,0.7498555293963537,0.40604195356403344,0.7365912767350208,0.28998387115004204,0.5235258536356907
8086,0.6215924506537253,0.7498555293963537,0.40604195356403344,0.7365912767350208,0.28998387115004204,0.5235258536356907
8087,0.6215924506537253,0.7498555293963537,0.40604195356403344,0.7365912767350208,0.28998387115004204,0.5235258536356907
8088,0.6475521830164815,0.756313310482916,0.4069431547152063,0.7470213924454429,0.2877838839280242,0.53034423145952
8089,0.6475521830164815,0.756313310482916,0.4069431547152063,0.7470213924454429,0.2877838839280242,0.53034423145952
8090,0.6475521830164815,0.756313310482916,0.4069431547152063,0.7470213924454429,0.2877838839280242,0.53034423145952
8091,0.6475521830164815,0.756313310482916,0.4069431547152063,0.7470213924454429,0.2877838839280242,0.53034423145952
8092,0.6475521830164815,0.756313310482916,0.4069431547152063,0.7470213924454429,0.2877838839280242,0.53034423145952
8093,0.6475521830164815,0.756313310482916,0.4069431547152063,0.7470213924454429,0.2877838839280242,0.53034423145952
8094,0.6475521830164815,0.756313310482916,0.4069431547152063,0.7470213924454429,0.2877838839280242,0.53034423145952
8095,0.6475521830164815,0.756313310482916,0.4069431547152063,0.7470213924454429,0.2877838839280242,0.53034423145952
8096,0.6475521830164815,0.756313310482916,0.4069431547152063,0.7470213924454429,0.2877838839280242,0.53034423145952
8097,0.6475521830164815,0.756313310482916,0.4069431547152063,0.7470213924454429,0.2877838839280242,0.53034423145952
8098,0.6475521830164815,0.756313310482916,0.4069431547152063,0.7470213924454429,0.2877838839280242,0.53034423145952
8099,0.6475521830164815,0.756313310482916,0.4069431547152063,0.7470213924454429,0.2877838839280242,0.53034423145952
8100,0.6475521830164815,0.756313310482916,0.4069431547152063,0.7470213924454429,0.2877838839280242,0.53034423145952
8101,0.6475521830164815,0.756313310482916,0.4069431547152063,0.7470213924454429,0.2877838839280242,0.53034423145952
8102,0.6475521830164815,0.756313310482916,0.4069431547152063,0.7470213924454429,0.2877838839280242,0.53034423145952
8103,0.6475521830164815,0.756313310482916,0.4069431547152063,0.7470213924454429,0.2877838839280242,0.53034423145952
8104,0.6475521830164815,0.756313310482916,0.4069431547152063,0.7470213924454429,0.2877838839280242,0.53034423145952
8105,0.6475521830164815,0.756313310482916,0.4069431547152063,0.7470213924454429,0.2877838839280242,0.53034423145952
8106,0.6475521830164815,0.756313310482916,0.4069431547152063,0.7470213924454429,0.2877838839280242,0.53034423145952
8107,0.6475521830164815,0.756313310482916,0.4069431547152063,0.7470213924454429,0.2877838839280242,0.53034423145952
8108,0.6475521830164815,0.756313310482916,0.4069431547152063,0.7470213924454429,0.2877838839280242,0.53034423145952
8109,0.6475521830164815,0.756313310482916,0.4069431547152063,0.7470213924454429,0.2877838839280242,0.53034423145952
8110,0.6475521830164815,0.756313310482916,0.4069431547152063,0.7470213924454429,0.2877838839280242,0.53034423145952
8111,0.6475521830164815,0.756313310482916,0.4069431547152063,0.7470213924454429,0.2877838839280242,0.53034423145952
8112,0.6750580953131983,0.7629727288698199,0.40789019850814445,0.757787993302804,0.28546391870417637,0.5374789415507211
8113,0.6750580953131983,0.7629727288698199,0.40789019850814445,0.757787993302804,0.28546391870417637,0.5374789415507211
8114,0.6750580953131983,0.7629727288698199,0.40789019850814445,0.757787993302804,0.28546391870417637,0.5374789415507211
8115,0.6750580953131983,0.7629727288698199,0.40789019850814445,0.757787993302804,0.28546391870417637,0.5374789415507211
8116,0.6750580953131983,0.7629727288698199,0.40789019850814445,0.757787993302804,0.28546391870417637,0.5374789415507211
8117,0.6750580953131983,0.7629727288698199,0.40789019850814445,0.757787993302804,0.28546391870417637,0.5374789415507211
8118,0.6750580953131983,0.7629727288698199,0.40789019850814445,0.757787993302804,0.28546391870417637,0.5374789415507211
8119,0.6750580953131983,0.7629727288698199,0.40789019850814445,0.757787993302804,0.28546391870417637,0.5374789415507211
8120,0.6750580953131983,0.7629727288698199,0.40789019850814445,0.757787993302804,0.28546391870417637,0.5374789415507211
8121,0.6750580953131983,0.7629727288698199,0.40789019850814445,0.757787993302804,0.28546391870417637,0.5374789415507211
8122,0.6750580953131983,0.7629727288698199,0.40789019850814445,0.757787993302804,0.28546391870417637,0.5374789415507211
8123,0.6750580953131983,0.7629727288698199,0.40789019850814445,0.757787993302804,0.28546391870417637,0.5374789415507211
8124,0.6750580953131983,0.7629727288698199,0.40789019850814445,0.757787993302804,0.28546391870417637,0.5374789415507211
8125,0.6750580953131983,0.7629727288698199,0.40789019850814445,0.757787993302804,0.28546391870417637,0.5374789415507211
8126,0.6750580953131983,0.7629727288698199,0.40789019850814445,0.757787993302804,0.28546391870417637,0.5374789415507211
8127,0.6750580953131983,0.7629727288698199,0.40789019850814445,0.757787993302804,0.28546391870417637,0.5374789415507211
8128,0.6750580953131983,0.7629727288698199,0.40789019850814445,0.757787993302804,0.28546391870417637,0.5374789415507211
8129,0.6750580953131983,0.7629727288698199,0.40789019850814445,0.757787993302804,0.28546391870417637,0.5374789415507211
8130,0.6750580953131983,0.7629727288698199,0.40789019850814445,0.757787993302804,0.28546391870417637,0.5374789415507211
8131,0.6750580953131983,0.7629727288698199,0.40789019850814445,0.757787993302804,0.28546391870417637,0.5374789415507211
8132,0.6750580953131983,0.7629727288698199,0.40789019850814445,0.757787993302804,0.28546391870417637,0.5374789415507211
8133,0.6750580953131983,0.7629727288698199,0.40789019850814445,0.757787993302804,0.28546391870417637,0.5374789415507211
8134,0.6750580953131983,0.7629727288698199,0.40789019850814445,0.757787993302804,0.28546391870417637,0.5374789415507211
8135,0.6750580953131983,0.7629727288698199,0.40789019850814445,0.757787993302804,0.28546391870417637,0.5374789415507211
8136,0.711560795144658,0.7716302246260632,0.40949735663953923,0.7708854993013218,0.28305567606755205,0.546373136450972
8137,0.711560795144658,0.7716302246260632,0.40949735663953923,0.7708854993013218,0.28305567606755205,0.546373136450972
8138,0.711560795144658,0.7716302246260632,0.40949735663953923,0.7708854993013218,0.28305567606755205,0.546373136450972
8139,0.711560795144658,0.7716302246260632,0.40949735663953923,0.7708854993013218,0.28305567606755205,0.546373136450972
8140,0.711560795144658,0.7716302246260632,0.40949735663953923,0.7708854993013218,0.28305567606755205,0.546373136450972
8141,0.711560795144658,0.7716302246260632,0.40949735663953923,0.7708854993013218,0.28305567606755205,0.546373136450972
8142,0.711560795144658,0.7716302246260632,0.40949735663953923,0.7708854993013218,0.28305567606755205,0.546373136450972
8143,0.711560795144658,0.7716302246260632,0.40949735663953923,0.7708854993013218,0.28305567606755205,0.546373136450972
8144,0.711560795144658,0.7716302246260632,0.40949735663953923,0.7708854993013218,0.28305567606755205,0.546373136450972
8145,0.711560795144658,0.7716302246260632,0.40949735663953923,0.7708854993013218,0.28305567606755205,0.546373136450972
8146,0.711560795144658,0.7716302246260632,0.40949735663953923,0.7708854993013218,0.28305567606755205,0.546373136450972
8147,0.711560795144658,0.7716302246260632,0.40949735663953923,0.7708854993013218,0.28305567606755205,0.546373136450972
8148,0.711560795144658,0.7716302246260632,0.40949735663953923,0.7708854993013218,0.28305567606755205,0.546373136450972
8149,0.711560795144658,0.7716302246260632,0.40949735663953923,0.7708854993013218,0.28305567606755205,0.546373136450972
8150,0.711560795144658,0.7716302246260632,0.40949735663953923,0.7708854993013218,0.28305567606755205,0.546373136450972
8151,0.711560795144658,0.7716302246260632,0.40949735663953923,0.7708854993013218,0.28305567606755205,0.546373136450972
8152,0.711560795144658,0.7716302246260632,0.40949735663953923,0.7708854993013218,0.28305567606755205,0.546373136450972
8153,0.711560795144658,0.7716302246260632,0.40949735663953923,0.7708854993013218,0.28305567606755205,0.546373136450972
8154,0.711560795144658,0.7716302246260632,0.40949735663953923,0.7708854993013218,0.28305567606755205,0.546373136450972
8155,0.711560795144658,0.7716302246260632,0.40949735663953923,0.7708854993013218,0.28305567606755205,0.546373136450972
8156,0.711560795144658,0.7716302246260632,0.40949735663953923,0.7708854993013218,0.28305567606755205,0.546373136450972
8157,0.711560795144658,0.7716302246260632,0.40949735663953923,0.7708854993013218,0.28305567606755205,0.546373136450972
8158,0.711560795144658,0.7716302246260632,0.40949735663953923,0.7708854993013218,0.28305567606755205,0.546373136450972
8159,0.711560795144658,0.7716302246260632,0.40949735663953923,0.7708854993013218,0.28305567606755205,0.546373136450972
8160,0.7530285307243406,0.7815573898235993,0.41173898402916204,0.7853129032785914,0.28070173150830835,0.5562185411134799
8161,0.7530285307243406,0.7815573898235993,0.41173898402916204,0.7853129032785914,0.28070173150830835,0.5562185411134799
8162,0.7530285307243406,0.7815573898235993,0.41173898402916204,0.7853129032785914,0.28070173150830835,0.5562185411134799
8163,0.7530285307243406,0.7815573898235993,0.41173898402916204,0.7853129032785914,0.28070173150830835,0.5562185411134799
8164,0.7530285307243406,0.7815573898235993,0.41173898402916204,0.7853129032785914,0.28070173150830835,0.5562185411134799
8165,0.7530285307243406,0.7815573898235993,0.41173898402916204,0.7853129032785914,0.28070173150830835,0.5562185411134799
8166,0.7530285307243406,0.7815573898235993,0.41173898402916204,0.7853129032785914,0.28070173150830835,0.5562185411134799
8167,0.7530285307243406,0.7815573898235993,0.41173898402916204,0.7853129032785914,0.28070173150830835,0.5562185411134799
8168,0.7530285307243406,0.7815573898235993,0.41173898402916204,0.7853129032785914,0.28070173150830835,0.5562185411134799
8169,0.7530285307243406,0.7815573898235993,0.41173898402916204,0.7853129032785914,0.28070173150830835,0.5562185411134799
8170,0.7530285307243406,0.7815573898235993,0.41173898402916204,0.7853129032785914,0.28070173150830835,0.5562185411134799
8171,0.7530285307243406,0.7815573898235993,0.41173898402916204,0.7853129032785914,0.28070173150830835,0.5562185411134799
8172,0.7530285307243406,0.7815573898235993,0.41173898402916204,0.7853129032785914,0.28070173150830835,0.5562185411134799
8173,0.7530285307243406,0.7815573898235993,0.41173898402916204,0.7853129032785914,0.28070173150830835,0.5562185411134799
8174,0.7530285307243406,0.7815573898235993,0.41173898402916204,0.7853129032785914,0.28070173150830835,0.5562185411134799
8175,0.7530285307243406,0.7815573898235993,0.41173898402916204,0.7853129032785914,0.28070173150830835,0.5562185411134799
8176,0.7530285307243406,0.7815573898235993,0.41173898402916204,0.7853129032785914,0.28070173150830835,0.5562185411134799
8177,0.7530285307243406,0.7815573898235993,0.41173898402916204,0.7853129032785914,0.28070173150830835,0.5562185411134799
8178,0.7530285307243406,0.7815573898235993,0.41173898402916204,0.7853129032785914,0.28070173150830835,0.5562185411134799
8179,0.7530285307243406,0.7815573898235993,0.41173898402916204,0.7853129032785914,0.28070173150830835,0.5562185411134799
8180,0.7530285307243406,0.7815573898235993,0.41173898402916204,0.7853129032785914,0.28070173150830835,0.5562185411134799
8181,0.7530285307243406,0.7815573898235993,0.41173898402916204,0.7853129032785914,0.28070173150830835,0.5562185411134799
8182,0.7530285307243406,0.7815573898235993,0.41173898402916204,0.7853129032785914,0.28070173150830835,0.5562185411134799
8183,0.7530285307243406,0.7815573898235993,0.41173898402916204,0.7853129032785914,0.28070173150830835,0.5562185411134799
8184,0.7972076254087223,0.7938112370338403,0.41578911798299095,0.8015127268283596,0.2800234074632357,0.5673911450499938
8185,0.7972076254087223,0.7938112370338403,0.41578911798299095,0.8015127268283596,0.2800234074632357,0.5673911450499938
8186,0.7972076254087223,0.7938112370338403,0.41578911798299095,0.8015127268283596,0.2800234074632357,0.5673911450499938
8187,0.7972076254087223,0.7938112370338403,0.41578911798299095,0.8015127268283596,0.2800234074632357,0.5673911450499938
8188,0.7972076254087223,0.7938112370338403,0.41578911798299095,0.8015127268283596,0.2800234074632357,0.5673911450499938
8189,0.7972076254087223,0.7938112370338403,0.41578911798299095,0.8015127268283596,0.2800234074632357,0.5673911450499938
8190,0.7972076254087223,0.7938112370338403,0.41578911798299095,0.8015127268283596,0.2800234074632357,0.5673911450499938
8191,0.7972076254087223,0.7938112370338403,0.41578911798299095,0.8015127268283596,0.2800234074632357,0.5673911450499938
8192,0.7972076254087223,0.7938112370338403,0.41578911798299095,0.8015127268283596,0.2800234074632357,0.5673911450499938
8193,0.7972076254087223,0.7938112370338403,0.41578911798299095,0.8015127268283596,0.2800234074632357,0.5673911450499938
8194,0.7972076254087223,0.7938112370338403,0.41578911798299095,0.8015127268283596,0.2800234074632357,0.5673911450499938
8195,0.7972076254087223,0.7938112370338403,0.41578911798299095,0.8015127268283596,0.2800234074632357,0.5673911450499938
8196,0.7972076254087223,0.7938112370338403,0.41578911798299095,0.8015127268283596,0.2800234074632357,0.5673911450499938
8197,0.7972076254087223,0.7938112370338403,0.41578911798299095,0.8015127268283596,0.2800234074632357,0.5673911450499938
8198,0.7972076254087223,0.7938112370338403,0.41578911798299095,0.8015127268283596,0.2800234074632357,0.5673911450499938
8199,0.7972076254087223,0.7938112370338403,0.41578911798299095,0.8015127268283596,0.2800234074632357,0.5673911450499938
8200,0.7972076254087223,0.7938112370338403,0.41578911798299095,0.8015127268283596,0.2800234074632357,0.5673911450499938
8201,0.7972076254087223,0.7938112370338403,0.41578911798299095,0.8015127268283596,0.2800234074632357,0.5673911450499938
8202,0.7972076254087223,0.7938112370338403,0.41578911798299095,0.8015127268283596,0.2800234074632357,0.5673911450499938
8203,0.7972076254087223,0.7938112370338403,0.41578911798299095,0.8015127268283596,0.2800234074632357,0.5673911450499938
8204,0.7972076254087223,0.7938112370338403,0.41578911798299095,0.8015127268283596,0.2800234074632357,0.5673911450499938
8205,0.7972076254087223,0.7938112370338403,0.41578911798299095,0.8015127268283596,0.2800234074632357,0.5673911450499938
8206,0.7972076254087223,0.7938112370338403,0.41578911798299095,0.8015127268283596,0.2800234074632357,0.5673911450499938
8207,0.7972076254087223,0.7938112370338403,0.41578911798299095,0.8015127268283596,0.2800234074632357,0.5673911450499938
8208,0.8331696203762294,0.8026111412924614,0.41762368066200534,0.8117984460165152,0.2778852345329378,0.5736416722645964
8209,0.8331696203762294,0.8026111412924614,0.41762368066200534,0.8117984460165152,0.2778852345329378,0.5736416722645964
8210,0.8331696203762294,0.8026111412924614,0.41762368066200534,0.8117984460165152,0.2778852345329378,0.5736416722645964
8211,0.8331696203762294,0.8026111412924614,0.41762368066200534,0.8117984460165152,0.2778852345329378,0.5736416722645964
8212,0.8331696203762294,0.8026111412924614,0.41762368066200534,0.8117984460165152,0.2778852345329378,0.5736416722645964
8213,0.8331696203762294,0.8026111412924614,0.41762368066200534,0.8117984460165152,0.2778852345329378,0.5736416722645964
8214,0.8331696203762294,0.8026111412924614,0.41762368066200534,0.8117984460165152,0.2778852345329378,0.5736416722645964
8215,0.8331696203762294,0.8026111412924614,0.41762368066200534,0.8117984460165152,0.2778852345329378,0.5736416722645964
8216,0.8331696203762294,0.8026111412924614,0.41762368066200534,0.8117984460165152,0.2778852345329378,0.5736416722645964
8217,0.8331696203762294,0.8026111412924614,0.41762368066200534,0.8117984460165152,0.2778852345329378,0.5736416722645964
8218,0.8331696203762294,0.8026111412924614,0.41762368066200534,0.8117984460165152,0.2778852345329378,0.5736416722645964
8219,0.8331696203762294,0.8026111412924614,0.41762368066200534,0.8117984460165152,0.2778852345329378,0.5736416722645964
8220,0.8331696203762294,0.8026111412924614,0.41762368066200534,0.8117984460165152,0.2778852345329378,0.5736416722645964
8221,0.8331696203762294,0.8026111412924614,0.41762368066200534,0.8117984460165152,0.2778852345329378,0.5736416722645964
8222,0.8331696203762294,0.8026111412924614,0.41762368066200534,0.8117984460165152,0.2778852345329378,0.5736416722645964
8223,0.8331696203762294,0.8026111412924614,0.41762368066200534,0.8117984460165152,0.2778852345329378,0.5736416722645964
8224,0.8331696203762294,0.8026111412924614,0.41762368066200534,0.8117984460165152,0.2778852345329378,0.5736416722645964
8225,0.8331696203762294,0.8026111412924614,0.41762368066200534,0.8117984460165152,0.2778852345329378,0.5736416722645964
8226,0.8331696203762294,0.8026111412924614,0.41762368066200534,0.8117984460165152,0.2778852345329378,0.5736416722645964
8227,0.8331696203762294,0.8026111412924614,0.41762368066200534,0.8117984460165152,0.2778852345329378,0.5736416722645964
8228,0.8331696203762294,0.8026111412924614,0.41762368066200534,0.8117984460165152,0.2778852345329378,0.5736416722645964
8229,0.8331696203762294,0.8026111412924614,0.41762368066200534,0.8117984460165152,0.2778852345329378,0.5736416722645964
8230,0.8331696203762294,0.8026111412924614,0.41762368066200534,0.8117984460165152,0.2778852345329378,0.5736416722645964
8231,0.8331696203762294,0.8026111412924614,0.41762368066200534,0.8117984460165152,0.2778852345329378,0.5736416722645964
8232,0.8574957788056566,0.8081339309432267,0.41781648089549167,0.8132367881697217,0.27521878627768664,0.5766774586950771
8233,0.8574957788056566,0.8081339309432267,0.41781648089549167,0.8132367881697217,0.27521878627768664,0.5766774586950771
8234,0.8574957788056566,0.8081339309432267,0.41781648089549167,0.8132367881697217,0.27521878627768664,0.5766774586950771
8235,0.8574957788056566,0.8081339309432267,0.41781648089549167,0.8132367881697217,0.27521878627768664,0.5766774586950771
8236,0.8574957788056566,0.8081339309432267,0.41781648089549167,0.8132367881697217,0.27521878627768664,0.5766774586950771
8237,0.8574957788056566,0.8081339309432267,0.41781648089549167,0.8132367881697217,0.27521878627768664,0.5766774586950771
8238,0.8574957788056566,0.8081339309432267,0.41781648089549167,0.8132367881697217,0.27521878627768664,0.5766774586950771
8239,0.8574957788056566,0.8081339309432267,0.41781648089549167,0.8132367881697217,0.27521878627768664,0.5766774586950771
8240,0.8574957788056566,0.8081339309432267,0.41781648089549167,0.8132367881697217,0.27521878627768664,0.5766774586950771
8241,0.8574957788056566,0.8081339309432267,0.41781648089549167,0.8132367881697217,0.27521878627768664,0.5766774586950771
8242,0.8574957788056566,0.8081339309432267,0.41781648089549167,0.8132367881697217,0.27521878627768664,0.5766774586950771
8243,0.8574957788056566,0.8081339309432267,0.41781648089549167,0.8132367881697217,0.27521878627768664,0.5766774586950771
8244,0.8574957788056566,0.8081339309432267,0.41781648089549167,0.8132367881697217,0.27521878627768664,0.5766774586950771
8245,0.8574957788056566,0.8081339309432267,0.41781648089549167,0.8132367881697217,0.27521878627768664,0.5766774586950771
8246,0.8574957788056566,0.8081339309432267,0.41781648089549167,0.8132367881697217,0.27521878627768664,0.5766774586950771
8247,0.8574957788056566,0.8081339309432267,0.41781648089549167,0.8132367881697217,0.27521878627768664,0.5766774586950771
8248,0.8574957788056566,0.8081339309432267,0.41781648089549167,0.8132367881697217,0.27521878627768664,0.5766774586950771
8249,0.8574957788056566,0.8081339309432267,0.41781648089549167,0.8132367881697217,0.27521878627768664,0.5766774586950771
8250,0.8574957788056566,0.8081339309432267,0.41781648089549167,0.8132367881697217,0.27521878627768664,0.5766774586950771
8251,0.8574957788056566,0.8081339309432267,0.41781648089549167,0.8132367881697217,0.27521878627768664,0.5766774586950771
8252,0.8574957788056566,0.8081339309432267,0.41781648089549167,0.8132367881697217,0.27521878627768664,0.5766774586950771
8253,0.8574957788056566,0.8081339309432267,0.41781648089549167,0.8132367881697217,0.27521878627768664,0.5766774586950771
8254,0.8574957788056566,0.8081339309432267,0.41781648089549167,0.8132367881697217,0.27521878627768664,0.5766774586950771
8255,0.8574957788056566,0.8081339309432267,0.41781648089549167,0.8132367881697217,0.27521878627768664,0.5766774586950771
8256,0.880364705892101,0.812205123555995,0.41684693861709116,0.8144925323871554,0.2714880504943514,0.5793709021122383
8257,0.880364705892101,0.812205123555995,0.41684693861709116,0.8144925323871554,0.2714880504943514,0.5793709021122383
8258,0.880364705892101,0.812205123555995,0.41684693861709116,0.8144925323871554,0.2714880504943514,0.5793709021122383
8259,0.880364705892101,0.812205123555995,0.41684693861709116,0.8144925323871554,0.2714880504943514,0.5793709021122383
8260,0.880364705892101,0.812205123555995,0.41684693861709116,0.8144925323871554,0.2714880504943514,0.5793709021122383
8261,0.880364705892101,0.812205123555995,0.41684693861709116,0.8144925323871554,0.2714880504943514,0.5793709021122383
8262,0.880364705892101,0.812205123555995,0.41684693861709116,0.8144925323871554,0.2714880504943514,0.5793709021122383
8263,0.880364705892101,0.812205123555995,0.41684693861709116,0.8144925323871554,0.2714880504943514,0.5793709021122383
8264,0.880364705892101,0.812205123555995,0.41684693861709116,0.8144925323871554,0.2714880504943514,0.5793709021122383
8265,0.880364705892101,0.812205123555995,0.41684693861709116,0.8144925323871554,0.2714880504943514,0.5793709021122383
8266,0.880364705892101,0.812205123555995,0.41684693861709116,0.8144925323871554,0.2714880504943514,0.5793709021122383
8267,0.880364705892101,0.812205123555995,0.41684693861709116,0.8144925323871554,0.2714880504943514,0.5793709021122383
8268,0.880364705892101,0.812205123555995,0.41684693861709116,0.8144925323871554,0.2714880504943514,0.5793709021122383
8269,0.880364705892101,0.812205123555995,0.41684693861709116,0.8144925323871554,0.2714880504943514,0.5793709021122383
8270,0.880364705892101,0.812205123555995,0.41684693861709116,0.8144925323871554,0.2714880504943514,0.5793709021122383
8271,0.880364705892101,0.812205123555995,0.41684693861709116,0.8144925323871554,0.2714880504943514,0.5793709021122383
8272,0.880364705892101,0.812205123555995,0.41684693861709116,0.8144925323871554,0.2714880504943514,0.5793709021122383
8273,0.880364705892101,0.812205123555995,0.41684693861709116,0.8144925323871554,0.2714880504943514,0.5793709021122383
8274,0.880364705892101,0.812205123555995,0.41684693861709116,0.8144925323871554,0.2714880504943514,0.5793709021122383
8275,0.880364705892101,0.812205123555995,0.41684693861709116,0.8144925323871554,0.2714880504943514,0.5793709021122383
8276,0.880364705892101,0.812205123555995,0.41684693861709116,0.8144925323871554,0.2714880504943514,0.5793709021122383
8277,0.880364705892101,0.812205123555995,0.41684693861709116,0.8144925323871554,0.2714880504943514,0.5793709021122383
8278,0.880364705892101,0.812205123555995,0.41684693861709116,0.8144925323871554,0.2714880504943514,0.5793709021122383
8279,0.880364705892101,0.812205123555995,0.41684693861709116,0.8144925323871554,0.2714880504943514,0.5793709021122383
8280,0.8836264658320666,0.8136017334320919,0.4178424644562309,0.8146968380195321,0.27211232719141115,0.5797946177448157
8281,0.8836264658320666,0.8136017334320919,0.4178424644562309,0.8146968380195321,0.27211232719141115,0.5797946177448157
8282,0.8836264658320666,0.8136017334320919,0.4178424644562309,0.8146968380195321,0.27211232719141115,0.5797946177448157
8283,0.8836264658320666,0.8136017334320919,0.4178424644562309,0.8146968380195321,0.27211232719141115,0.5797946177448157
8284,0.8836264658320666,0.8136017334320919,0.4178424644562309,0.8146968380195321,0.27211232719141115,0.5797946177448157
8285,0.8836264658320666,0.8136017334320919,0.4178424644562309,0.8146968380195321,0.27211232719141115,0.5797946177448157
8286,0.8836264658320666,0.8136017334320919,0.4178424644562309,0.8146968380195321,0.27211232719141115,0.5797946177448157
8287,0.8836264658320666,0.8136017334320919,0.4178424644562309,0.8146968380195321,0.27211232719141115,0.5797946177448157
8288,0.8836264658320666,0.8136017334320919,0.4178424644562309,0.8146968380195321,0.27211232719141115,0.5797946177448157
8289,0.8836264658320666,0.8136017334320919,0.4178424644562309,0.8146968380195321,0.27211232719141115,0.5797946177448157
8290,0.8836264658320666,0.8136017334320919,0.4178424644562309,0.8146968380195321,0.27211232719141115,0.5797946177448157
8291,0.8836264658320666,0.8136017334320919,0.4178424644562309,0.8146968380195321,0.27211232719141115,0.5797946177448157
8292,0.8836264658320666,0.8136017334320919,0.4178424644562309,0.8146968380195321,0.27211232719141115,0.5797946177448157
8293,0.8836264658320666,0.8136017334320919,0.4178424644562309,0.8146968380195321,0.27211232719141115,0.5797946177448157
8294,0.8836264658320666,0.8136017334320919,0.4178424644562309,0.8146968380195321,0.27211232719141115,0.5797946177448157
8295,0.8836264658320666,0.8136017334320919,0.4178424644562309,0.8146968380195321,0.27211232719141115,0.5797946177448157
8296,0.8836264658320666,0.8136017334320919,0.4178424644562309,0.8146968380195321,0.27211232719141115,0.5797946177448157
8297,0.8836264658320666,0.8136017334320919,0.4178424644562309,0.8146968380195321,0.27211232719141115,0.5797946177448157
8298,0.8836264658320666,0.8136017334320919,0.4178424644562309,0.8146968380195321,0.27211232719141115,0.5797946177448157
8299,0.8836264658320666,0.8136017334320919,0.4178424644562309,0.8146968380195321,0.27211232719141115,0.5797946177448157
8300,0.8836264658320666,0.8136017334320919,0.4178424644562309,0.8146968380195321,0.27211232719141115,0.5797946177448157
8301,0.8836264658320666,0.8136017334320919,0.4178424644562309,0.8146968380195321,0.27211232719141115,0.5797946177448157
8302,0.8836264658320666,0.8136017334320919,0.4178424644562309,0.8146968380195321,0.27211232719141115,0.5797946177448157
8303,0.8836264658320666,0.8136017334320919,0.4178424644562309,0.8146968380195321,0.27211232719141115,0.5797946177448157
8304,0.8951871257267238,0.819208170369096,0.4216709269986622,0.8154841505236877,0.2745836380915174,0.5815267077117462
8305,0.8951871257267238,0.819208170369096,0.4216709269986622,0.8154841505236877,0.2745836380915174,0.5815267077117462
8306,0.8951871257267238,0.819208170369096,0.4216709269986622,0.8154841505236877,0.2745836380915174,0.5815267077117462
8307,0.8951871257267238,0.819208170369096,0.4216709269986622,0.8154841505236877,0.2745836380915174,0.5815267077117462
8308,0.8951871257267238,0.819208170369096,0.4216709269986622,0.8154841505236877,0.2745836380915174,0.5815267077117462
8309,0.8951871257267238,0.819208170369096,0.4216709269986622,0.8154841505236877,0.2745836380915174,0.5815267077117462
8310,0.8951871257267238,0.819208170369096,0.4216709269986622,0.8154841505236877,0.2745836380915174,0.5815267077117462
8311,0.8951871257267238,0.819208170369096,0.4216709269986622,0.8154841505236877,0.2745836380915174,0.5815267077117462
8312,0.8951871257267238,0.819208170369096,0.4216709269986622,0.8154841505236877,0.2745836380915174,0.5815267077117462
8313,0.8951871257267238,0.819208170369096,0.4216709269986622,0.8154841505236877,0.2745836380915174,0.5815267077117462
8314,0.8951871257267238,0.819208170369096,0.4216709269986622,0.8154841505236877,0.2745836380915174,0.5815267077117462
8315,0.8951871257267238,0.819208170369096,0.4216709269986622,0.8154841505236877,0.2745836380915174,0.5815267077117462
8316,0.8951871257267238,0.819208170369096,0.4216709269986622,0.8154841505236877,0.2745836380915174,0.5815267077117462
8317,0.8951871257267238,0.819208170369096,0.4216709269986622,0.8154841505236877,0.2745836380915174,0.5815267077117462
8318,0.8951871257267238,0.819208170369096,0.4216709269986622,0.8154841505236877,0.2745836380915174,0.5815267077117462
8319,0.8951871257267238,0.819208170369096,0.4216709269986622,0.8154841505236877,0.2745836380915174,0.5815267077117462
8320,0.8951871257267238,0.819208170369096,0.4216709269986622,0.8154841505236877,0.2745836380915174,0.5815267077117462
8321,0.8951871257267238,0.819208170369096,0.4216709269986622,0.8154841505236877,0.2745836380915174,0.5815267077117462
8322,0.8951871257267238,0.819208170369096,0.4216709269986622,0.8154841505236877,0.2745836380915174,0.5815267077117462
8323,0.8951871257267238,0.819208170369096,0.4216709269986622,0.8154841505236877,0.2745836380915174,0.5815267077117462
8324,0.8951871257267238,0.819208170369096,0.4216709269986622,0.8154841505236877,0.2745836380915174,0.5815267077117462
8325,0.8951871257267238,0.819208170369096,0.4216709269986622,0.8154841505236877,0.2745836380915174,0.5815267077117462
8326,0.8951871257267238,0.819208170369096,0.4216709269986622,0.8154841505236877,0.2745836380915174,0.5815267077117462
8327,0.8951871257267238,0.819208170369096,0.4216709269986622,0.8154841505236877,0.2745836380915174,0.5815267077117462
8328,0.8978093851783933,0.8205533241570079,0.42259745141275923,0.8156739343091225,0.2752223699180268,0.581950394149488
8329,0.8978093851783933,0.8205533241570079,0.42259745141275923,0.8156739343091225,0.2752223699180268,0.581950394149488
8330,0.8978093851783933,0.8205533241570079,0.42259745141275923,0.8156739343091225,0.2752223699180268,0.581950394149488
8331,0.8978093851783933,0.8205533241570079,0.42259745141275923,0.8156739343091225,0.2752223699180268,0.581950394149488
8332,0.8978093851783933,0.8205533241570079,0.42259745141275923,0.8156739343091225,0.2752223699180268,0.581950394149488
8333,0.8978093851783933,0.8205533241570079,0.42259745141275923,0.8156739343091225,0.2752223699180268,0.581950394149488
8334,0.8978093851783933,0.8205533241570079,0.42259745141275923,0.8156739343091225,0.2752223699180268,0.581950394149488
8335,0.8978093851783933,0.8205533241570079,0.42259745141275923,0.8156739343091225,0.2752223699180268,0.581950394149488
8336,0.8978093851783933,0.8205533241570079,0.42259745141275923,0.8156739343091225,0.2752223699180268,0.581950394149488
8337,0.8978093851783933,0.8205533241570079,0.42259745141275923,0.8156739343091225,0.2752223699180268,0.581950394149488
8338,0.8978093851783933,0.8205533241570079,0.42259745141275923,0.8156739343091225,0.2752223699180268,0.581950394149488
8339,0.8978093851783933,0.8205533241570079,0.42259745141275923,0.8156739343091225,0.2752223699180268,0.581950394149488
8340,0.8978093851783933,0.8205533241570079,0.42259745141275923,0.8156739343091225,0.2752223699180268,0.581950394149488
8341,0.8978093851783933,0.8205533241570079,0.42259745141275923,0.8156739343091225,0.2752223699180268,0.581950394149488
8342,0.8978093851783933,0.8205533241570079,0.42259745141275923,0.8156739343091225,0.2752223699180268,0.581950394149488
8343,0.8978093851783933,0.8205533241570079,0.42259745141275923,0.8156739343091225,0.2752223699180268,0.581950394149488
8344,0.8978093851783933,0.8205533241570079,0.42259745141275923,0.8156739343091225,0.2752223699180268,0.581950394149488
8345,0.8978093851783933,0.8205533241570079,0.42259745141275923,0.8156739343091225,0.2752223699180268,0.581950394149488
8346,0.8978093851783933,0.8205533241570079,0.42259745141275923,0.8156739343091225,0.2752223699180268,0.581950394149488
8347,0.8978093851783933,0.8205533241570079,0.42259745141275923,0.8156739343091225,0.2752223699180268,0.581950394149488
8348,0.8978093851783933,0.8205533241570079,0.42259745141275923,0.8156739343091225,0.2752223699180268,0.581950394149488
8349,0.8978093851783933,0.8205533241570079,0.42259745141275923,0.8156739343091225,0.2752223699180268,0.581950394149488
8350,0.8978093851783933,0.8205533241570079,0.42259745141275923,0.8156739343091225,0.2752223699180268,0.581950394149488
8351,0.8978093851783933,0.8205533241570079,0.42259745141275923,0.8156739343091225,0.2752223699180268,0.581950394149488
8352,0.8846770526543924,0.8143899466648258,0.4184576476718073,0.8147986679987015,0.27210372730250815,0.5800160842256757
8353,0.8846770526543924,0.8143899466648258,0.4184576476718073,0.8147986679987015,0.27210372730250815,0.5800160842256757
8354,0.8846770526543924,0.8143899466648258,0.4184576476718073,0.8147986679987015,0.27210372730250815,0.5800160842256757
8355,0.8846770526543924,0.8143899466648258,0.4184576476718073,0.8147986679987015,0.27210372730250815,0.5800160842256757
8356,0.8846770526543924,0.8143899466648258,0.4184576476718073,0.8147986679987015,0.27210372730250815,0.5800160842256757
8357,0.8846770526543924,0.8143899466648258,0.4184576476718073,0.8147986679987015,0.27210372730250815,0.5800160842256757
8358,0.8846770526543924,0.8143899466648258,0.4184576476718073,0.8147986679987015,0.27210372730250815,0.5800160842256757
8359,0.8846770526543924,0.8143899466648258,0.4184576476718073,0.8147986679987015,0.27210372730250815,0.5800160842256757
8360,0.8846770526543924,0.8143899466648258,0.4184576476718073,0.8147986679987015,0.27210372730250815,0.5800160842256757
8361,0.8846770526543924,0.8143899466648258,0.4184576476718073,0.8147986679987015,0.27210372730250815,0.5800160842256757
8362,0.8846770526543924,0.8143899466648258,0.4184576476718073,0.8147986679987015,0.27210372730250815,0.5800160842256757
8363,0.8846770526543924,0.8143899466648258,0.4184576476718073,0.8147986679987015,0.27210372730250815,0.5800160842256757
8364,0.8846770526543924,0.8143899466648258,0.4184576476718073,0.8147986679987015,0.27210372730250815,0.5800160842256757
8365,0.8846770526543924,0.8143899466648258,0.4184576476718073,0.8147986679987015,0.27210372730250815,0.5800160842256757
8366,0.8846770526543924,0.8143899466648258,0.4184576476718073,0.8147986679987015,0.27210372730250815,0.5800160842256757
8367,0.8846770526543924,0.8143899466648258,0.4184576476718073,0.8147986679987015,0.27210372730250815,0.5800160842256757
8368,0.8846770526543924,0.8143899466648258,0.4184576476718073,0.8147986679987015,0.27210372730250815,0.5800160842256757
8369,0.8846770526543924,0.8143899466648258,0.4184576476718073,0.8147986679987015,0.27210372730250815,0.5800160842256757
8370,0.8846770526543924,0.8143899466648258,0.4184576476718073,0.8147986679987015,0.27210372730250815,0.5800160842256757
8371,0.8846770526543924,0.8143899466648258,0.4184576476718073,0.8147986679987015,0.27210372730250815,0.5800160842256757
8372,0.8846770526543924,0.8143899466648258,0.4184576476718073,0.8147986679987015,0.27210372730250815,0.5800160842256757
8373,0.8846770526543924,0.8143899466648258,0.4184576476718073,0.8147986679987015,0.27210372730250815,0.5800160842256757
8374,0.8846770526543924,0.8143899466648258,0.4184576476718073,0.8147986679987015,0.27210372730250815,0.5800160842256757
8375,0.8846770526543924,0.8143899466648258,0.4184576476718073,0.8147986679987015,0.27210372730250815,0.5800160842256757
8376,0.8793225548307019,0.8121851051105634,0.4170212749551468,0.8145056849865072,0.27121922195572684,0.5793321051049022
8377,0.8793225548307019,0.8121851051105634,0.4170212749551468,0.8145056849865072,0.27121922195572684,0.5793321051049022
8378,0.8793225548307019,0.8121851051105634,0.4170212749551468,0.8145056849865072,0.27121922195572684,0.5793321051049022
8379,0.8793225548307019,0.8121851051105634,0.4170212749551468,0.8145056849865072,0.27121922195572684,0.5793321051049022
8380,0.8793225548307019,0.8121851051105634,0.4170212749551468,0.8145056849865072,0.27121922195572684,0.5793321051049022
8381,0.8793225548307019,0.8121851051105634,0.4170212749551468,0.8145056849865072,0.27121922195572684,0.5793321051049022
8382,0.8793225548307019,0.8121851051105634,0.4170212749551468,0.8145056849865072,0.27121922195572684,0.5793321051049022
8383,0.8793225548307019,0.8121851051105634,0.4170212749551468,0.8145056849865072,0.27121922195572684,0.5793321051049022
8384,0.8793225548307019,0.8121851051105634,0.4170212749551468,0.8145056849865072,0.27121922195572684,0.5793321051049022
8385,0.8793225548307019,0.8121851051105634,0.4170212749551468,0.8145056849865072,0.27121922195572684,0.5793321051049022
8386,0.8793225548307019,0.8121851051105634,0.4170212749551468,0.8145056849865072,0.27121922195572684,0.5793321051049022
8387,0.8793225548307019,0.8121851051105634,0.4170212749551468,0.8145056849865072,0.27121922195572684,0.5793321051049022
8388,0.8793225548307019,0.8121851051105634,0.4170212749551468,0.8145056849865072,0.27121922195572684,0.5793321051049022
8389,0.8793225548307019,0.8121851051105634,0.4170212749551468,0.8145056849865072,0.27121922195572684,0.5793321051049022
8390,0.8793225548307019,0.8121851051105634,0.4170212749551468,0.8145056849865072,0.27121922195572684,0.5793321051049022
8391,0.8793225548307019,0.8121851051105634,0.4170212749551468,0.8145056849865072,0.27121922195572684,0.5793321051049022
8392,0.8793225548307019,0.8121851051105634,0.4170212749551468,0.8145056849865072,0.27121922195572684,0.5793321051049022
8393,0.8793225548307019,0.8121851051105634,0.4170212749551468,0.8145056849865072,0.27121922195572684,0.5793321051049022
8394,0.8793225548307019,0.8121851051105634,0.4170212749551468,0.8145056849865072,0.27121922195572684,0.5793321051049022
8395,0.8793225548307019,0.8121851051105634,0.4170212749551468,0.8145056849865072,0.27121922195572684,0.5793321051049022
8396,0.8793225548307019,0.8121851051105634,0.4170212749551468,0.8145056849865072,0.27121922195572684,0.5793321051049022
8397,0.8793225548307019,0.8121851051105634,0.4170212749551468,0.8145056849865072,0.27121922195572684,0.5793321051049022
8398,0.8793225548307019,0.8121851051105634,0.4170212749551468,0.8145056849865072,0.27121922195572684,0.5793321051049022
8399,0.8793225548307019,0.8121851051105634,0.4170212749551468,0.8145056849865072,0.27121922195572684,0.5793321051049022
8400,0.8538633894305301,0.803156770032706,0.41297557017893616,0.8130864516301646,0.26755078484462064,0.5763911088370413
8401,0.8538633894305301,0.803156770032706,0.41297557017893616,0.8130864516301646,0.26755078484462064,0.5763911088370413
8402,0.8538633894305301,0.803156770032706,0.41297557017893616,0.8130864516301646,0.26755078484462064,0.5763911088370413
8403,0.8538633894305301,0.803156770032706,0.41297557017893616,0.8130864516301646,0.26755078484462064,0.5763911088370413
8404,0.8538633894305301,0.803156770032706,0.41297557017893616,0.8130864516301646,0.26755078484462064,0.5763911088370413
8405,0.8538633894305301,0.803156770032706,0.41297557017893616,0.8130864516301646,0.26755078484462064,0.5763911088370413
8406,0.8538633894305301,0.803156770032706,0.41297557017893616,0.8130864516301646,0.26755078484462064,0.5763911088370413
8407,0.8538633894305301,0.803156770032706,0.41297557017893616,0.8130864516301646,0.26755078484462064,0.5763911088370413
8408,0.8538633894305301,0.803156770032706,0.41297557017893616,0.8130864516301646,0.26755078484462064,0.5763911088370413
8409,0.8538633894305301,0.803156770032706,0.41297557017893616,0.8130864516301646,0.26755078484462064,0.5763911088370413
8410,0.8538633894305301,0.803156770032706,0.41297557017893616,0.8130864516301646,0.26755078484462064,0.5763911088370413
8411,0.8538633894305301,0.803156770032706,0.41297557017893616,0.8130864516301646,0.26755078484462064,0.5763911088370413
8412,0.8538633894305301,0.803156770032706,0.41297557017893616,0.8130864516301646,0.26755078484462064,0.5763911088370413
8413,0.8538633894305301,0.803156770032706,0.41297557017893616,0.8130864516301646,0.26755078484462064,0.5763911088370413
8414,0.8538633894305301,0.803156770032706,0.41297557017893616,0.8130864516301646,0.26755078484462064,0.5763911088370413
8415,0.8538633894305301,0.803156770032706,0.41297557017893616,0.8130864516301646,0.26755078484462064,0.5763911088370413
8416,0.8538633894305301,0.803156770032706,0.41297557017893616,0.8130864516301646,0.26755078484462064,0.5763911088370413
8417,0.8538633894305301,0.803156770032706,0.41297557017893616,0.8130864516301646,0.26755078484462064,0.5763911088370413
8418,0.8538633894305301,0.803156770032706,0.41297557017893616,0.8130864516301646,0.26755078484462064,0.5763911088370413
8419,0.8538633894305301,0.803156770032706,0.41297557017893616,0.8130864516301646,0.26755078484462064,0.5763911088370413
8420,0.8538633894305301,0.803156770032706,0.41297557017893616,0.8130864516301646,0.26755078484462064,0.5763911088370413
8421,0.8538633894305301,0.803156770032706,0.41297557017893616,0.8130864516301646,0.26755078484462064,0.5763911088370413
8422,0.8538633894305301,0.803156770032706,0.41297557017893616,0.8130864516301646,0.26755078484462064,0.5763911088370413
8423,0.8538633894305301,0.803156770032706,0.41297557017893616,0.8130864516301646,0.26755078484462064,0.5763911088370413
8424,0.8380731454424671,0.7970435652024542,0.4101924883447021,0.8121475949622092,0.26506498628632086,0.5744180928948998
8425,0.8380731454424671,0.7970435652024542,0.4101924883447021,0.8121475949622092,0.26506498628632086,0.5744180928948998
8426,0.8380731454424671,0.7970435652024542,0.4101924883447021,0.8121475949622092,0.26506498628632086,0.5744180928948998
8427,0.8380731454424671,0.7970435652024542,0.4101924883447021,0.8121475949622092,0.26506498628632086,0.5744180928948998
8428,0.8380731454424671,0.7970435652024542,0.4101924883447021,0.8121475949622092,0.26506498628632086,0.5744180928948998
8429,0.8380731454424671,0.7970435652024542,0.4101924883447021,0.8121475949622092,0.26506498628632086,0.5744180928948998
8430,0.8380731454424671,0.7970435652024542,0.4101924883447021,0.8121475949622092,0.26506498628632086,0.5744180928948998
8431,0.8380731454424671,0.7970435652024542,0.4101924883447021,0.8121475949622092,0.26506498628632086,0.5744180928948998
8432,0.8380731454424671,0.7970435652024542,0.4101924883447021,0.8121475949622092,0.26506498628632086,0.5744180928948998
8433,0.8380731454424671,0.7970435652024542,0.4101924883447021,0.8121475949622092,0.26506498628632086,0.5744180928948998
8434,0.8380731454424671,0.7970435652024542,0.4101924883447021,0.8121475949622092,0.26506498628632086,0.5744180928948998
8435,0.8380731454424671,0.7970435652024542,0.4101924883447021,0.8121475949622092,0.26506498628632086,0.5744180928948998
8436,0.8380731454424671,0.7970435652024542,0.4101924883447021,0.8121475949622092,0.26506498628632086,0.5744180928948998
8437,0.8380731454424671,0.7970435652024542,0.4101924883447021,0.8121475949622092,0.26506498628632086,0.5744180928948998
8438,0.8380731454424671,0.7970435652024542,0.4101924883447021,0.8121475949622092,0.26506498628632086,0.5744180928948998
8439,0.8380731454424671,0.7970435652024542,0.4101924883447021,0.8121475949622092,0.26506498628632086,0.5744180928948998
8440,0.8380731454424671,0.7970435652024542,0.4101924883447021,0.8121475949622092,0.26506498628632086,0.5744180928948998
8441,0.8380731454424671,0.7970435652024542,0.4101924883447021,0.8121475949622092,0.26506498628632086,0.5744180928948998
8442,0.8380731454424671,0.7970435652024542,0.4101924883447021,0.8121475949622092,0.26506498628632086,0.5744180928948998
8443,0.8380731454424671,0.7970435652024542,0.4101924883447021,0.8121475949622092,0.26506498628632086,0.5744180928948998
8444,0.8380731454424671,0.7970435652024542,0.4101924883447021,0.8121475949622092,0.26506498628632086,0.5744180928948998
8445,0.8380731454424671,0.7970435652024542,0.4101924883447021,0.8121475949622092,0.26506498628632086,0.5744180928948998
8446,0.8380731454424671,0.7970435652024542,0.4101924883447021,0.8121475949622092,0.26506498628632086,0.5744180928948998
8447,0.8380731454424671,0.7970435652024542,0.4101924883447021,0.8121475949622092,0.26506498628632086,0.5744180928948998
8448,0.8279377727345869,0.7929213106314309,0.40761193572552407,0.8116034913943597,0.26341876566492506,0.5730916337417691
8449,0.8279377727345869,0.7929213106314309,0.40761193572552407,0.8116034913943597,0.26341876566492506,0.5730916337417691
8450,0.8279377727345869,0.7929213106314309,0.40761193572552407,0.8116034913943597,0.26341876566492506,0.5730916337417691
8451,0.8279377727345869,0.7929213106314309,0.40761193572552407,0.8116034913943597,0.26341876566492506,0.5730916337417691
8452,0.8279377727345869,0.7929213106314309,0.40761193572552407,0.8116034913943597,0.26341876566492506,0.5730916337417691
8453,0.8279377727345869,0.7929213106314309,0.40761193572552407,0.8116034913943597,0.26341876566492506,0.5730916337417691
8454,0.8279377727345869,0.7929213106314309,0.40761193572552407,0.8116034913943597,0.26341876566492506,0.5730916337417691
8455,0.8279377727345869,0.7929213106314309,0.40761193572552407,0.8116034913943597,0.26341876566492506,0.5730916337417691
8456,0.8279377727345869,0.7929213106314309,0.40761193572552407,0.8116034913943597,0.26341876566492506,0.5730916337417691
8457,0.8279377727345869,0.7929213106314309,0.40761193572552407,0.8116034913943597,0.26341876566492506,0.5730916337417691
8458,0.8279377727345869,0.7929213106314309,0.40761193572552407,0.8116034913943597,0.26341876566492506,0.5730916337417691
8459,0.8279377727345869,0.7929213106314309,0.40761193572552407,0.8116034913943597,0.26341876566492506,0.5730916337417691
8460,0.8279377727345869,0.7929213106314309,0.40761193572552407,0.8116034913943597,0.26341876566492506,0.5730916337417691
8461,0.8279377727345869,0.7929213106314309,0.40761193572552407,0.8116034913943597,0.26341876566492506,0.5730916337417691
8462,0.8279377727345869,0.7929213106314309,0.40761193572552407,0.8116034913943597,0.26341876566492506,0.5730916337417691
8463,0.8279377727345869,0.7929213106314309,0.40761193572552407,0.8116034913943597,0.26341876566492506,0.5730916337417691
8464,0.8279377727345869,0.7929213106314309,0.40761193572552407,0.8116034913943597,0.26341876566492506,0.5730916337417691
8465,0.8279377727345869,0.7929213106314309,0.40761193572552407,0.8116034913943597,0.26341876566492506,0.5730916337417691
8466,0.8279377727345869,0.7929213106314309,0.40761193572552407,0.8116034913943597,0.26341876566492506,0.5730916337417691
8467,0.8279377727345869,0.7929213106314309,0.40761193572552407,0.8116034913943597,0.26341876566492506,0.5730916337417691
8468,0.8279377727345869,0.7929213106314309,0.40761193572552407,0.8116034913943597,0.26341876566492506,0.5730916337417691
8469,0.8279377727345869,0.7929213106314309,0.40761193572552407,0.8116034913943597,0.26341876566492506,0.5730916337417691
8470,0.8279377727345869,0.7929213106314309,0.40761193572552407,0.8116034913943597,0.26341876566492506,0.5730916337417691
8471,0.8279377727345869,0.7929213106314309,0.40761193572552407,0.8116034913943597,0.26341876566492506,0.5730916337417691
8472,0.834028748120466,0.7958923787186203,0.4096478067557027,0.8120151451065264,0.2649201142123327,0.5740349760953033
8473,0.834028748120466,0.7958923787186203,0.4096478067557027,0.8120151451065264,0.2649201142123327,0.5740349760953033
8474,0.834028748120466,0.7958923787186203,0.4096478067557027,0.8120151451065264,0.2649201142123327,0.5740349760953033
8475,0.834028748120466,0.7958923787186203,0.4096478067557027,0.8120151451065264,0.2649201142123327,0.5740349760953033
8476,0.834028748120466,0.7958923787186203,0.4096478067557027,0.8120151451065264,0.2649201142123327,0.5740349760953033
8477,0.834028748120466,0.7958923787186203,0.4096478067557027,0.8120151451065264,0.2649201142123327,0.5740349760953033
8478,0.834028748120466,0.7958923787186203,0.4096478067557027,0.8120151451065264,0.2649201142123327,0.5740349760953033
8479,0.834028748120466,0.7958923787186203,0.4096478067557027,0.8120151451065264,0.2649201142123327,0.5740349760953033
8480,0.834028748120466,0.7958923787186203,0.4096478067557027,0.8120151451065264,0.2649201142123327,0.5740349760953033
8481,0.834028748120466,0.7958923787186203,0.4096478067557027,0.8120151451065264,0.2649201142123327,0.5740349760953033
8482,0.834028748120466,0.7958923787186203,0.4096478067557027,0.8120151451065264,0.2649201142123327,0.5740349760953033
8483,0.834028748120466,0.7958923787186203,0.4096478067557027,0.8120151451065264,0.2649201142123327,0.5740349760953033
8484,0.834028748120466,0.7958923787186203,0.4096478067557027,0.8120151451065264,0.2649201142123327,0.5740349760953033
8485,0.834028748120466,0.7958923787186203,0.4096478067557027,0.8120151451065264,0.2649201142123327,0.5740349760953033
8486,0.834028748120466,0.7958923787186203,0.4096478067557027,0.8120151451065264,0.2649201142123327,0.5740349760953033
8487,0.834028748120466,0.7958923787186203,0.4096478067557027,0.8120151451065264,0.2649201142123327,0.5740349760953033
8488,0.834028748120466,0.7958923787186203,0.4096478067557027,0.8120151451065264,0.2649201142123327,0.5740349760953033
8489,0.834028748120466,0.7958923787186203,0.4096478067557027,0.8120151451065264,0.2649201142123327,0.5740349760953033
8490,0.834028748120466,0.7958923787186203,0.4096478067557027,0.8120151451065264,0.2649201142123327,0.5740349760953033
8491,0.834028748120466,0.7958923787186203,0.4096478067557027,0.8120151451065264,0.2649201142123327,0.5740349760953033
8492,0.834028748120466,0.7958923787186203,0.4096478067557027,0.8120151451065264,0.2649201142123327,0.5740349760953033
8493,0.834028748120466,0.7958923787186203,0.4096478067557027,0.8120151451065264,0.2649201142123327,0.5740349760953033
8494,0.834028748120466,0.7958923787186203,0.4096478067557027,0.8120151451065264,0.2649201142123327,0.5740349760953033
8495,0.834028748120466,0.7958923787186203,0.4096478067557027,0.8120151451065264,0.2649201142123327,0.5740349760953033
8496,0.8368147042213816,0.797281845925922,0.4106417685207587,0.8122209822290042,0.2655606620945529,0.5744759679896801
8497,0.8368147042213816,0.797281845925922,0.4106417685207587,0.8122209822290042,0.2655606620945529,0.5744759679896801
8498,0.8368147042213816,0.797281845925922,0.4106417685207587,0.8122209822290042,0.2655606620945529,0.5744759679896801
8499,0.8368147042213816,0.797281845925922,0.4106417685207587,0.8122209822290042,0.2655606620945529,0.5744759679896801
8500,0.8368147042213816,0.797281845925922,0.4106417685207587,0.8122209822290042,0.2655606620945529,0.5744759679896801
8501,0.8368147042213816,0.797281845925922,0.4106417685207587,0.8122209822290042,0.2655606620945529,0.5744759679896801
8502,0.8368147042213816,0.797281845925922,0.4106417685207587,0.8122209822290042,0.2655606620945529,0.5744759679896801
8503,0.8368147042213816,0.797281845925922,0.4106417685207587,0.8122209822290042,0.2655606620945529,0.5744759679896801
8504,0.8368147042213816,0.797281845925922,0.4106417685207587,0.8122209822290042,0.2655606620945529,0.5744759679896801
8505,0.8368147042213816,0.797281845925922,0.4106417685207587,0.8122209822290042,0.2655606620945529,0.5744759679896801
8506,0.8368147042213816,0.797281845925922,0.4106417685207587,0.8122209822290042,0.2655606620945529,0.5744759679896801
8507,0.8368147042213816,0.797281845925922,0.4106417685207587,0.8122209822290042,0.2655606620945529,0.5744759679896801
8508,0.8368147042213816,0.797281845925922,0.4106417685207587,0.8122209822290042,0.2655606620945529,0.5744759679896801
8509,0.8368147042213816,0.797281845925922,0.4106417685207587,0.8122209822290042,0.2655606620945529,0.5744759679896801
8510,0.8368147042213816,0.797281845925922,0.4106417685207587,0.8122209822290042,0.2655606620945529,0.5744759679896801
8511,0.8368147042213816,0.797281845925922,0.4106417685207587,0.8122209822290042,0.2655606620945529,0.5744759679896801
8512,0.8368147042213816,0.797281845925922,0.4106417685207587,0.8122209822290042,0.2655606620945529,0.5744759679896801
8513,0.8368147042213816,0.797281845925922,0.4106417685207587,0.8122209822290042,0.2655606620945529,0.5744759679896801
8514,0.8368147042213816,0.797281845925922,0.4106417685207587,0.8122209822290042,0.2655606620945529,0.5744759679896801
8515,0.8368147042213816,0.797281845925922,0.4106417685207587,0.8122209822290042,0.2655606620945529,0.5744759679896801
8516,0.8368147042213816,0.797281845925922,0.4106417685207587,0.8122209822290042,0.2655606620945529,0.5744759679896801
8517,0.8368147042213816,0.797281845925922,0.4106417685207587,0.8122209822290042,0.2655606620945529,0.5744759679896801
8518,0.8368147042213816,0.797281845925922,0.4106417685207587,0.8122209822290042,0.2655606620945529,0.5744759679896801
8519,0.8368147042213816,0.797281845925922,0.4106417685207587,0.8122209822290042,0.2655606620945529,0.5744759679896801
8520,0.8397014118550393,0.7963538243247058,0.41206307933644193,0.8106782609578627,0.26553162863924906,0.5721465768033114
8521,0.8397014118550393,0.7963538243247058,0.41206307933644193,0.8106782609578627,0.26553162863924906,0.5721465768033114
8522,0.8397014118550393,0.7963538243247058,0.41206307933644193,0.8106782609578627,0.26553162863924906,0.5721465768033114
8523,0.8397014118550393,0.7963538243247058,0.41206307933644193,0.8106782609578627,0.26553162863924906,0.5721465768033114
8524,0.8397014118550393,0.7963538243247058,0.41206307933644193,0.8106782609578627,0.26553162863924906,0.5721465768033114
8525,0.8397014118550393,0.7963538243247058,0.41206307933644193,0.8106782609578627,0.26553162863924906,0.5721465768033114
8526,0.8397014118550393,0.7963538243247058,0.41206307933644193,0.8106782609578627,0.26553162863924906,0.5721465768033114
8527,0.8397014118550393,0.7963538243247058,0.41206307933644193,0.8106782609578627,0.26553162863924906,0.5721465768033114
8528,0.8397014118550393,0.7963538243247058,0.41206307933644193,0.8106782609578627,0.26553162863924906,0.5721465768033114
8529,0.8397014118550393,0.7963538243247058,0.41206307933644193,0.8106782609578627,0.26553162863924906,0.5721465768033114
8530,0.8397014118550393,0.7963538243247058,0.41206307933644193,0.8106782609578627,0.26553162863924906,0.5721465768033114
8531,0.8397014118550393,0.7963538243247058,0.41206307933644193,0.8106782609578627,0.26553162863924906,0.5721465768033114
8532,0.8397014118550393,0.7963538243247058,0.41206307933644193,0.8106782609578627,0.26553162863924906,0.5721465768033114
8533,0.8397014118550393,0.7963538243247058,0.41206307933644193,0.8106782609578627,0.26553162863924906,0.5721465768033114
8534,0.8397014118550393,0.7963538243247058,0.41206307933644193,0.8106782609578627,0.26553162863924906,0.5721465768033114
8535,0.8397014118550393,0.7963538243247058,0.41206307933644193,0.8106782609578627,0.26553162863924906,0.5721465768033114
8536,0.8397014118550393,0.7963538243247058,0.41206307933644193,0.8106782609578627,0.26553162863924906,0.5721465768033114
8537,0.8397014118550393,0.7963538243247058,0.41206307933644193,0.8106782609578627,0.26553162863924906,0.5721465768033114
8538,0.8397014118550393,0.7963538243247058,0.41206307933644193,0.8106782609578627,0.26553162863924906,0.5721465768033114
8539,0.8397014118550393,0.7963538243247058,0.41206307933644193,0.8106782609578627,0.26553162863924906,0.5721465768033114
8540,0.8397014118550393,0.7963538243247058,0.41206307933644193,0.8106782609578627,0.26553162863924906,0.5721465768033114
8541,0.8397014118550393,0.7963538243247058,0.41206307933644193,0.8106782609578627,0.26553162863924906,0.5721465768033114
8542,0.8397014118550393,0.7963538243247058,0.41206307933644193,0.8106782609578627,0.26553162863924906,0.5721465768033114
8543,0.8397014118550393,0.7963538243247058,0.41206307933644193,0.8106782609578627,0.26553162863924906,0.5721465768033114
8544,0.8483029551925019,0.7976178407439759,0.4151810560850353,0.8053301643161955,0.2666919144866657,0.5693590091189003
8545,0.8483029551925019,0.7976178407439759,0.4151810560850353,0.8053301643161955,0.2666919144866657,0.5693590091189003
8546,0.8483029551925019,0.7976178407439759,0.4151810560850353,0.8053301643161955,0.2666919144866657,0.5693590091189003
8547,0.8483029551925019,0.7976178407439759,0.4151810560850353,0.8053301643161955,0.2666919144866657,0.5693590091189003
8548,0.8483029551925019,0.7976178407439759,0.4151810560850353,0.8053301643161955,0.2666919144866657,0.5693590091189003
8549,0.8483029551925019,0.7976178407439759,0.4151810560850353,0.8053301643161955,0.2666919144866657,0.5693590091189003
8550,0.8483029551925019,0.7976178407439759,0.4151810560850353,0.8053301643161955,0.2666919144866657,0.5693590091189003
8551,0.8483029551925019,0.7976178407439759,0.4151810560850353,0.8053301643161955,0.2666919144866657,0.5693590091189003
8552,0.8483029551925019,0.7976178407439759,0.4151810560850353,0.8053301643161955,0.2666919144866657,0.5693590091189003
8553,0.8483029551925019,0.7976178407439759,0.4151810560850353,0.8053301643161955,0.2666919144866657,0.5693590091189003
8554,0.8483029551925019,0.7976178407439759,0.4151810560850353,0.8053301643161955,0.2666919144866657,0.5693590091189003
8555,0.8483029551925019,0.7976178407439759,0.4151810560850353,0.8053301643161955,0.2666919144866657,0.5693590091189003
8556,0.8483029551925019,0.7976178407439759,0.4151810560850353,0.8053301643161955,0.2666919144866657,0.5693590091189003
8557,0.8483029551925019,0.7976178407439759,0.4151810560850353,0.8053301643161955,0.2666919144866657,0.5693590091189003
8558,0.8483029551925019,0.7976178407439759,0.4151810560850353,0.8053301643161955,0.2666919144866657,0.5693590091189003
8559,0.8483029551925019,0.7976178407439759,0.4151810560850353,0.8053301643161955,0.2666919144866657,0.5693590091189003
8560,0.8483029551925019,0.7976178407439759,0.4151810560850353,0.8053301643161955,0.2666919144866657,0.5693590091189003
8561,0.8483029551925019,0.7976178407439759,0.4151810560850353,0.8053301643161955,0.2666919144866657,0.5693590091189003
8562,0.8483029551925019,0.7976178407439759,0.4151810560850353,0.8053301643161955,0.2666919144866657,0.5693590091189003
8563,0.8483029551925019,0.7976178407439759,0.4151810560850353,0.8053301643161955,0.2666919144866657,0.5693590091189003
8564,0.8483029551925019,0.7976178407439759,0.4151810560850353,0.8053301643161955,0.2666919144866657,0.5693590091189003
8565,0.8483029551925019,0.7976178407439759,0.4151810560850353,0.8053301643161955,0.2666919144866657,0.5693590091189003
8566,0.8483029551925019,0.7976178407439759,0.4151810560850353,0.8053301643161955,0.2666919144866657,0.5693590091189003
8567,0.8483029551925019,0.7976178407439759,0.4151810560850353,0.8053301643161955,0.2666919144866657,0.5693590091189003
8568,0.8602881671337399,0.7987541620498272,0.4189926517467127,0.7988997539627457,0.2675659395791009,0.5644112367231774
8569,0.8602881671337399,0.7987541620498272,0.4189926517467127,0.7988997539627457,0.2675659395791009,0.5644112367231774
8570,0.8602881671337399,0.7987541620498272,0.4189926517467127,0.7988997539627457,0.2675659395791009,0.5644112367231774
8571,0.8602881671337399,0.7987541620498272,0.4189926517467127,0.7988997539627457,0.2675659395791009,0.5644112367231774
8572,0.8602881671337399,0.7987541620498272,0.4189926517467127,0.7988997539627457,0.2675659395791009,0.5644112367231774
8573,0.8602881671337399,0.7987541620498272,0.4189926517467127,0.7988997539627457,0.2675659395791009,0.5644112367231774
8574,0.8602881671337399,0.7987541620498272,0.4189926517467127,0.7988997539627457,0.2675659395791009,0.5644112367231774
8575,0.8602881671337399,0.7987541620498272,0.4189926517467127,0.7988997539627457,0.2675659395791009,0.5644112367231774
8576,0.8602881671337399,0.7987541620498272,0.4189926517467127,0.7988997539627457,0.2675659395791009,0.5644112367231774
8577,0.8602881671337399,0.7987541620498272,0.4189926517467127,0.7988997539627457,0.2675659395791009,0.5644112367231774
8578,0.8602881671337399,0.7987541620498272,0.4189926517467127,0.7988997539627457,0.2675659395791009,0.5644112367231774
8579,0.8602881671337399,0.7987541620498272,0.4189926517467127,0.7988997539627457,0.2675659395791009,0.5644112367231774
8580,0.8602881671337399,0.7987541620498272,0.4189926517467127,0.7988997539627457,0.2675659395791009,0.5644112367231774
8581,0.8602881671337399,0.7987541620498272,0.4189926517467127,0.7988997539627457,0.2675659395791009,0.5644112367231774
8582,0.8602881671337399,0.7987541620498272,0.4189926517467127,0.7988997539627457,0.2675659395791009,0.5644112367231774
8583,0.8602881671337399,0.7987541620498272,0.4189926517467127,0.7988997539627457,0.2675659395791009,0.5644112367231774
8584,0.8602881671337399,0.7987541620498272,0.4189926517467127,0.7988997539627457,0.2675659395791009,0.5644112367231774
8585,0.8602881671337399,0.7987541620498272,0.4189926517467127,0.7988997539627457,0.2675659395791009,0.5644112367231774
8586,0.8602881671337399,0.7987541620498272,0.4189926517467127,0.7988997539627457,0.2675659395791009,0.5644112367231774
8587,0.8602881671337399,0.7987541620498272,0.4189926517467127,0.7988997539627457,0.2675659395791009,0.5644112367231774
8588,0.8602881671337399,0.7987541620498272,0.4189926517467127,0.7988997539627457,0.2675659395791009,0.5644112367231774
8589,0.8602881671337399,0.7987541620498272,0.4189926517467127,0.7988997539627457,0.2675659395791009,0.5644112367231774
8590,0.8602881671337399,0.7987541620498272,0.4189926517467127,0.7988997539627457,0.2675659395791009,0.5644112367231774
8591,0.8602881671337399,0.7987541620498272,0.4189926517467127,0.7988997539627457,0.2675659395791009,0.5644112367231774
8592,0.8632411188841521,0.7979307730783661,0.42049668551509045,0.792235301147937,0.26758497736409037,0.5597799943370515
8593,0.8632411188841521,0.7979307730783661,0.42049668551509045,0.792235301147937,0.26758497736409037,0.5597799943370515
8594,0.8632411188841521,0.7979307730783661,0.42049668551509045,0.792235301147937,0.26758497736409037,0.5597799943370515
8595,0.8632411188841521,0.7979307730783661,0.42049668551509045,0.792235301147937,0.26758497736409037,0.5597799943370515
8596,0.8632411188841521,0.7979307730783661,0.42049668551509045,0.792235301147937,0.26758497736409037,0.5597799943370515
8597,0.8632411188841521,0.7979307730783661,0.42049668551509045,0.792235301147937,0.26758497736409037,0.5597799943370515
8598,0.8632411188841521,0.7979307730783661,0.42049668551509045,0.792235301147937,0.26758497736409037,0.5597799943370515
8599,0.8632411188841521,0.7979307730783661,0.42049668551509045,0.792235301147937,0.26758497736409037,0.5597799943370515
8600,0.8632411188841521,0.7979307730783661,0.42049668551509045,0.792235301147937,0.26758497736409037,0.5597799943370515
8601,0.8632411188841521,0.7979307730783661,0.42049668551509045,0.792235301147937,0.26758497736409037,0.5597799943370515
8602,0.8632411188841521,0.7979307730783661,0.42049668551509045,0.792235301147937,0.26758497736409037,0.5597799943370515
8603,0.8632411188841521,0.7979307730783661,0.42049668551509045,0.792235301147937,0.26758497736409037,0.5597799943370515
8604,0.8632411188841521,0.7979307730783661,0.42049668551509045,0.792235301147937,0.26758497736409037,0.5597799943370515
8605,0.8632411188841521,0.7979307730783661,0.42049668551509045,0.792235301147937,0.26758497736409037,0.5597799943370515
8606,0.8632411188841521,0.7979307730783661,0.42049668551509045,0.792235301147937,0.26758497736409037,0.5597799943370515
8607,0.8632411188841521,0.7979307730783661,0.42049668551509045,0.792235301147937,0.26758497736409037,0.5597799943370515
8608,0.8632411188841521,0.7979307730783661,0.42049668551509045,0.792235301147937,0.26758497736409037,0.5597799943370515
8609,0.8632411188841521,0.7979307730783661,0.42049668551509045,0.792235301147937,0.26758497736409037,0.5597799943370515
8610,0.8632411188841521,0.7979307730783661,0.42049668551509045,0.792235301147937,0.26758497736409037,0.5597799943370515
8611,0.8632411188841521,0.7979307730783661,0.42049668551509045,0.792235301147937,0.26758497736409037,0.5597799943370515
8612,0.8632411188841521,0.7979307730783661,0.42049668551509045,0.792235301147937,0.26758497736409037,0.5597799943370515
8613,0.8632411188841521,0.7979307730783661,0.42049668551509045,0.792235301147937,0.26758497736409037,0.5597799943370515
8614,0.8632411188841521,0.7979307730783661,0.42049668551509045,0.792235301147937,0.26758497736409037,0.5597799943370515
8615,0.8632411188841521,0.7979307730783661,0.42049668551509045,0.792235301147937,0.26758497736409037,0.5597799943370515
8616,0.8651802467653432,0.7965154436629223,0.4215987994728076,0.7849582675377739,0.2673046128968758,0.5546841728278727
8617,0.8651802467653432,0.7965154436629223,0.4215987994728076,0.7849582675377739,0.2673046128968758,0.5546841728278727
8618,0.8651802467653432,0.7965154436629223,0.4215987994728076,0.7849582675377739,0.2673046128968758,0.5546841728278727
8619,0.8651802467653432,0.7965154436629223,0.4215987994728076,0.7849582675377739,0.2673046128968758,0.5546841728278727
8620,0.8651802467653432,0.7965154436629223,0.4215987994728076,0.7849582675377739,0.2673046128968758,0.5546841728278727
8621,0.8651802467653432,0.7965154436629223,0.4215987994728076,0.7849582675377739,0.2673046128968758,0.5546841728278727
8622,0.8651802467653432,0.7965154436629223,0.4215987994728076,0.7849582675377739,0.2673046128968758,0.5546841728278727
8623,0.8651802467653432,0.7965154436629223,0.4215987994728076,0.7849582675377739,0.2673046128968758,0.5546841728278727
8624,0.8651802467653432,0.7965154436629223,0.4215987994728076,0.7849582675377739,0.2673046128968758,0.5546841728278727
8625,0.8651802467653432,0.7965154436629223,0.4215987994728076,0.7849582675377739,0.2673046128968758,0.5546841728278727
8626,0.8651802467653432,0.7965154436629223,0.4215987994728076,0.7849582675377739,0.2673046128968758,0.5546841728278727
8627,0.8651802467653432,0.7965154436629223,0.4215987994728076,0.7849582675377739,0.2673046128968758,0.5546841728278727
8628,0.8651802467653432,0.7965154436629223,0.4215987994728076,0.7849582675377739,0.2673046128968758,0.5546841728278727
8629,0.8651802467653432,0.7965154436629223,0.4215987994728076,0.7849582675377739,0.2673046128968758,0.5546841728278727
8630,0.8651802467653432,0.7965154436629223,0.4215987994728076,0.7849582675377739,0.2673046128968758,0.5546841728278727
8631,0.8651802467653432,0.7965154436629223,0.4215987994728076,0.7849582675377739,0.2673046128968758,0.5546841728278727
8632,0.8651802467653432,0.7965154436629223,0.4215987994728076,0.7849582675377739,0.2673046128968758,0.5546841728278727
8633,0.8651802467653432,0.7965154436629223,0.4215987994728076,0.7849582675377739,0.2673046128968758,0.5546841728278727
8634,0.8651802467653432,0.7965154436629223,0.4215987994728076,0.7849582675377739,0.2673046128968758,0.5546841728278727
8635,0.8651802467653432,0.7965154436629223,0.4215987994728076,0.7849582675377739,0.2673046128968758,0.5546841728278727
8636,0.8651802467653432,0.7965154436629223,0.4215987994728076,0.7849582675377739,0.2673046128968758,0.5546841728278727
8637,0.8651802467653432,0.7965154436629223,0.4215987994728076,0.7849582675377739,0.2673046128968758,0.5546841728278727
8638,0.8651802467653432,0.7965154436629223,0.4215987994728076,0.7849582675377739,0.2673046128968758,0.5546841728278727
8639,0.8651802467653432,0.7965154436629223,0.4215987994728076,0.7849582675377739,0.2673046128968758,0.5546841728278727
8640,0.8516279327975006,0.7879592855234976,0.4178450062975459,0.7717427969334117,0.26339498277767776,0.5454563812083747
8641,0.8516279327975006,0.7879592855234976,0.4178450062975459,0.7717427969334117,0.26339498277767776,0.5454563812083747
8642,0.8516279327975006,0.7879592855234976,0.4178450062975459,0.7717427969334117,0.26339498277767776,0.5454563812083747
8643,0.8516279327975006,0.7879592855234976,0.4178450062975459,0.7717427969334117,0.26339498277767776,0.5454563812083747
8644,0.8516279327975006,0.7879592855234976,0.4178450062975459,0.7717427969334117,0.26339498277767776,0.5454563812083747
8645,0.8516279327975006,0.7879592855234976,0.4178450062975459,0.7717427969334117,0.26339498277767776,0.5454563812083747
8646,0.8516279327975006,0.7879592855234976,0.4178450062975459,0.7717427969334117,0.26339498277767776,0.5454563812083747
8647,0.8516279327975006,0.7879592855234976,0.4178450062975459,0.7717427969334117,0.26339498277767776,0.5454563812083747
8648,0.8516279327975006,0.7879592855234976,0.4178450062975459,0.7717427969334117,0.26339498277767776,0.5454563812083747
8649,0.8516279327975006,0.7879592855234976,0.4178450062975459,0.7717427969334117,0.26339498277767776,0.5454563812083747
8650,0.8516279327975006,0.7879592855234976,0.4178450062975459,0.7717427969334117,0.26339498277767776,0.5454563812083747
8651,0.8516279327975006,0.7879592855234976,0.4178450062975459,0.7717427969334117,0.26339498277767776,0.5454563812083747
8652,0.8516279327975006,0.7879592855234976,0.4178450062975459,0.7717427969334117,0.26339498277767776,0.5454563812083747
8653,0.8516279327975006,0.7879592855234976,0.4178450062975459,0.7717427969334117,0.26339498277767776,0.5454563812083747
8654,0.8516279327975006,0.7879592855234976,0.4178450062975459,0.7717427969334117,0.26339498277767776,0.5454563812083747
8655,0.8516279327975006,0.7879592855234976,0.4178450062975459,0.7717427969334117,0.26339498277767776,0.5454563812083747
8656,0.8516279327975006,0.7879592855234976,0.4178450062975459,0.7717427969334117,0.26339498277767776,0.5454563812083747
8657,0.8516279327975006,0.7879592855234976,0.4178450062975459,0.7717427969334117,0.26339498277767776,0.5454563812083747
8658,0.8516279327975006,0.7879592855234976,0.4178450062975459,0.7717427969334117,0.26339498277767776,0.5454563812083747
8659,0.8516279327975006,0.7879592855234976,0.4178450062975459,0.7717427969334117,0.26339498277767776,0.5454563812083747
8660,0.8516279327975006,0.7879592855234976,0.4178450062975459,0.7717427969334117,0.26339498277767776,0.5454563812083747
8661,0.8516279327975006,0.7879592855234976,0.4178450062975459,0.7717427969334117,0.26339498277767776,0.5454563812083747
8662,0.8516279327975006,0.7879592855234976,0.4178450062975459,0.7717427969334117,0.26339498277767776,0.5454563812083747
8663,0.8516279327975006,0.7879592855234976,0.4178450062975459,0.7717427969334117,0.26339498277767776,0.5454563812083747
8664,0.8296031540178884,0.7759420279247141,0.41182535127206915,0.7557010010062241,0.2581383982699178,0.5342006724840442
8665,0.8296031540178884,0.7759420279247141,0.41182535127206915,0.7557010010062241,0.2581383982699178,0.5342006724840442
8666,0.8296031540178884,0.7759420279247141,0.41182535127206915,0.7557010010062241,0.2581383982699178,0.5342006724840442
8667,0.8296031540178884,0.7759420279247141,0.41182535127206915,0.7557010010062241,0.2581383982699178,0.5342006724840442
8668,0.8296031540178884,0.7759420279247141,0.41182535127206915,0.7557010010062241,0.2581383982699178,0.5342006724840442
8669,0.8296031540178884,0.7759420279247141,0.41182535127206915,0.7557010010062241,0.2581383982699178,0.5342006724840442
8670,0.8296031540178884,0.7759420279247141,0.41182535127206915,0.7557010010062241,0.2581383982699178,0.5342006724840442
8671,0.8296031540178884,0.7759420279247141,0.41182535127206915,0.7557010010062241,0.2581383982699178,0.5342006724840442
8672,0.8296031540178884,0.7759420279247141,0.41182535127206915,0.7557010010062241,0.2581383982699178,0.5342006724840442
8673,0.8296031540178884,0.7759420279247141,0.41182535127206915,0.7557010010062241,0.2581383982699178,0.5342006724840442
8674,0.8296031540178884,0.7759420279247141,0.41182535127206915,0.7557010010062241,0.2581383982699178,0.5342006724840442
8675,0.8296031540178884,0.7759420279247141,0.41182535127206915,0.7557010010062241,0.2581383982699178,0.5342006724840442
8676,0.8296031540178884,0.7759420279247141,0.41182535127206915,0.7557010010062241,0.2581383982699178,0.5342006724840442
8677,0.8296031540178884,0.7759420279247141,0.41182535127206915,0.7557010010062241,0.2581383982699178,0.5342006724840442
8678,0.8296031540178884,0.7759420279247141,0.41182535127206915,0.7557010010062241,0.2581383982699178,0.5342006724840442
8679,0.8296031540178884,0.7759420279247141,0.41182535127206915,0.7557010010062241,0.2581383982699178,0.5342006724840442
8680,0.8296031540178884,0.7759420279247141,0.41182535127206915,0.7557010010062241,0.2581383982699178,0.5342006724840442
8681,0.8296031540178884,0.7759420279247141,0.41182535127206915,0.7557010010062241,0.2581383982699178,0.5342006724840442
8682,0.8296031540178884,0.7759420279247141,0.41182535127206915,0.7557010010062241,0.2581383982699178,0.5342006724840442
8683,0.8296031540178884,0.7759420279247141,0.41182535127206915,0.7557010010062241,0.2581383982699178,0.5342006724840442
8684,0.8296031540178884,0.7759420279247141,0.41182535127206915,0.7557010010062241,0.2581383982699178,0.5342006724840442
8685,0.8296031540178884,0.7759420279247141,0.41182535127206915,0.7557010010062241,0.2581383982699178,0.5342006724840442
8686,0.8296031540178884,0.7759420279247141,0.41182535127206915,0.7557010010062241,0.2581383982699178,0.5342006724840442
8687,0.8296031540178884,0.7759420279247141,0.41182535127206915,0.7557010010062241,0.2581383982699178,0.5342006724840442
8688,0.8124868262275736,0.765985091499338,0.40741271637058657,0.7409118486961752,0.2537632394216883,0.5237311857252843
8689,0.8124868262275736,0.765985091499338,0.40741271637058657,0.7409118486961752,0.2537632394216883,0.5237311857252843
8690,0.8124868262275736,0.765985091499338,0.40741271637058657,0.7409118486961752,0.2537632394216883,0.5237311857252843
8691,0.8124868262275736,0.765985091499338,0.40741271637058657,0.7409118486961752,0.2537632394216883,0.5237311857252843
8692,0.8124868262275736,0.765985091499338,0.40741271637058657,0.7409118486961752,0.2537632394216883,0.5237311857252843
8693,0.8124868262275736,0.765985091499338,0.40741271637058657,0.7409118486961752,0.2537632394216883,0.5237311857252843
8694,0.8124868262275736,0.765985091499338,0.40741271637058657,0.7409118486961752,0.2537632394216883,0.5237311857252843
8695,0.8124868262275736,0.765985091499338,0.40741271637058657,0.7409118486961752,0.2537632394216883,0.5237311857252843
8696,0.8124868262275736,0.765985091499338,0.40741271637058657,0.7409118486961752,0.2537632394216883,0.5237311857252843
8697,0.8124868262275736,0.765985091499338,0.40741271637058657,0.7409118486961752,0.2537632394216883,0.5237311857252843
8698,0.8124868262275736,0.765985091499338,0.40741271637058657,0.7409118486961752,0.2537632394216883,0.5237311857252843
8699,0.8124868262275736,0.765985091499338,0.40741271637058657,0.7409118486961752,0.2537632394216883,0.5237311857252843
8700,0.8124868262275736,0.765985091499338,0.40741271637058657,0.7409118486961752,0.2537632394216883,0.5237311857252843
8701,0.8124868262275736,0.765985091499338,0.40741271637058657,0.7409118486961752,0.2537632394216883,0.5237311857252843
8702,0.8124868262275736,0.765985091499338,0.40741271637058657,0.7409118486961752,0.2537632394216883,0.5237311857252843
8703,0.8124868262275736,0.765985091499338,0.40741271637058657,0.7409118486961752,0.2537632394216883,0.5237311857252843
8704,0.8124868262275736,0.765985091499338,0.40741271637058657,0.7409118486961752,0.2537632394216883,0.5237311857252843
8705,0.8124868262275736,0.765985091499338,0.40741271637058657,0.7409118486961752,0.2537632394216883,0.5237311857252843
8706,0.8124868262275736,0.765985091499338,0.40741271637058657,0.7409118486961752,0.2537632394216883,0.5237311857252843
8707,0.8124868262275736,0.765985091499338,0.40741271637058657,0.7409118486961752,0.2537632394216883,0.5237311857252843
8708,0.8124868262275736,0.765985091499338,0.40741271637058657,0.7409118486961752,0.2537632394216883,0.5237311857252843
8709,0.8124868262275736,0.765985091499338,0.40741271637058657,0.7409118486961752,0.2537632394216883,0.5237311857252843
8710,0.8124868262275736,0.765985091499338,0.40741271637058657,0.7409118486961752,0.2537632394216883,0.5237311857252843
8711,0.8124868262275736,0.765985091499338,0.40741271637058657,0.7409118486961752,0.2537632394216883,0.5237311857252843
8712,0.8171250434108486,0.7646491153571285,0.40930355015089986,0.732695057032386,0.25345538367782755,0.5177017154914657
8713,0.8171250434108486,0.7646491153571285,0.40930355015089986,0.732695057032386,0.25345538367782755,0.5177017154914657
8714,0.8171250434108486,0.7646491153571285,0.40930355015089986,0.732695057032386,0.25345538367782755,0.5177017154914657
8715,0.8171250434108486,0.7646491153571285,0.40930355015089986,0.732695057032386,0.25345538367782755,0.5177017154914657
8716,0.8171250434108486,0.7646491153571285,0.40930355015089986,0.732695057032386,0.25345538367782755,0.5177017154914657
8717,0.8171250434108486,0.7646491153571285,0.40930355015089986,0.732695057032386,0.25345538367782755,0.5177017154914657
8718,0.8171250434108486,0.7646491153571285,0.40930355015089986,0.732695057032386,0.25345538367782755,0.5177017154914657
8719,0.8171250434108486,0.7646491153571285,0.40930355015089986,0.732695057032386,0.25345538367782755,0.5177017154914657
8720,0.8171250434108486,0.7646491153571285,0.40930355015089986,0.732695057032386,0.25345538367782755,0.5177017154914657
8721,0.8171250434108486,0.7646491153571285,0.40930355015089986,0.732695057032386,0.25345538367782755,0.5177017154914657
8722,0.8171250434108486,0.7646491153571285,0.40930355015089986,0.732695057032386,0.25345538367782755,0.5177017154914657
8723,0.8171250434108486,0.7646491153571285,0.40930355015089986,0.732695057032386,0.25345538367782755,0.5177017154914657
8724,0.8171250434108486,0.7646491153571285,0.40930355015089986,0.732695057032386,0.25345538367782755,0.5177017154914657
8725,0.8171250434108486,0.7646491153571285,0.40930355015089986,0.732695057032386,0.25345538367782755,0.5177017154914657
8726,0.8171250434108486,0.7646491153571285,0.40930355015089986,0.732695057032386,0.25345538367782755,0.5177017154914657
8727,0.8171250434108486,0.7646491153571285,0.40930355015089986,0.732695057032386,0.25345538367782755,0.5177017154914657
8728,0.8171250434108486,0.7646491153571285,0.40930355015089986,0.732695057032386,0.25345538367782755,0.5177017154914657
8729,0.8171250434108486,0.7646491153571285,0.40930355015089986,0.732695057032386,0.25345538367782755,0.5177017154914657
8730,0.8171250434108486,0.7646491153571285,0.40930355015089986,0.732695057032386,0.25345538367782755,0.5177017154914657
8731,0.8171250434108486,0.7646491153571285,0.40930355015089986,0.732695057032386,0.25345538367782755,0.5177017154914657
8732,0.8171250434108486,0.7646491153571285,0.40930355015089986,0.732695057032386,0.25345538367782755,0.5177017154914657
8733,0.8171250434108486,0.7646491153571285,0.40930355015089986,0.732695057032386,0.25345538367782755,0.5177017154914657
8734,0.8171250434108486,0.7646491153571285,0.40930355015089986,0.732695057032386,0.25345538367782755,0.5177017154914657
8735,0.8171250434108486,0.7646491153571285,0.40930355015089986,0.732695057032386,0.25345538367782755,0.5177017154914657
8736,0.840997309394994,0.7713732842327939,0.41690119692189676,0.7314194172383615,0.25719203908821514,0.5162989035218893
8737,0.840997309394994,0.7713732842327939,0.41690119692189676,0.7314194172383615,0.25719203908821514,0.5162989035218893
8738,0.840997309394994,0.7713732842327939,0.41690119692189676,0.7314194172383615,0.25719203908821514,0.5162989035218893
8739,0.840997309394994,0.7713732842327939,0.41690119692189676,0.7314194172383615,0.25719203908821514,0.5162989035218893
8740,0.840997309394994,0.7713732842327939,0.41690119692189676,0.7314194172383615,0.25719203908821514,0.5162989035218893
8741,0.840997309394994,0.7713732842327939,0.41690119692189676,0.7314194172383615,0.25719203908821514,0.5162989035218893
8742,0.840997309394994,0.7713732842327939,0.41690119692189676,0.7314194172383615,0.25719203908821514,0.5162989035218893
8743,0.840997309394994,0.7713732842327939,0.41690119692189676,0.7314194172383615,0.25719203908821514,0.5162989035218893
8744,0.840997309394994,0.7713732842327939,0.41690119692189676,0.7314194172383615,0.25719203908821514,0.5162989035218893
8745,0.840997309394994,0.7713732842327939,0.41690119692189676,0.7314194172383615,0.25719203908821514,0.5162989035218893
8746,0.840997309394994,0.7713732842327939,0.41690119692189676,0.7314194172383615,0.25719203908821514,0.5162989035218893
8747,0.840997309394994,0.7713732842327939,0.41690119692189676,0.7314194172383615,0.25719203908821514,0.5162989035218893
8748,0.840997309394994,0.7713732842327939,0.41690119692189676,0.7314194172383615,0.25719203908821514,0.5162989035218893
8749,0.840997309394994,0.7713732842327939,0.41690119692189676,0.7314194172383615,0.25719203908821514,0.5162989035218893
8750,0.840997309394994,0.7713732842327939,0.41690119692189676,0.7314194172383615,0.25719203908821514,0.5162989035218893
8751,0.840997309394994,0.7713732842327939,0.41690119692189676,0.7314194172383615,0.25719203908821514,0.5162989035218893
8752,0.840997309394994,0.7713732842327939,0.41690119692189676,0.7314194172383615,0.25719203908821514,0.5162989035218893
8753,0.840997309394994,0.7713732842327939,0.41690119692189676,0.7314194172383615,0.25719203908821514,0.5162989035218893
8754,0.840997309394994,0.7713732842327939,0.41690119692189676,0.7314194172383615,0.25719203908821514,0.5162989035218893
8755,0.840997309394994,0.7713732842327939,0.41690119692189676,0.7314194172383615,0.25719203908821514,0.5162989035218893
8756,0.840997309394994,0.7713732842327939,0.41690119692189676,0.7314194172383615,0.25719203908821514,0.5162989035218893
8757,0.840997309394994,0.7713732842327939,0.41690119692189676,0.7314194172383615,0.25719203908821514,0.5162989035218893
8758,0.840997309394994,0.7713732842327939,0.41690119692189676,0.7314194172383615,0.25719203908821514,0.5162989035218893
8759,0.840997309394994,0.7713732842327939,0.41690119692189676,0.7314194172383615,0.25719203908821514,0.5162989035218893
