time,ES,DE,AT,FR,IT,CH
0,1.0,0.9996881342709435,0.7162489925702923,0.9035960197111882,0.897451732814705,0.7166953967731984
1,1.0,0.9996881342709435,0.7162489925702923,0.9035960197111882,0.897451732814705,0.7166953967731984
2,1.0,0.9996881342709435,0.7162489925702923,0.9035960197111882,0.897451732814705,0.7166953967731984
3,1.0,0.9996881342709435,0.7162489925702923,0.9035960197111882,0.897451732814705,0.7166953967731984
4,1.0,0.9996881342709435,0.7162489925702923,0.9035960197111882,0.897451732814705,0.7166953967731984
5,1.0,0.9996881342709435,0.7162489925702923,0.9035960197111882,0.897451732814705,0.7166953967731984
6,1.0,0.9996881342709435,0.7162489925702923,0.9035960197111882,0.897451732814705,0.7166953967731984
7,1.0,0.9996881342709435,0.7162489925702923,0.9035960197111882,0.897451732814705,0.7166953967731984
8,1.0,0.9996881342709435,0.7162489925702923,0.9035960197111882,0.897451732814705,0.7166953967731984
9,1.0,0.9996881342709435,0.7162489925702923,0.9035960197111882,0.897451732814705,0.7166953967731984
10,1.0,0.9996881342709435,0.7162489925702923,0.9035960197111882,0.897451732814705,0.7166953967731984
11,1.0,0.9996881342709435,0.7162489925702923,0.9035960197111882,0.897451732814705,0.7166953967731984
12,1.0,0.9996881342709435,0.7162489925702923,0.9035960197111882,0.897451732814705,0.7166953967731984
13,1.0,0.9996881342709435,0.7162489925702923,0.9035960197111882,0.897451732814705,0.7166953967731984
14,1.0,0.9996881342709435,0.7162489925702923,0.9035960197111882,0.897451732814705,0.7166953967731984
15,1.0,0.9996881342709435,0.7162489925702923,0.9035960197111882,0.897451732814705,0.7166953967731984
16,1.0,0.9996881342709435,0.7162489925702923,0.9035960197111882,0.897451732814705,0.7166953967731984
17,1.0,0.9996881342709435,0.7162489925702923,0.9035960197111882,0.897451732814705,0.7166953967731984
18,1.0,0.9996881342709435,0.7162489925702923,0.9035960197111882,0.897451732814705,0.7166953967731984
19,1.0,0.9996881342709435,0.7162489925702923,0.9035960197111882,0.897451732814705,0.7166953967731984
20,1.0,0.9996881342709435,0.7162489925702923,0.9035960197111882,0.897451732814705,0.7166953967731984
21,1.0,0.9996881342709435,0.7162489925702923,0.9035960197111882,0.897451732814705,0.7166953967731984
22,1.0,0.9996881342709435,0.7162489925702923,0.9035960197111882,0.897451732814705,0.7166953967731984
23,1.0,0.9996881342709435,0.7162489925702923,0.9035960197111882,0.897451732814705,0.7166953967731984
24,1.0,0.999683442679462,0.7127736570747731,0.9007135996072805,0.893593099267004,0.711775119486307
25,1.0,0.999683442679462,0.7127736570747731,0.9007135996072805,0.893593099267004,0.711775119486307
26,1.0,0.999683442679462,0.7127736570747731,0.9007135996072805,0.893593099267004,0.711775119486307
27,1.0,0.999683442679462,0.7127736570747731,0.9007135996072805,0.893593099267004,0.711775119486307
28,1.0,0.999683442679462,0.7127736570747731,0.9007135996072805,0.893593099267004,0.711775119486307
29,1.0,0.999683442679462,0.7127736570747731,0.9007135996072805,0.893593099267004,0.711775119486307
30,1.0,0.999683442679462,0.7127736570747731,0.9007135996072805,0.893593099267004,0.711775119486307
31,1.0,0.999683442679462,0.7127736570747731,0.9007135996072805,0.893593099267004,0.711775119486307
32,1.0,0.999683442679462,0.7127736570747731,0.9007135996072805,0.893593099267004,0.711775119486307
33,1.0,0.999683442679462,0.7127736570747731,0.9007135996072805,0.893593099267004,0.711775119486307
34,1.0,0.999683442679462,0.7127736570747731,0.9007135996072805,0.893593099267004,0.711775119486307
35,1.0,0.999683442679462,0.7127736570747731,0.9007135996072805,0.893593099267004,0.711775119486307
36,1.0,0.999683442679462,0.7127736570747731,0.9007135996072805,0.893593099267004,0.711775119486307
37,1.0,0.999683442679462,0.7127736570747731,0.9007135996072805,0.893593099267004,0.711775119486307
38,1.0,0.999683442679462,0.7127736570747731,0.9007135996072805,0.893593099267004,0.711775119486307
39,1.0,0.999683442679462,0.7127736570747731,0.9007135996072805,0.893593099267004,0.711775119486307
40,1.0,0.999683442679462,0.7127736570747731,0.9007135996072805,0.893593099267004,0.711775119486307
41,1.0,0.999683442679462,0.7127736570747731,0.9007135996072805,0.893593099267004,0.711775119486307
42,1.0,0.999683442679462,0.7127736570747731,0.9007135996072805,0.893593099267004,0.711775119486307
43,1.0,0.999683442679462,0.7127736570747731,0.9007135996072805,0.893593099267004,0.711775119486307
44,1.0,0.999683442679462,0.7127736570747731,0.9007135996072805,0.893593099267004,0.711775119486307
45,1.0,0.999683442679462,0.7127736570747731,0.9007135996072805,0.893593099267004,0.711775119486307
46,1.0,0.999683442679462,0.7127736570747731,0.9007135996072805,0.893593099267004,0.711775119486307
47,1.0,0.999683442679462,0.7127736570747731,0.9007135996072805,0.893593099267004,0.711775119486307
48,1.0,0.9996810670194044,0.7110521285977002,0.8992444011106228,0.8918164476944063,0.7093796339116499
49,1.0,0.9996810670194044,0.7110521285977002,0.8992444011106228,0.8918164476944063,0.7093796339116499
50,1.0,0.9996810670194044,0.7110521285977002,0.8992444011106228,0.8918164476944063,0.7093796339116499
51,1.0,0.9996810670194044,0.7110521285977002,0.8992444011106228,0.8918164476944063,0.7093796339116499
52,1.0,0.9996810670194044,0.7110521285977002,0.8992444011106228,0.8918164476944063,0.7093796339116499
53,1.0,0.9996810670194044,0.7110521285977002,0.8992444011106228,0.8918164476944063,0.7093796339116499
54,1.0,0.9996810670194044,0.7110521285977002,0.8992444011106228,0.8918164476944063,0.7093796339116499
55,1.0,0.9996810670194044,0.7110521285977002,0.8992444011106228,0.8918164476944063,0.7093796339116499
56,1.0,0.9996810670194044,0.7110521285977002,0.8992444011106228,0.8918164476944063,0.7093796339116499
57,1.0,0.9996810670194044,0.7110521285977002,0.8992444011106228,0.8918164476944063,0.7093796339116499
58,1.0,0.9996810670194044,0.7110521285977002,0.8992444011106228,0.8918164476944063,0.7093796339116499
59,1.0,0.9996810670194044,0.7110521285977002,0.8992444011106228,0.8918164476944063,0.7093796339116499
60,1.0,0.9996810670194044,0.7110521285977002,0.8992444011106228,0.8918164476944063,0.7093796339116499
61,1.0,0.9996810670194044,0.7110521285977002,0.8992444011106228,0.8918164476944063,0.7093796339116499
62,1.0,0.9996810670194044,0.7110521285977002,0.8992444011106228,0.8918164476944063,0.7093796339116499
63,1.0,0.9996810670194044,0.7110521285977002,0.8992444011106228,0.8918164476944063,0.7093796339116499
64,1.0,0.9996810670194044,0.7110521285977002,0.8992444011106228,0.8918164476944063,0.7093796339116499
65,1.0,0.9996810670194044,0.7110521285977002,0.8992444011106228,0.8918164476944063,0.7093796339116499
66,1.0,0.9996810670194044,0.7110521285977002,0.8992444011106228,0.8918164476944063,0.7093796339116499
67,1.0,0.9996810670194044,0.7110521285977002,0.8992444011106228,0.8918164476944063,0.7093796339116499
68,1.0,0.9996810670194044,0.7110521285977002,0.8992444011106228,0.8918164476944063,0.7093796339116499
69,1.0,0.9996810670194044,0.7110521285977002,0.8992444011106228,0.8918164476944063,0.7093796339116499
70,1.0,0.9996810670194044,0.7110521285977002,0.8992444011106228,0.8918164476944063,0.7093796339116499
71,1.0,0.9996810670194044,0.7110521285977002,0.8992444011106228,0.8918164476944063,0.7093796339116499
72,1.0,0.9996822123657844,0.7118733601567895,0.8999886157705089,0.892768727078042,0.7106412425315755
73,1.0,0.9996822123657844,0.7118733601567895,0.8999886157705089,0.892768727078042,0.7106412425315755
74,1.0,0.9996822123657844,0.7118733601567895,0.8999886157705089,0.892768727078042,0.7106412425315755
75,1.0,0.9996822123657844,0.7118733601567895,0.8999886157705089,0.892768727078042,0.7106412425315755
76,1.0,0.9996822123657844,0.7118733601567895,0.8999886157705089,0.892768727078042,0.7106412425315755
77,1.0,0.9996822123657844,0.7118733601567895,0.8999886157705089,0.892768727078042,0.7106412425315755
78,1.0,0.9996822123657844,0.7118733601567895,0.8999886157705089,0.892768727078042,0.7106412425315755
79,1.0,0.9996822123657844,0.7118733601567895,0.8999886157705089,0.892768727078042,0.7106412425315755
80,1.0,0.9996822123657844,0.7118733601567895,0.8999886157705089,0.892768727078042,0.7106412425315755
81,1.0,0.9996822123657844,0.7118733601567895,0.8999886157705089,0.892768727078042,0.7106412425315755
82,1.0,0.9996822123657844,0.7118733601567895,0.8999886157705089,0.892768727078042,0.7106412425315755
83,1.0,0.9996822123657844,0.7118733601567895,0.8999886157705089,0.892768727078042,0.7106412425315755
84,1.0,0.9996822123657844,0.7118733601567895,0.8999886157705089,0.892768727078042,0.7106412425315755
85,1.0,0.9996822123657844,0.7118733601567895,0.8999886157705089,0.892768727078042,0.7106412425315755
86,1.0,0.9996822123657844,0.7118733601567895,0.8999886157705089,0.892768727078042,0.7106412425315755
87,1.0,0.9996822123657844,0.7118733601567895,0.8999886157705089,0.892768727078042,0.7106412425315755
88,1.0,0.9996822123657844,0.7118733601567895,0.8999886157705089,0.892768727078042,0.7106412425315755
89,1.0,0.9996822123657844,0.7118733601567895,0.8999886157705089,0.892768727078042,0.7106412425315755
90,1.0,0.9996822123657844,0.7118733601567895,0.8999886157705089,0.892768727078042,0.7106412425315755
91,1.0,0.9996822123657844,0.7118733601567895,0.8999886157705089,0.892768727078042,0.7106412425315755
92,1.0,0.9996822123657844,0.7118733601567895,0.8999886157705089,0.892768727078042,0.7106412425315755
93,1.0,0.9996822123657844,0.7118733601567895,0.8999886157705089,0.892768727078042,0.7106412425315755
94,1.0,0.9996822123657844,0.7118733601567895,0.8999886157705089,0.892768727078042,0.7106412425315755
95,1.0,0.9996822123657844,0.7118733601567895,0.8999886157705089,0.892768727078042,0.7106412425315755
96,1.0,0.9996823080851737,0.7119236937069625,0.9000899180854631,0.8929497876100759,0.7108385891499388
97,1.0,0.9996823080851737,0.7119236937069625,0.9000899180854631,0.8929497876100759,0.7108385891499388
98,1.0,0.9996823080851737,0.7119236937069625,0.9000899180854631,0.8929497876100759,0.7108385891499388
99,1.0,0.9996823080851737,0.7119236937069625,0.9000899180854631,0.8929497876100759,0.7108385891499388
100,1.0,0.9996823080851737,0.7119236937069625,0.9000899180854631,0.8929497876100759,0.7108385891499388
101,1.0,0.9996823080851737,0.7119236937069625,0.9000899180854631,0.8929497876100759,0.7108385891499388
102,1.0,0.9996823080851737,0.7119236937069625,0.9000899180854631,0.8929497876100759,0.7108385891499388
103,1.0,0.9996823080851737,0.7119236937069625,0.9000899180854631,0.8929497876100759,0.7108385891499388
104,1.0,0.9996823080851737,0.7119236937069625,0.9000899180854631,0.8929497876100759,0.7108385891499388
105,1.0,0.9996823080851737,0.7119236937069625,0.9000899180854631,0.8929497876100759,0.7108385891499388
106,1.0,0.9996823080851737,0.7119236937069625,0.9000899180854631,0.8929497876100759,0.7108385891499388
107,1.0,0.9996823080851737,0.7119236937069625,0.9000899180854631,0.8929497876100759,0.7108385891499388
108,1.0,0.9996823080851737,0.7119236937069625,0.9000899180854631,0.8929497876100759,0.7108385891499388
109,1.0,0.9996823080851737,0.7119236937069625,0.9000899180854631,0.8929497876100759,0.7108385891499388
110,1.0,0.9996823080851737,0.7119236937069625,0.9000899180854631,0.8929497876100759,0.7108385891499388
111,1.0,0.9996823080851737,0.7119236937069625,0.9000899180854631,0.8929497876100759,0.7108385891499388
112,1.0,0.9996823080851737,0.7119236937069625,0.9000899180854631,0.8929497876100759,0.7108385891499388
113,1.0,0.9996823080851737,0.7119236937069625,0.9000899180854631,0.8929497876100759,0.7108385891499388
114,1.0,0.9996823080851737,0.7119236937069625,0.9000899180854631,0.8929497876100759,0.7108385891499388
115,1.0,0.9996823080851737,0.7119236937069625,0.9000899180854631,0.8929497876100759,0.7108385891499388
116,1.0,0.9996823080851737,0.7119236937069625,0.9000899180854631,0.8929497876100759,0.7108385891499388
117,1.0,0.9996823080851737,0.7119236937069625,0.9000899180854631,0.8929497876100759,0.7108385891499388
118,1.0,0.9996823080851737,0.7119236937069625,0.9000899180854631,0.8929497876100759,0.7108385891499388
119,1.0,0.9996823080851737,0.7119236937069625,0.9000899180854631,0.8929497876100759,0.7108385891499388
120,1.0,0.999688215315209,0.7165196799242578,0.9035122340312612,0.897401377270612,0.7166830440705714
121,1.0,0.999688215315209,0.7165196799242578,0.9035122340312612,0.897401377270612,0.7166830440705714
122,1.0,0.999688215315209,0.7165196799242578,0.9035122340312612,0.897401377270612,0.7166830440705714
123,1.0,0.999688215315209,0.7165196799242578,0.9035122340312612,0.897401377270612,0.7166830440705714
124,1.0,0.999688215315209,0.7165196799242578,0.9035122340312612,0.897401377270612,0.7166830440705714
125,1.0,0.999688215315209,0.7165196799242578,0.9035122340312612,0.897401377270612,0.7166830440705714
126,1.0,0.999688215315209,0.7165196799242578,0.9035122340312612,0.897401377270612,0.7166830440705714
127,1.0,0.999688215315209,0.7165196799242578,0.9035122340312612,0.897401377270612,0.7166830440705714
128,1.0,0.999688215315209,0.7165196799242578,0.9035122340312612,0.897401377270612,0.7166830440705714
129,1.0,0.999688215315209,0.7165196799242578,0.9035122340312612,0.897401377270612,0.7166830440705714
130,1.0,0.999688215315209,0.7165196799242578,0.9035122340312612,0.897401377270612,0.7166830440705714
131,1.0,0.999688215315209,0.7165196799242578,0.9035122340312612,0.897401377270612,0.7166830440705714
132,1.0,0.999688215315209,0.7165196799242578,0.9035122340312612,0.897401377270612,0.7166830440705714
133,1.0,0.999688215315209,0.7165196799242578,0.9035122340312612,0.897401377270612,0.7166830440705714
134,1.0,0.999688215315209,0.7165196799242578,0.9035122340312612,0.897401377270612,0.7166830440705714
135,1.0,0.999688215315209,0.7165196799242578,0.9035122340312612,0.897401377270612,0.7166830440705714
136,1.0,0.999688215315209,0.7165196799242578,0.9035122340312612,0.897401377270612,0.7166830440705714
137,1.0,0.999688215315209,0.7165196799242578,0.9035122340312612,0.897401377270612,0.7166830440705714
138,1.0,0.999688215315209,0.7165196799242578,0.9035122340312612,0.897401377270612,0.7166830440705714
139,1.0,0.999688215315209,0.7165196799242578,0.9035122340312612,0.897401377270612,0.7166830440705714
140,1.0,0.999688215315209,0.7165196799242578,0.9035122340312612,0.897401377270612,0.7166830440705714
141,1.0,0.999688215315209,0.7165196799242578,0.9035122340312612,0.897401377270612,0.7166830440705714
142,1.0,0.999688215315209,0.7165196799242578,0.9035122340312612,0.897401377270612,0.7166830440705714
143,1.0,0.999688215315209,0.7165196799242578,0.9035122340312612,0.897401377270612,0.7166830440705714
144,1.0,0.9996962091691016,0.7229386591699513,0.9079615850632047,0.903285666002064,0.7249362529951017
145,1.0,0.9996962091691016,0.7229386591699513,0.9079615850632047,0.903285666002064,0.7249362529951017
146,1.0,0.9996962091691016,0.7229386591699513,0.9079615850632047,0.903285666002064,0.7249362529951017
147,1.0,0.9996962091691016,0.7229386591699513,0.9079615850632047,0.903285666002064,0.7249362529951017
148,1.0,0.9996962091691016,0.7229386591699513,0.9079615850632047,0.903285666002064,0.7249362529951017
149,1.0,0.9996962091691016,0.7229386591699513,0.9079615850632047,0.903285666002064,0.7249362529951017
150,1.0,0.9996962091691016,0.7229386591699513,0.9079615850632047,0.903285666002064,0.7249362529951017
151,1.0,0.9996962091691016,0.7229386591699513,0.9079615850632047,0.903285666002064,0.7249362529951017
152,1.0,0.9996962091691016,0.7229386591699513,0.9079615850632047,0.903285666002064,0.7249362529951017
153,1.0,0.9996962091691016,0.7229386591699513,0.9079615850632047,0.903285666002064,0.7249362529951017
154,1.0,0.9996962091691016,0.7229386591699513,0.9079615850632047,0.903285666002064,0.7249362529951017
155,1.0,0.9996962091691016,0.7229386591699513,0.9079615850632047,0.903285666002064,0.7249362529951017
156,1.0,0.9996962091691016,0.7229386591699513,0.9079615850632047,0.903285666002064,0.7249362529951017
157,1.0,0.9996962091691016,0.7229386591699513,0.9079615850632047,0.903285666002064,0.7249362529951017
158,1.0,0.9996962091691016,0.7229386591699513,0.9079615850632047,0.903285666002064,0.7249362529951017
159,1.0,0.9996962091691016,0.7229386591699513,0.9079615850632047,0.903285666002064,0.7249362529951017
160,1.0,0.9996962091691016,0.7229386591699513,0.9079615850632047,0.903285666002064,0.7249362529951017
161,1.0,0.9996962091691016,0.7229386591699513,0.9079615850632047,0.903285666002064,0.7249362529951017
162,1.0,0.9996962091691016,0.7229386591699513,0.9079615850632047,0.903285666002064,0.7249362529951017
163,1.0,0.9996962091691016,0.7229386591699513,0.9079615850632047,0.903285666002064,0.7249362529951017
164,1.0,0.9996962091691016,0.7229386591699513,0.9079615850632047,0.903285666002064,0.7249362529951017
165,1.0,0.9996962091691016,0.7229386591699513,0.9079615850632047,0.903285666002064,0.7249362529951017
166,1.0,0.9996962091691016,0.7229386591699513,0.9079615850632047,0.903285666002064,0.7249362529951017
167,1.0,0.9996962091691016,0.7229386591699513,0.9079615850632047,0.903285666002064,0.7249362529951017
168,1.0,0.9997029145067046,0.7283036803778339,0.9116626181305157,0.9081824554790826,0.7317703249540445
169,1.0,0.9997029145067046,0.7283036803778339,0.9116626181305157,0.9081824554790826,0.7317703249540445
170,1.0,0.9997029145067046,0.7283036803778339,0.9116626181305157,0.9081824554790826,0.7317703249540445
171,1.0,0.9997029145067046,0.7283036803778339,0.9116626181305157,0.9081824554790826,0.7317703249540445
172,1.0,0.9997029145067046,0.7283036803778339,0.9116626181305157,0.9081824554790826,0.7317703249540445
173,1.0,0.9997029145067046,0.7283036803778339,0.9116626181305157,0.9081824554790826,0.7317703249540445
174,1.0,0.9997029145067046,0.7283036803778339,0.9116626181305157,0.9081824554790826,0.7317703249540445
175,1.0,0.9997029145067046,0.7283036803778339,0.9116626181305157,0.9081824554790826,0.7317703249540445
176,1.0,0.9997029145067046,0.7283036803778339,0.9116626181305157,0.9081824554790826,0.7317703249540445
177,1.0,0.9997029145067046,0.7283036803778339,0.9116626181305157,0.9081824554790826,0.7317703249540445
178,1.0,0.9997029145067046,0.7283036803778339,0.9116626181305157,0.9081824554790826,0.7317703249540445
179,1.0,0.9997029145067046,0.7283036803778339,0.9116626181305157,0.9081824554790826,0.7317703249540445
180,1.0,0.9997029145067046,0.7283036803778339,0.9116626181305157,0.9081824554790826,0.7317703249540445
181,1.0,0.9997029145067046,0.7283036803778339,0.9116626181305157,0.9081824554790826,0.7317703249540445
182,1.0,0.9997029145067046,0.7283036803778339,0.9116626181305157,0.9081824554790826,0.7317703249540445
183,1.0,0.9997029145067046,0.7283036803778339,0.9116626181305157,0.9081824554790826,0.7317703249540445
184,1.0,0.9997029145067046,0.7283036803778339,0.9116626181305157,0.9081824554790826,0.7317703249540445
185,1.0,0.9997029145067046,0.7283036803778339,0.9116626181305157,0.9081824554790826,0.7317703249540445
186,1.0,0.9997029145067046,0.7283036803778339,0.9116626181305157,0.9081824554790826,0.7317703249540445
187,1.0,0.9997029145067046,0.7283036803778339,0.9116626181305157,0.9081824554790826,0.7317703249540445
188,1.0,0.9997029145067046,0.7283036803778339,0.9116626181305157,0.9081824554790826,0.7317703249540445
189,1.0,0.9997029145067046,0.7283036803778339,0.9116626181305157,0.9081824554790826,0.7317703249540445
190,1.0,0.9997029145067046,0.7283036803778339,0.9116626181305157,0.9081824554790826,0.7317703249540445
191,1.0,0.9997029145067046,0.7283036803778339,0.9116626181305157,0.9081824554790826,0.7317703249540445
192,1.0,0.999710532783666,0.7342930446826816,0.9158226926511408,0.9135708797292984,0.7399655094470242
193,1.0,0.999710532783666,0.7342930446826816,0.9158226926511408,0.9135708797292984,0.7399655094470242
194,1.0,0.999710532783666,0.7342930446826816,0.9158226926511408,0.9135708797292984,0.7399655094470242
195,1.0,0.999710532783666,0.7342930446826816,0.9158226926511408,0.9135708797292984,0.7399655094470242
196,1.0,0.999710532783666,0.7342930446826816,0.9158226926511408,0.9135708797292984,0.7399655094470242
197,1.0,0.999710532783666,0.7342930446826816,0.9158226926511408,0.9135708797292984,0.7399655094470242
198,1.0,0.999710532783666,0.7342930446826816,0.9158226926511408,0.9135708797292984,0.7399655094470242
199,1.0,0.999710532783666,0.7342930446826816,0.9158226926511408,0.9135708797292984,0.7399655094470242
200,1.0,0.999710532783666,0.7342930446826816,0.9158226926511408,0.9135708797292984,0.7399655094470242
201,1.0,0.999710532783666,0.7342930446826816,0.9158226926511408,0.9135708797292984,0.7399655094470242
202,1.0,0.999710532783666,0.7342930446826816,0.9158226926511408,0.9135708797292984,0.7399655094470242
203,1.0,0.999710532783666,0.7342930446826816,0.9158226926511408,0.9135708797292984,0.7399655094470242
204,1.0,0.999710532783666,0.7342930446826816,0.9158226926511408,0.9135708797292984,0.7399655094470242
205,1.0,0.999710532783666,0.7342930446826816,0.9158226926511408,0.9135708797292984,0.7399655094470242
206,1.0,0.999710532783666,0.7342930446826816,0.9158226926511408,0.9135708797292984,0.7399655094470242
207,1.0,0.999710532783666,0.7342930446826816,0.9158226926511408,0.9135708797292984,0.7399655094470242
208,1.0,0.999710532783666,0.7342930446826816,0.9158226926511408,0.9135708797292984,0.7399655094470242
209,1.0,0.999710532783666,0.7342930446826816,0.9158226926511408,0.9135708797292984,0.7399655094470242
210,1.0,0.999710532783666,0.7342930446826816,0.9158226926511408,0.9135708797292984,0.7399655094470242
211,1.0,0.999710532783666,0.7342930446826816,0.9158226926511408,0.9135708797292984,0.7399655094470242
212,1.0,0.999710532783666,0.7342930446826816,0.9158226926511408,0.9135708797292984,0.7399655094470242
213,1.0,0.999710532783666,0.7342930446826816,0.9158226926511408,0.9135708797292984,0.7399655094470242
214,1.0,0.999710532783666,0.7342930446826816,0.9158226926511408,0.9135708797292984,0.7399655094470242
215,1.0,0.999710532783666,0.7342930446826816,0.9158226926511408,0.9135708797292984,0.7399655094470242
216,1.0,0.9997134922192114,0.736535890157782,0.9176030546662116,0.9158642567982481,0.7428440273379221
217,1.0,0.9997134922192114,0.736535890157782,0.9176030546662116,0.9158642567982481,0.7428440273379221
218,1.0,0.9997134922192114,0.736535890157782,0.9176030546662116,0.9158642567982481,0.7428440273379221
219,1.0,0.9997134922192114,0.736535890157782,0.9176030546662116,0.9158642567982481,0.7428440273379221
220,1.0,0.9997134922192114,0.736535890157782,0.9176030546662116,0.9158642567982481,0.7428440273379221
221,1.0,0.9997134922192114,0.736535890157782,0.9176030546662116,0.9158642567982481,0.7428440273379221
222,1.0,0.9997134922192114,0.736535890157782,0.9176030546662116,0.9158642567982481,0.7428440273379221
223,1.0,0.9997134922192114,0.736535890157782,0.9176030546662116,0.9158642567982481,0.7428440273379221
224,1.0,0.9997134922192114,0.736535890157782,0.9176030546662116,0.9158642567982481,0.7428440273379221
225,1.0,0.9997134922192114,0.736535890157782,0.9176030546662116,0.9158642567982481,0.7428440273379221
226,1.0,0.9997134922192114,0.736535890157782,0.9176030546662116,0.9158642567982481,0.7428440273379221
227,1.0,0.9997134922192114,0.736535890157782,0.9176030546662116,0.9158642567982481,0.7428440273379221
228,1.0,0.9997134922192114,0.736535890157782,0.9176030546662116,0.9158642567982481,0.7428440273379221
229,1.0,0.9997134922192114,0.736535890157782,0.9176030546662116,0.9158642567982481,0.7428440273379221
230,1.0,0.9997134922192114,0.736535890157782,0.9176030546662116,0.9158642567982481,0.7428440273379221
231,1.0,0.9997134922192114,0.736535890157782,0.9176030546662116,0.9158642567982481,0.7428440273379221
232,1.0,0.9997134922192114,0.736535890157782,0.9176030546662116,0.9158642567982481,0.7428440273379221
233,1.0,0.9997134922192114,0.736535890157782,0.9176030546662116,0.9158642567982481,0.7428440273379221
234,1.0,0.9997134922192114,0.736535890157782,0.9176030546662116,0.9158642567982481,0.7428440273379221
235,1.0,0.9997134922192114,0.736535890157782,0.9176030546662116,0.9158642567982481,0.7428440273379221
236,1.0,0.9997134922192114,0.736535890157782,0.9176030546662116,0.9158642567982481,0.7428440273379221
237,1.0,0.9997134922192114,0.736535890157782,0.9176030546662116,0.9158642567982481,0.7428440273379221
238,1.0,0.9997134922192114,0.736535890157782,0.9176030546662116,0.9158642567982481,0.7428440273379221
239,1.0,0.9997134922192114,0.736535890157782,0.9176030546662116,0.9158642567982481,0.7428440273379221
240,1.0,0.9997135318714534,0.7364684775879241,0.9176850284449736,0.9159825286994487,0.7428464398472726
241,1.0,0.9997135318714534,0.7364684775879241,0.9176850284449736,0.9159825286994487,0.7428464398472726
242,1.0,0.9997135318714534,0.7364684775879241,0.9176850284449736,0.9159825286994487,0.7428464398472726
243,1.0,0.9997135318714534,0.7364684775879241,0.9176850284449736,0.9159825286994487,0.7428464398472726
244,1.0,0.9997135318714534,0.7364684775879241,0.9176850284449736,0.9159825286994487,0.7428464398472726
245,1.0,0.9997135318714534,0.7364684775879241,0.9176850284449736,0.9159825286994487,0.7428464398472726
246,1.0,0.9997135318714534,0.7364684775879241,0.9176850284449736,0.9159825286994487,0.7428464398472726
247,1.0,0.9997135318714534,0.7364684775879241,0.9176850284449736,0.9159825286994487,0.7428464398472726
248,1.0,0.9997135318714534,0.7364684775879241,0.9176850284449736,0.9159825286994487,0.7428464398472726
249,1.0,0.9997135318714534,0.7364684775879241,0.9176850284449736,0.9159825286994487,0.7428464398472726
250,1.0,0.9997135318714534,0.7364684775879241,0.9176850284449736,0.9159825286994487,0.7428464398472726
251,1.0,0.9997135318714534,0.7364684775879241,0.9176850284449736,0.9159825286994487,0.7428464398472726
252,1.0,0.9997135318714534,0.7364684775879241,0.9176850284449736,0.9159825286994487,0.7428464398472726
253,1.0,0.9997135318714534,0.7364684775879241,0.9176850284449736,0.9159825286994487,0.7428464398472726
254,1.0,0.9997135318714534,0.7364684775879241,0.9176850284449736,0.9159825286994487,0.7428464398472726
255,1.0,0.9997135318714534,0.7364684775879241,0.9176850284449736,0.9159825286994487,0.7428464398472726
256,1.0,0.9997135318714534,0.7364684775879241,0.9176850284449736,0.9159825286994487,0.7428464398472726
257,1.0,0.9997135318714534,0.7364684775879241,0.9176850284449736,0.9159825286994487,0.7428464398472726
258,1.0,0.9997135318714534,0.7364684775879241,0.9176850284449736,0.9159825286994487,0.7428464398472726
259,1.0,0.9997135318714534,0.7364684775879241,0.9176850284449736,0.9159825286994487,0.7428464398472726
260,1.0,0.9997135318714534,0.7364684775879241,0.9176850284449736,0.9159825286994487,0.7428464398472726
261,1.0,0.9997135318714534,0.7364684775879241,0.9176850284449736,0.9159825286994487,0.7428464398472726
262,1.0,0.9997135318714534,0.7364684775879241,0.9176850284449736,0.9159825286994487,0.7428464398472726
263,1.0,0.9997135318714534,0.7364684775879241,0.9176850284449736,0.9159825286994487,0.7428464398472726
264,1.0,0.9997144695822651,0.7371521348920383,0.9182410831947804,0.9166752328740749,0.7437703353091708
265,1.0,0.9997144695822651,0.7371521348920383,0.9182410831947804,0.9166752328740749,0.7437703353091708
266,1.0,0.9997144695822651,0.7371521348920383,0.9182410831947804,0.9166752328740749,0.7437703353091708
267,1.0,0.9997144695822651,0.7371521348920383,0.9182410831947804,0.9166752328740749,0.7437703353091708
268,1.0,0.9997144695822651,0.7371521348920383,0.9182410831947804,0.9166752328740749,0.7437703353091708
269,1.0,0.9997144695822651,0.7371521348920383,0.9182410831947804,0.9166752328740749,0.7437703353091708
270,1.0,0.9997144695822651,0.7371521348920383,0.9182410831947804,0.9166752328740749,0.7437703353091708
271,1.0,0.9997144695822651,0.7371521348920383,0.9182410831947804,0.9166752328740749,0.7437703353091708
272,1.0,0.9997144695822651,0.7371521348920383,0.9182410831947804,0.9166752328740749,0.7437703353091708
273,1.0,0.9997144695822651,0.7371521348920383,0.9182410831947804,0.9166752328740749,0.7437703353091708
274,1.0,0.9997144695822651,0.7371521348920383,0.9182410831947804,0.9166752328740749,0.7437703353091708
275,1.0,0.9997144695822651,0.7371521348920383,0.9182410831947804,0.9166752328740749,0.7437703353091708
276,1.0,0.9997144695822651,0.7371521348920383,0.9182410831947804,0.9166752328740749,0.7437703353091708
277,1.0,0.9997144695822651,0.7371521348920383,0.9182410831947804,0.9166752328740749,0.7437703353091708
278,1.0,0.9997144695822651,0.7371521348920383,0.9182410831947804,0.9166752328740749,0.7437703353091708
279,1.0,0.9997144695822651,0.7371521348920383,0.9182410831947804,0.9166752328740749,0.7437703353091708
280,1.0,0.9997144695822651,0.7371521348920383,0.9182410831947804,0.9166752328740749,0.7437703353091708
281,1.0,0.9997144695822651,0.7371521348920383,0.9182410831947804,0.9166752328740749,0.7437703353091708
282,1.0,0.9997144695822651,0.7371521348920383,0.9182410831947804,0.9166752328740749,0.7437703353091708
283,1.0,0.9997144695822651,0.7371521348920383,0.9182410831947804,0.9166752328740749,0.7437703353091708
284,1.0,0.9997144695822651,0.7371521348920383,0.9182410831947804,0.9166752328740749,0.7437703353091708
285,1.0,0.9997144695822651,0.7371521348920383,0.9182410831947804,0.9166752328740749,0.7437703353091708
286,1.0,0.9997144695822651,0.7371521348920383,0.9182410831947804,0.9166752328740749,0.7437703353091708
287,1.0,0.9997144695822651,0.7371521348920383,0.9182410831947804,0.9166752328740749,0.7437703353091708
288,1.0,0.9997162815774013,0.7384429243986376,0.9193488248997165,0.9180268521771545,0.7456083394211451
289,1.0,0.9997162815774013,0.7384429243986376,0.9193488248997165,0.9180268521771545,0.7456083394211451
290,1.0,0.9997162815774013,0.7384429243986376,0.9193488248997165,0.9180268521771545,0.7456083394211451
291,1.0,0.9997162815774013,0.7384429243986376,0.9193488248997165,0.9180268521771545,0.7456083394211451
292,1.0,0.9997162815774013,0.7384429243986376,0.9193488248997165,0.9180268521771545,0.7456083394211451
293,1.0,0.9997162815774013,0.7384429243986376,0.9193488248997165,0.9180268521771545,0.7456083394211451
294,1.0,0.9997162815774013,0.7384429243986376,0.9193488248997165,0.9180268521771545,0.7456083394211451
295,1.0,0.9997162815774013,0.7384429243986376,0.9193488248997165,0.9180268521771545,0.7456083394211451
296,1.0,0.9997162815774013,0.7384429243986376,0.9193488248997165,0.9180268521771545,0.7456083394211451
297,1.0,0.9997162815774013,0.7384429243986376,0.9193488248997165,0.9180268521771545,0.7456083394211451
298,1.0,0.9997162815774013,0.7384429243986376,0.9193488248997165,0.9180268521771545,0.7456083394211451
299,1.0,0.9997162815774013,0.7384429243986376,0.9193488248997165,0.9180268521771545,0.7456083394211451
300,1.0,0.9997162815774013,0.7384429243986376,0.9193488248997165,0.9180268521771545,0.7456083394211451
301,1.0,0.9997162815774013,0.7384429243986376,0.9193488248997165,0.9180268521771545,0.7456083394211451
302,1.0,0.9997162815774013,0.7384429243986376,0.9193488248997165,0.9180268521771545,0.7456083394211451
303,1.0,0.9997162815774013,0.7384429243986376,0.9193488248997165,0.9180268521771545,0.7456083394211451
304,1.0,0.9997162815774013,0.7384429243986376,0.9193488248997165,0.9180268521771545,0.7456083394211451
305,1.0,0.9997162815774013,0.7384429243986376,0.9193488248997165,0.9180268521771545,0.7456083394211451
306,1.0,0.9997162815774013,0.7384429243986376,0.9193488248997165,0.9180268521771545,0.7456083394211451
307,1.0,0.9997162815774013,0.7384429243986376,0.9193488248997165,0.9180268521771545,0.7456083394211451
308,1.0,0.9997162815774013,0.7384429243986376,0.9193488248997165,0.9180268521771545,0.7456083394211451
309,1.0,0.9997162815774013,0.7384429243986376,0.9193488248997165,0.9180268521771545,0.7456083394211451
310,1.0,0.9997162815774013,0.7384429243986376,0.9193488248997165,0.9180268521771545,0.7456083394211451
311,1.0,0.9997162815774013,0.7384429243986376,0.9193488248997165,0.9180268521771545,0.7456083394211451
312,1.0,0.9997187702684145,0.7403070471910804,0.9208935737937028,0.9202337026871015,0.7483477868759697
313,1.0,0.9997187702684145,0.7403070471910804,0.9208935737937028,0.9202337026871015,0.7483477868759697
314,1.0,0.9997187702684145,0.7403070471910804,0.9208935737937028,0.9202337026871015,0.7483477868759697
315,1.0,0.9997187702684145,0.7403070471910804,0.9208935737937028,0.9202337026871015,0.7483477868759697
316,1.0,0.9997187702684145,0.7403070471910804,0.9208935737937028,0.9202337026871015,0.7483477868759697
317,1.0,0.9997187702684145,0.7403070471910804,0.9208935737937028,0.9202337026871015,0.7483477868759697
318,1.0,0.9997187702684145,0.7403070471910804,0.9208935737937028,0.9202337026871015,0.7483477868759697
319,1.0,0.9997187702684145,0.7403070471910804,0.9208935737937028,0.9202337026871015,0.7483477868759697
320,1.0,0.9997187702684145,0.7403070471910804,0.9208935737937028,0.9202337026871015,0.7483477868759697
321,1.0,0.9997187702684145,0.7403070471910804,0.9208935737937028,0.9202337026871015,0.7483477868759697
322,1.0,0.9997187702684145,0.7403070471910804,0.9208935737937028,0.9202337026871015,0.7483477868759697
323,1.0,0.9997187702684145,0.7403070471910804,0.9208935737937028,0.9202337026871015,0.7483477868759697
324,1.0,0.9997187702684145,0.7403070471910804,0.9208935737937028,0.9202337026871015,0.7483477868759697
325,1.0,0.9997187702684145,0.7403070471910804,0.9208935737937028,0.9202337026871015,0.7483477868759697
326,1.0,0.9997187702684145,0.7403070471910804,0.9208935737937028,0.9202337026871015,0.7483477868759697
327,1.0,0.9997187702684145,0.7403070471910804,0.9208935737937028,0.9202337026871015,0.7483477868759697
328,1.0,0.9997187702684145,0.7403070471910804,0.9208935737937028,0.9202337026871015,0.7483477868759697
329,1.0,0.9997187702684145,0.7403070471910804,0.9208935737937028,0.9202337026871015,0.7483477868759697
330,1.0,0.9997187702684145,0.7403070471910804,0.9208935737937028,0.9202337026871015,0.7483477868759697
331,1.0,0.9997187702684145,0.7403070471910804,0.9208935737937028,0.9202337026871015,0.7483477868759697
332,1.0,0.9997187702684145,0.7403070471910804,0.9208935737937028,0.9202337026871015,0.7483477868759697
333,1.0,0.9997187702684145,0.7403070471910804,0.9208935737937028,0.9202337026871015,0.7483477868759697
334,1.0,0.9997187702684145,0.7403070471910804,0.9208935737937028,0.9202337026871015,0.7483477868759697
335,1.0,0.9997187702684145,0.7403070471910804,0.9208935737937028,0.9202337026871015,0.7483477868759697
336,1.0,0.9997174261797657,0.739324212183285,0.9201413595444853,0.9192323676478651,0.7470797475987975
337,1.0,0.9997174261797657,0.739324212183285,0.9201413595444853,0.9192323676478651,0.7470797475987975
338,1.0,0.9997174261797657,0.739324212183285,0.9201413595444853,0.9192323676478651,0.7470797475987975
339,1.0,0.9997174261797657,0.739324212183285,0.9201413595444853,0.9192323676478651,0.7470797475987975
340,1.0,0.9997174261797657,0.739324212183285,0.9201413595444853,0.9192323676478651,0.7470797475987975
341,1.0,0.9997174261797657,0.739324212183285,0.9201413595444853,0.9192323676478651,0.7470797475987975
342,1.0,0.9997174261797657,0.739324212183285,0.9201413595444853,0.9192323676478651,0.7470797475987975
343,1.0,0.9997174261797657,0.739324212183285,0.9201413595444853,0.9192323676478651,0.7470797475987975
344,1.0,0.9997174261797657,0.739324212183285,0.9201413595444853,0.9192323676478651,0.7470797475987975
345,1.0,0.9997174261797657,0.739324212183285,0.9201413595444853,0.9192323676478651,0.7470797475987975
346,1.0,0.9997174261797657,0.739324212183285,0.9201413595444853,0.9192323676478651,0.7470797475987975
347,1.0,0.9997174261797657,0.739324212183285,0.9201413595444853,0.9192323676478651,0.7470797475987975
348,1.0,0.9997174261797657,0.739324212183285,0.9201413595444853,0.9192323676478651,0.7470797475987975
349,1.0,0.9997174261797657,0.739324212183285,0.9201413595444853,0.9192323676478651,0.7470797475987975
350,1.0,0.9997174261797657,0.739324212183285,0.9201413595444853,0.9192323676478651,0.7470797475987975
351,1.0,0.9997174261797657,0.739324212183285,0.9201413595444853,0.9192323676478651,0.7470797475987975
352,1.0,0.9997174261797657,0.739324212183285,0.9201413595444853,0.9192323676478651,0.7470797475987975
353,1.0,0.9997174261797657,0.739324212183285,0.9201413595444853,0.9192323676478651,0.7470797475987975
354,1.0,0.9997174261797657,0.739324212183285,0.9201413595444853,0.9192323676478651,0.7470797475987975
355,1.0,0.9997174261797657,0.739324212183285,0.9201413595444853,0.9192323676478651,0.7470797475987975
356,1.0,0.9997174261797657,0.739324212183285,0.9201413595444853,0.9192323676478651,0.7470797475987975
357,1.0,0.9997174261797657,0.739324212183285,0.9201413595444853,0.9192323676478651,0.7470797475987975
358,1.0,0.9997174261797657,0.739324212183285,0.9201413595444853,0.9192323676478651,0.7470797475987975
359,1.0,0.9997174261797657,0.739324212183285,0.9201413595444853,0.9192323676478651,0.7470797475987975
360,1.0,0.9997148715711776,0.7373930207518328,0.9185820098026115,0.9174117899208528,0.7446835496874611
361,1.0,0.9997148715711776,0.7373930207518328,0.9185820098026115,0.9174117899208528,0.7446835496874611
362,1.0,0.9997148715711776,0.7373930207518328,0.9185820098026115,0.9174117899208528,0.7446835496874611
363,1.0,0.9997148715711776,0.7373930207518328,0.9185820098026115,0.9174117899208528,0.7446835496874611
364,1.0,0.9997148715711776,0.7373930207518328,0.9185820098026115,0.9174117899208528,0.7446835496874611
365,1.0,0.9997148715711776,0.7373930207518328,0.9185820098026115,0.9174117899208528,0.7446835496874611
366,1.0,0.9997148715711776,0.7373930207518328,0.9185820098026115,0.9174117899208528,0.7446835496874611
367,1.0,0.9997148715711776,0.7373930207518328,0.9185820098026115,0.9174117899208528,0.7446835496874611
368,1.0,0.9997148715711776,0.7373930207518328,0.9185820098026115,0.9174117899208528,0.7446835496874611
369,1.0,0.9997148715711776,0.7373930207518328,0.9185820098026115,0.9174117899208528,0.7446835496874611
370,1.0,0.9997148715711776,0.7373930207518328,0.9185820098026115,0.9174117899208528,0.7446835496874611
371,1.0,0.9997148715711776,0.7373930207518328,0.9185820098026115,0.9174117899208528,0.7446835496874611
372,1.0,0.9997148715711776,0.7373930207518328,0.9185820098026115,0.9174117899208528,0.7446835496874611
373,1.0,0.9997148715711776,0.7373930207518328,0.9185820098026115,0.9174117899208528,0.7446835496874611
374,1.0,0.9997148715711776,0.7373930207518328,0.9185820098026115,0.9174117899208528,0.7446835496874611
375,1.0,0.9997148715711776,0.7373930207518328,0.9185820098026115,0.9174117899208528,0.7446835496874611
376,1.0,0.9997148715711776,0.7373930207518328,0.9185820098026115,0.9174117899208528,0.7446835496874611
377,1.0,0.9997148715711776,0.7373930207518328,0.9185820098026115,0.9174117899208528,0.7446835496874611
378,1.0,0.9997148715711776,0.7373930207518328,0.9185820098026115,0.9174117899208528,0.7446835496874611
379,1.0,0.9997148715711776,0.7373930207518328,0.9185820098026115,0.9174117899208528,0.7446835496874611
380,1.0,0.9997148715711776,0.7373930207518328,0.9185820098026115,0.9174117899208528,0.7446835496874611
381,1.0,0.9997148715711776,0.7373930207518328,0.9185820098026115,0.9174117899208528,0.7446835496874611
382,1.0,0.9997148715711776,0.7373930207518328,0.9185820098026115,0.9174117899208528,0.7446835496874611
383,1.0,0.9997148715711776,0.7373930207518328,0.9185820098026115,0.9174117899208528,0.7446835496874611
384,1.0,0.9997155838010466,0.737899213269496,0.9190031035141962,0.9179613891401903,0.7453184845178104
385,1.0,0.9997155838010466,0.737899213269496,0.9190031035141962,0.9179613891401903,0.7453184845178104
386,1.0,0.9997155838010466,0.737899213269496,0.9190031035141962,0.9179613891401903,0.7453184845178104
387,1.0,0.9997155838010466,0.737899213269496,0.9190031035141962,0.9179613891401903,0.7453184845178104
388,1.0,0.9997155838010466,0.737899213269496,0.9190031035141962,0.9179613891401903,0.7453184845178104
389,1.0,0.9997155838010466,0.737899213269496,0.9190031035141962,0.9179613891401903,0.7453184845178104
390,1.0,0.9997155838010466,0.737899213269496,0.9190031035141962,0.9179613891401903,0.7453184845178104
391,1.0,0.9997155838010466,0.737899213269496,0.9190031035141962,0.9179613891401903,0.7453184845178104
392,1.0,0.9997155838010466,0.737899213269496,0.9190031035141962,0.9179613891401903,0.7453184845178104
393,1.0,0.9997155838010466,0.737899213269496,0.9190031035141962,0.9179613891401903,0.7453184845178104
394,1.0,0.9997155838010466,0.737899213269496,0.9190031035141962,0.9179613891401903,0.7453184845178104
395,1.0,0.9997155838010466,0.737899213269496,0.9190031035141962,0.9179613891401903,0.7453184845178104
396,1.0,0.9997155838010466,0.737899213269496,0.9190031035141962,0.9179613891401903,0.7453184845178104
397,1.0,0.9997155838010466,0.737899213269496,0.9190031035141962,0.9179613891401903,0.7453184845178104
398,1.0,0.9997155838010466,0.737899213269496,0.9190031035141962,0.9179613891401903,0.7453184845178104
399,1.0,0.9997155838010466,0.737899213269496,0.9190031035141962,0.9179613891401903,0.7453184845178104
400,1.0,0.9997155838010466,0.737899213269496,0.9190031035141962,0.9179613891401903,0.7453184845178104
401,1.0,0.9997155838010466,0.737899213269496,0.9190031035141962,0.9179613891401903,0.7453184845178104
402,1.0,0.9997155838010466,0.737899213269496,0.9190031035141962,0.9179613891401903,0.7453184845178104
403,1.0,0.9997155838010466,0.737899213269496,0.9190031035141962,0.9179613891401903,0.7453184845178104
404,1.0,0.9997155838010466,0.737899213269496,0.9190031035141962,0.9179613891401903,0.7453184845178104
405,1.0,0.9997155838010466,0.737899213269496,0.9190031035141962,0.9179613891401903,0.7453184845178104
406,1.0,0.9997155838010466,0.737899213269496,0.9190031035141962,0.9179613891401903,0.7453184845178104
407,1.0,0.9997155838010466,0.737899213269496,0.9190031035141962,0.9179613891401903,0.7453184845178104
408,1.0,0.9997137282911468,0.7365683780449231,0.9179127876687567,0.9165603332263036,0.7434631355180419
409,1.0,0.9997137282911468,0.7365683780449231,0.9179127876687567,0.9165603332263036,0.7434631355180419
410,1.0,0.9997137282911468,0.7365683780449231,0.9179127876687567,0.9165603332263036,0.7434631355180419
411,1.0,0.9997137282911468,0.7365683780449231,0.9179127876687567,0.9165603332263036,0.7434631355180419
412,1.0,0.9997137282911468,0.7365683780449231,0.9179127876687567,0.9165603332263036,0.7434631355180419
413,1.0,0.9997137282911468,0.7365683780449231,0.9179127876687567,0.9165603332263036,0.7434631355180419
414,1.0,0.9997137282911468,0.7365683780449231,0.9179127876687567,0.9165603332263036,0.7434631355180419
415,1.0,0.9997137282911468,0.7365683780449231,0.9179127876687567,0.9165603332263036,0.7434631355180419
416,1.0,0.9997137282911468,0.7365683780449231,0.9179127876687567,0.9165603332263036,0.7434631355180419
417,1.0,0.9997137282911468,0.7365683780449231,0.9179127876687567,0.9165603332263036,0.7434631355180419
418,1.0,0.9997137282911468,0.7365683780449231,0.9179127876687567,0.9165603332263036,0.7434631355180419
419,1.0,0.9997137282911468,0.7365683780449231,0.9179127876687567,0.9165603332263036,0.7434631355180419
420,1.0,0.9997137282911468,0.7365683780449231,0.9179127876687567,0.9165603332263036,0.7434631355180419
421,1.0,0.9997137282911468,0.7365683780449231,0.9179127876687567,0.9165603332263036,0.7434631355180419
422,1.0,0.9997137282911468,0.7365683780449231,0.9179127876687567,0.9165603332263036,0.7434631355180419
423,1.0,0.9997137282911468,0.7365683780449231,0.9179127876687567,0.9165603332263036,0.7434631355180419
424,1.0,0.9997137282911468,0.7365683780449231,0.9179127876687567,0.9165603332263036,0.7434631355180419
425,1.0,0.9997137282911468,0.7365683780449231,0.9179127876687567,0.9165603332263036,0.7434631355180419
426,1.0,0.9997137282911468,0.7365683780449231,0.9179127876687567,0.9165603332263036,0.7434631355180419
427,1.0,0.9997137282911468,0.7365683780449231,0.9179127876687567,0.9165603332263036,0.7434631355180419
428,1.0,0.9997137282911468,0.7365683780449231,0.9179127876687567,0.9165603332263036,0.7434631355180419
429,1.0,0.9997137282911468,0.7365683780449231,0.9179127876687567,0.9165603332263036,0.7434631355180419
430,1.0,0.9997137282911468,0.7365683780449231,0.9179127876687567,0.9165603332263036,0.7434631355180419
431,1.0,0.9997137282911468,0.7365683780449231,0.9179127876687567,0.9165603332263036,0.7434631355180419
432,1.0,0.999714109323211,0.7376583579061995,0.9178297725777446,0.9178073622591404,0.7405299892065869
433,1.0,0.999714109323211,0.7376583579061995,0.9178297725777446,0.9178073622591404,0.7405299892065869
434,1.0,0.999714109323211,0.7376583579061995,0.9178297725777446,0.9178073622591404,0.7405299892065869
435,1.0,0.999714109323211,0.7376583579061995,0.9178297725777446,0.9178073622591404,0.7405299892065869
436,1.0,0.999714109323211,0.7376583579061995,0.9178297725777446,0.9178073622591404,0.7405299892065869
437,1.0,0.999714109323211,0.7376583579061995,0.9178297725777446,0.9178073622591404,0.7405299892065869
438,1.0,0.999714109323211,0.7376583579061995,0.9178297725777446,0.9178073622591404,0.7405299892065869
439,1.0,0.999714109323211,0.7376583579061995,0.9178297725777446,0.9178073622591404,0.7405299892065869
440,1.0,0.999714109323211,0.7376583579061995,0.9178297725777446,0.9178073622591404,0.7405299892065869
441,1.0,0.999714109323211,0.7376583579061995,0.9178297725777446,0.9178073622591404,0.7405299892065869
442,1.0,0.999714109323211,0.7376583579061995,0.9178297725777446,0.9178073622591404,0.7405299892065869
443,1.0,0.999714109323211,0.7376583579061995,0.9178297725777446,0.9178073622591404,0.7405299892065869
444,1.0,0.999714109323211,0.7376583579061995,0.9178297725777446,0.9178073622591404,0.7405299892065869
445,1.0,0.999714109323211,0.7376583579061995,0.9178297725777446,0.9178073622591404,0.7405299892065869
446,1.0,0.999714109323211,0.7376583579061995,0.9178297725777446,0.9178073622591404,0.7405299892065869
447,1.0,0.999714109323211,0.7376583579061995,0.9178297725777446,0.9178073622591404,0.7405299892065869
448,1.0,0.999714109323211,0.7376583579061995,0.9178297725777446,0.9178073622591404,0.7405299892065869
449,1.0,0.999714109323211,0.7376583579061995,0.9178297725777446,0.9178073622591404,0.7405299892065869
450,1.0,0.999714109323211,0.7376583579061995,0.9178297725777446,0.9178073622591404,0.7405299892065869
451,1.0,0.999714109323211,0.7376583579061995,0.9178297725777446,0.9178073622591404,0.7405299892065869
452,1.0,0.999714109323211,0.7376583579061995,0.9178297725777446,0.9178073622591404,0.7405299892065869
453,1.0,0.999714109323211,0.7376583579061995,0.9178297725777446,0.9178073622591404,0.7405299892065869
454,1.0,0.999714109323211,0.7376583579061995,0.9178297725777446,0.9178073622591404,0.7405299892065869
455,1.0,0.999714109323211,0.7376583579061995,0.9178297725777446,0.9178073622591404,0.7405299892065869
456,1.0,0.9997161530990115,0.7402298688198834,0.9186560441050861,0.9200594399378432,0.7388428439170586
457,1.0,0.9997161530990115,0.7402298688198834,0.9186560441050861,0.9200594399378432,0.7388428439170586
458,1.0,0.9997161530990115,0.7402298688198834,0.9186560441050861,0.9200594399378432,0.7388428439170586
459,1.0,0.9997161530990115,0.7402298688198834,0.9186560441050861,0.9200594399378432,0.7388428439170586
460,1.0,0.9997161530990115,0.7402298688198834,0.9186560441050861,0.9200594399378432,0.7388428439170586
461,1.0,0.9997161530990115,0.7402298688198834,0.9186560441050861,0.9200594399378432,0.7388428439170586
462,1.0,0.9997161530990115,0.7402298688198834,0.9186560441050861,0.9200594399378432,0.7388428439170586
463,1.0,0.9997161530990115,0.7402298688198834,0.9186560441050861,0.9200594399378432,0.7388428439170586
464,1.0,0.9997161530990115,0.7402298688198834,0.9186560441050861,0.9200594399378432,0.7388428439170586
465,1.0,0.9997161530990115,0.7402298688198834,0.9186560441050861,0.9200594399378432,0.7388428439170586
466,1.0,0.9997161530990115,0.7402298688198834,0.9186560441050861,0.9200594399378432,0.7388428439170586
467,1.0,0.9997161530990115,0.7402298688198834,0.9186560441050861,0.9200594399378432,0.7388428439170586
468,1.0,0.9997161530990115,0.7402298688198834,0.9186560441050861,0.9200594399378432,0.7388428439170586
469,1.0,0.9997161530990115,0.7402298688198834,0.9186560441050861,0.9200594399378432,0.7388428439170586
470,1.0,0.9997161530990115,0.7402298688198834,0.9186560441050861,0.9200594399378432,0.7388428439170586
471,1.0,0.9997161530990115,0.7402298688198834,0.9186560441050861,0.9200594399378432,0.7388428439170586
472,1.0,0.9997161530990115,0.7402298688198834,0.9186560441050861,0.9200594399378432,0.7388428439170586
473,1.0,0.9997161530990115,0.7402298688198834,0.9186560441050861,0.9200594399378432,0.7388428439170586
474,1.0,0.9997161530990115,0.7402298688198834,0.9186560441050861,0.9200594399378432,0.7388428439170586
475,1.0,0.9997161530990115,0.7402298688198834,0.9186560441050861,0.9200594399378432,0.7388428439170586
476,1.0,0.9997161530990115,0.7402298688198834,0.9186560441050861,0.9200594399378432,0.7388428439170586
477,1.0,0.9997161530990115,0.7402298688198834,0.9186560441050861,0.9200594399378432,0.7388428439170586
478,1.0,0.9997161530990115,0.7402298688198834,0.9186560441050861,0.9200594399378432,0.7388428439170586
479,1.0,0.9997161530990115,0.7402298688198834,0.9186560441050861,0.9200594399378432,0.7388428439170586
480,1.0,0.9997178099499143,0.7423161210003267,0.9192925018316616,0.9222056729716774,0.737104041238021
481,1.0,0.9997178099499143,0.7423161210003267,0.9192925018316616,0.9222056729716774,0.737104041238021
482,1.0,0.9997178099499143,0.7423161210003267,0.9192925018316616,0.9222056729716774,0.737104041238021
483,1.0,0.9997178099499143,0.7423161210003267,0.9192925018316616,0.9222056729716774,0.737104041238021
484,1.0,0.9997178099499143,0.7423161210003267,0.9192925018316616,0.9222056729716774,0.737104041238021
485,1.0,0.9997178099499143,0.7423161210003267,0.9192925018316616,0.9222056729716774,0.737104041238021
486,1.0,0.9997178099499143,0.7423161210003267,0.9192925018316616,0.9222056729716774,0.737104041238021
487,1.0,0.9997178099499143,0.7423161210003267,0.9192925018316616,0.9222056729716774,0.737104041238021
488,1.0,0.9997178099499143,0.7423161210003267,0.9192925018316616,0.9222056729716774,0.737104041238021
489,1.0,0.9997178099499143,0.7423161210003267,0.9192925018316616,0.9222056729716774,0.737104041238021
490,1.0,0.9997178099499143,0.7423161210003267,0.9192925018316616,0.9222056729716774,0.737104041238021
491,1.0,0.9997178099499143,0.7423161210003267,0.9192925018316616,0.9222056729716774,0.737104041238021
492,1.0,0.9997178099499143,0.7423161210003267,0.9192925018316616,0.9222056729716774,0.737104041238021
493,1.0,0.9997178099499143,0.7423161210003267,0.9192925018316616,0.9222056729716774,0.737104041238021
494,1.0,0.9997178099499143,0.7423161210003267,0.9192925018316616,0.9222056729716774,0.737104041238021
495,1.0,0.9997178099499143,0.7423161210003267,0.9192925018316616,0.9222056729716774,0.737104041238021
496,1.0,0.9997178099499143,0.7423161210003267,0.9192925018316616,0.9222056729716774,0.737104041238021
497,1.0,0.9997178099499143,0.7423161210003267,0.9192925018316616,0.9222056729716774,0.737104041238021
498,1.0,0.9997178099499143,0.7423161210003267,0.9192925018316616,0.9222056729716774,0.737104041238021
499,1.0,0.9997178099499143,0.7423161210003267,0.9192925018316616,0.9222056729716774,0.737104041238021
500,1.0,0.9997178099499143,0.7423161210003267,0.9192925018316616,0.9222056729716774,0.737104041238021
501,1.0,0.9997178099499143,0.7423161210003267,0.9192925018316616,0.9222056729716774,0.737104041238021
502,1.0,0.9997178099499143,0.7423161210003267,0.9192925018316616,0.9222056729716774,0.737104041238021
503,1.0,0.9997178099499143,0.7423161210003267,0.9192925018316616,0.9222056729716774,0.737104041238021
504,1.0,0.9997258884538405,0.7496765018609052,0.9233050515782483,0.9286894078136555,0.7408439892774177
505,1.0,0.9997258884538405,0.7496765018609052,0.9233050515782483,0.9286894078136555,0.7408439892774177
506,1.0,0.9997258884538405,0.7496765018609052,0.9233050515782483,0.9286894078136555,0.7408439892774177
507,1.0,0.9997258884538405,0.7496765018609052,0.9233050515782483,0.9286894078136555,0.7408439892774177
508,1.0,0.9997258884538405,0.7496765018609052,0.9233050515782483,0.9286894078136555,0.7408439892774177
509,1.0,0.9997258884538405,0.7496765018609052,0.9233050515782483,0.9286894078136555,0.7408439892774177
510,1.0,0.9997258884538405,0.7496765018609052,0.9233050515782483,0.9286894078136555,0.7408439892774177
511,1.0,0.9997258884538405,0.7496765018609052,0.9233050515782483,0.9286894078136555,0.7408439892774177
512,1.0,0.9997258884538405,0.7496765018609052,0.9233050515782483,0.9286894078136555,0.7408439892774177
513,1.0,0.9997258884538405,0.7496765018609052,0.9233050515782483,0.9286894078136555,0.7408439892774177
514,1.0,0.9997258884538405,0.7496765018609052,0.9233050515782483,0.9286894078136555,0.7408439892774177
515,1.0,0.9997258884538405,0.7496765018609052,0.9233050515782483,0.9286894078136555,0.7408439892774177
516,1.0,0.9997258884538405,0.7496765018609052,0.9233050515782483,0.9286894078136555,0.7408439892774177
517,1.0,0.9997258884538405,0.7496765018609052,0.9233050515782483,0.9286894078136555,0.7408439892774177
518,1.0,0.9997258884538405,0.7496765018609052,0.9233050515782483,0.9286894078136555,0.7408439892774177
519,1.0,0.9997258884538405,0.7496765018609052,0.9233050515782483,0.9286894078136555,0.7408439892774177
520,1.0,0.9997258884538405,0.7496765018609052,0.9233050515782483,0.9286894078136555,0.7408439892774177
521,1.0,0.9997258884538405,0.7496765018609052,0.9233050515782483,0.9286894078136555,0.7408439892774177
522,1.0,0.9997258884538405,0.7496765018609052,0.9233050515782483,0.9286894078136555,0.7408439892774177
523,1.0,0.9997258884538405,0.7496765018609052,0.9233050515782483,0.9286894078136555,0.7408439892774177
524,1.0,0.9997258884538405,0.7496765018609052,0.9233050515782483,0.9286894078136555,0.7408439892774177
525,1.0,0.9997258884538405,0.7496765018609052,0.9233050515782483,0.9286894078136555,0.7408439892774177
526,1.0,0.9997258884538405,0.7496765018609052,0.9233050515782483,0.9286894078136555,0.7408439892774177
527,1.0,0.9997258884538405,0.7496765018609052,0.9233050515782483,0.9286894078136555,0.7408439892774177
528,1.0,0.9997323800384729,0.7556708023189058,0.9267128802069192,0.9342990286648781,0.7435070473724666
529,1.0,0.9997323800384729,0.7556708023189058,0.9267128802069192,0.9342990286648781,0.7435070473724666
530,1.0,0.9997323800384729,0.7556708023189058,0.9267128802069192,0.9342990286648781,0.7435070473724666
531,1.0,0.9997323800384729,0.7556708023189058,0.9267128802069192,0.9342990286648781,0.7435070473724666
532,1.0,0.9997323800384729,0.7556708023189058,0.9267128802069192,0.9342990286648781,0.7435070473724666
533,1.0,0.9997323800384729,0.7556708023189058,0.9267128802069192,0.9342990286648781,0.7435070473724666
534,1.0,0.9997323800384729,0.7556708023189058,0.9267128802069192,0.9342990286648781,0.7435070473724666
535,1.0,0.9997323800384729,0.7556708023189058,0.9267128802069192,0.9342990286648781,0.7435070473724666
536,1.0,0.9997323800384729,0.7556708023189058,0.9267128802069192,0.9342990286648781,0.7435070473724666
537,1.0,0.9997323800384729,0.7556708023189058,0.9267128802069192,0.9342990286648781,0.7435070473724666
538,1.0,0.9997323800384729,0.7556708023189058,0.9267128802069192,0.9342990286648781,0.7435070473724666
539,1.0,0.9997323800384729,0.7556708023189058,0.9267128802069192,0.9342990286648781,0.7435070473724666
540,1.0,0.9997323800384729,0.7556708023189058,0.9267128802069192,0.9342990286648781,0.7435070473724666
541,1.0,0.9997323800384729,0.7556708023189058,0.9267128802069192,0.9342990286648781,0.7435070473724666
542,1.0,0.9997323800384729,0.7556708023189058,0.9267128802069192,0.9342990286648781,0.7435070473724666
543,1.0,0.9997323800384729,0.7556708023189058,0.9267128802069192,0.9342990286648781,0.7435070473724666
544,1.0,0.9997323800384729,0.7556708023189058,0.9267128802069192,0.9342990286648781,0.7435070473724666
545,1.0,0.9997323800384729,0.7556708023189058,0.9267128802069192,0.9342990286648781,0.7435070473724666
546,1.0,0.9997323800384729,0.7556708023189058,0.9267128802069192,0.9342990286648781,0.7435070473724666
547,1.0,0.9997323800384729,0.7556708023189058,0.9267128802069192,0.9342990286648781,0.7435070473724666
548,1.0,0.9997323800384729,0.7556708023189058,0.9267128802069192,0.9342990286648781,0.7435070473724666
549,1.0,0.9997323800384729,0.7556708023189058,0.9267128802069192,0.9342990286648781,0.7435070473724666
550,1.0,0.9997323800384729,0.7556708023189058,0.9267128802069192,0.9342990286648781,0.7435070473724666
551,1.0,0.9997323800384729,0.7556708023189058,0.9267128802069192,0.9342990286648781,0.7435070473724666
552,1.0,0.9997386667188128,0.761577084622363,0.929903386862473,0.9395726475828385,0.7456511433984597
553,1.0,0.9997386667188128,0.761577084622363,0.929903386862473,0.9395726475828385,0.7456511433984597
554,1.0,0.9997386667188128,0.761577084622363,0.929903386862473,0.9395726475828385,0.7456511433984597
555,1.0,0.9997386667188128,0.761577084622363,0.929903386862473,0.9395726475828385,0.7456511433984597
556,1.0,0.9997386667188128,0.761577084622363,0.929903386862473,0.9395726475828385,0.7456511433984597
557,1.0,0.9997386667188128,0.761577084622363,0.929903386862473,0.9395726475828385,0.7456511433984597
558,1.0,0.9997386667188128,0.761577084622363,0.929903386862473,0.9395726475828385,0.7456511433984597
559,1.0,0.9997386667188128,0.761577084622363,0.929903386862473,0.9395726475828385,0.7456511433984597
560,1.0,0.9997386667188128,0.761577084622363,0.929903386862473,0.9395726475828385,0.7456511433984597
561,1.0,0.9997386667188128,0.761577084622363,0.929903386862473,0.9395726475828385,0.7456511433984597
562,1.0,0.9997386667188128,0.761577084622363,0.929903386862473,0.9395726475828385,0.7456511433984597
563,1.0,0.9997386667188128,0.761577084622363,0.929903386862473,0.9395726475828385,0.7456511433984597
564,1.0,0.9997386667188128,0.761577084622363,0.929903386862473,0.9395726475828385,0.7456511433984597
565,1.0,0.9997386667188128,0.761577084622363,0.929903386862473,0.9395726475828385,0.7456511433984597
566,1.0,0.9997386667188128,0.761577084622363,0.929903386862473,0.9395726475828385,0.7456511433984597
567,1.0,0.9997386667188128,0.761577084622363,0.929903386862473,0.9395726475828385,0.7456511433984597
568,1.0,0.9997386667188128,0.761577084622363,0.929903386862473,0.9395726475828385,0.7456511433984597
569,1.0,0.9997386667188128,0.761577084622363,0.929903386862473,0.9395726475828385,0.7456511433984597
570,1.0,0.9997386667188128,0.761577084622363,0.929903386862473,0.9395726475828385,0.7456511433984597
571,1.0,0.9997386667188128,0.761577084622363,0.929903386862473,0.9395726475828385,0.7456511433984597
572,1.0,0.9997386667188128,0.761577084622363,0.929903386862473,0.9395726475828385,0.7456511433984597
573,1.0,0.9997386667188128,0.761577084622363,0.929903386862473,0.9395726475828385,0.7456511433984597
574,1.0,0.9997386667188128,0.761577084622363,0.929903386862473,0.9395726475828385,0.7456511433984597
575,1.0,0.9997386667188128,0.761577084622363,0.929903386862473,0.9395726475828385,0.7456511433984597
576,1.0,0.9997395496894814,0.7631130206087113,0.9300671295205553,0.9411877002364166,0.7431754372159113
577,1.0,0.9997395496894814,0.7631130206087113,0.9300671295205553,0.9411877002364166,0.7431754372159113
578,1.0,0.9997395496894814,0.7631130206087113,0.9300671295205553,0.9411877002364166,0.7431754372159113
579,1.0,0.9997395496894814,0.7631130206087113,0.9300671295205553,0.9411877002364166,0.7431754372159113
580,1.0,0.9997395496894814,0.7631130206087113,0.9300671295205553,0.9411877002364166,0.7431754372159113
581,1.0,0.9997395496894814,0.7631130206087113,0.9300671295205553,0.9411877002364166,0.7431754372159113
582,1.0,0.9997395496894814,0.7631130206087113,0.9300671295205553,0.9411877002364166,0.7431754372159113
583,1.0,0.9997395496894814,0.7631130206087113,0.9300671295205553,0.9411877002364166,0.7431754372159113
584,1.0,0.9997395496894814,0.7631130206087113,0.9300671295205553,0.9411877002364166,0.7431754372159113
585,1.0,0.9997395496894814,0.7631130206087113,0.9300671295205553,0.9411877002364166,0.7431754372159113
586,1.0,0.9997395496894814,0.7631130206087113,0.9300671295205553,0.9411877002364166,0.7431754372159113
587,1.0,0.9997395496894814,0.7631130206087113,0.9300671295205553,0.9411877002364166,0.7431754372159113
588,1.0,0.9997395496894814,0.7631130206087113,0.9300671295205553,0.9411877002364166,0.7431754372159113
589,1.0,0.9997395496894814,0.7631130206087113,0.9300671295205553,0.9411877002364166,0.7431754372159113
590,1.0,0.9997395496894814,0.7631130206087113,0.9300671295205553,0.9411877002364166,0.7431754372159113
591,1.0,0.9997395496894814,0.7631130206087113,0.9300671295205553,0.9411877002364166,0.7431754372159113
592,1.0,0.9997395496894814,0.7631130206087113,0.9300671295205553,0.9411877002364166,0.7431754372159113
593,1.0,0.9997395496894814,0.7631130206087113,0.9300671295205553,0.9411877002364166,0.7431754372159113
594,1.0,0.9997395496894814,0.7631130206087113,0.9300671295205553,0.9411877002364166,0.7431754372159113
595,1.0,0.9997395496894814,0.7631130206087113,0.9300671295205553,0.9411877002364166,0.7431754372159113
596,1.0,0.9997395496894814,0.7631130206087113,0.9300671295205553,0.9411877002364166,0.7431754372159113
597,1.0,0.9997395496894814,0.7631130206087113,0.9300671295205553,0.9411877002364166,0.7431754372159113
598,1.0,0.9997395496894814,0.7631130206087113,0.9300671295205553,0.9411877002364166,0.7431754372159113
599,1.0,0.9997395496894814,0.7631130206087113,0.9300671295205553,0.9411877002364166,0.7431754372159113
600,1.0,0.999741638601131,0.7656318018006725,0.9309168570414359,0.9435826498410881,0.741750577338199
601,1.0,0.999741638601131,0.7656318018006725,0.9309168570414359,0.9435826498410881,0.741750577338199
602,1.0,0.999741638601131,0.7656318018006725,0.9309168570414359,0.9435826498410881,0.741750577338199
603,1.0,0.999741638601131,0.7656318018006725,0.9309168570414359,0.9435826498410881,0.741750577338199
604,1.0,0.999741638601131,0.7656318018006725,0.9309168570414359,0.9435826498410881,0.741750577338199
605,1.0,0.999741638601131,0.7656318018006725,0.9309168570414359,0.9435826498410881,0.741750577338199
606,1.0,0.999741638601131,0.7656318018006725,0.9309168570414359,0.9435826498410881,0.741750577338199
607,1.0,0.999741638601131,0.7656318018006725,0.9309168570414359,0.9435826498410881,0.741750577338199
608,1.0,0.999741638601131,0.7656318018006725,0.9309168570414359,0.9435826498410881,0.741750577338199
609,1.0,0.999741638601131,0.7656318018006725,0.9309168570414359,0.9435826498410881,0.741750577338199
610,1.0,0.999741638601131,0.7656318018006725,0.9309168570414359,0.9435826498410881,0.741750577338199
611,1.0,0.999741638601131,0.7656318018006725,0.9309168570414359,0.9435826498410881,0.741750577338199
612,1.0,0.999741638601131,0.7656318018006725,0.9309168570414359,0.9435826498410881,0.741750577338199
613,1.0,0.999741638601131,0.7656318018006725,0.9309168570414359,0.9435826498410881,0.741750577338199
614,1.0,0.999741638601131,0.7656318018006725,0.9309168570414359,0.9435826498410881,0.741750577338199
615,1.0,0.999741638601131,0.7656318018006725,0.9309168570414359,0.9435826498410881,0.741750577338199
616,1.0,0.999741638601131,0.7656318018006725,0.9309168570414359,0.9435826498410881,0.741750577338199
617,1.0,0.999741638601131,0.7656318018006725,0.9309168570414359,0.9435826498410881,0.741750577338199
618,1.0,0.999741638601131,0.7656318018006725,0.9309168570414359,0.9435826498410881,0.741750577338199
619,1.0,0.999741638601131,0.7656318018006725,0.9309168570414359,0.9435826498410881,0.741750577338199
620,1.0,0.999741638601131,0.7656318018006725,0.9309168570414359,0.9435826498410881,0.741750577338199
621,1.0,0.999741638601131,0.7656318018006725,0.9309168570414359,0.9435826498410881,0.741750577338199
622,1.0,0.999741638601131,0.7656318018006725,0.9309168570414359,0.9435826498410881,0.741750577338199
623,1.0,0.999741638601131,0.7656318018006725,0.9309168570414359,0.9435826498410881,0.741750577338199
624,1.0,0.9997415046535295,0.7666063618737057,0.9304106497275554,0.9440081200465243,0.7376486911977446
625,1.0,0.9997415046535295,0.7666063618737057,0.9304106497275554,0.9440081200465243,0.7376486911977446
626,1.0,0.9997415046535295,0.7666063618737057,0.9304106497275554,0.9440081200465243,0.7376486911977446
627,1.0,0.9997415046535295,0.7666063618737057,0.9304106497275554,0.9440081200465243,0.7376486911977446
628,1.0,0.9997415046535295,0.7666063618737057,0.9304106497275554,0.9440081200465243,0.7376486911977446
629,1.0,0.9997415046535295,0.7666063618737057,0.9304106497275554,0.9440081200465243,0.7376486911977446
630,1.0,0.9997415046535295,0.7666063618737057,0.9304106497275554,0.9440081200465243,0.7376486911977446
631,1.0,0.9997415046535295,0.7666063618737057,0.9304106497275554,0.9440081200465243,0.7376486911977446
632,1.0,0.9997415046535295,0.7666063618737057,0.9304106497275554,0.9440081200465243,0.7376486911977446
633,1.0,0.9997415046535295,0.7666063618737057,0.9304106497275554,0.9440081200465243,0.7376486911977446
634,1.0,0.9997415046535295,0.7666063618737057,0.9304106497275554,0.9440081200465243,0.7376486911977446
635,1.0,0.9997415046535295,0.7666063618737057,0.9304106497275554,0.9440081200465243,0.7376486911977446
636,1.0,0.9997415046535295,0.7666063618737057,0.9304106497275554,0.9440081200465243,0.7376486911977446
637,1.0,0.9997415046535295,0.7666063618737057,0.9304106497275554,0.9440081200465243,0.7376486911977446
638,1.0,0.9997415046535295,0.7666063618737057,0.9304106497275554,0.9440081200465243,0.7376486911977446
639,1.0,0.9997415046535295,0.7666063618737057,0.9304106497275554,0.9440081200465243,0.7376486911977446
640,1.0,0.9997415046535295,0.7666063618737057,0.9304106497275554,0.9440081200465243,0.7376486911977446
641,1.0,0.9997415046535295,0.7666063618737057,0.9304106497275554,0.9440081200465243,0.7376486911977446
642,1.0,0.9997415046535295,0.7666063618737057,0.9304106497275554,0.9440081200465243,0.7376486911977446
643,1.0,0.9997415046535295,0.7666063618737057,0.9304106497275554,0.9440081200465243,0.7376486911977446
644,1.0,0.9997415046535295,0.7666063618737057,0.9304106497275554,0.9440081200465243,0.7376486911977446
645,1.0,0.9997415046535295,0.7666063618737057,0.9304106497275554,0.9440081200465243,0.7376486911977446
646,1.0,0.9997415046535295,0.7666063618737057,0.9304106497275554,0.9440081200465243,0.7376486911977446
647,1.0,0.9997415046535295,0.7666063618737057,0.9304106497275554,0.9440081200465243,0.7376486911977446
648,1.0,0.9997384317468194,0.7650702205388026,0.9283884090845307,0.942412999158845,0.7305277656903796
649,1.0,0.9997384317468194,0.7650702205388026,0.9283884090845307,0.942412999158845,0.7305277656903796
650,1.0,0.9997384317468194,0.7650702205388026,0.9283884090845307,0.942412999158845,0.7305277656903796
651,1.0,0.9997384317468194,0.7650702205388026,0.9283884090845307,0.942412999158845,0.7305277656903796
652,1.0,0.9997384317468194,0.7650702205388026,0.9283884090845307,0.942412999158845,0.7305277656903796
653,1.0,0.9997384317468194,0.7650702205388026,0.9283884090845307,0.942412999158845,0.7305277656903796
654,1.0,0.9997384317468194,0.7650702205388026,0.9283884090845307,0.942412999158845,0.7305277656903796
655,1.0,0.9997384317468194,0.7650702205388026,0.9283884090845307,0.942412999158845,0.7305277656903796
656,1.0,0.9997384317468194,0.7650702205388026,0.9283884090845307,0.942412999158845,0.7305277656903796
657,1.0,0.9997384317468194,0.7650702205388026,0.9283884090845307,0.942412999158845,0.7305277656903796
658,1.0,0.9997384317468194,0.7650702205388026,0.9283884090845307,0.942412999158845,0.7305277656903796
659,1.0,0.9997384317468194,0.7650702205388026,0.9283884090845307,0.942412999158845,0.7305277656903796
660,1.0,0.9997384317468194,0.7650702205388026,0.9283884090845307,0.942412999158845,0.7305277656903796
661,1.0,0.9997384317468194,0.7650702205388026,0.9283884090845307,0.942412999158845,0.7305277656903796
662,1.0,0.9997384317468194,0.7650702205388026,0.9283884090845307,0.942412999158845,0.7305277656903796
663,1.0,0.9997384317468194,0.7650702205388026,0.9283884090845307,0.942412999158845,0.7305277656903796
664,1.0,0.9997384317468194,0.7650702205388026,0.9283884090845307,0.942412999158845,0.7305277656903796
665,1.0,0.9997384317468194,0.7650702205388026,0.9283884090845307,0.942412999158845,0.7305277656903796
666,1.0,0.9997384317468194,0.7650702205388026,0.9283884090845307,0.942412999158845,0.7305277656903796
667,1.0,0.9997384317468194,0.7650702205388026,0.9283884090845307,0.942412999158845,0.7305277656903796
668,1.0,0.9997384317468194,0.7650702205388026,0.9283884090845307,0.942412999158845,0.7305277656903796
669,1.0,0.9997384317468194,0.7650702205388026,0.9283884090845307,0.942412999158845,0.7305277656903796
670,1.0,0.9997384317468194,0.7650702205388026,0.9283884090845307,0.942412999158845,0.7305277656903796
671,1.0,0.9997384317468194,0.7650702205388026,0.9283884090845307,0.942412999158845,0.7305277656903796
672,1.0,0.9997352097706308,0.7633607387521529,0.9263442256099493,0.9408534022724666,0.7234681816743106
673,1.0,0.9997352097706308,0.7633607387521529,0.9263442256099493,0.9408534022724666,0.7234681816743106
674,1.0,0.9997352097706308,0.7633607387521529,0.9263442256099493,0.9408534022724666,0.7234681816743106
675,1.0,0.9997352097706308,0.7633607387521529,0.9263442256099493,0.9408534022724666,0.7234681816743106
676,1.0,0.9997352097706308,0.7633607387521529,0.9263442256099493,0.9408534022724666,0.7234681816743106
677,1.0,0.9997352097706308,0.7633607387521529,0.9263442256099493,0.9408534022724666,0.7234681816743106
678,1.0,0.9997352097706308,0.7633607387521529,0.9263442256099493,0.9408534022724666,0.7234681816743106
679,1.0,0.9997352097706308,0.7633607387521529,0.9263442256099493,0.9408534022724666,0.7234681816743106
680,1.0,0.9997352097706308,0.7633607387521529,0.9263442256099493,0.9408534022724666,0.7234681816743106
681,1.0,0.9997352097706308,0.7633607387521529,0.9263442256099493,0.9408534022724666,0.7234681816743106
682,1.0,0.9997352097706308,0.7633607387521529,0.9263442256099493,0.9408534022724666,0.7234681816743106
683,1.0,0.9997352097706308,0.7633607387521529,0.9263442256099493,0.9408534022724666,0.7234681816743106
684,1.0,0.9997352097706308,0.7633607387521529,0.9263442256099493,0.9408534022724666,0.7234681816743106
685,1.0,0.9997352097706308,0.7633607387521529,0.9263442256099493,0.9408534022724666,0.7234681816743106
686,1.0,0.9997352097706308,0.7633607387521529,0.9263442256099493,0.9408534022724666,0.7234681816743106
687,1.0,0.9997352097706308,0.7633607387521529,0.9263442256099493,0.9408534022724666,0.7234681816743106
688,1.0,0.9997352097706308,0.7633607387521529,0.9263442256099493,0.9408534022724666,0.7234681816743106
689,1.0,0.9997352097706308,0.7633607387521529,0.9263442256099493,0.9408534022724666,0.7234681816743106
690,1.0,0.9997352097706308,0.7633607387521529,0.9263442256099493,0.9408534022724666,0.7234681816743106
691,1.0,0.9997352097706308,0.7633607387521529,0.9263442256099493,0.9408534022724666,0.7234681816743106
692,1.0,0.9997352097706308,0.7633607387521529,0.9263442256099493,0.9408534022724666,0.7234681816743106
693,1.0,0.9997352097706308,0.7633607387521529,0.9263442256099493,0.9408534022724666,0.7234681816743106
694,1.0,0.9997352097706308,0.7633607387521529,0.9263442256099493,0.9408534022724666,0.7234681816743106
695,1.0,0.9997352097706308,0.7633607387521529,0.9263442256099493,0.9408534022724666,0.7234681816743106
696,1.0,0.9997279021859989,0.7583438131265045,0.9220875929944269,0.9366983077243586,0.712411233067353
697,1.0,0.9997279021859989,0.7583438131265045,0.9220875929944269,0.9366983077243586,0.712411233067353
698,1.0,0.9997279021859989,0.7583438131265045,0.9220875929944269,0.9366983077243586,0.712411233067353
699,1.0,0.9997279021859989,0.7583438131265045,0.9220875929944269,0.9366983077243586,0.712411233067353
700,1.0,0.9997279021859989,0.7583438131265045,0.9220875929944269,0.9366983077243586,0.712411233067353
701,1.0,0.9997279021859989,0.7583438131265045,0.9220875929944269,0.9366983077243586,0.712411233067353
702,1.0,0.9997279021859989,0.7583438131265045,0.9220875929944269,0.9366983077243586,0.712411233067353
703,1.0,0.9997279021859989,0.7583438131265045,0.9220875929944269,0.9366983077243586,0.712411233067353
704,1.0,0.9997279021859989,0.7583438131265045,0.9220875929944269,0.9366983077243586,0.712411233067353
705,1.0,0.9997279021859989,0.7583438131265045,0.9220875929944269,0.9366983077243586,0.712411233067353
706,1.0,0.9997279021859989,0.7583438131265045,0.9220875929944269,0.9366983077243586,0.712411233067353
707,1.0,0.9997279021859989,0.7583438131265045,0.9220875929944269,0.9366983077243586,0.712411233067353
708,1.0,0.9997279021859989,0.7583438131265045,0.9220875929944269,0.9366983077243586,0.712411233067353
709,1.0,0.9997279021859989,0.7583438131265045,0.9220875929944269,0.9366983077243586,0.712411233067353
710,1.0,0.9997279021859989,0.7583438131265045,0.9220875929944269,0.9366983077243586,0.712411233067353
711,1.0,0.9997279021859989,0.7583438131265045,0.9220875929944269,0.9366983077243586,0.712411233067353
712,1.0,0.9997279021859989,0.7583438131265045,0.9220875929944269,0.9366983077243586,0.712411233067353
713,1.0,0.9997279021859989,0.7583438131265045,0.9220875929944269,0.9366983077243586,0.712411233067353
714,1.0,0.9997279021859989,0.7583438131265045,0.9220875929944269,0.9366983077243586,0.712411233067353
715,1.0,0.9997279021859989,0.7583438131265045,0.9220875929944269,0.9366983077243586,0.712411233067353
716,1.0,0.9997279021859989,0.7583438131265045,0.9220875929944269,0.9366983077243586,0.712411233067353
717,1.0,0.9997279021859989,0.7583438131265045,0.9220875929944269,0.9366983077243586,0.712411233067353
718,1.0,0.9997279021859989,0.7583438131265045,0.9220875929944269,0.9366983077243586,0.712411233067353
719,1.0,0.9997279021859989,0.7583438131265045,0.9220875929944269,0.9366983077243586,0.712411233067353
720,1.0,0.9997238236054059,0.7559212918080634,0.9194074076262048,0.9346046120764099,0.7052646300034676
721,1.0,0.9997238236054059,0.7559212918080634,0.9194074076262048,0.9346046120764099,0.7052646300034676
722,1.0,0.9997238236054059,0.7559212918080634,0.9194074076262048,0.9346046120764099,0.7052646300034676
723,1.0,0.9997238236054059,0.7559212918080634,0.9194074076262048,0.9346046120764099,0.7052646300034676
724,1.0,0.9997238236054059,0.7559212918080634,0.9194074076262048,0.9346046120764099,0.7052646300034676
725,1.0,0.9997238236054059,0.7559212918080634,0.9194074076262048,0.9346046120764099,0.7052646300034676
726,1.0,0.9997238236054059,0.7559212918080634,0.9194074076262048,0.9346046120764099,0.7052646300034676
727,1.0,0.9997238236054059,0.7559212918080634,0.9194074076262048,0.9346046120764099,0.7052646300034676
728,1.0,0.9997238236054059,0.7559212918080634,0.9194074076262048,0.9346046120764099,0.7052646300034676
729,1.0,0.9997238236054059,0.7559212918080634,0.9194074076262048,0.9346046120764099,0.7052646300034676
730,1.0,0.9997238236054059,0.7559212918080634,0.9194074076262048,0.9346046120764099,0.7052646300034676
731,1.0,0.9997238236054059,0.7559212918080634,0.9194074076262048,0.9346046120764099,0.7052646300034676
732,1.0,0.9997238236054059,0.7559212918080634,0.9194074076262048,0.9346046120764099,0.7052646300034676
733,1.0,0.9997238236054059,0.7559212918080634,0.9194074076262048,0.9346046120764099,0.7052646300034676
734,1.0,0.9997238236054059,0.7559212918080634,0.9194074076262048,0.9346046120764099,0.7052646300034676
735,1.0,0.9997238236054059,0.7559212918080634,0.9194074076262048,0.9346046120764099,0.7052646300034676
736,1.0,0.9997238236054059,0.7559212918080634,0.9194074076262048,0.9346046120764099,0.7052646300034676
737,1.0,0.9997238236054059,0.7559212918080634,0.9194074076262048,0.9346046120764099,0.7052646300034676
738,1.0,0.9997238236054059,0.7559212918080634,0.9194074076262048,0.9346046120764099,0.7052646300034676
739,1.0,0.9997238236054059,0.7559212918080634,0.9194074076262048,0.9346046120764099,0.7052646300034676
740,1.0,0.9997238236054059,0.7559212918080634,0.9194074076262048,0.9346046120764099,0.7052646300034676
741,1.0,0.9997238236054059,0.7559212918080634,0.9194074076262048,0.9346046120764099,0.7052646300034676
742,1.0,0.9997238236054059,0.7559212918080634,0.9194074076262048,0.9346046120764099,0.7052646300034676
743,1.0,0.9997238236054059,0.7559212918080634,0.9194074076262048,0.9346046120764099,0.7052646300034676
744,1.0,0.9997219243535157,0.7552533304446377,0.9180114257155368,0.9341503256147988,0.7003530616579252
745,1.0,0.9997219243535157,0.7552533304446377,0.9180114257155368,0.9341503256147988,0.7003530616579252
746,1.0,0.9997219243535157,0.7552533304446377,0.9180114257155368,0.9341503256147988,0.7003530616579252
747,1.0,0.9997219243535157,0.7552533304446377,0.9180114257155368,0.9341503256147988,0.7003530616579252
748,1.0,0.9997219243535157,0.7552533304446377,0.9180114257155368,0.9341503256147988,0.7003530616579252
749,1.0,0.9997219243535157,0.7552533304446377,0.9180114257155368,0.9341503256147988,0.7003530616579252
750,1.0,0.9997219243535157,0.7552533304446377,0.9180114257155368,0.9341503256147988,0.7003530616579252
751,1.0,0.9997219243535157,0.7552533304446377,0.9180114257155368,0.9341503256147988,0.7003530616579252
752,1.0,0.9997219243535157,0.7552533304446377,0.9180114257155368,0.9341503256147988,0.7003530616579252
753,1.0,0.9997219243535157,0.7552533304446377,0.9180114257155368,0.9341503256147988,0.7003530616579252
754,1.0,0.9997219243535157,0.7552533304446377,0.9180114257155368,0.9341503256147988,0.7003530616579252
755,1.0,0.9997219243535157,0.7552533304446377,0.9180114257155368,0.9341503256147988,0.7003530616579252
756,1.0,0.9997219243535157,0.7552533304446377,0.9180114257155368,0.9341503256147988,0.7003530616579252
757,1.0,0.9997219243535157,0.7552533304446377,0.9180114257155368,0.9341503256147988,0.7003530616579252
758,1.0,0.9997219243535157,0.7552533304446377,0.9180114257155368,0.9341503256147988,0.7003530616579252
759,1.0,0.9997219243535157,0.7552533304446377,0.9180114257155368,0.9341503256147988,0.7003530616579252
760,1.0,0.9997219243535157,0.7552533304446377,0.9180114257155368,0.9341503256147988,0.7003530616579252
761,1.0,0.9997219243535157,0.7552533304446377,0.9180114257155368,0.9341503256147988,0.7003530616579252
762,1.0,0.9997219243535157,0.7552533304446377,0.9180114257155368,0.9341503256147988,0.7003530616579252
763,1.0,0.9997219243535157,0.7552533304446377,0.9180114257155368,0.9341503256147988,0.7003530616579252
764,1.0,0.9997219243535157,0.7552533304446377,0.9180114257155368,0.9341503256147988,0.7003530616579252
765,1.0,0.9997219243535157,0.7552533304446377,0.9180114257155368,0.9341503256147988,0.7003530616579252
766,1.0,0.9997219243535157,0.7552533304446377,0.9180114257155368,0.9341503256147988,0.7003530616579252
767,1.0,0.9997219243535157,0.7552533304446377,0.9180114257155368,0.9341503256147988,0.7003530616579252
768,1.0,0.9997258774283803,0.75945252801619,0.9197848019020962,0.9376510318219428,0.7000885458667586
769,1.0,0.9997258774283803,0.75945252801619,0.9197848019020962,0.9376510318219428,0.7000885458667586
770,1.0,0.9997258774283803,0.75945252801619,0.9197848019020962,0.9376510318219428,0.7000885458667586
771,1.0,0.9997258774283803,0.75945252801619,0.9197848019020962,0.9376510318219428,0.7000885458667586
772,1.0,0.9997258774283803,0.75945252801619,0.9197848019020962,0.9376510318219428,0.7000885458667586
773,1.0,0.9997258774283803,0.75945252801619,0.9197848019020962,0.9376510318219428,0.7000885458667586
774,1.0,0.9997258774283803,0.75945252801619,0.9197848019020962,0.9376510318219428,0.7000885458667586
775,1.0,0.9997258774283803,0.75945252801619,0.9197848019020962,0.9376510318219428,0.7000885458667586
776,1.0,0.9997258774283803,0.75945252801619,0.9197848019020962,0.9376510318219428,0.7000885458667586
777,1.0,0.9997258774283803,0.75945252801619,0.9197848019020962,0.9376510318219428,0.7000885458667586
778,1.0,0.9997258774283803,0.75945252801619,0.9197848019020962,0.9376510318219428,0.7000885458667586
779,1.0,0.9997258774283803,0.75945252801619,0.9197848019020962,0.9376510318219428,0.7000885458667586
780,1.0,0.9997258774283803,0.75945252801619,0.9197848019020962,0.9376510318219428,0.7000885458667586
781,1.0,0.9997258774283803,0.75945252801619,0.9197848019020962,0.9376510318219428,0.7000885458667586
782,1.0,0.9997258774283803,0.75945252801619,0.9197848019020962,0.9376510318219428,0.7000885458667586
783,1.0,0.9997258774283803,0.75945252801619,0.9197848019020962,0.9376510318219428,0.7000885458667586
784,1.0,0.9997258774283803,0.75945252801619,0.9197848019020962,0.9376510318219428,0.7000885458667586
785,1.0,0.9997258774283803,0.75945252801619,0.9197848019020962,0.9376510318219428,0.7000885458667586
786,1.0,0.9997258774283803,0.75945252801619,0.9197848019020962,0.9376510318219428,0.7000885458667586
787,1.0,0.9997258774283803,0.75945252801619,0.9197848019020962,0.9376510318219428,0.7000885458667586
788,1.0,0.9997258774283803,0.75945252801619,0.9197848019020962,0.9376510318219428,0.7000885458667586
789,1.0,0.9997258774283803,0.75945252801619,0.9197848019020962,0.9376510318219428,0.7000885458667586
790,1.0,0.9997258774283803,0.75945252801619,0.9197848019020962,0.9376510318219428,0.7000885458667586
791,1.0,0.9997258774283803,0.75945252801619,0.9197848019020962,0.9376510318219428,0.7000885458667586
792,1.0,0.9997328237963533,0.7659462978681829,0.9229295521012414,0.9427749621405573,0.7021341765209569
793,1.0,0.9997328237963533,0.7659462978681829,0.9229295521012414,0.9427749621405573,0.7021341765209569
794,1.0,0.9997328237963533,0.7659462978681829,0.9229295521012414,0.9427749621405573,0.7021341765209569
795,1.0,0.9997328237963533,0.7659462978681829,0.9229295521012414,0.9427749621405573,0.7021341765209569
796,1.0,0.9997328237963533,0.7659462978681829,0.9229295521012414,0.9427749621405573,0.7021341765209569
797,1.0,0.9997328237963533,0.7659462978681829,0.9229295521012414,0.9427749621405573,0.7021341765209569
798,1.0,0.9997328237963533,0.7659462978681829,0.9229295521012414,0.9427749621405573,0.7021341765209569
799,1.0,0.9997328237963533,0.7659462978681829,0.9229295521012414,0.9427749621405573,0.7021341765209569
800,1.0,0.9997328237963533,0.7659462978681829,0.9229295521012414,0.9427749621405573,0.7021341765209569
801,1.0,0.9997328237963533,0.7659462978681829,0.9229295521012414,0.9427749621405573,0.7021341765209569
802,1.0,0.9997328237963533,0.7659462978681829,0.9229295521012414,0.9427749621405573,0.7021341765209569
803,1.0,0.9997328237963533,0.7659462978681829,0.9229295521012414,0.9427749621405573,0.7021341765209569
804,1.0,0.9997328237963533,0.7659462978681829,0.9229295521012414,0.9427749621405573,0.7021341765209569
805,1.0,0.9997328237963533,0.7659462978681829,0.9229295521012414,0.9427749621405573,0.7021341765209569
806,1.0,0.9997328237963533,0.7659462978681829,0.9229295521012414,0.9427749621405573,0.7021341765209569
807,1.0,0.9997328237963533,0.7659462978681829,0.9229295521012414,0.9427749621405573,0.7021341765209569
808,1.0,0.9997328237963533,0.7659462978681829,0.9229295521012414,0.9427749621405573,0.7021341765209569
809,1.0,0.9997328237963533,0.7659462978681829,0.9229295521012414,0.9427749621405573,0.7021341765209569
810,1.0,0.9997328237963533,0.7659462978681829,0.9229295521012414,0.9427749621405573,0.7021341765209569
811,1.0,0.9997328237963533,0.7659462978681829,0.9229295521012414,0.9427749621405573,0.7021341765209569
812,1.0,0.9997328237963533,0.7659462978681829,0.9229295521012414,0.9427749621405573,0.7021341765209569
813,1.0,0.9997328237963533,0.7659462978681829,0.9229295521012414,0.9427749621405573,0.7021341765209569
814,1.0,0.9997328237963533,0.7659462978681829,0.9229295521012414,0.9427749621405573,0.7021341765209569
815,1.0,0.9997328237963533,0.7659462978681829,0.9229295521012414,0.9427749621405573,0.7021341765209569
816,1.0,0.9997420901032026,0.7741418365643872,0.9274546919297816,0.9497301969601257,0.7062785503472487
817,1.0,0.9997420901032026,0.7741418365643872,0.9274546919297816,0.9497301969601257,0.7062785503472487
818,1.0,0.9997420901032026,0.7741418365643872,0.9274546919297816,0.9497301969601257,0.7062785503472487
819,1.0,0.9997420901032026,0.7741418365643872,0.9274546919297816,0.9497301969601257,0.7062785503472487
820,1.0,0.9997420901032026,0.7741418365643872,0.9274546919297816,0.9497301969601257,0.7062785503472487
821,1.0,0.9997420901032026,0.7741418365643872,0.9274546919297816,0.9497301969601257,0.7062785503472487
822,1.0,0.9997420901032026,0.7741418365643872,0.9274546919297816,0.9497301969601257,0.7062785503472487
823,1.0,0.9997420901032026,0.7741418365643872,0.9274546919297816,0.9497301969601257,0.7062785503472487
824,1.0,0.9997420901032026,0.7741418365643872,0.9274546919297816,0.9497301969601257,0.7062785503472487
825,1.0,0.9997420901032026,0.7741418365643872,0.9274546919297816,0.9497301969601257,0.7062785503472487
826,1.0,0.9997420901032026,0.7741418365643872,0.9274546919297816,0.9497301969601257,0.7062785503472487
827,1.0,0.9997420901032026,0.7741418365643872,0.9274546919297816,0.9497301969601257,0.7062785503472487
828,1.0,0.9997420901032026,0.7741418365643872,0.9274546919297816,0.9497301969601257,0.7062785503472487
829,1.0,0.9997420901032026,0.7741418365643872,0.9274546919297816,0.9497301969601257,0.7062785503472487
830,1.0,0.9997420901032026,0.7741418365643872,0.9274546919297816,0.9497301969601257,0.7062785503472487
831,1.0,0.9997420901032026,0.7741418365643872,0.9274546919297816,0.9497301969601257,0.7062785503472487
832,1.0,0.9997420901032026,0.7741418365643872,0.9274546919297816,0.9497301969601257,0.7062785503472487
833,1.0,0.9997420901032026,0.7741418365643872,0.9274546919297816,0.9497301969601257,0.7062785503472487
834,1.0,0.9997420901032026,0.7741418365643872,0.9274546919297816,0.9497301969601257,0.7062785503472487
835,1.0,0.9997420901032026,0.7741418365643872,0.9274546919297816,0.9497301969601257,0.7062785503472487
836,1.0,0.9997420901032026,0.7741418365643872,0.9274546919297816,0.9497301969601257,0.7062785503472487
837,1.0,0.9997420901032026,0.7741418365643872,0.9274546919297816,0.9497301969601257,0.7062785503472487
838,1.0,0.9997420901032026,0.7741418365643872,0.9274546919297816,0.9497301969601257,0.7062785503472487
839,1.0,0.9997420901032026,0.7741418365643872,0.9274546919297816,0.9497301969601257,0.7062785503472487
840,1.0,0.9997507718490585,0.7819481809049198,0.9316387084683705,0.95626730213336,0.7098559385202545
841,1.0,0.9997507718490585,0.7819481809049198,0.9316387084683705,0.95626730213336,0.7098559385202545
842,1.0,0.9997507718490585,0.7819481809049198,0.9316387084683705,0.95626730213336,0.7098559385202545
843,1.0,0.9997507718490585,0.7819481809049198,0.9316387084683705,0.95626730213336,0.7098559385202545
844,1.0,0.9997507718490585,0.7819481809049198,0.9316387084683705,0.95626730213336,0.7098559385202545
845,1.0,0.9997507718490585,0.7819481809049198,0.9316387084683705,0.95626730213336,0.7098559385202545
846,1.0,0.9997507718490585,0.7819481809049198,0.9316387084683705,0.95626730213336,0.7098559385202545
847,1.0,0.9997507718490585,0.7819481809049198,0.9316387084683705,0.95626730213336,0.7098559385202545
848,1.0,0.9997507718490585,0.7819481809049198,0.9316387084683705,0.95626730213336,0.7098559385202545
849,1.0,0.9997507718490585,0.7819481809049198,0.9316387084683705,0.95626730213336,0.7098559385202545
850,1.0,0.9997507718490585,0.7819481809049198,0.9316387084683705,0.95626730213336,0.7098559385202545
851,1.0,0.9997507718490585,0.7819481809049198,0.9316387084683705,0.95626730213336,0.7098559385202545
852,1.0,0.9997507718490585,0.7819481809049198,0.9316387084683705,0.95626730213336,0.7098559385202545
853,1.0,0.9997507718490585,0.7819481809049198,0.9316387084683705,0.95626730213336,0.7098559385202545
854,1.0,0.9997507718490585,0.7819481809049198,0.9316387084683705,0.95626730213336,0.7098559385202545
855,1.0,0.9997507718490585,0.7819481809049198,0.9316387084683705,0.95626730213336,0.7098559385202545
856,1.0,0.9997507718490585,0.7819481809049198,0.9316387084683705,0.95626730213336,0.7098559385202545
857,1.0,0.9997507718490585,0.7819481809049198,0.9316387084683705,0.95626730213336,0.7098559385202545
858,1.0,0.9997507718490585,0.7819481809049198,0.9316387084683705,0.95626730213336,0.7098559385202545
859,1.0,0.9997507718490585,0.7819481809049198,0.9316387084683705,0.95626730213336,0.7098559385202545
860,1.0,0.9997507718490585,0.7819481809049198,0.9316387084683705,0.95626730213336,0.7098559385202545
861,1.0,0.9997507718490585,0.7819481809049198,0.9316387084683705,0.95626730213336,0.7098559385202545
862,1.0,0.9997507718490585,0.7819481809049198,0.9316387084683705,0.95626730213336,0.7098559385202545
863,1.0,0.9997507718490585,0.7819481809049198,0.9316387084683705,0.95626730213336,0.7098559385202545
864,1.0,0.9997556285711998,0.7868546406293505,0.9337507839548542,0.9602990012558009,0.7103031148766042
865,1.0,0.9997556285711998,0.7868546406293505,0.9337507839548542,0.9602990012558009,0.7103031148766042
866,1.0,0.9997556285711998,0.7868546406293505,0.9337507839548542,0.9602990012558009,0.7103031148766042
867,1.0,0.9997556285711998,0.7868546406293505,0.9337507839548542,0.9602990012558009,0.7103031148766042
868,1.0,0.9997556285711998,0.7868546406293505,0.9337507839548542,0.9602990012558009,0.7103031148766042
869,1.0,0.9997556285711998,0.7868546406293505,0.9337507839548542,0.9602990012558009,0.7103031148766042
870,1.0,0.9997556285711998,0.7868546406293505,0.9337507839548542,0.9602990012558009,0.7103031148766042
871,1.0,0.9997556285711998,0.7868546406293505,0.9337507839548542,0.9602990012558009,0.7103031148766042
872,1.0,0.9997556285711998,0.7868546406293505,0.9337507839548542,0.9602990012558009,0.7103031148766042
873,1.0,0.9997556285711998,0.7868546406293505,0.9337507839548542,0.9602990012558009,0.7103031148766042
874,1.0,0.9997556285711998,0.7868546406293505,0.9337507839548542,0.9602990012558009,0.7103031148766042
875,1.0,0.9997556285711998,0.7868546406293505,0.9337507839548542,0.9602990012558009,0.7103031148766042
876,1.0,0.9997556285711998,0.7868546406293505,0.9337507839548542,0.9602990012558009,0.7103031148766042
877,1.0,0.9997556285711998,0.7868546406293505,0.9337507839548542,0.9602990012558009,0.7103031148766042
878,1.0,0.9997556285711998,0.7868546406293505,0.9337507839548542,0.9602990012558009,0.7103031148766042
879,1.0,0.9997556285711998,0.7868546406293505,0.9337507839548542,0.9602990012558009,0.7103031148766042
880,1.0,0.9997556285711998,0.7868546406293505,0.9337507839548542,0.9602990012558009,0.7103031148766042
881,1.0,0.9997556285711998,0.7868546406293505,0.9337507839548542,0.9602990012558009,0.7103031148766042
882,1.0,0.9997556285711998,0.7868546406293505,0.9337507839548542,0.9602990012558009,0.7103031148766042
883,1.0,0.9997556285711998,0.7868546406293505,0.9337507839548542,0.9602990012558009,0.7103031148766042
884,1.0,0.9997556285711998,0.7868546406293505,0.9337507839548542,0.9602990012558009,0.7103031148766042
885,1.0,0.9997556285711998,0.7868546406293505,0.9337507839548542,0.9602990012558009,0.7103031148766042
886,1.0,0.9997556285711998,0.7868546406293505,0.9337507839548542,0.9602990012558009,0.7103031148766042
887,1.0,0.9997556285711998,0.7868546406293505,0.9337507839548542,0.9602990012558009,0.7103031148766042
888,1.0,0.9997608724630282,0.7921248719630335,0.9359601481446941,0.9643149654587394,0.7109309328865554
889,1.0,0.9997608724630282,0.7921248719630335,0.9359601481446941,0.9643149654587394,0.7109309328865554
890,1.0,0.9997608724630282,0.7921248719630335,0.9359601481446941,0.9643149654587394,0.7109309328865554
891,1.0,0.9997608724630282,0.7921248719630335,0.9359601481446941,0.9643149654587394,0.7109309328865554
892,1.0,0.9997608724630282,0.7921248719630335,0.9359601481446941,0.9643149654587394,0.7109309328865554
893,1.0,0.9997608724630282,0.7921248719630335,0.9359601481446941,0.9643149654587394,0.7109309328865554
894,1.0,0.9997608724630282,0.7921248719630335,0.9359601481446941,0.9643149654587394,0.7109309328865554
895,1.0,0.9997608724630282,0.7921248719630335,0.9359601481446941,0.9643149654587394,0.7109309328865554
896,1.0,0.9997608724630282,0.7921248719630335,0.9359601481446941,0.9643149654587394,0.7109309328865554
897,1.0,0.9997608724630282,0.7921248719630335,0.9359601481446941,0.9643149654587394,0.7109309328865554
898,1.0,0.9997608724630282,0.7921248719630335,0.9359601481446941,0.9643149654587394,0.7109309328865554
899,1.0,0.9997608724630282,0.7921248719630335,0.9359601481446941,0.9643149654587394,0.7109309328865554
900,1.0,0.9997608724630282,0.7921248719630335,0.9359601481446941,0.9643149654587394,0.7109309328865554
901,1.0,0.9997608724630282,0.7921248719630335,0.9359601481446941,0.9643149654587394,0.7109309328865554
902,1.0,0.9997608724630282,0.7921248719630335,0.9359601481446941,0.9643149654587394,0.7109309328865554
903,1.0,0.9997608724630282,0.7921248719630335,0.9359601481446941,0.9643149654587394,0.7109309328865554
904,1.0,0.9997608724630282,0.7921248719630335,0.9359601481446941,0.9643149654587394,0.7109309328865554
905,1.0,0.9997608724630282,0.7921248719630335,0.9359601481446941,0.9643149654587394,0.7109309328865554
906,1.0,0.9997608724630282,0.7921248719630335,0.9359601481446941,0.9643149654587394,0.7109309328865554
907,1.0,0.9997608724630282,0.7921248719630335,0.9359601481446941,0.9643149654587394,0.7109309328865554
908,1.0,0.9997608724630282,0.7921248719630335,0.9359601481446941,0.9643149654587394,0.7109309328865554
909,1.0,0.9997608724630282,0.7921248719630335,0.9359601481446941,0.9643149654587394,0.7109309328865554
910,1.0,0.9997608724630282,0.7921248719630335,0.9359601481446941,0.9643149654587394,0.7109309328865554
911,1.0,0.9997608724630282,0.7921248719630335,0.9359601481446941,0.9643149654587394,0.7109309328865554
912,1.0,0.9997675745999164,0.798448667383388,0.9391504053254377,0.9696825744997475,0.7131981146624583
913,1.0,0.9997675745999164,0.798448667383388,0.9391504053254377,0.9696825744997475,0.7131981146624583
914,1.0,0.9997675745999164,0.798448667383388,0.9391504053254377,0.9696825744997475,0.7131981146624583
915,1.0,0.9997675745999164,0.798448667383388,0.9391504053254377,0.9696825744997475,0.7131981146624583
916,1.0,0.9997675745999164,0.798448667383388,0.9391504053254377,0.9696825744997475,0.7131981146624583
917,1.0,0.9997675745999164,0.798448667383388,0.9391504053254377,0.9696825744997475,0.7131981146624583
918,1.0,0.9997675745999164,0.798448667383388,0.9391504053254377,0.9696825744997475,0.7131981146624583
919,1.0,0.9997675745999164,0.798448667383388,0.9391504053254377,0.9696825744997475,0.7131981146624583
920,1.0,0.9997675745999164,0.798448667383388,0.9391504053254377,0.9696825744997475,0.7131981146624583
921,1.0,0.9997675745999164,0.798448667383388,0.9391504053254377,0.9696825744997475,0.7131981146624583
922,1.0,0.9997675745999164,0.798448667383388,0.9391504053254377,0.9696825744997475,0.7131981146624583
923,1.0,0.9997675745999164,0.798448667383388,0.9391504053254377,0.9696825744997475,0.7131981146624583
924,1.0,0.9997675745999164,0.798448667383388,0.9391504053254377,0.9696825744997475,0.7131981146624583
925,1.0,0.9997675745999164,0.798448667383388,0.9391504053254377,0.9696825744997475,0.7131981146624583
926,1.0,0.9997675745999164,0.798448667383388,0.9391504053254377,0.9696825744997475,0.7131981146624583
927,1.0,0.9997675745999164,0.798448667383388,0.9391504053254377,0.9696825744997475,0.7131981146624583
928,1.0,0.9997675745999164,0.798448667383388,0.9391504053254377,0.9696825744997475,0.7131981146624583
929,1.0,0.9997675745999164,0.798448667383388,0.9391504053254377,0.9696825744997475,0.7131981146624583
930,1.0,0.9997675745999164,0.798448667383388,0.9391504053254377,0.9696825744997475,0.7131981146624583
931,1.0,0.9997675745999164,0.798448667383388,0.9391504053254377,0.9696825744997475,0.7131981146624583
932,1.0,0.9997675745999164,0.798448667383388,0.9391504053254377,0.9696825744997475,0.7131981146624583
933,1.0,0.9997675745999164,0.798448667383388,0.9391504053254377,0.9696825744997475,0.7131981146624583
934,1.0,0.9997675745999164,0.798448667383388,0.9391504053254377,0.9696825744997475,0.7131981146624583
935,1.0,0.9997675745999164,0.798448667383388,0.9391504053254377,0.9696825744997475,0.7131981146624583
936,1.0,0.9997743172349858,0.8040393783366216,0.9424903950250648,0.9736808340718559,0.7183569077731167
937,1.0,0.9997743172349858,0.8040393783366216,0.9424903950250648,0.9736808340718559,0.7183569077731167
938,1.0,0.9997743172349858,0.8040393783366216,0.9424903950250648,0.9736808340718559,0.7183569077731167
939,1.0,0.9997743172349858,0.8040393783366216,0.9424903950250648,0.9736808340718559,0.7183569077731167
940,1.0,0.9997743172349858,0.8040393783366216,0.9424903950250648,0.9736808340718559,0.7183569077731167
941,1.0,0.9997743172349858,0.8040393783366216,0.9424903950250648,0.9736808340718559,0.7183569077731167
942,1.0,0.9997743172349858,0.8040393783366216,0.9424903950250648,0.9736808340718559,0.7183569077731167
943,1.0,0.9997743172349858,0.8040393783366216,0.9424903950250648,0.9736808340718559,0.7183569077731167
944,1.0,0.9997743172349858,0.8040393783366216,0.9424903950250648,0.9736808340718559,0.7183569077731167
945,1.0,0.9997743172349858,0.8040393783366216,0.9424903950250648,0.9736808340718559,0.7183569077731167
946,1.0,0.9997743172349858,0.8040393783366216,0.9424903950250648,0.9736808340718559,0.7183569077731167
947,1.0,0.9997743172349858,0.8040393783366216,0.9424903950250648,0.9736808340718559,0.7183569077731167
948,1.0,0.9997743172349858,0.8040393783366216,0.9424903950250648,0.9736808340718559,0.7183569077731167
949,1.0,0.9997743172349858,0.8040393783366216,0.9424903950250648,0.9736808340718559,0.7183569077731167
950,1.0,0.9997743172349858,0.8040393783366216,0.9424903950250648,0.9736808340718559,0.7183569077731167
951,1.0,0.9997743172349858,0.8040393783366216,0.9424903950250648,0.9736808340718559,0.7183569077731167
952,1.0,0.9997743172349858,0.8040393783366216,0.9424903950250648,0.9736808340718559,0.7183569077731167
953,1.0,0.9997743172349858,0.8040393783366216,0.9424903950250648,0.9736808340718559,0.7183569077731167
954,1.0,0.9997743172349858,0.8040393783366216,0.9424903950250648,0.9736808340718559,0.7183569077731167
955,1.0,0.9997743172349858,0.8040393783366216,0.9424903950250648,0.9736808340718559,0.7183569077731167
956,1.0,0.9997743172349858,0.8040393783366216,0.9424903950250648,0.9736808340718559,0.7183569077731167
957,1.0,0.9997743172349858,0.8040393783366216,0.9424903950250648,0.9736808340718559,0.7183569077731167
958,1.0,0.9997743172349858,0.8040393783366216,0.9424903950250648,0.9736808340718559,0.7183569077731167
959,1.0,0.9997743172349858,0.8040393783366216,0.9424903950250648,0.9736808340718559,0.7183569077731167
960,1.0,0.9997780895764462,0.8071016261252216,0.9441980628805674,0.9759082539114688,0.721173513716233
961,1.0,0.9997780895764462,0.8071016261252216,0.9441980628805674,0.9759082539114688,0.721173513716233
962,1.0,0.9997780895764462,0.8071016261252216,0.9441980628805674,0.9759082539114688,0.721173513716233
963,1.0,0.9997780895764462,0.8071016261252216,0.9441980628805674,0.9759082539114688,0.721173513716233
964,1.0,0.9997780895764462,0.8071016261252216,0.9441980628805674,0.9759082539114688,0.721173513716233
965,1.0,0.9997780895764462,0.8071016261252216,0.9441980628805674,0.9759082539114688,0.721173513716233
966,1.0,0.9997780895764462,0.8071016261252216,0.9441980628805674,0.9759082539114688,0.721173513716233
967,1.0,0.9997780895764462,0.8071016261252216,0.9441980628805674,0.9759082539114688,0.721173513716233
968,1.0,0.9997780895764462,0.8071016261252216,0.9441980628805674,0.9759082539114688,0.721173513716233
969,1.0,0.9997780895764462,0.8071016261252216,0.9441980628805674,0.9759082539114688,0.721173513716233
970,1.0,0.9997780895764462,0.8071016261252216,0.9441980628805674,0.9759082539114688,0.721173513716233
971,1.0,0.9997780895764462,0.8071016261252216,0.9441980628805674,0.9759082539114688,0.721173513716233
972,1.0,0.9997780895764462,0.8071016261252216,0.9441980628805674,0.9759082539114688,0.721173513716233
973,1.0,0.9997780895764462,0.8071016261252216,0.9441980628805674,0.9759082539114688,0.721173513716233
974,1.0,0.9997780895764462,0.8071016261252216,0.9441980628805674,0.9759082539114688,0.721173513716233
975,1.0,0.9997780895764462,0.8071016261252216,0.9441980628805674,0.9759082539114688,0.721173513716233
976,1.0,0.9997780895764462,0.8071016261252216,0.9441980628805674,0.9759082539114688,0.721173513716233
977,1.0,0.9997780895764462,0.8071016261252216,0.9441980628805674,0.9759082539114688,0.721173513716233
978,1.0,0.9997780895764462,0.8071016261252216,0.9441980628805674,0.9759082539114688,0.721173513716233
979,1.0,0.9997780895764462,0.8071016261252216,0.9441980628805674,0.9759082539114688,0.721173513716233
980,1.0,0.9997780895764462,0.8071016261252216,0.9441980628805674,0.9759082539114688,0.721173513716233
981,1.0,0.9997780895764462,0.8071016261252216,0.9441980628805674,0.9759082539114688,0.721173513716233
982,1.0,0.9997780895764462,0.8071016261252216,0.9441980628805674,0.9759082539114688,0.721173513716233
983,1.0,0.9997780895764462,0.8071016261252216,0.9441980628805674,0.9759082539114688,0.721173513716233
984,1.0,0.9997787352379103,0.8076979667453394,0.9445672385652326,0.9762837334823943,0.7216513093190123
985,1.0,0.9997787352379103,0.8076979667453394,0.9445672385652326,0.9762837334823943,0.7216513093190123
986,1.0,0.9997787352379103,0.8076979667453394,0.9445672385652326,0.9762837334823943,0.7216513093190123
987,1.0,0.9997787352379103,0.8076979667453394,0.9445672385652326,0.9762837334823943,0.7216513093190123
988,1.0,0.9997787352379103,0.8076979667453394,0.9445672385652326,0.9762837334823943,0.7216513093190123
989,1.0,0.9997787352379103,0.8076979667453394,0.9445672385652326,0.9762837334823943,0.7216513093190123
990,1.0,0.9997787352379103,0.8076979667453394,0.9445672385652326,0.9762837334823943,0.7216513093190123
991,1.0,0.9997787352379103,0.8076979667453394,0.9445672385652326,0.9762837334823943,0.7216513093190123
992,1.0,0.9997787352379103,0.8076979667453394,0.9445672385652326,0.9762837334823943,0.7216513093190123
993,1.0,0.9997787352379103,0.8076979667453394,0.9445672385652326,0.9762837334823943,0.7216513093190123
994,1.0,0.9997787352379103,0.8076979667453394,0.9445672385652326,0.9762837334823943,0.7216513093190123
995,1.0,0.9997787352379103,0.8076979667453394,0.9445672385652326,0.9762837334823943,0.7216513093190123
996,1.0,0.9997787352379103,0.8076979667453394,0.9445672385652326,0.9762837334823943,0.7216513093190123
997,1.0,0.9997787352379103,0.8076979667453394,0.9445672385652326,0.9762837334823943,0.7216513093190123
998,1.0,0.9997787352379103,0.8076979667453394,0.9445672385652326,0.9762837334823943,0.7216513093190123
999,1.0,0.9997787352379103,0.8076979667453394,0.9445672385652326,0.9762837334823943,0.7216513093190123
1000,1.0,0.9997787352379103,0.8076979667453394,0.9445672385652326,0.9762837334823943,0.7216513093190123
1001,1.0,0.9997787352379103,0.8076979667453394,0.9445672385652326,0.9762837334823943,0.7216513093190123
1002,1.0,0.9997787352379103,0.8076979667453394,0.9445672385652326,0.9762837334823943,0.7216513093190123
1003,1.0,0.9997787352379103,0.8076979667453394,0.9445672385652326,0.9762837334823943,0.7216513093190123
1004,1.0,0.9997787352379103,0.8076979667453394,0.9445672385652326,0.9762837334823943,0.7216513093190123
1005,1.0,0.9997787352379103,0.8076979667453394,0.9445672385652326,0.9762837334823943,0.7216513093190123
1006,1.0,0.9997787352379103,0.8076979667453394,0.9445672385652326,0.9762837334823943,0.7216513093190123
1007,1.0,0.9997787352379103,0.8076979667453394,0.9445672385652326,0.9762837334823943,0.7216513093190123
1008,1.0,0.9997766378861174,0.805949409697746,0.943649968337732,0.9749202068901955,0.7200085305939261
1009,1.0,0.9997766378861174,0.805949409697746,0.943649968337732,0.9749202068901955,0.7200085305939261
1010,1.0,0.9997766378861174,0.805949409697746,0.943649968337732,0.9749202068901955,0.7200085305939261
1011,1.0,0.9997766378861174,0.805949409697746,0.943649968337732,0.9749202068901955,0.7200085305939261
1012,1.0,0.9997766378861174,0.805949409697746,0.943649968337732,0.9749202068901955,0.7200085305939261
1013,1.0,0.9997766378861174,0.805949409697746,0.943649968337732,0.9749202068901955,0.7200085305939261
1014,1.0,0.9997766378861174,0.805949409697746,0.943649968337732,0.9749202068901955,0.7200085305939261
1015,1.0,0.9997766378861174,0.805949409697746,0.943649968337732,0.9749202068901955,0.7200085305939261
1016,1.0,0.9997766378861174,0.805949409697746,0.943649968337732,0.9749202068901955,0.7200085305939261
1017,1.0,0.9997766378861174,0.805949409697746,0.943649968337732,0.9749202068901955,0.7200085305939261
1018,1.0,0.9997766378861174,0.805949409697746,0.943649968337732,0.9749202068901955,0.7200085305939261
1019,1.0,0.9997766378861174,0.805949409697746,0.943649968337732,0.9749202068901955,0.7200085305939261
1020,1.0,0.9997766378861174,0.805949409697746,0.943649968337732,0.9749202068901955,0.7200085305939261
1021,1.0,0.9997766378861174,0.805949409697746,0.943649968337732,0.9749202068901955,0.7200085305939261
1022,1.0,0.9997766378861174,0.805949409697746,0.943649968337732,0.9749202068901955,0.7200085305939261
1023,1.0,0.9997766378861174,0.805949409697746,0.943649968337732,0.9749202068901955,0.7200085305939261
1024,1.0,0.9997766378861174,0.805949409697746,0.943649968337732,0.9749202068901955,0.7200085305939261
1025,1.0,0.9997766378861174,0.805949409697746,0.943649968337732,0.9749202068901955,0.7200085305939261
1026,1.0,0.9997766378861174,0.805949409697746,0.943649968337732,0.9749202068901955,0.7200085305939261
1027,1.0,0.9997766378861174,0.805949409697746,0.943649968337732,0.9749202068901955,0.7200085305939261
1028,1.0,0.9997766378861174,0.805949409697746,0.943649968337732,0.9749202068901955,0.7200085305939261
1029,1.0,0.9997766378861174,0.805949409697746,0.943649968337732,0.9749202068901955,0.7200085305939261
1030,1.0,0.9997766378861174,0.805949409697746,0.943649968337732,0.9749202068901955,0.7200085305939261
1031,1.0,0.9997766378861174,0.805949409697746,0.943649968337732,0.9749202068901955,0.7200085305939261
1032,1.0,0.999774697726374,0.8042850752192107,0.9426344651170857,0.9738123781116642,0.7185793848533059
1033,1.0,0.999774697726374,0.8042850752192107,0.9426344651170857,0.9738123781116642,0.7185793848533059
1034,1.0,0.999774697726374,0.8042850752192107,0.9426344651170857,0.9738123781116642,0.7185793848533059
1035,1.0,0.999774697726374,0.8042850752192107,0.9426344651170857,0.9738123781116642,0.7185793848533059
1036,1.0,0.999774697726374,0.8042850752192107,0.9426344651170857,0.9738123781116642,0.7185793848533059
1037,1.0,0.999774697726374,0.8042850752192107,0.9426344651170857,0.9738123781116642,0.7185793848533059
1038,1.0,0.999774697726374,0.8042850752192107,0.9426344651170857,0.9738123781116642,0.7185793848533059
1039,1.0,0.999774697726374,0.8042850752192107,0.9426344651170857,0.9738123781116642,0.7185793848533059
1040,1.0,0.999774697726374,0.8042850752192107,0.9426344651170857,0.9738123781116642,0.7185793848533059
1041,1.0,0.999774697726374,0.8042850752192107,0.9426344651170857,0.9738123781116642,0.7185793848533059
1042,1.0,0.999774697726374,0.8042850752192107,0.9426344651170857,0.9738123781116642,0.7185793848533059
1043,1.0,0.999774697726374,0.8042850752192107,0.9426344651170857,0.9738123781116642,0.7185793848533059
1044,1.0,0.999774697726374,0.8042850752192107,0.9426344651170857,0.9738123781116642,0.7185793848533059
1045,1.0,0.999774697726374,0.8042850752192107,0.9426344651170857,0.9738123781116642,0.7185793848533059
1046,1.0,0.999774697726374,0.8042850752192107,0.9426344651170857,0.9738123781116642,0.7185793848533059
1047,1.0,0.999774697726374,0.8042850752192107,0.9426344651170857,0.9738123781116642,0.7185793848533059
1048,1.0,0.999774697726374,0.8042850752192107,0.9426344651170857,0.9738123781116642,0.7185793848533059
1049,1.0,0.999774697726374,0.8042850752192107,0.9426344651170857,0.9738123781116642,0.7185793848533059
1050,1.0,0.999774697726374,0.8042850752192107,0.9426344651170857,0.9738123781116642,0.7185793848533059
1051,1.0,0.999774697726374,0.8042850752192107,0.9426344651170857,0.9738123781116642,0.7185793848533059
1052,1.0,0.999774697726374,0.8042850752192107,0.9426344651170857,0.9738123781116642,0.7185793848533059
1053,1.0,0.999774697726374,0.8042850752192107,0.9426344651170857,0.9738123781116642,0.7185793848533059
1054,1.0,0.999774697726374,0.8042850752192107,0.9426344651170857,0.9738123781116642,0.7185793848533059
1055,1.0,0.999774697726374,0.8042850752192107,0.9426344651170857,0.9738123781116642,0.7185793848533059
1056,1.0,0.9997708594183492,0.8010008129889807,0.940684155740373,0.9714178145410792,0.7156803201701812
1057,1.0,0.9997708594183492,0.8010008129889807,0.940684155740373,0.9714178145410792,0.7156803201701812
1058,1.0,0.9997708594183492,0.8010008129889807,0.940684155740373,0.9714178145410792,0.7156803201701812
1059,1.0,0.9997708594183492,0.8010008129889807,0.940684155740373,0.9714178145410792,0.7156803201701812
1060,1.0,0.9997708594183492,0.8010008129889807,0.940684155740373,0.9714178145410792,0.7156803201701812
1061,1.0,0.9997708594183492,0.8010008129889807,0.940684155740373,0.9714178145410792,0.7156803201701812
1062,1.0,0.9997708594183492,0.8010008129889807,0.940684155740373,0.9714178145410792,0.7156803201701812
1063,1.0,0.9997708594183492,0.8010008129889807,0.940684155740373,0.9714178145410792,0.7156803201701812
1064,1.0,0.9997708594183492,0.8010008129889807,0.940684155740373,0.9714178145410792,0.7156803201701812
1065,1.0,0.9997708594183492,0.8010008129889807,0.940684155740373,0.9714178145410792,0.7156803201701812
1066,1.0,0.9997708594183492,0.8010008129889807,0.940684155740373,0.9714178145410792,0.7156803201701812
1067,1.0,0.9997708594183492,0.8010008129889807,0.940684155740373,0.9714178145410792,0.7156803201701812
1068,1.0,0.9997708594183492,0.8010008129889807,0.940684155740373,0.9714178145410792,0.7156803201701812
1069,1.0,0.9997708594183492,0.8010008129889807,0.940684155740373,0.9714178145410792,0.7156803201701812
1070,1.0,0.9997708594183492,0.8010008129889807,0.940684155740373,0.9714178145410792,0.7156803201701812
1071,1.0,0.9997708594183492,0.8010008129889807,0.940684155740373,0.9714178145410792,0.7156803201701812
1072,1.0,0.9997708594183492,0.8010008129889807,0.940684155740373,0.9714178145410792,0.7156803201701812
1073,1.0,0.9997708594183492,0.8010008129889807,0.940684155740373,0.9714178145410792,0.7156803201701812
1074,1.0,0.9997708594183492,0.8010008129889807,0.940684155740373,0.9714178145410792,0.7156803201701812
1075,1.0,0.9997708594183492,0.8010008129889807,0.940684155740373,0.9714178145410792,0.7156803201701812
1076,1.0,0.9997708594183492,0.8010008129889807,0.940684155740373,0.9714178145410792,0.7156803201701812
1077,1.0,0.9997708594183492,0.8010008129889807,0.940684155740373,0.9714178145410792,0.7156803201701812
1078,1.0,0.9997708594183492,0.8010008129889807,0.940684155740373,0.9714178145410792,0.7156803201701812
1079,1.0,0.9997708594183492,0.8010008129889807,0.940684155740373,0.9714178145410792,0.7156803201701812
1080,1.0,0.9997701849469798,0.8004577336157738,0.9403352749586226,0.9709338359110228,0.7150818559229896
1081,1.0,0.9997701849469798,0.8004577336157738,0.9403352749586226,0.9709338359110228,0.7150818559229896
1082,1.0,0.9997701849469798,0.8004577336157738,0.9403352749586226,0.9709338359110228,0.7150818559229896
1083,1.0,0.9997701849469798,0.8004577336157738,0.9403352749586226,0.9709338359110228,0.7150818559229896
1084,1.0,0.9997701849469798,0.8004577336157738,0.9403352749586226,0.9709338359110228,0.7150818559229896
1085,1.0,0.9997701849469798,0.8004577336157738,0.9403352749586226,0.9709338359110228,0.7150818559229896
1086,1.0,0.9997701849469798,0.8004577336157738,0.9403352749586226,0.9709338359110228,0.7150818559229896
1087,1.0,0.9997701849469798,0.8004577336157738,0.9403352749586226,0.9709338359110228,0.7150818559229896
1088,1.0,0.9997701849469798,0.8004577336157738,0.9403352749586226,0.9709338359110228,0.7150818559229896
1089,1.0,0.9997701849469798,0.8004577336157738,0.9403352749586226,0.9709338359110228,0.7150818559229896
1090,1.0,0.9997701849469798,0.8004577336157738,0.9403352749586226,0.9709338359110228,0.7150818559229896
1091,1.0,0.9997701849469798,0.8004577336157738,0.9403352749586226,0.9709338359110228,0.7150818559229896
1092,1.0,0.9997701849469798,0.8004577336157738,0.9403352749586226,0.9709338359110228,0.7150818559229896
1093,1.0,0.9997701849469798,0.8004577336157738,0.9403352749586226,0.9709338359110228,0.7150818559229896
1094,1.0,0.9997701849469798,0.8004577336157738,0.9403352749586226,0.9709338359110228,0.7150818559229896
1095,1.0,0.9997701849469798,0.8004577336157738,0.9403352749586226,0.9709338359110228,0.7150818559229896
1096,1.0,0.9997701849469798,0.8004577336157738,0.9403352749586226,0.9709338359110228,0.7150818559229896
1097,1.0,0.9997701849469798,0.8004577336157738,0.9403352749586226,0.9709338359110228,0.7150818559229896
1098,1.0,0.9997701849469798,0.8004577336157738,0.9403352749586226,0.9709338359110228,0.7150818559229896
1099,1.0,0.9997701849469798,0.8004577336157738,0.9403352749586226,0.9709338359110228,0.7150818559229896
1100,1.0,0.9997701849469798,0.8004577336157738,0.9403352749586226,0.9709338359110228,0.7150818559229896
1101,1.0,0.9997701849469798,0.8004577336157738,0.9403352749586226,0.9709338359110228,0.7150818559229896
1102,1.0,0.9997701849469798,0.8004577336157738,0.9403352749586226,0.9709338359110228,0.7150818559229896
1103,1.0,0.9997701849469798,0.8004577336157738,0.9403352749586226,0.9709338359110228,0.7150818559229896
1104,1.0,0.9997690216274976,0.7994656033303911,0.9397584157770217,0.9702111556249946,0.7141451810591181
1105,1.0,0.9997690216274976,0.7994656033303911,0.9397584157770217,0.9702111556249946,0.7141451810591181
1106,1.0,0.9997690216274976,0.7994656033303911,0.9397584157770217,0.9702111556249946,0.7141451810591181
1107,1.0,0.9997690216274976,0.7994656033303911,0.9397584157770217,0.9702111556249946,0.7141451810591181
1108,1.0,0.9997690216274976,0.7994656033303911,0.9397584157770217,0.9702111556249946,0.7141451810591181
1109,1.0,0.9997690216274976,0.7994656033303911,0.9397584157770217,0.9702111556249946,0.7141451810591181
1110,1.0,0.9997690216274976,0.7994656033303911,0.9397584157770217,0.9702111556249946,0.7141451810591181
1111,1.0,0.9997690216274976,0.7994656033303911,0.9397584157770217,0.9702111556249946,0.7141451810591181
1112,1.0,0.9997690216274976,0.7994656033303911,0.9397584157770217,0.9702111556249946,0.7141451810591181
1113,1.0,0.9997690216274976,0.7994656033303911,0.9397584157770217,0.9702111556249946,0.7141451810591181
1114,1.0,0.9997690216274976,0.7994656033303911,0.9397584157770217,0.9702111556249946,0.7141451810591181
1115,1.0,0.9997690216274976,0.7994656033303911,0.9397584157770217,0.9702111556249946,0.7141451810591181
1116,1.0,0.9997690216274976,0.7994656033303911,0.9397584157770217,0.9702111556249946,0.7141451810591181
1117,1.0,0.9997690216274976,0.7994656033303911,0.9397584157770217,0.9702111556249946,0.7141451810591181
1118,1.0,0.9997690216274976,0.7994656033303911,0.9397584157770217,0.9702111556249946,0.7141451810591181
1119,1.0,0.9997690216274976,0.7994656033303911,0.9397584157770217,0.9702111556249946,0.7141451810591181
1120,1.0,0.9997690216274976,0.7994656033303911,0.9397584157770217,0.9702111556249946,0.7141451810591181
1121,1.0,0.9997690216274976,0.7994656033303911,0.9397584157770217,0.9702111556249946,0.7141451810591181
1122,1.0,0.9997690216274976,0.7994656033303911,0.9397584157770217,0.9702111556249946,0.7141451810591181
1123,1.0,0.9997690216274976,0.7994656033303911,0.9397584157770217,0.9702111556249946,0.7141451810591181
1124,1.0,0.9997690216274976,0.7994656033303911,0.9397584157770217,0.9702111556249946,0.7141451810591181
1125,1.0,0.9997690216274976,0.7994656033303911,0.9397584157770217,0.9702111556249946,0.7141451810591181
1126,1.0,0.9997690216274976,0.7994656033303911,0.9397584157770217,0.9702111556249946,0.7141451810591181
1127,1.0,0.9997690216274976,0.7994656033303911,0.9397584157770217,0.9702111556249946,0.7141451810591181
1128,1.0,0.9997659810937282,0.7967763160898631,0.9381438726130636,0.9683925030205803,0.7118375670477093
1129,1.0,0.9997659810937282,0.7967763160898631,0.9381438726130636,0.9683925030205803,0.7118375670477093
1130,1.0,0.9997659810937282,0.7967763160898631,0.9381438726130636,0.9683925030205803,0.7118375670477093
1131,1.0,0.9997659810937282,0.7967763160898631,0.9381438726130636,0.9683925030205803,0.7118375670477093
1132,1.0,0.9997659810937282,0.7967763160898631,0.9381438726130636,0.9683925030205803,0.7118375670477093
1133,1.0,0.9997659810937282,0.7967763160898631,0.9381438726130636,0.9683925030205803,0.7118375670477093
1134,1.0,0.9997659810937282,0.7967763160898631,0.9381438726130636,0.9683925030205803,0.7118375670477093
1135,1.0,0.9997659810937282,0.7967763160898631,0.9381438726130636,0.9683925030205803,0.7118375670477093
1136,1.0,0.9997659810937282,0.7967763160898631,0.9381438726130636,0.9683925030205803,0.7118375670477093
1137,1.0,0.9997659810937282,0.7967763160898631,0.9381438726130636,0.9683925030205803,0.7118375670477093
1138,1.0,0.9997659810937282,0.7967763160898631,0.9381438726130636,0.9683925030205803,0.7118375670477093
1139,1.0,0.9997659810937282,0.7967763160898631,0.9381438726130636,0.9683925030205803,0.7118375670477093
1140,1.0,0.9997659810937282,0.7967763160898631,0.9381438726130636,0.9683925030205803,0.7118375670477093
1141,1.0,0.9997659810937282,0.7967763160898631,0.9381438726130636,0.9683925030205803,0.7118375670477093
1142,1.0,0.9997659810937282,0.7967763160898631,0.9381438726130636,0.9683925030205803,0.7118375670477093
1143,1.0,0.9997659810937282,0.7967763160898631,0.9381438726130636,0.9683925030205803,0.7118375670477093
1144,1.0,0.9997659810937282,0.7967763160898631,0.9381438726130636,0.9683925030205803,0.7118375670477093
1145,1.0,0.9997659810937282,0.7967763160898631,0.9381438726130636,0.9683925030205803,0.7118375670477093
1146,1.0,0.9997659810937282,0.7967763160898631,0.9381438726130636,0.9683925030205803,0.7118375670477093
1147,1.0,0.9997659810937282,0.7967763160898631,0.9381438726130636,0.9683925030205803,0.7118375670477093
1148,1.0,0.9997659810937282,0.7967763160898631,0.9381438726130636,0.9683925030205803,0.7118375670477093
1149,1.0,0.9997659810937282,0.7967763160898631,0.9381438726130636,0.9683925030205803,0.7118375670477093
1150,1.0,0.9997659810937282,0.7967763160898631,0.9381438726130636,0.9683925030205803,0.7118375670477093
1151,1.0,0.9997659810937282,0.7967763160898631,0.9381438726130636,0.9683925030205803,0.7118375670477093
1152,1.0,0.9997653634389597,0.7962039893308619,0.9378203869858406,0.9680768277711328,0.7113802071417411
1153,1.0,0.9997653634389597,0.7962039893308619,0.9378203869858406,0.9680768277711328,0.7113802071417411
1154,1.0,0.9997653634389597,0.7962039893308619,0.9378203869858406,0.9680768277711328,0.7113802071417411
1155,1.0,0.9997653634389597,0.7962039893308619,0.9378203869858406,0.9680768277711328,0.7113802071417411
1156,1.0,0.9997653634389597,0.7962039893308619,0.9378203869858406,0.9680768277711328,0.7113802071417411
1157,1.0,0.9997653634389597,0.7962039893308619,0.9378203869858406,0.9680768277711328,0.7113802071417411
1158,1.0,0.9997653634389597,0.7962039893308619,0.9378203869858406,0.9680768277711328,0.7113802071417411
1159,1.0,0.9997653634389597,0.7962039893308619,0.9378203869858406,0.9680768277711328,0.7113802071417411
1160,1.0,0.9997653634389597,0.7962039893308619,0.9378203869858406,0.9680768277711328,0.7113802071417411
1161,1.0,0.9997653634389597,0.7962039893308619,0.9378203869858406,0.9680768277711328,0.7113802071417411
1162,1.0,0.9997653634389597,0.7962039893308619,0.9378203869858406,0.9680768277711328,0.7113802071417411
1163,1.0,0.9997653634389597,0.7962039893308619,0.9378203869858406,0.9680768277711328,0.7113802071417411
1164,1.0,0.9997653634389597,0.7962039893308619,0.9378203869858406,0.9680768277711328,0.7113802071417411
1165,1.0,0.9997653634389597,0.7962039893308619,0.9378203869858406,0.9680768277711328,0.7113802071417411
1166,1.0,0.9997653634389597,0.7962039893308619,0.9378203869858406,0.9680768277711328,0.7113802071417411
1167,1.0,0.9997653634389597,0.7962039893308619,0.9378203869858406,0.9680768277711328,0.7113802071417411
1168,1.0,0.9997653634389597,0.7962039893308619,0.9378203869858406,0.9680768277711328,0.7113802071417411
1169,1.0,0.9997653634389597,0.7962039893308619,0.9378203869858406,0.9680768277711328,0.7113802071417411
1170,1.0,0.9997653634389597,0.7962039893308619,0.9378203869858406,0.9680768277711328,0.7113802071417411
1171,1.0,0.9997653634389597,0.7962039893308619,0.9378203869858406,0.9680768277711328,0.7113802071417411
1172,1.0,0.9997653634389597,0.7962039893308619,0.9378203869858406,0.9680768277711328,0.7113802071417411
1173,1.0,0.9997653634389597,0.7962039893308619,0.9378203869858406,0.9680768277711328,0.7113802071417411
1174,1.0,0.9997653634389597,0.7962039893308619,0.9378203869858406,0.9680768277711328,0.7113802071417411
1175,1.0,0.9997653634389597,0.7962039893308619,0.9378203869858406,0.9680768277711328,0.7113802071417411
1176,1.0,0.9997640306091585,0.7943489487497452,0.9365223232590356,0.9692218084556493,0.7110347686263626
1177,1.0,0.9997640306091585,0.7943489487497452,0.9365223232590356,0.9692218084556493,0.7110347686263626
1178,1.0,0.9997640306091585,0.7943489487497452,0.9365223232590356,0.9692218084556493,0.7110347686263626
1179,1.0,0.9997640306091585,0.7943489487497452,0.9365223232590356,0.9692218084556493,0.7110347686263626
1180,1.0,0.9997640306091585,0.7943489487497452,0.9365223232590356,0.9692218084556493,0.7110347686263626
1181,1.0,0.9997640306091585,0.7943489487497452,0.9365223232590356,0.9692218084556493,0.7110347686263626
1182,1.0,0.9997640306091585,0.7943489487497452,0.9365223232590356,0.9692218084556493,0.7110347686263626
1183,1.0,0.9997640306091585,0.7943489487497452,0.9365223232590356,0.9692218084556493,0.7110347686263626
1184,1.0,0.9997640306091585,0.7943489487497452,0.9365223232590356,0.9692218084556493,0.7110347686263626
1185,1.0,0.9997640306091585,0.7943489487497452,0.9365223232590356,0.9692218084556493,0.7110347686263626
1186,1.0,0.9997640306091585,0.7943489487497452,0.9365223232590356,0.9692218084556493,0.7110347686263626
1187,1.0,0.9997640306091585,0.7943489487497452,0.9365223232590356,0.9692218084556493,0.7110347686263626
1188,1.0,0.9997640306091585,0.7943489487497452,0.9365223232590356,0.9692218084556493,0.7110347686263626
1189,1.0,0.9997640306091585,0.7943489487497452,0.9365223232590356,0.9692218084556493,0.7110347686263626
1190,1.0,0.9997640306091585,0.7943489487497452,0.9365223232590356,0.9692218084556493,0.7110347686263626
1191,1.0,0.9997640306091585,0.7943489487497452,0.9365223232590356,0.9692218084556493,0.7110347686263626
1192,1.0,0.9997640306091585,0.7943489487497452,0.9365223232590356,0.9692218084556493,0.7110347686263626
1193,1.0,0.9997640306091585,0.7943489487497452,0.9365223232590356,0.9692218084556493,0.7110347686263626
1194,1.0,0.9997640306091585,0.7943489487497452,0.9365223232590356,0.9692218084556493,0.7110347686263626
1195,1.0,0.9997640306091585,0.7943489487497452,0.9365223232590356,0.9692218084556493,0.7110347686263626
1196,1.0,0.9997640306091585,0.7943489487497452,0.9365223232590356,0.9692218084556493,0.7110347686263626
1197,1.0,0.9997640306091585,0.7943489487497452,0.9365223232590356,0.9692218084556493,0.7110347686263626
1198,1.0,0.9997640306091585,0.7943489487497452,0.9365223232590356,0.9692218084556493,0.7110347686263626
1199,1.0,0.9997640306091585,0.7943489487497452,0.9365223232590356,0.9692218084556493,0.7110347686263626
1200,1.0,0.999765472451255,0.7948254945116496,0.9367513814791697,0.9721263495131737,0.7129274914018796
1201,1.0,0.999765472451255,0.7948254945116496,0.9367513814791697,0.9721263495131737,0.7129274914018796
1202,1.0,0.999765472451255,0.7948254945116496,0.9367513814791697,0.9721263495131737,0.7129274914018796
1203,1.0,0.999765472451255,0.7948254945116496,0.9367513814791697,0.9721263495131737,0.7129274914018796
1204,1.0,0.999765472451255,0.7948254945116496,0.9367513814791697,0.9721263495131737,0.7129274914018796
1205,1.0,0.999765472451255,0.7948254945116496,0.9367513814791697,0.9721263495131737,0.7129274914018796
1206,1.0,0.999765472451255,0.7948254945116496,0.9367513814791697,0.9721263495131737,0.7129274914018796
1207,1.0,0.999765472451255,0.7948254945116496,0.9367513814791697,0.9721263495131737,0.7129274914018796
1208,1.0,0.999765472451255,0.7948254945116496,0.9367513814791697,0.9721263495131737,0.7129274914018796
1209,1.0,0.999765472451255,0.7948254945116496,0.9367513814791697,0.9721263495131737,0.7129274914018796
1210,1.0,0.999765472451255,0.7948254945116496,0.9367513814791697,0.9721263495131737,0.7129274914018796
1211,1.0,0.999765472451255,0.7948254945116496,0.9367513814791697,0.9721263495131737,0.7129274914018796
1212,1.0,0.999765472451255,0.7948254945116496,0.9367513814791697,0.9721263495131737,0.7129274914018796
1213,1.0,0.999765472451255,0.7948254945116496,0.9367513814791697,0.9721263495131737,0.7129274914018796
1214,1.0,0.999765472451255,0.7948254945116496,0.9367513814791697,0.9721263495131737,0.7129274914018796
1215,1.0,0.999765472451255,0.7948254945116496,0.9367513814791697,0.9721263495131737,0.7129274914018796
1216,1.0,0.999765472451255,0.7948254945116496,0.9367513814791697,0.9721263495131737,0.7129274914018796
1217,1.0,0.999765472451255,0.7948254945116496,0.9367513814791697,0.9721263495131737,0.7129274914018796
1218,1.0,0.999765472451255,0.7948254945116496,0.9367513814791697,0.9721263495131737,0.7129274914018796
1219,1.0,0.999765472451255,0.7948254945116496,0.9367513814791697,0.9721263495131737,0.7129274914018796
1220,1.0,0.999765472451255,0.7948254945116496,0.9367513814791697,0.9721263495131737,0.7129274914018796
1221,1.0,0.999765472451255,0.7948254945116496,0.9367513814791697,0.9721263495131737,0.7129274914018796
1222,1.0,0.999765472451255,0.7948254945116496,0.9367513814791697,0.9721263495131737,0.7129274914018796
1223,1.0,0.999765472451255,0.7948254945116496,0.9367513814791697,0.9721263495131737,0.7129274914018796
1224,1.0,0.9997661138038455,0.7947706691101152,0.9365705384386382,0.9746619450972887,0.7141521913775356
1225,1.0,0.9997661138038455,0.7947706691101152,0.9365705384386382,0.9746619450972887,0.7141521913775356
1226,1.0,0.9997661138038455,0.7947706691101152,0.9365705384386382,0.9746619450972887,0.7141521913775356
1227,1.0,0.9997661138038455,0.7947706691101152,0.9365705384386382,0.9746619450972887,0.7141521913775356
1228,1.0,0.9997661138038455,0.7947706691101152,0.9365705384386382,0.9746619450972887,0.7141521913775356
1229,1.0,0.9997661138038455,0.7947706691101152,0.9365705384386382,0.9746619450972887,0.7141521913775356
1230,1.0,0.9997661138038455,0.7947706691101152,0.9365705384386382,0.9746619450972887,0.7141521913775356
1231,1.0,0.9997661138038455,0.7947706691101152,0.9365705384386382,0.9746619450972887,0.7141521913775356
1232,1.0,0.9997661138038455,0.7947706691101152,0.9365705384386382,0.9746619450972887,0.7141521913775356
1233,1.0,0.9997661138038455,0.7947706691101152,0.9365705384386382,0.9746619450972887,0.7141521913775356
1234,1.0,0.9997661138038455,0.7947706691101152,0.9365705384386382,0.9746619450972887,0.7141521913775356
1235,1.0,0.9997661138038455,0.7947706691101152,0.9365705384386382,0.9746619450972887,0.7141521913775356
1236,1.0,0.9997661138038455,0.7947706691101152,0.9365705384386382,0.9746619450972887,0.7141521913775356
1237,1.0,0.9997661138038455,0.7947706691101152,0.9365705384386382,0.9746619450972887,0.7141521913775356
1238,1.0,0.9997661138038455,0.7947706691101152,0.9365705384386382,0.9746619450972887,0.7141521913775356
1239,1.0,0.9997661138038455,0.7947706691101152,0.9365705384386382,0.9746619450972887,0.7141521913775356
1240,1.0,0.9997661138038455,0.7947706691101152,0.9365705384386382,0.9746619450972887,0.7141521913775356
1241,1.0,0.9997661138038455,0.7947706691101152,0.9365705384386382,0.9746619450972887,0.7141521913775356
1242,1.0,0.9997661138038455,0.7947706691101152,0.9365705384386382,0.9746619450972887,0.7141521913775356
1243,1.0,0.9997661138038455,0.7947706691101152,0.9365705384386382,0.9746619450972887,0.7141521913775356
1244,1.0,0.9997661138038455,0.7947706691101152,0.9365705384386382,0.9746619450972887,0.7141521913775356
1245,1.0,0.9997661138038455,0.7947706691101152,0.9365705384386382,0.9746619450972887,0.7141521913775356
1246,1.0,0.9997661138038455,0.7947706691101152,0.9365705384386382,0.9746619450972887,0.7141521913775356
1247,1.0,0.9997661138038455,0.7947706691101152,0.9365705384386382,0.9746619450972887,0.7141521913775356
1248,1.0,0.9997661964052412,0.7943025009015062,0.9361020076966321,0.9767826136150646,0.7148557262432521
1249,1.0,0.9997661964052412,0.7943025009015062,0.9361020076966321,0.9767826136150646,0.7148557262432521
1250,1.0,0.9997661964052412,0.7943025009015062,0.9361020076966321,0.9767826136150646,0.7148557262432521
1251,1.0,0.9997661964052412,0.7943025009015062,0.9361020076966321,0.9767826136150646,0.7148557262432521
1252,1.0,0.9997661964052412,0.7943025009015062,0.9361020076966321,0.9767826136150646,0.7148557262432521
1253,1.0,0.9997661964052412,0.7943025009015062,0.9361020076966321,0.9767826136150646,0.7148557262432521
1254,1.0,0.9997661964052412,0.7943025009015062,0.9361020076966321,0.9767826136150646,0.7148557262432521
1255,1.0,0.9997661964052412,0.7943025009015062,0.9361020076966321,0.9767826136150646,0.7148557262432521
1256,1.0,0.9997661964052412,0.7943025009015062,0.9361020076966321,0.9767826136150646,0.7148557262432521
1257,1.0,0.9997661964052412,0.7943025009015062,0.9361020076966321,0.9767826136150646,0.7148557262432521
1258,1.0,0.9997661964052412,0.7943025009015062,0.9361020076966321,0.9767826136150646,0.7148557262432521
1259,1.0,0.9997661964052412,0.7943025009015062,0.9361020076966321,0.9767826136150646,0.7148557262432521
1260,1.0,0.9997661964052412,0.7943025009015062,0.9361020076966321,0.9767826136150646,0.7148557262432521
1261,1.0,0.9997661964052412,0.7943025009015062,0.9361020076966321,0.9767826136150646,0.7148557262432521
1262,1.0,0.9997661964052412,0.7943025009015062,0.9361020076966321,0.9767826136150646,0.7148557262432521
1263,1.0,0.9997661964052412,0.7943025009015062,0.9361020076966321,0.9767826136150646,0.7148557262432521
1264,1.0,0.9997661964052412,0.7943025009015062,0.9361020076966321,0.9767826136150646,0.7148557262432521
1265,1.0,0.9997661964052412,0.7943025009015062,0.9361020076966321,0.9767826136150646,0.7148557262432521
1266,1.0,0.9997661964052412,0.7943025009015062,0.9361020076966321,0.9767826136150646,0.7148557262432521
1267,1.0,0.9997661964052412,0.7943025009015062,0.9361020076966321,0.9767826136150646,0.7148557262432521
1268,1.0,0.9997661964052412,0.7943025009015062,0.9361020076966321,0.9767826136150646,0.7148557262432521
1269,1.0,0.9997661964052412,0.7943025009015062,0.9361020076966321,0.9767826136150646,0.7148557262432521
1270,1.0,0.9997661964052412,0.7943025009015062,0.9361020076966321,0.9767826136150646,0.7148557262432521
1271,1.0,0.9997661964052412,0.7943025009015062,0.9361020076966321,0.9767826136150646,0.7148557262432521
1272,1.0,0.9997617300619743,0.7899261200911996,0.9331710629272872,0.975964517791924,0.7120494351658532
1273,1.0,0.9997617300619743,0.7899261200911996,0.9331710629272872,0.975964517791924,0.7120494351658532
1274,1.0,0.9997617300619743,0.7899261200911996,0.9331710629272872,0.975964517791924,0.7120494351658532
1275,1.0,0.9997617300619743,0.7899261200911996,0.9331710629272872,0.975964517791924,0.7120494351658532
1276,1.0,0.9997617300619743,0.7899261200911996,0.9331710629272872,0.975964517791924,0.7120494351658532
1277,1.0,0.9997617300619743,0.7899261200911996,0.9331710629272872,0.975964517791924,0.7120494351658532
1278,1.0,0.9997617300619743,0.7899261200911996,0.9331710629272872,0.975964517791924,0.7120494351658532
1279,1.0,0.9997617300619743,0.7899261200911996,0.9331710629272872,0.975964517791924,0.7120494351658532
1280,1.0,0.9997617300619743,0.7899261200911996,0.9331710629272872,0.975964517791924,0.7120494351658532
1281,1.0,0.9997617300619743,0.7899261200911996,0.9331710629272872,0.975964517791924,0.7120494351658532
1282,1.0,0.9997617300619743,0.7899261200911996,0.9331710629272872,0.975964517791924,0.7120494351658532
1283,1.0,0.9997617300619743,0.7899261200911996,0.9331710629272872,0.975964517791924,0.7120494351658532
1284,1.0,0.9997617300619743,0.7899261200911996,0.9331710629272872,0.975964517791924,0.7120494351658532
1285,1.0,0.9997617300619743,0.7899261200911996,0.9331710629272872,0.975964517791924,0.7120494351658532
1286,1.0,0.9997617300619743,0.7899261200911996,0.9331710629272872,0.975964517791924,0.7120494351658532
1287,1.0,0.9997617300619743,0.7899261200911996,0.9331710629272872,0.975964517791924,0.7120494351658532
1288,1.0,0.9997617300619743,0.7899261200911996,0.9331710629272872,0.975964517791924,0.7120494351658532
1289,1.0,0.9997617300619743,0.7899261200911996,0.9331710629272872,0.975964517791924,0.7120494351658532
1290,1.0,0.9997617300619743,0.7899261200911996,0.9331710629272872,0.975964517791924,0.7120494351658532
1291,1.0,0.9997617300619743,0.7899261200911996,0.9331710629272872,0.975964517791924,0.7120494351658532
1292,1.0,0.9997617300619743,0.7899261200911996,0.9331710629272872,0.975964517791924,0.7120494351658532
1293,1.0,0.9997617300619743,0.7899261200911996,0.9331710629272872,0.975964517791924,0.7120494351658532
1294,1.0,0.9997617300619743,0.7899261200911996,0.9331710629272872,0.975964517791924,0.7120494351658532
1295,1.0,0.9997617300619743,0.7899261200911996,0.9331710629272872,0.975964517791924,0.7120494351658532
1296,1.0,0.9997557337004276,0.7843282012909235,0.929677104044667,0.974360700433527,0.708149497780944
1297,1.0,0.9997557337004276,0.7843282012909235,0.929677104044667,0.974360700433527,0.708149497780944
1298,1.0,0.9997557337004276,0.7843282012909235,0.929677104044667,0.974360700433527,0.708149497780944
1299,1.0,0.9997557337004276,0.7843282012909235,0.929677104044667,0.974360700433527,0.708149497780944
1300,1.0,0.9997557337004276,0.7843282012909235,0.929677104044667,0.974360700433527,0.708149497780944
1301,1.0,0.9997557337004276,0.7843282012909235,0.929677104044667,0.974360700433527,0.708149497780944
1302,1.0,0.9997557337004276,0.7843282012909235,0.929677104044667,0.974360700433527,0.708149497780944
1303,1.0,0.9997557337004276,0.7843282012909235,0.929677104044667,0.974360700433527,0.708149497780944
1304,1.0,0.9997557337004276,0.7843282012909235,0.929677104044667,0.974360700433527,0.708149497780944
1305,1.0,0.9997557337004276,0.7843282012909235,0.929677104044667,0.974360700433527,0.708149497780944
1306,1.0,0.9997557337004276,0.7843282012909235,0.929677104044667,0.974360700433527,0.708149497780944
1307,1.0,0.9997557337004276,0.7843282012909235,0.929677104044667,0.974360700433527,0.708149497780944
1308,1.0,0.9997557337004276,0.7843282012909235,0.929677104044667,0.974360700433527,0.708149497780944
1309,1.0,0.9997557337004276,0.7843282012909235,0.929677104044667,0.974360700433527,0.708149497780944
1310,1.0,0.9997557337004276,0.7843282012909235,0.929677104044667,0.974360700433527,0.708149497780944
1311,1.0,0.9997557337004276,0.7843282012909235,0.929677104044667,0.974360700433527,0.708149497780944
1312,1.0,0.9997557337004276,0.7843282012909235,0.929677104044667,0.974360700433527,0.708149497780944
1313,1.0,0.9997557337004276,0.7843282012909235,0.929677104044667,0.974360700433527,0.708149497780944
1314,1.0,0.9997557337004276,0.7843282012909235,0.929677104044667,0.974360700433527,0.708149497780944
1315,1.0,0.9997557337004276,0.7843282012909235,0.929677104044667,0.974360700433527,0.708149497780944
1316,1.0,0.9997557337004276,0.7843282012909235,0.929677104044667,0.974360700433527,0.708149497780944
1317,1.0,0.9997557337004276,0.7843282012909235,0.929677104044667,0.974360700433527,0.708149497780944
1318,1.0,0.9997557337004276,0.7843282012909235,0.929677104044667,0.974360700433527,0.708149497780944
1319,1.0,0.9997557337004276,0.7843282012909235,0.929677104044667,0.974360700433527,0.708149497780944
1320,1.0,0.9997463576806137,0.7762070089716883,0.924320771092204,0.9703368278755168,0.7014910506724764
1321,1.0,0.9997463576806137,0.7762070089716883,0.924320771092204,0.9703368278755168,0.7014910506724764
1322,1.0,0.9997463576806137,0.7762070089716883,0.924320771092204,0.9703368278755168,0.7014910506724764
1323,1.0,0.9997463576806137,0.7762070089716883,0.924320771092204,0.9703368278755168,0.7014910506724764
1324,1.0,0.9997463576806137,0.7762070089716883,0.924320771092204,0.9703368278755168,0.7014910506724764
1325,1.0,0.9997463576806137,0.7762070089716883,0.924320771092204,0.9703368278755168,0.7014910506724764
1326,1.0,0.9997463576806137,0.7762070089716883,0.924320771092204,0.9703368278755168,0.7014910506724764
1327,1.0,0.9997463576806137,0.7762070089716883,0.924320771092204,0.9703368278755168,0.7014910506724764
1328,1.0,0.9997463576806137,0.7762070089716883,0.924320771092204,0.9703368278755168,0.7014910506724764
1329,1.0,0.9997463576806137,0.7762070089716883,0.924320771092204,0.9703368278755168,0.7014910506724764
1330,1.0,0.9997463576806137,0.7762070089716883,0.924320771092204,0.9703368278755168,0.7014910506724764
1331,1.0,0.9997463576806137,0.7762070089716883,0.924320771092204,0.9703368278755168,0.7014910506724764
1332,1.0,0.9997463576806137,0.7762070089716883,0.924320771092204,0.9703368278755168,0.7014910506724764
1333,1.0,0.9997463576806137,0.7762070089716883,0.924320771092204,0.9703368278755168,0.7014910506724764
1334,1.0,0.9997463576806137,0.7762070089716883,0.924320771092204,0.9703368278755168,0.7014910506724764
1335,1.0,0.9997463576806137,0.7762070089716883,0.924320771092204,0.9703368278755168,0.7014910506724764
1336,1.0,0.9997463576806137,0.7762070089716883,0.924320771092204,0.9703368278755168,0.7014910506724764
1337,1.0,0.9997463576806137,0.7762070089716883,0.924320771092204,0.9703368278755168,0.7014910506724764
1338,1.0,0.9997463576806137,0.7762070089716883,0.924320771092204,0.9703368278755168,0.7014910506724764
1339,1.0,0.9997463576806137,0.7762070089716883,0.924320771092204,0.9703368278755168,0.7014910506724764
1340,1.0,0.9997463576806137,0.7762070089716883,0.924320771092204,0.9703368278755168,0.7014910506724764
1341,1.0,0.9997463576806137,0.7762070089716883,0.924320771092204,0.9703368278755168,0.7014910506724764
1342,1.0,0.9997463576806137,0.7762070089716883,0.924320771092204,0.9703368278755168,0.7014910506724764
1343,1.0,0.9997463576806137,0.7762070089716883,0.924320771092204,0.9703368278755168,0.7014910506724764
1344,1.0,0.9997364367347842,0.767703463801372,0.9186275126173621,0.9658793476423729,0.6943984408627379
1345,1.0,0.9997364367347842,0.767703463801372,0.9186275126173621,0.9658793476423729,0.6943984408627379
1346,1.0,0.9997364367347842,0.767703463801372,0.9186275126173621,0.9658793476423729,0.6943984408627379
1347,1.0,0.9997364367347842,0.767703463801372,0.9186275126173621,0.9658793476423729,0.6943984408627379
1348,1.0,0.9997364367347842,0.767703463801372,0.9186275126173621,0.9658793476423729,0.6943984408627379
1349,1.0,0.9997364367347842,0.767703463801372,0.9186275126173621,0.9658793476423729,0.6943984408627379
1350,1.0,0.9997364367347842,0.767703463801372,0.9186275126173621,0.9658793476423729,0.6943984408627379
1351,1.0,0.9997364367347842,0.767703463801372,0.9186275126173621,0.9658793476423729,0.6943984408627379
1352,1.0,0.9997364367347842,0.767703463801372,0.9186275126173621,0.9658793476423729,0.6943984408627379
1353,1.0,0.9997364367347842,0.767703463801372,0.9186275126173621,0.9658793476423729,0.6943984408627379
1354,1.0,0.9997364367347842,0.767703463801372,0.9186275126173621,0.9658793476423729,0.6943984408627379
1355,1.0,0.9997364367347842,0.767703463801372,0.9186275126173621,0.9658793476423729,0.6943984408627379
1356,1.0,0.9997364367347842,0.767703463801372,0.9186275126173621,0.9658793476423729,0.6943984408627379
1357,1.0,0.9997364367347842,0.767703463801372,0.9186275126173621,0.9658793476423729,0.6943984408627379
1358,1.0,0.9997364367347842,0.767703463801372,0.9186275126173621,0.9658793476423729,0.6943984408627379
1359,1.0,0.9997364367347842,0.767703463801372,0.9186275126173621,0.9658793476423729,0.6943984408627379
1360,1.0,0.9997364367347842,0.767703463801372,0.9186275126173621,0.9658793476423729,0.6943984408627379
1361,1.0,0.9997364367347842,0.767703463801372,0.9186275126173621,0.9658793476423729,0.6943984408627379
1362,1.0,0.9997364367347842,0.767703463801372,0.9186275126173621,0.9658793476423729,0.6943984408627379
1363,1.0,0.9997364367347842,0.767703463801372,0.9186275126173621,0.9658793476423729,0.6943984408627379
1364,1.0,0.9997364367347842,0.767703463801372,0.9186275126173621,0.9658793476423729,0.6943984408627379
1365,1.0,0.9997364367347842,0.767703463801372,0.9186275126173621,0.9658793476423729,0.6943984408627379
1366,1.0,0.9997364367347842,0.767703463801372,0.9186275126173621,0.9658793476423729,0.6943984408627379
1367,1.0,0.9997364367347842,0.767703463801372,0.9186275126173621,0.9658793476423729,0.6943984408627379
1368,1.0,0.9997298236111792,0.7617131053522118,0.9147118801591874,0.9635338439141607,0.689885941198895
1369,1.0,0.9997298236111792,0.7617131053522118,0.9147118801591874,0.9635338439141607,0.689885941198895
1370,1.0,0.9997298236111792,0.7617131053522118,0.9147118801591874,0.9635338439141607,0.689885941198895
1371,1.0,0.9997298236111792,0.7617131053522118,0.9147118801591874,0.9635338439141607,0.689885941198895
1372,1.0,0.9997298236111792,0.7617131053522118,0.9147118801591874,0.9635338439141607,0.689885941198895
1373,1.0,0.9997298236111792,0.7617131053522118,0.9147118801591874,0.9635338439141607,0.689885941198895
1374,1.0,0.9997298236111792,0.7617131053522118,0.9147118801591874,0.9635338439141607,0.689885941198895
1375,1.0,0.9997298236111792,0.7617131053522118,0.9147118801591874,0.9635338439141607,0.689885941198895
1376,1.0,0.9997298236111792,0.7617131053522118,0.9147118801591874,0.9635338439141607,0.689885941198895
1377,1.0,0.9997298236111792,0.7617131053522118,0.9147118801591874,0.9635338439141607,0.689885941198895
1378,1.0,0.9997298236111792,0.7617131053522118,0.9147118801591874,0.9635338439141607,0.689885941198895
1379,1.0,0.9997298236111792,0.7617131053522118,0.9147118801591874,0.9635338439141607,0.689885941198895
1380,1.0,0.9997298236111792,0.7617131053522118,0.9147118801591874,0.9635338439141607,0.689885941198895
1381,1.0,0.9997298236111792,0.7617131053522118,0.9147118801591874,0.9635338439141607,0.689885941198895
1382,1.0,0.9997298236111792,0.7617131053522118,0.9147118801591874,0.9635338439141607,0.689885941198895
1383,1.0,0.9997298236111792,0.7617131053522118,0.9147118801591874,0.9635338439141607,0.689885941198895
1384,1.0,0.9997298236111792,0.7617131053522118,0.9147118801591874,0.9635338439141607,0.689885941198895
1385,1.0,0.9997298236111792,0.7617131053522118,0.9147118801591874,0.9635338439141607,0.689885941198895
1386,1.0,0.9997298236111792,0.7617131053522118,0.9147118801591874,0.9635338439141607,0.689885941198895
1387,1.0,0.9997298236111792,0.7617131053522118,0.9147118801591874,0.9635338439141607,0.689885941198895
1388,1.0,0.9997298236111792,0.7617131053522118,0.9147118801591874,0.9635338439141607,0.689885941198895
1389,1.0,0.9997298236111792,0.7617131053522118,0.9147118801591874,0.9635338439141607,0.689885941198895
1390,1.0,0.9997298236111792,0.7617131053522118,0.9147118801591874,0.9635338439141607,0.689885941198895
1391,1.0,0.9997298236111792,0.7617131053522118,0.9147118801591874,0.9635338439141607,0.689885941198895
1392,1.0,0.9997204022369557,0.7536401645141684,0.909437768762278,0.9593316207550281,0.6831562026500998
1393,1.0,0.9997204022369557,0.7536401645141684,0.909437768762278,0.9593316207550281,0.6831562026500998
1394,1.0,0.9997204022369557,0.7536401645141684,0.909437768762278,0.9593316207550281,0.6831562026500998
1395,1.0,0.9997204022369557,0.7536401645141684,0.909437768762278,0.9593316207550281,0.6831562026500998
1396,1.0,0.9997204022369557,0.7536401645141684,0.909437768762278,0.9593316207550281,0.6831562026500998
1397,1.0,0.9997204022369557,0.7536401645141684,0.909437768762278,0.9593316207550281,0.6831562026500998
1398,1.0,0.9997204022369557,0.7536401645141684,0.909437768762278,0.9593316207550281,0.6831562026500998
1399,1.0,0.9997204022369557,0.7536401645141684,0.909437768762278,0.9593316207550281,0.6831562026500998
1400,1.0,0.9997204022369557,0.7536401645141684,0.909437768762278,0.9593316207550281,0.6831562026500998
1401,1.0,0.9997204022369557,0.7536401645141684,0.909437768762278,0.9593316207550281,0.6831562026500998
1402,1.0,0.9997204022369557,0.7536401645141684,0.909437768762278,0.9593316207550281,0.6831562026500998
1403,1.0,0.9997204022369557,0.7536401645141684,0.909437768762278,0.9593316207550281,0.6831562026500998
1404,1.0,0.9997204022369557,0.7536401645141684,0.909437768762278,0.9593316207550281,0.6831562026500998
1405,1.0,0.9997204022369557,0.7536401645141684,0.909437768762278,0.9593316207550281,0.6831562026500998
1406,1.0,0.9997204022369557,0.7536401645141684,0.909437768762278,0.9593316207550281,0.6831562026500998
1407,1.0,0.9997204022369557,0.7536401645141684,0.909437768762278,0.9593316207550281,0.6831562026500998
1408,1.0,0.9997204022369557,0.7536401645141684,0.909437768762278,0.9593316207550281,0.6831562026500998
1409,1.0,0.9997204022369557,0.7536401645141684,0.909437768762278,0.9593316207550281,0.6831562026500998
1410,1.0,0.9997204022369557,0.7536401645141684,0.909437768762278,0.9593316207550281,0.6831562026500998
1411,1.0,0.9997204022369557,0.7536401645141684,0.909437768762278,0.9593316207550281,0.6831562026500998
1412,1.0,0.9997204022369557,0.7536401645141684,0.909437768762278,0.9593316207550281,0.6831562026500998
1413,1.0,0.9997204022369557,0.7536401645141684,0.909437768762278,0.9593316207550281,0.6831562026500998
1414,1.0,0.9997204022369557,0.7536401645141684,0.909437768762278,0.9593316207550281,0.6831562026500998
1415,1.0,0.9997204022369557,0.7536401645141684,0.909437768762278,0.9593316207550281,0.6831562026500998
1416,1.0,0.9997124099323762,0.7465819857703099,0.9048392629243293,0.9560357704059611,0.6775689866745349
1417,1.0,0.9997124099323762,0.7465819857703099,0.9048392629243293,0.9560357704059611,0.6775689866745349
1418,1.0,0.9997124099323762,0.7465819857703099,0.9048392629243293,0.9560357704059611,0.6775689866745349
1419,1.0,0.9997124099323762,0.7465819857703099,0.9048392629243293,0.9560357704059611,0.6775689866745349
1420,1.0,0.9997124099323762,0.7465819857703099,0.9048392629243293,0.9560357704059611,0.6775689866745349
1421,1.0,0.9997124099323762,0.7465819857703099,0.9048392629243293,0.9560357704059611,0.6775689866745349
1422,1.0,0.9997124099323762,0.7465819857703099,0.9048392629243293,0.9560357704059611,0.6775689866745349
1423,1.0,0.9997124099323762,0.7465819857703099,0.9048392629243293,0.9560357704059611,0.6775689866745349
1424,1.0,0.9997124099323762,0.7465819857703099,0.9048392629243293,0.9560357704059611,0.6775689866745349
1425,1.0,0.9997124099323762,0.7465819857703099,0.9048392629243293,0.9560357704059611,0.6775689866745349
1426,1.0,0.9997124099323762,0.7465819857703099,0.9048392629243293,0.9560357704059611,0.6775689866745349
1427,1.0,0.9997124099323762,0.7465819857703099,0.9048392629243293,0.9560357704059611,0.6775689866745349
1428,1.0,0.9997124099323762,0.7465819857703099,0.9048392629243293,0.9560357704059611,0.6775689866745349
1429,1.0,0.9997124099323762,0.7465819857703099,0.9048392629243293,0.9560357704059611,0.6775689866745349
1430,1.0,0.9997124099323762,0.7465819857703099,0.9048392629243293,0.9560357704059611,0.6775689866745349
1431,1.0,0.9997124099323762,0.7465819857703099,0.9048392629243293,0.9560357704059611,0.6775689866745349
1432,1.0,0.9997124099323762,0.7465819857703099,0.9048392629243293,0.9560357704059611,0.6775689866745349
1433,1.0,0.9997124099323762,0.7465819857703099,0.9048392629243293,0.9560357704059611,0.6775689866745349
1434,1.0,0.9997124099323762,0.7465819857703099,0.9048392629243293,0.9560357704059611,0.6775689866745349
1435,1.0,0.9997124099323762,0.7465819857703099,0.9048392629243293,0.9560357704059611,0.6775689866745349
1436,1.0,0.9997124099323762,0.7465819857703099,0.9048392629243293,0.9560357704059611,0.6775689866745349
1437,1.0,0.9997124099323762,0.7465819857703099,0.9048392629243293,0.9560357704059611,0.6775689866745349
1438,1.0,0.9997124099323762,0.7465819857703099,0.9048392629243293,0.9560357704059611,0.6775689866745349
1439,1.0,0.9997124099323762,0.7465819857703099,0.9048392629243293,0.9560357704059611,0.6775689866745349
1440,1.0,0.9997039031487588,0.739056123662682,0.8999827820605648,0.9527587084154798,0.671568803628679
1441,1.0,0.9997039031487588,0.739056123662682,0.8999827820605648,0.9527587084154798,0.671568803628679
1442,1.0,0.9997039031487588,0.739056123662682,0.8999827820605648,0.9527587084154798,0.671568803628679
1443,1.0,0.9997039031487588,0.739056123662682,0.8999827820605648,0.9527587084154798,0.671568803628679
1444,1.0,0.9997039031487588,0.739056123662682,0.8999827820605648,0.9527587084154798,0.671568803628679
1445,1.0,0.9997039031487588,0.739056123662682,0.8999827820605648,0.9527587084154798,0.671568803628679
1446,1.0,0.9997039031487588,0.739056123662682,0.8999827820605648,0.9527587084154798,0.671568803628679
1447,1.0,0.9997039031487588,0.739056123662682,0.8999827820605648,0.9527587084154798,0.671568803628679
1448,1.0,0.9997039031487588,0.739056123662682,0.8999827820605648,0.9527587084154798,0.671568803628679
1449,1.0,0.9997039031487588,0.739056123662682,0.8999827820605648,0.9527587084154798,0.671568803628679
1450,1.0,0.9997039031487588,0.739056123662682,0.8999827820605648,0.9527587084154798,0.671568803628679
1451,1.0,0.9997039031487588,0.739056123662682,0.8999827820605648,0.9527587084154798,0.671568803628679
1452,1.0,0.9997039031487588,0.739056123662682,0.8999827820605648,0.9527587084154798,0.671568803628679
1453,1.0,0.9997039031487588,0.739056123662682,0.8999827820605648,0.9527587084154798,0.671568803628679
1454,1.0,0.9997039031487588,0.739056123662682,0.8999827820605648,0.9527587084154798,0.671568803628679
1455,1.0,0.9997039031487588,0.739056123662682,0.8999827820605648,0.9527587084154798,0.671568803628679
1456,1.0,0.9997039031487588,0.739056123662682,0.8999827820605648,0.9527587084154798,0.671568803628679
1457,1.0,0.9997039031487588,0.739056123662682,0.8999827820605648,0.9527587084154798,0.671568803628679
1458,1.0,0.9997039031487588,0.739056123662682,0.8999827820605648,0.9527587084154798,0.671568803628679
1459,1.0,0.9997039031487588,0.739056123662682,0.8999827820605648,0.9527587084154798,0.671568803628679
1460,1.0,0.9997039031487588,0.739056123662682,0.8999827820605648,0.9527587084154798,0.671568803628679
1461,1.0,0.9997039031487588,0.739056123662682,0.8999827820605648,0.9527587084154798,0.671568803628679
1462,1.0,0.9997039031487588,0.739056123662682,0.8999827820605648,0.9527587084154798,0.671568803628679
1463,1.0,0.9997039031487588,0.739056123662682,0.8999827820605648,0.9527587084154798,0.671568803628679
1464,1.0,0.9996979202956512,0.7334937174410509,0.896495007775208,0.951137117260637,0.6676956580692356
1465,1.0,0.9996979202956512,0.7334937174410509,0.896495007775208,0.951137117260637,0.6676956580692356
1466,1.0,0.9996979202956512,0.7334937174410509,0.896495007775208,0.951137117260637,0.6676956580692356
1467,1.0,0.9996979202956512,0.7334937174410509,0.896495007775208,0.951137117260637,0.6676956580692356
1468,1.0,0.9996979202956512,0.7334937174410509,0.896495007775208,0.951137117260637,0.6676956580692356
1469,1.0,0.9996979202956512,0.7334937174410509,0.896495007775208,0.951137117260637,0.6676956580692356
1470,1.0,0.9996979202956512,0.7334937174410509,0.896495007775208,0.951137117260637,0.6676956580692356
1471,1.0,0.9996979202956512,0.7334937174410509,0.896495007775208,0.951137117260637,0.6676956580692356
1472,1.0,0.9996979202956512,0.7334937174410509,0.896495007775208,0.951137117260637,0.6676956580692356
1473,1.0,0.9996979202956512,0.7334937174410509,0.896495007775208,0.951137117260637,0.6676956580692356
1474,1.0,0.9996979202956512,0.7334937174410509,0.896495007775208,0.951137117260637,0.6676956580692356
1475,1.0,0.9996979202956512,0.7334937174410509,0.896495007775208,0.951137117260637,0.6676956580692356
1476,1.0,0.9996979202956512,0.7334937174410509,0.896495007775208,0.951137117260637,0.6676956580692356
1477,1.0,0.9996979202956512,0.7334937174410509,0.896495007775208,0.951137117260637,0.6676956580692356
1478,1.0,0.9996979202956512,0.7334937174410509,0.896495007775208,0.951137117260637,0.6676956580692356
1479,1.0,0.9996979202956512,0.7334937174410509,0.896495007775208,0.951137117260637,0.6676956580692356
1480,1.0,0.9996979202956512,0.7334937174410509,0.896495007775208,0.951137117260637,0.6676956580692356
1481,1.0,0.9996979202956512,0.7334937174410509,0.896495007775208,0.951137117260637,0.6676956580692356
1482,1.0,0.9996979202956512,0.7334937174410509,0.896495007775208,0.951137117260637,0.6676956580692356
1483,1.0,0.9996979202956512,0.7334937174410509,0.896495007775208,0.951137117260637,0.6676956580692356
1484,1.0,0.9996979202956512,0.7334937174410509,0.896495007775208,0.951137117260637,0.6676956580692356
1485,1.0,0.9996979202956512,0.7334937174410509,0.896495007775208,0.951137117260637,0.6676956580692356
1486,1.0,0.9996979202956512,0.7334937174410509,0.896495007775208,0.951137117260637,0.6676956580692356
1487,1.0,0.9996979202956512,0.7334937174410509,0.896495007775208,0.951137117260637,0.6676956580692356
1488,1.0,0.999698077549216,0.7328164202416202,0.8959943244956907,0.953209944077518,0.6685191170531978
1489,1.0,0.999698077549216,0.7328164202416202,0.8959943244956907,0.953209944077518,0.6685191170531978
1490,1.0,0.999698077549216,0.7328164202416202,0.8959943244956907,0.953209944077518,0.6685191170531978
1491,1.0,0.999698077549216,0.7328164202416202,0.8959943244956907,0.953209944077518,0.6685191170531978
1492,1.0,0.999698077549216,0.7328164202416202,0.8959943244956907,0.953209944077518,0.6685191170531978
1493,1.0,0.999698077549216,0.7328164202416202,0.8959943244956907,0.953209944077518,0.6685191170531978
1494,1.0,0.999698077549216,0.7328164202416202,0.8959943244956907,0.953209944077518,0.6685191170531978
1495,1.0,0.999698077549216,0.7328164202416202,0.8959943244956907,0.953209944077518,0.6685191170531978
1496,1.0,0.999698077549216,0.7328164202416202,0.8959943244956907,0.953209944077518,0.6685191170531978
1497,1.0,0.999698077549216,0.7328164202416202,0.8959943244956907,0.953209944077518,0.6685191170531978
1498,1.0,0.999698077549216,0.7328164202416202,0.8959943244956907,0.953209944077518,0.6685191170531978
1499,1.0,0.999698077549216,0.7328164202416202,0.8959943244956907,0.953209944077518,0.6685191170531978
1500,1.0,0.999698077549216,0.7328164202416202,0.8959943244956907,0.953209944077518,0.6685191170531978
1501,1.0,0.999698077549216,0.7328164202416202,0.8959943244956907,0.953209944077518,0.6685191170531978
1502,1.0,0.999698077549216,0.7328164202416202,0.8959943244956907,0.953209944077518,0.6685191170531978
1503,1.0,0.999698077549216,0.7328164202416202,0.8959943244956907,0.953209944077518,0.6685191170531978
1504,1.0,0.999698077549216,0.7328164202416202,0.8959943244956907,0.953209944077518,0.6685191170531978
1505,1.0,0.999698077549216,0.7328164202416202,0.8959943244956907,0.953209944077518,0.6685191170531978
1506,1.0,0.999698077549216,0.7328164202416202,0.8959943244956907,0.953209944077518,0.6685191170531978
1507,1.0,0.999698077549216,0.7328164202416202,0.8959943244956907,0.953209944077518,0.6685191170531978
1508,1.0,0.999698077549216,0.7328164202416202,0.8959943244956907,0.953209944077518,0.6685191170531978
1509,1.0,0.999698077549216,0.7328164202416202,0.8959943244956907,0.953209944077518,0.6685191170531978
1510,1.0,0.999698077549216,0.7328164202416202,0.8959943244956907,0.953209944077518,0.6685191170531978
1511,1.0,0.999698077549216,0.7328164202416202,0.8959943244956907,0.953209944077518,0.6685191170531978
1512,1.0,0.9996965330451032,0.7306611806168575,0.8946311315686092,0.9543146896807925,0.6681016962151006
1513,1.0,0.9996965330451032,0.7306611806168575,0.8946311315686092,0.9543146896807925,0.6681016962151006
1514,1.0,0.9996965330451032,0.7306611806168575,0.8946311315686092,0.9543146896807925,0.6681016962151006
1515,1.0,0.9996965330451032,0.7306611806168575,0.8946311315686092,0.9543146896807925,0.6681016962151006
1516,1.0,0.9996965330451032,0.7306611806168575,0.8946311315686092,0.9543146896807925,0.6681016962151006
1517,1.0,0.9996965330451032,0.7306611806168575,0.8946311315686092,0.9543146896807925,0.6681016962151006
1518,1.0,0.9996965330451032,0.7306611806168575,0.8946311315686092,0.9543146896807925,0.6681016962151006
1519,1.0,0.9996965330451032,0.7306611806168575,0.8946311315686092,0.9543146896807925,0.6681016962151006
1520,1.0,0.9996965330451032,0.7306611806168575,0.8946311315686092,0.9543146896807925,0.6681016962151006
1521,1.0,0.9996965330451032,0.7306611806168575,0.8946311315686092,0.9543146896807925,0.6681016962151006
1522,1.0,0.9996965330451032,0.7306611806168575,0.8946311315686092,0.9543146896807925,0.6681016962151006
1523,1.0,0.9996965330451032,0.7306611806168575,0.8946311315686092,0.9543146896807925,0.6681016962151006
1524,1.0,0.9996965330451032,0.7306611806168575,0.8946311315686092,0.9543146896807925,0.6681016962151006
1525,1.0,0.9996965330451032,0.7306611806168575,0.8946311315686092,0.9543146896807925,0.6681016962151006
1526,1.0,0.9996965330451032,0.7306611806168575,0.8946311315686092,0.9543146896807925,0.6681016962151006
1527,1.0,0.9996965330451032,0.7306611806168575,0.8946311315686092,0.9543146896807925,0.6681016962151006
1528,1.0,0.9996965330451032,0.7306611806168575,0.8946311315686092,0.9543146896807925,0.6681016962151006
1529,1.0,0.9996965330451032,0.7306611806168575,0.8946311315686092,0.9543146896807925,0.6681016962151006
1530,1.0,0.9996965330451032,0.7306611806168575,0.8946311315686092,0.9543146896807925,0.6681016962151006
1531,1.0,0.9996965330451032,0.7306611806168575,0.8946311315686092,0.9543146896807925,0.6681016962151006
1532,1.0,0.9996965330451032,0.7306611806168575,0.8946311315686092,0.9543146896807925,0.6681016962151006
1533,1.0,0.9996965330451032,0.7306611806168575,0.8946311315686092,0.9543146896807925,0.6681016962151006
1534,1.0,0.9996965330451032,0.7306611806168575,0.8946311315686092,0.9543146896807925,0.6681016962151006
1535,1.0,0.9996965330451032,0.7306611806168575,0.8946311315686092,0.9543146896807925,0.6681016962151006
1536,1.0,0.9996963067845996,0.7297173549376822,0.8939593855953348,0.9560995126566304,0.6685803042324455
1537,1.0,0.9996963067845996,0.7297173549376822,0.8939593855953348,0.9560995126566304,0.6685803042324455
1538,1.0,0.9996963067845996,0.7297173549376822,0.8939593855953348,0.9560995126566304,0.6685803042324455
1539,1.0,0.9996963067845996,0.7297173549376822,0.8939593855953348,0.9560995126566304,0.6685803042324455
1540,1.0,0.9996963067845996,0.7297173549376822,0.8939593855953348,0.9560995126566304,0.6685803042324455
1541,1.0,0.9996963067845996,0.7297173549376822,0.8939593855953348,0.9560995126566304,0.6685803042324455
1542,1.0,0.9996963067845996,0.7297173549376822,0.8939593855953348,0.9560995126566304,0.6685803042324455
1543,1.0,0.9996963067845996,0.7297173549376822,0.8939593855953348,0.9560995126566304,0.6685803042324455
1544,1.0,0.9996963067845996,0.7297173549376822,0.8939593855953348,0.9560995126566304,0.6685803042324455
1545,1.0,0.9996963067845996,0.7297173549376822,0.8939593855953348,0.9560995126566304,0.6685803042324455
1546,1.0,0.9996963067845996,0.7297173549376822,0.8939593855953348,0.9560995126566304,0.6685803042324455
1547,1.0,0.9996963067845996,0.7297173549376822,0.8939593855953348,0.9560995126566304,0.6685803042324455
1548,1.0,0.9996963067845996,0.7297173549376822,0.8939593855953348,0.9560995126566304,0.6685803042324455
1549,1.0,0.9996963067845996,0.7297173549376822,0.8939593855953348,0.9560995126566304,0.6685803042324455
1550,1.0,0.9996963067845996,0.7297173549376822,0.8939593855953348,0.9560995126566304,0.6685803042324455
1551,1.0,0.9996963067845996,0.7297173549376822,0.8939593855953348,0.9560995126566304,0.6685803042324455
1552,1.0,0.9996963067845996,0.7297173549376822,0.8939593855953348,0.9560995126566304,0.6685803042324455
1553,1.0,0.9996963067845996,0.7297173549376822,0.8939593855953348,0.9560995126566304,0.6685803042324455
1554,1.0,0.9996963067845996,0.7297173549376822,0.8939593855953348,0.9560995126566304,0.6685803042324455
1555,1.0,0.9996963067845996,0.7297173549376822,0.8939593855953348,0.9560995126566304,0.6685803042324455
1556,1.0,0.9996963067845996,0.7297173549376822,0.8939593855953348,0.9560995126566304,0.6685803042324455
1557,1.0,0.9996963067845996,0.7297173549376822,0.8939593855953348,0.9560995126566304,0.6685803042324455
1558,1.0,0.9996963067845996,0.7297173549376822,0.8939593855953348,0.9560995126566304,0.6685803042324455
1559,1.0,0.9996963067845996,0.7297173549376822,0.8939593855953348,0.9560995126566304,0.6685803042324455
1560,1.0,0.9996960727911147,0.7288972179890508,0.8932263469829734,0.9579294086095094,0.6690463478737675
1561,1.0,0.9996960727911147,0.7288972179890508,0.8932263469829734,0.9579294086095094,0.6690463478737675
1562,1.0,0.9996960727911147,0.7288972179890508,0.8932263469829734,0.9579294086095094,0.6690463478737675
1563,1.0,0.9996960727911147,0.7288972179890508,0.8932263469829734,0.9579294086095094,0.6690463478737675
1564,1.0,0.9996960727911147,0.7288972179890508,0.8932263469829734,0.9579294086095094,0.6690463478737675
1565,1.0,0.9996960727911147,0.7288972179890508,0.8932263469829734,0.9579294086095094,0.6690463478737675
1566,1.0,0.9996960727911147,0.7288972179890508,0.8932263469829734,0.9579294086095094,0.6690463478737675
1567,1.0,0.9996960727911147,0.7288972179890508,0.8932263469829734,0.9579294086095094,0.6690463478737675
1568,1.0,0.9996960727911147,0.7288972179890508,0.8932263469829734,0.9579294086095094,0.6690463478737675
1569,1.0,0.9996960727911147,0.7288972179890508,0.8932263469829734,0.9579294086095094,0.6690463478737675
1570,1.0,0.9996960727911147,0.7288972179890508,0.8932263469829734,0.9579294086095094,0.6690463478737675
1571,1.0,0.9996960727911147,0.7288972179890508,0.8932263469829734,0.9579294086095094,0.6690463478737675
1572,1.0,0.9996960727911147,0.7288972179890508,0.8932263469829734,0.9579294086095094,0.6690463478737675
1573,1.0,0.9996960727911147,0.7288972179890508,0.8932263469829734,0.9579294086095094,0.6690463478737675
1574,1.0,0.9996960727911147,0.7288972179890508,0.8932263469829734,0.9579294086095094,0.6690463478737675
1575,1.0,0.9996960727911147,0.7288972179890508,0.8932263469829734,0.9579294086095094,0.6690463478737675
1576,1.0,0.9996960727911147,0.7288972179890508,0.8932263469829734,0.9579294086095094,0.6690463478737675
1577,1.0,0.9996960727911147,0.7288972179890508,0.8932263469829734,0.9579294086095094,0.6690463478737675
1578,1.0,0.9996960727911147,0.7288972179890508,0.8932263469829734,0.9579294086095094,0.6690463478737675
1579,1.0,0.9996960727911147,0.7288972179890508,0.8932263469829734,0.9579294086095094,0.6690463478737675
1580,1.0,0.9996960727911147,0.7288972179890508,0.8932263469829734,0.9579294086095094,0.6690463478737675
1581,1.0,0.9996960727911147,0.7288972179890508,0.8932263469829734,0.9579294086095094,0.6690463478737675
1582,1.0,0.9996960727911147,0.7288972179890508,0.8932263469829734,0.9579294086095094,0.6690463478737675
1583,1.0,0.9996960727911147,0.7288972179890508,0.8932263469829734,0.9579294086095094,0.6690463478737675
1584,1.0,0.9996952618330139,0.7276712893399888,0.8921971700123059,0.9593888713777906,0.6690013952595449
1585,1.0,0.9996952618330139,0.7276712893399888,0.8921971700123059,0.9593888713777906,0.6690013952595449
1586,1.0,0.9996952618330139,0.7276712893399888,0.8921971700123059,0.9593888713777906,0.6690013952595449
1587,1.0,0.9996952618330139,0.7276712893399888,0.8921971700123059,0.9593888713777906,0.6690013952595449
1588,1.0,0.9996952618330139,0.7276712893399888,0.8921971700123059,0.9593888713777906,0.6690013952595449
1589,1.0,0.9996952618330139,0.7276712893399888,0.8921971700123059,0.9593888713777906,0.6690013952595449
1590,1.0,0.9996952618330139,0.7276712893399888,0.8921971700123059,0.9593888713777906,0.6690013952595449
1591,1.0,0.9996952618330139,0.7276712893399888,0.8921971700123059,0.9593888713777906,0.6690013952595449
1592,1.0,0.9996952618330139,0.7276712893399888,0.8921971700123059,0.9593888713777906,0.6690013952595449
1593,1.0,0.9996952618330139,0.7276712893399888,0.8921971700123059,0.9593888713777906,0.6690013952595449
1594,1.0,0.9996952618330139,0.7276712893399888,0.8921971700123059,0.9593888713777906,0.6690013952595449
1595,1.0,0.9996952618330139,0.7276712893399888,0.8921971700123059,0.9593888713777906,0.6690013952595449
1596,1.0,0.9996952618330139,0.7276712893399888,0.8921971700123059,0.9593888713777906,0.6690013952595449
1597,1.0,0.9996952618330139,0.7276712893399888,0.8921971700123059,0.9593888713777906,0.6690013952595449
1598,1.0,0.9996952618330139,0.7276712893399888,0.8921971700123059,0.9593888713777906,0.6690013952595449
1599,1.0,0.9996952618330139,0.7276712893399888,0.8921971700123059,0.9593888713777906,0.6690013952595449
1600,1.0,0.9996952618330139,0.7276712893399888,0.8921971700123059,0.9593888713777906,0.6690013952595449
1601,1.0,0.9996952618330139,0.7276712893399888,0.8921971700123059,0.9593888713777906,0.6690013952595449
1602,1.0,0.9996952618330139,0.7276712893399888,0.8921971700123059,0.9593888713777906,0.6690013952595449
1603,1.0,0.9996952618330139,0.7276712893399888,0.8921971700123059,0.9593888713777906,0.6690013952595449
1604,1.0,0.9996952618330139,0.7276712893399888,0.8921971700123059,0.9593888713777906,0.6690013952595449
1605,1.0,0.9996952618330139,0.7276712893399888,0.8921971700123059,0.9593888713777906,0.6690013952595449
1606,1.0,0.9996952618330139,0.7276712893399888,0.8921971700123059,0.9593888713777906,0.6690013952595449
1607,1.0,0.9996952618330139,0.7276712893399888,0.8921971700123059,0.9593888713777906,0.6690013952595449
1608,1.0,0.9996959971685881,0.7275793280657946,0.8919906862348402,0.9617709201366028,0.6702678572223055
1609,1.0,0.9996959971685881,0.7275793280657946,0.8919906862348402,0.9617709201366028,0.6702678572223055
1610,1.0,0.9996959971685881,0.7275793280657946,0.8919906862348402,0.9617709201366028,0.6702678572223055
1611,1.0,0.9996959971685881,0.7275793280657946,0.8919906862348402,0.9617709201366028,0.6702678572223055
1612,1.0,0.9996959971685881,0.7275793280657946,0.8919906862348402,0.9617709201366028,0.6702678572223055
1613,1.0,0.9996959971685881,0.7275793280657946,0.8919906862348402,0.9617709201366028,0.6702678572223055
1614,1.0,0.9996959971685881,0.7275793280657946,0.8919906862348402,0.9617709201366028,0.6702678572223055
1615,1.0,0.9996959971685881,0.7275793280657946,0.8919906862348402,0.9617709201366028,0.6702678572223055
1616,1.0,0.9996959971685881,0.7275793280657946,0.8919906862348402,0.9617709201366028,0.6702678572223055
1617,1.0,0.9996959971685881,0.7275793280657946,0.8919906862348402,0.9617709201366028,0.6702678572223055
1618,1.0,0.9996959971685881,0.7275793280657946,0.8919906862348402,0.9617709201366028,0.6702678572223055
1619,1.0,0.9996959971685881,0.7275793280657946,0.8919906862348402,0.9617709201366028,0.6702678572223055
1620,1.0,0.9996959971685881,0.7275793280657946,0.8919906862348402,0.9617709201366028,0.6702678572223055
1621,1.0,0.9996959971685881,0.7275793280657946,0.8919906862348402,0.9617709201366028,0.6702678572223055
1622,1.0,0.9996959971685881,0.7275793280657946,0.8919906862348402,0.9617709201366028,0.6702678572223055
1623,1.0,0.9996959971685881,0.7275793280657946,0.8919906862348402,0.9617709201366028,0.6702678572223055
1624,1.0,0.9996959971685881,0.7275793280657946,0.8919906862348402,0.9617709201366028,0.6702678572223055
1625,1.0,0.9996959971685881,0.7275793280657946,0.8919906862348402,0.9617709201366028,0.6702678572223055
1626,1.0,0.9996959971685881,0.7275793280657946,0.8919906862348402,0.9617709201366028,0.6702678572223055
1627,1.0,0.9996959971685881,0.7275793280657946,0.8919906862348402,0.9617709201366028,0.6702678572223055
1628,1.0,0.9996959971685881,0.7275793280657946,0.8919906862348402,0.9617709201366028,0.6702678572223055
1629,1.0,0.9996959971685881,0.7275793280657946,0.8919906862348402,0.9617709201366028,0.6702678572223055
1630,1.0,0.9996959971685881,0.7275793280657946,0.8919906862348402,0.9617709201366028,0.6702678572223055
1631,1.0,0.9996959971685881,0.7275793280657946,0.8919906862348402,0.9617709201366028,0.6702678572223055
1632,1.0,0.9997007370141594,0.7308268757275073,0.8939599778667918,0.967361307875048,0.6746928515827545
1633,1.0,0.9997007370141594,0.7308268757275073,0.8939599778667918,0.967361307875048,0.6746928515827545
1634,1.0,0.9997007370141594,0.7308268757275073,0.8939599778667918,0.967361307875048,0.6746928515827545
1635,1.0,0.9997007370141594,0.7308268757275073,0.8939599778667918,0.967361307875048,0.6746928515827545
1636,1.0,0.9997007370141594,0.7308268757275073,0.8939599778667918,0.967361307875048,0.6746928515827545
1637,1.0,0.9997007370141594,0.7308268757275073,0.8939599778667918,0.967361307875048,0.6746928515827545
1638,1.0,0.9997007370141594,0.7308268757275073,0.8939599778667918,0.967361307875048,0.6746928515827545
1639,1.0,0.9997007370141594,0.7308268757275073,0.8939599778667918,0.967361307875048,0.6746928515827545
1640,1.0,0.9997007370141594,0.7308268757275073,0.8939599778667918,0.967361307875048,0.6746928515827545
1641,1.0,0.9997007370141594,0.7308268757275073,0.8939599778667918,0.967361307875048,0.6746928515827545
1642,1.0,0.9997007370141594,0.7308268757275073,0.8939599778667918,0.967361307875048,0.6746928515827545
1643,1.0,0.9997007370141594,0.7308268757275073,0.8939599778667918,0.967361307875048,0.6746928515827545
1644,1.0,0.9997007370141594,0.7308268757275073,0.8939599778667918,0.967361307875048,0.6746928515827545
1645,1.0,0.9997007370141594,0.7308268757275073,0.8939599778667918,0.967361307875048,0.6746928515827545
1646,1.0,0.9997007370141594,0.7308268757275073,0.8939599778667918,0.967361307875048,0.6746928515827545
1647,1.0,0.9997007370141594,0.7308268757275073,0.8939599778667918,0.967361307875048,0.6746928515827545
1648,1.0,0.9997007370141594,0.7308268757275073,0.8939599778667918,0.967361307875048,0.6746928515827545
1649,1.0,0.9997007370141594,0.7308268757275073,0.8939599778667918,0.967361307875048,0.6746928515827545
1650,1.0,0.9997007370141594,0.7308268757275073,0.8939599778667918,0.967361307875048,0.6746928515827545
1651,1.0,0.9997007370141594,0.7308268757275073,0.8939599778667918,0.967361307875048,0.6746928515827545
1652,1.0,0.9997007370141594,0.7308268757275073,0.8939599778667918,0.967361307875048,0.6746928515827545
1653,1.0,0.9997007370141594,0.7308268757275073,0.8939599778667918,0.967361307875048,0.6746928515827545
1654,1.0,0.9997007370141594,0.7308268757275073,0.8939599778667918,0.967361307875048,0.6746928515827545
1655,1.0,0.9997007370141594,0.7308268757275073,0.8939599778667918,0.967361307875048,0.6746928515827545
1656,1.0,0.9997011166668051,0.7304057762119122,0.8935824406309366,0.9698338431707384,0.6757561050248007
1657,1.0,0.9997011166668051,0.7304057762119122,0.8935824406309366,0.9698338431707384,0.6757561050248007
1658,1.0,0.9997011166668051,0.7304057762119122,0.8935824406309366,0.9698338431707384,0.6757561050248007
1659,1.0,0.9997011166668051,0.7304057762119122,0.8935824406309366,0.9698338431707384,0.6757561050248007
1660,1.0,0.9997011166668051,0.7304057762119122,0.8935824406309366,0.9698338431707384,0.6757561050248007
1661,1.0,0.9997011166668051,0.7304057762119122,0.8935824406309366,0.9698338431707384,0.6757561050248007
1662,1.0,0.9997011166668051,0.7304057762119122,0.8935824406309366,0.9698338431707384,0.6757561050248007
1663,1.0,0.9997011166668051,0.7304057762119122,0.8935824406309366,0.9698338431707384,0.6757561050248007
1664,1.0,0.9997011166668051,0.7304057762119122,0.8935824406309366,0.9698338431707384,0.6757561050248007
1665,1.0,0.9997011166668051,0.7304057762119122,0.8935824406309366,0.9698338431707384,0.6757561050248007
1666,1.0,0.9997011166668051,0.7304057762119122,0.8935824406309366,0.9698338431707384,0.6757561050248007
1667,1.0,0.9997011166668051,0.7304057762119122,0.8935824406309366,0.9698338431707384,0.6757561050248007
1668,1.0,0.9997011166668051,0.7304057762119122,0.8935824406309366,0.9698338431707384,0.6757561050248007
1669,1.0,0.9997011166668051,0.7304057762119122,0.8935824406309366,0.9698338431707384,0.6757561050248007
1670,1.0,0.9997011166668051,0.7304057762119122,0.8935824406309366,0.9698338431707384,0.6757561050248007
1671,1.0,0.9997011166668051,0.7304057762119122,0.8935824406309366,0.9698338431707384,0.6757561050248007
1672,1.0,0.9997011166668051,0.7304057762119122,0.8935824406309366,0.9698338431707384,0.6757561050248007
1673,1.0,0.9997011166668051,0.7304057762119122,0.8935824406309366,0.9698338431707384,0.6757561050248007
1674,1.0,0.9997011166668051,0.7304057762119122,0.8935824406309366,0.9698338431707384,0.6757561050248007
1675,1.0,0.9997011166668051,0.7304057762119122,0.8935824406309366,0.9698338431707384,0.6757561050248007
1676,1.0,0.9997011166668051,0.7304057762119122,0.8935824406309366,0.9698338431707384,0.6757561050248007
1677,1.0,0.9997011166668051,0.7304057762119122,0.8935824406309366,0.9698338431707384,0.6757561050248007
1678,1.0,0.9997011166668051,0.7304057762119122,0.8935824406309366,0.9698338431707384,0.6757561050248007
1679,1.0,0.9997011166668051,0.7304057762119122,0.8935824406309366,0.9698338431707384,0.6757561050248007
1680,1.0,0.9997003872527325,0.7298613831873695,0.8931718520221609,0.9693675596073987,0.6751953562113813
1681,1.0,0.9997003872527325,0.7298613831873695,0.8931718520221609,0.9693675596073987,0.6751953562113813
1682,1.0,0.9997003872527325,0.7298613831873695,0.8931718520221609,0.9693675596073987,0.6751953562113813
1683,1.0,0.9997003872527325,0.7298613831873695,0.8931718520221609,0.9693675596073987,0.6751953562113813
1684,1.0,0.9997003872527325,0.7298613831873695,0.8931718520221609,0.9693675596073987,0.6751953562113813
1685,1.0,0.9997003872527325,0.7298613831873695,0.8931718520221609,0.9693675596073987,0.6751953562113813
1686,1.0,0.9997003872527325,0.7298613831873695,0.8931718520221609,0.9693675596073987,0.6751953562113813
1687,1.0,0.9997003872527325,0.7298613831873695,0.8931718520221609,0.9693675596073987,0.6751953562113813
1688,1.0,0.9997003872527325,0.7298613831873695,0.8931718520221609,0.9693675596073987,0.6751953562113813
1689,1.0,0.9997003872527325,0.7298613831873695,0.8931718520221609,0.9693675596073987,0.6751953562113813
1690,1.0,0.9997003872527325,0.7298613831873695,0.8931718520221609,0.9693675596073987,0.6751953562113813
1691,1.0,0.9997003872527325,0.7298613831873695,0.8931718520221609,0.9693675596073987,0.6751953562113813
1692,1.0,0.9997003872527325,0.7298613831873695,0.8931718520221609,0.9693675596073987,0.6751953562113813
1693,1.0,0.9997003872527325,0.7298613831873695,0.8931718520221609,0.9693675596073987,0.6751953562113813
1694,1.0,0.9997003872527325,0.7298613831873695,0.8931718520221609,0.9693675596073987,0.6751953562113813
1695,1.0,0.9997003872527325,0.7298613831873695,0.8931718520221609,0.9693675596073987,0.6751953562113813
1696,1.0,0.9997003872527325,0.7298613831873695,0.8931718520221609,0.9693675596073987,0.6751953562113813
1697,1.0,0.9997003872527325,0.7298613831873695,0.8931718520221609,0.9693675596073987,0.6751953562113813
1698,1.0,0.9997003872527325,0.7298613831873695,0.8931718520221609,0.9693675596073987,0.6751953562113813
1699,1.0,0.9997003872527325,0.7298613831873695,0.8931718520221609,0.9693675596073987,0.6751953562113813
1700,1.0,0.9997003872527325,0.7298613831873695,0.8931718520221609,0.9693675596073987,0.6751953562113813
1701,1.0,0.9997003872527325,0.7298613831873695,0.8931718520221609,0.9693675596073987,0.6751953562113813
1702,1.0,0.9997003872527325,0.7298613831873695,0.8931718520221609,0.9693675596073987,0.6751953562113813
1703,1.0,0.9997003872527325,0.7298613831873695,0.8931718520221609,0.9693675596073987,0.6751953562113813
1704,1.0,0.9996976786091248,0.727862688835728,0.8917167084384298,0.9675179388965205,0.6729307710088408
1705,1.0,0.9996976786091248,0.727862688835728,0.8917167084384298,0.9675179388965205,0.6729307710088408
1706,1.0,0.9996976786091248,0.727862688835728,0.8917167084384298,0.9675179388965205,0.6729307710088408
1707,1.0,0.9996976786091248,0.727862688835728,0.8917167084384298,0.9675179388965205,0.6729307710088408
1708,1.0,0.9996976786091248,0.727862688835728,0.8917167084384298,0.9675179388965205,0.6729307710088408
1709,1.0,0.9996976786091248,0.727862688835728,0.8917167084384298,0.9675179388965205,0.6729307710088408
1710,1.0,0.9996976786091248,0.727862688835728,0.8917167084384298,0.9675179388965205,0.6729307710088408
1711,1.0,0.9996976786091248,0.727862688835728,0.8917167084384298,0.9675179388965205,0.6729307710088408
1712,1.0,0.9996976786091248,0.727862688835728,0.8917167084384298,0.9675179388965205,0.6729307710088408
1713,1.0,0.9996976786091248,0.727862688835728,0.8917167084384298,0.9675179388965205,0.6729307710088408
1714,1.0,0.9996976786091248,0.727862688835728,0.8917167084384298,0.9675179388965205,0.6729307710088408
1715,1.0,0.9996976786091248,0.727862688835728,0.8917167084384298,0.9675179388965205,0.6729307710088408
1716,1.0,0.9996976786091248,0.727862688835728,0.8917167084384298,0.9675179388965205,0.6729307710088408
1717,1.0,0.9996976786091248,0.727862688835728,0.8917167084384298,0.9675179388965205,0.6729307710088408
1718,1.0,0.9996976786091248,0.727862688835728,0.8917167084384298,0.9675179388965205,0.6729307710088408
1719,1.0,0.9996976786091248,0.727862688835728,0.8917167084384298,0.9675179388965205,0.6729307710088408
1720,1.0,0.9996976786091248,0.727862688835728,0.8917167084384298,0.9675179388965205,0.6729307710088408
1721,1.0,0.9996976786091248,0.727862688835728,0.8917167084384298,0.9675179388965205,0.6729307710088408
1722,1.0,0.9996976786091248,0.727862688835728,0.8917167084384298,0.9675179388965205,0.6729307710088408
1723,1.0,0.9996976786091248,0.727862688835728,0.8917167084384298,0.9675179388965205,0.6729307710088408
1724,1.0,0.9996976786091248,0.727862688835728,0.8917167084384298,0.9675179388965205,0.6729307710088408
1725,1.0,0.9996976786091248,0.727862688835728,0.8917167084384298,0.9675179388965205,0.6729307710088408
1726,1.0,0.9996976786091248,0.727862688835728,0.8917167084384298,0.9675179388965205,0.6729307710088408
1727,1.0,0.9996976786091248,0.727862688835728,0.8917167084384298,0.9675179388965205,0.6729307710088408
1728,1.0,0.9996976327997974,0.7278299360205592,0.8916784280970423,0.9675021997785024,0.6728918427598055
1729,1.0,0.9996976327997974,0.7278299360205592,0.8916784280970423,0.9675021997785024,0.6728918427598055
1730,1.0,0.9996976327997974,0.7278299360205592,0.8916784280970423,0.9675021997785024,0.6728918427598055
1731,1.0,0.9996976327997974,0.7278299360205592,0.8916784280970423,0.9675021997785024,0.6728918427598055
1732,1.0,0.9996976327997974,0.7278299360205592,0.8916784280970423,0.9675021997785024,0.6728918427598055
1733,1.0,0.9996976327997974,0.7278299360205592,0.8916784280970423,0.9675021997785024,0.6728918427598055
1734,1.0,0.9996976327997974,0.7278299360205592,0.8916784280970423,0.9675021997785024,0.6728918427598055
1735,1.0,0.9996976327997974,0.7278299360205592,0.8916784280970423,0.9675021997785024,0.6728918427598055
1736,1.0,0.9996976327997974,0.7278299360205592,0.8916784280970423,0.9675021997785024,0.6728918427598055
1737,1.0,0.9996976327997974,0.7278299360205592,0.8916784280970423,0.9675021997785024,0.6728918427598055
1738,1.0,0.9996976327997974,0.7278299360205592,0.8916784280970423,0.9675021997785024,0.6728918427598055
1739,1.0,0.9996976327997974,0.7278299360205592,0.8916784280970423,0.9675021997785024,0.6728918427598055
1740,1.0,0.9996976327997974,0.7278299360205592,0.8916784280970423,0.9675021997785024,0.6728918427598055
1741,1.0,0.9996976327997974,0.7278299360205592,0.8916784280970423,0.9675021997785024,0.6728918427598055
1742,1.0,0.9996976327997974,0.7278299360205592,0.8916784280970423,0.9675021997785024,0.6728918427598055
1743,1.0,0.9996976327997974,0.7278299360205592,0.8916784280970423,0.9675021997785024,0.6728918427598055
1744,1.0,0.9996976327997974,0.7278299360205592,0.8916784280970423,0.9675021997785024,0.6728918427598055
1745,1.0,0.9996976327997974,0.7278299360205592,0.8916784280970423,0.9675021997785024,0.6728918427598055
1746,1.0,0.9996976327997974,0.7278299360205592,0.8916784280970423,0.9675021997785024,0.6728918427598055
1747,1.0,0.9996976327997974,0.7278299360205592,0.8916784280970423,0.9675021997785024,0.6728918427598055
1748,1.0,0.9996976327997974,0.7278299360205592,0.8916784280970423,0.9675021997785024,0.6728918427598055
1749,1.0,0.9996976327997974,0.7278299360205592,0.8916784280970423,0.9675021997785024,0.6728918427598055
1750,1.0,0.9996976327997974,0.7278299360205592,0.8916784280970423,0.9675021997785024,0.6728918427598055
1751,1.0,0.9996976327997974,0.7278299360205592,0.8916784280970423,0.9675021997785024,0.6728918427598055
1752,1.0,0.9996981526896079,0.7282218978091192,0.891955832669037,0.9679386879242475,0.673315517404755
1753,1.0,0.9996981526896079,0.7282218978091192,0.891955832669037,0.9679386879242475,0.673315517404755
1754,1.0,0.9996981526896079,0.7282218978091192,0.891955832669037,0.9679386879242475,0.673315517404755
1755,1.0,0.9996981526896079,0.7282218978091192,0.891955832669037,0.9679386879242475,0.673315517404755
1756,1.0,0.9996981526896079,0.7282218978091192,0.891955832669037,0.9679386879242475,0.673315517404755
1757,1.0,0.9996981526896079,0.7282218978091192,0.891955832669037,0.9679386879242475,0.673315517404755
1758,1.0,0.9996981526896079,0.7282218978091192,0.891955832669037,0.9679386879242475,0.673315517404755
1759,1.0,0.9996981526896079,0.7282218978091192,0.891955832669037,0.9679386879242475,0.673315517404755
1760,1.0,0.9996981526896079,0.7282218978091192,0.891955832669037,0.9679386879242475,0.673315517404755
1761,1.0,0.9996981526896079,0.7282218978091192,0.891955832669037,0.9679386879242475,0.673315517404755
1762,1.0,0.9996981526896079,0.7282218978091192,0.891955832669037,0.9679386879242475,0.673315517404755
1763,1.0,0.9996981526896079,0.7282218978091192,0.891955832669037,0.9679386879242475,0.673315517404755
1764,1.0,0.9996981526896079,0.7282218978091192,0.891955832669037,0.9679386879242475,0.673315517404755
1765,1.0,0.9996981526896079,0.7282218978091192,0.891955832669037,0.9679386879242475,0.673315517404755
1766,1.0,0.9996981526896079,0.7282218978091192,0.891955832669037,0.9679386879242475,0.673315517404755
1767,1.0,0.9996981526896079,0.7282218978091192,0.891955832669037,0.9679386879242475,0.673315517404755
1768,1.0,0.9996981526896079,0.7282218978091192,0.891955832669037,0.9679386879242475,0.673315517404755
1769,1.0,0.9996981526896079,0.7282218978091192,0.891955832669037,0.9679386879242475,0.673315517404755
1770,1.0,0.9996981526896079,0.7282218978091192,0.891955832669037,0.9679386879242475,0.673315517404755
1771,1.0,0.9996981526896079,0.7282218978091192,0.891955832669037,0.9679386879242475,0.673315517404755
1772,1.0,0.9996981526896079,0.7282218978091192,0.891955832669037,0.9679386879242475,0.673315517404755
1773,1.0,0.9996981526896079,0.7282218978091192,0.891955832669037,0.9679386879242475,0.673315517404755
1774,1.0,0.9996981526896079,0.7282218978091192,0.891955832669037,0.9679386879242475,0.673315517404755
1775,1.0,0.9996981526896079,0.7282218978091192,0.891955832669037,0.9679386879242475,0.673315517404755
1776,1.0,0.9996960223904207,0.7267059548524691,0.8908795655181928,0.9662870768524509,0.6716367776375006
1777,1.0,0.9996960223904207,0.7267059548524691,0.8908795655181928,0.9662870768524509,0.6716367776375006
1778,1.0,0.9996960223904207,0.7267059548524691,0.8908795655181928,0.9662870768524509,0.6716367776375006
1779,1.0,0.9996960223904207,0.7267059548524691,0.8908795655181928,0.9662870768524509,0.6716367776375006
1780,1.0,0.9996960223904207,0.7267059548524691,0.8908795655181928,0.9662870768524509,0.6716367776375006
1781,1.0,0.9996960223904207,0.7267059548524691,0.8908795655181928,0.9662870768524509,0.6716367776375006
1782,1.0,0.9996960223904207,0.7267059548524691,0.8908795655181928,0.9662870768524509,0.6716367776375006
1783,1.0,0.9996960223904207,0.7267059548524691,0.8908795655181928,0.9662870768524509,0.6716367776375006
1784,1.0,0.9996960223904207,0.7267059548524691,0.8908795655181928,0.9662870768524509,0.6716367776375006
1785,1.0,0.9996960223904207,0.7267059548524691,0.8908795655181928,0.9662870768524509,0.6716367776375006
1786,1.0,0.9996960223904207,0.7267059548524691,0.8908795655181928,0.9662870768524509,0.6716367776375006
1787,1.0,0.9996960223904207,0.7267059548524691,0.8908795655181928,0.9662870768524509,0.6716367776375006
1788,1.0,0.9996960223904207,0.7267059548524691,0.8908795655181928,0.9662870768524509,0.6716367776375006
1789,1.0,0.9996960223904207,0.7267059548524691,0.8908795655181928,0.9662870768524509,0.6716367776375006
1790,1.0,0.9996960223904207,0.7267059548524691,0.8908795655181928,0.9662870768524509,0.6716367776375006
1791,1.0,0.9996960223904207,0.7267059548524691,0.8908795655181928,0.9662870768524509,0.6716367776375006
1792,1.0,0.9996960223904207,0.7267059548524691,0.8908795655181928,0.9662870768524509,0.6716367776375006
1793,1.0,0.9996960223904207,0.7267059548524691,0.8908795655181928,0.9662870768524509,0.6716367776375006
1794,1.0,0.9996960223904207,0.7267059548524691,0.8908795655181928,0.9662870768524509,0.6716367776375006
1795,1.0,0.9996960223904207,0.7267059548524691,0.8908795655181928,0.9662870768524509,0.6716367776375006
1796,1.0,0.9996960223904207,0.7267059548524691,0.8908795655181928,0.9662870768524509,0.6716367776375006
1797,1.0,0.9996960223904207,0.7267059548524691,0.8908795655181928,0.9662870768524509,0.6716367776375006
1798,1.0,0.9996960223904207,0.7267059548524691,0.8908795655181928,0.9662870768524509,0.6716367776375006
1799,1.0,0.9996960223904207,0.7267059548524691,0.8908795655181928,0.9662870768524509,0.6716367776375006
1800,1.0,0.9996919943158566,0.7237957823262519,0.8887737234686321,0.9635033356422458,0.6683624288597403
1801,1.0,0.9996919943158566,0.7237957823262519,0.8887737234686321,0.9635033356422458,0.6683624288597403
1802,1.0,0.9996919943158566,0.7237957823262519,0.8887737234686321,0.9635033356422458,0.6683624288597403
1803,1.0,0.9996919943158566,0.7237957823262519,0.8887737234686321,0.9635033356422458,0.6683624288597403
1804,1.0,0.9996919943158566,0.7237957823262519,0.8887737234686321,0.9635033356422458,0.6683624288597403
1805,1.0,0.9996919943158566,0.7237957823262519,0.8887737234686321,0.9635033356422458,0.6683624288597403
1806,1.0,0.9996919943158566,0.7237957823262519,0.8887737234686321,0.9635033356422458,0.6683624288597403
1807,1.0,0.9996919943158566,0.7237957823262519,0.8887737234686321,0.9635033356422458,0.6683624288597403
1808,1.0,0.9996919943158566,0.7237957823262519,0.8887737234686321,0.9635033356422458,0.6683624288597403
1809,1.0,0.9996919943158566,0.7237957823262519,0.8887737234686321,0.9635033356422458,0.6683624288597403
1810,1.0,0.9996919943158566,0.7237957823262519,0.8887737234686321,0.9635033356422458,0.6683624288597403
1811,1.0,0.9996919943158566,0.7237957823262519,0.8887737234686321,0.9635033356422458,0.6683624288597403
1812,1.0,0.9996919943158566,0.7237957823262519,0.8887737234686321,0.9635033356422458,0.6683624288597403
1813,1.0,0.9996919943158566,0.7237957823262519,0.8887737234686321,0.9635033356422458,0.6683624288597403
1814,1.0,0.9996919943158566,0.7237957823262519,0.8887737234686321,0.9635033356422458,0.6683624288597403
1815,1.0,0.9996919943158566,0.7237957823262519,0.8887737234686321,0.9635033356422458,0.6683624288597403
1816,1.0,0.9996919943158566,0.7237957823262519,0.8887737234686321,0.9635033356422458,0.6683624288597403
1817,1.0,0.9996919943158566,0.7237957823262519,0.8887737234686321,0.9635033356422458,0.6683624288597403
1818,1.0,0.9996919943158566,0.7237957823262519,0.8887737234686321,0.9635033356422458,0.6683624288597403
1819,1.0,0.9996919943158566,0.7237957823262519,0.8887737234686321,0.9635033356422458,0.6683624288597403
1820,1.0,0.9996919943158566,0.7237957823262519,0.8887737234686321,0.9635033356422458,0.6683624288597403
1821,1.0,0.9996919943158566,0.7237957823262519,0.8887737234686321,0.9635033356422458,0.6683624288597403
1822,1.0,0.9996919943158566,0.7237957823262519,0.8887737234686321,0.9635033356422458,0.6683624288597403
1823,1.0,0.9996919943158566,0.7237957823262519,0.8887737234686321,0.9635033356422458,0.6683624288597403
1824,1.0,0.9996934025603625,0.7248489574836426,0.889514401215532,0.964490293773184,0.6695792945756941
1825,1.0,0.9996934025603625,0.7248489574836426,0.889514401215532,0.964490293773184,0.6695792945756941
1826,1.0,0.9996934025603625,0.7248489574836426,0.889514401215532,0.964490293773184,0.6695792945756941
1827,1.0,0.9996934025603625,0.7248489574836426,0.889514401215532,0.964490293773184,0.6695792945756941
1828,1.0,0.9996934025603625,0.7248489574836426,0.889514401215532,0.964490293773184,0.6695792945756941
1829,1.0,0.9996934025603625,0.7248489574836426,0.889514401215532,0.964490293773184,0.6695792945756941
1830,1.0,0.9996934025603625,0.7248489574836426,0.889514401215532,0.964490293773184,0.6695792945756941
1831,1.0,0.9996934025603625,0.7248489574836426,0.889514401215532,0.964490293773184,0.6695792945756941
1832,1.0,0.9996934025603625,0.7248489574836426,0.889514401215532,0.964490293773184,0.6695792945756941
1833,1.0,0.9996934025603625,0.7248489574836426,0.889514401215532,0.964490293773184,0.6695792945756941
1834,1.0,0.9996934025603625,0.7248489574836426,0.889514401215532,0.964490293773184,0.6695792945756941
1835,1.0,0.9996934025603625,0.7248489574836426,0.889514401215532,0.964490293773184,0.6695792945756941
1836,1.0,0.9996934025603625,0.7248489574836426,0.889514401215532,0.964490293773184,0.6695792945756941
1837,1.0,0.9996934025603625,0.7248489574836426,0.889514401215532,0.964490293773184,0.6695792945756941
1838,1.0,0.9996934025603625,0.7248489574836426,0.889514401215532,0.964490293773184,0.6695792945756941
1839,1.0,0.9996934025603625,0.7248489574836426,0.889514401215532,0.964490293773184,0.6695792945756941
1840,1.0,0.9996934025603625,0.7248489574836426,0.889514401215532,0.964490293773184,0.6695792945756941
1841,1.0,0.9996934025603625,0.7248489574836426,0.889514401215532,0.964490293773184,0.6695792945756941
1842,1.0,0.9996934025603625,0.7248489574836426,0.889514401215532,0.964490293773184,0.6695792945756941
1843,1.0,0.9996934025603625,0.7248489574836426,0.889514401215532,0.964490293773184,0.6695792945756941
1844,1.0,0.9996934025603625,0.7248489574836426,0.889514401215532,0.964490293773184,0.6695792945756941
1845,1.0,0.9996934025603625,0.7248489574836426,0.889514401215532,0.964490293773184,0.6695792945756941
1846,1.0,0.9996934025603625,0.7248489574836426,0.889514401215532,0.964490293773184,0.6695792945756941
1847,1.0,0.9996934025603625,0.7248489574836426,0.889514401215532,0.964490293773184,0.6695792945756941
1848,1.0,0.9996968161095774,0.7273418271584228,0.8913761490526508,0.9668268983588332,0.6724165160039863
1849,1.0,0.9996968161095774,0.7273418271584228,0.8913761490526508,0.9668268983588332,0.6724165160039863
1850,1.0,0.9996968161095774,0.7273418271584228,0.8913761490526508,0.9668268983588332,0.6724165160039863
1851,1.0,0.9996968161095774,0.7273418271584228,0.8913761490526508,0.9668268983588332,0.6724165160039863
1852,1.0,0.9996968161095774,0.7273418271584228,0.8913761490526508,0.9668268983588332,0.6724165160039863
1853,1.0,0.9996968161095774,0.7273418271584228,0.8913761490526508,0.9668268983588332,0.6724165160039863
1854,1.0,0.9996968161095774,0.7273418271584228,0.8913761490526508,0.9668268983588332,0.6724165160039863
1855,1.0,0.9996968161095774,0.7273418271584228,0.8913761490526508,0.9668268983588332,0.6724165160039863
1856,1.0,0.9996968161095774,0.7273418271584228,0.8913761490526508,0.9668268983588332,0.6724165160039863
1857,1.0,0.9996968161095774,0.7273418271584228,0.8913761490526508,0.9668268983588332,0.6724165160039863
1858,1.0,0.9996968161095774,0.7273418271584228,0.8913761490526508,0.9668268983588332,0.6724165160039863
1859,1.0,0.9996968161095774,0.7273418271584228,0.8913761490526508,0.9668268983588332,0.6724165160039863
1860,1.0,0.9996968161095774,0.7273418271584228,0.8913761490526508,0.9668268983588332,0.6724165160039863
1861,1.0,0.9996968161095774,0.7273418271584228,0.8913761490526508,0.9668268983588332,0.6724165160039863
1862,1.0,0.9996968161095774,0.7273418271584228,0.8913761490526508,0.9668268983588332,0.6724165160039863
1863,1.0,0.9996968161095774,0.7273418271584228,0.8913761490526508,0.9668268983588332,0.6724165160039863
1864,1.0,0.9996968161095774,0.7273418271584228,0.8913761490526508,0.9668268983588332,0.6724165160039863
1865,1.0,0.9996968161095774,0.7273418271584228,0.8913761490526508,0.9668268983588332,0.6724165160039863
1866,1.0,0.9996968161095774,0.7273418271584228,0.8913761490526508,0.9668268983588332,0.6724165160039863
1867,1.0,0.9996968161095774,0.7273418271584228,0.8913761490526508,0.9668268983588332,0.6724165160039863
1868,1.0,0.9996968161095774,0.7273418271584228,0.8913761490526508,0.9668268983588332,0.6724165160039863
1869,1.0,0.9996968161095774,0.7273418271584228,0.8913761490526508,0.9668268983588332,0.6724165160039863
1870,1.0,0.9996968161095774,0.7273418271584228,0.8913761490526508,0.9668268983588332,0.6724165160039863
1871,1.0,0.9996968161095774,0.7273418271584228,0.8913761490526508,0.9668268983588332,0.6724165160039863
1872,1.0,0.9996985476671458,0.7286040497240723,0.8922896033460325,0.9681165997801117,0.6738681295443478
1873,1.0,0.9996985476671458,0.7286040497240723,0.8922896033460325,0.9681165997801117,0.6738681295443478
1874,1.0,0.9996985476671458,0.7286040497240723,0.8922896033460325,0.9681165997801117,0.6738681295443478
1875,1.0,0.9996985476671458,0.7286040497240723,0.8922896033460325,0.9681165997801117,0.6738681295443478
1876,1.0,0.9996985476671458,0.7286040497240723,0.8922896033460325,0.9681165997801117,0.6738681295443478
1877,1.0,0.9996985476671458,0.7286040497240723,0.8922896033460325,0.9681165997801117,0.6738681295443478
1878,1.0,0.9996985476671458,0.7286040497240723,0.8922896033460325,0.9681165997801117,0.6738681295443478
1879,1.0,0.9996985476671458,0.7286040497240723,0.8922896033460325,0.9681165997801117,0.6738681295443478
1880,1.0,0.9996985476671458,0.7286040497240723,0.8922896033460325,0.9681165997801117,0.6738681295443478
1881,1.0,0.9996985476671458,0.7286040497240723,0.8922896033460325,0.9681165997801117,0.6738681295443478
1882,1.0,0.9996985476671458,0.7286040497240723,0.8922896033460325,0.9681165997801117,0.6738681295443478
1883,1.0,0.9996985476671458,0.7286040497240723,0.8922896033460325,0.9681165997801117,0.6738681295443478
1884,1.0,0.9996985476671458,0.7286040497240723,0.8922896033460325,0.9681165997801117,0.6738681295443478
1885,1.0,0.9996985476671458,0.7286040497240723,0.8922896033460325,0.9681165997801117,0.6738681295443478
1886,1.0,0.9996985476671458,0.7286040497240723,0.8922896033460325,0.9681165997801117,0.6738681295443478
1887,1.0,0.9996985476671458,0.7286040497240723,0.8922896033460325,0.9681165997801117,0.6738681295443478
1888,1.0,0.9996985476671458,0.7286040497240723,0.8922896033460325,0.9681165997801117,0.6738681295443478
1889,1.0,0.9996985476671458,0.7286040497240723,0.8922896033460325,0.9681165997801117,0.6738681295443478
1890,1.0,0.9996985476671458,0.7286040497240723,0.8922896033460325,0.9681165997801117,0.6738681295443478
1891,1.0,0.9996985476671458,0.7286040497240723,0.8922896033460325,0.9681165997801117,0.6738681295443478
1892,1.0,0.9996985476671458,0.7286040497240723,0.8922896033460325,0.9681165997801117,0.6738681295443478
1893,1.0,0.9996985476671458,0.7286040497240723,0.8922896033460325,0.9681165997801117,0.6738681295443478
1894,1.0,0.9996985476671458,0.7286040497240723,0.8922896033460325,0.9681165997801117,0.6738681295443478
1895,1.0,0.9996985476671458,0.7286040497240723,0.8922896033460325,0.9681165997801117,0.6738681295443478
1896,1.0,0.9997030819331393,0.7330701185082332,0.8929692082136702,0.9698702223975212,0.6748085146118079
1897,1.0,0.9997030819331393,0.7330701185082332,0.8929692082136702,0.9698702223975212,0.6748085146118079
1898,1.0,0.9997030819331393,0.7330701185082332,0.8929692082136702,0.9698702223975212,0.6748085146118079
1899,1.0,0.9997030819331393,0.7330701185082332,0.8929692082136702,0.9698702223975212,0.6748085146118079
1900,1.0,0.9997030819331393,0.7330701185082332,0.8929692082136702,0.9698702223975212,0.6748085146118079
1901,1.0,0.9997030819331393,0.7330701185082332,0.8929692082136702,0.9698702223975212,0.6748085146118079
1902,1.0,0.9997030819331393,0.7330701185082332,0.8929692082136702,0.9698702223975212,0.6748085146118079
1903,1.0,0.9997030819331393,0.7330701185082332,0.8929692082136702,0.9698702223975212,0.6748085146118079
1904,1.0,0.9997030819331393,0.7330701185082332,0.8929692082136702,0.9698702223975212,0.6748085146118079
1905,1.0,0.9997030819331393,0.7330701185082332,0.8929692082136702,0.9698702223975212,0.6748085146118079
1906,1.0,0.9997030819331393,0.7330701185082332,0.8929692082136702,0.9698702223975212,0.6748085146118079
1907,1.0,0.9997030819331393,0.7330701185082332,0.8929692082136702,0.9698702223975212,0.6748085146118079
1908,1.0,0.9997030819331393,0.7330701185082332,0.8929692082136702,0.9698702223975212,0.6748085146118079
1909,1.0,0.9997030819331393,0.7330701185082332,0.8929692082136702,0.9698702223975212,0.6748085146118079
1910,1.0,0.9997030819331393,0.7330701185082332,0.8929692082136702,0.9698702223975212,0.6748085146118079
1911,1.0,0.9997030819331393,0.7330701185082332,0.8929692082136702,0.9698702223975212,0.6748085146118079
1912,1.0,0.9997030819331393,0.7330701185082332,0.8929692082136702,0.9698702223975212,0.6748085146118079
1913,1.0,0.9997030819331393,0.7330701185082332,0.8929692082136702,0.9698702223975212,0.6748085146118079
1914,1.0,0.9997030819331393,0.7330701185082332,0.8929692082136702,0.9698702223975212,0.6748085146118079
1915,1.0,0.9997030819331393,0.7330701185082332,0.8929692082136702,0.9698702223975212,0.6748085146118079
1916,1.0,0.9997030819331393,0.7330701185082332,0.8929692082136702,0.9698702223975212,0.6748085146118079
1917,1.0,0.9997030819331393,0.7330701185082332,0.8929692082136702,0.9698702223975212,0.6748085146118079
1918,1.0,0.9997030819331393,0.7330701185082332,0.8929692082136702,0.9698702223975212,0.6748085146118079
1919,1.0,0.9997030819331393,0.7330701185082332,0.8929692082136702,0.9698702223975212,0.6748085146118079
1920,1.0,0.9997026068232451,0.7332703085817872,0.8915177216963724,0.9678652464800456,0.6724206198921227
1921,1.0,0.9997026068232451,0.7332703085817872,0.8915177216963724,0.9678652464800456,0.6724206198921227
1922,1.0,0.9997026068232451,0.7332703085817872,0.8915177216963724,0.9678652464800456,0.6724206198921227
1923,1.0,0.9997026068232451,0.7332703085817872,0.8915177216963724,0.9678652464800456,0.6724206198921227
1924,1.0,0.9997026068232451,0.7332703085817872,0.8915177216963724,0.9678652464800456,0.6724206198921227
1925,1.0,0.9997026068232451,0.7332703085817872,0.8915177216963724,0.9678652464800456,0.6724206198921227
1926,1.0,0.9997026068232451,0.7332703085817872,0.8915177216963724,0.9678652464800456,0.6724206198921227
1927,1.0,0.9997026068232451,0.7332703085817872,0.8915177216963724,0.9678652464800456,0.6724206198921227
1928,1.0,0.9997026068232451,0.7332703085817872,0.8915177216963724,0.9678652464800456,0.6724206198921227
1929,1.0,0.9997026068232451,0.7332703085817872,0.8915177216963724,0.9678652464800456,0.6724206198921227
1930,1.0,0.9997026068232451,0.7332703085817872,0.8915177216963724,0.9678652464800456,0.6724206198921227
1931,1.0,0.9997026068232451,0.7332703085817872,0.8915177216963724,0.9678652464800456,0.6724206198921227
1932,1.0,0.9997026068232451,0.7332703085817872,0.8915177216963724,0.9678652464800456,0.6724206198921227
1933,1.0,0.9997026068232451,0.7332703085817872,0.8915177216963724,0.9678652464800456,0.6724206198921227
1934,1.0,0.9997026068232451,0.7332703085817872,0.8915177216963724,0.9678652464800456,0.6724206198921227
1935,1.0,0.9997026068232451,0.7332703085817872,0.8915177216963724,0.9678652464800456,0.6724206198921227
1936,1.0,0.9997026068232451,0.7332703085817872,0.8915177216963724,0.9678652464800456,0.6724206198921227
1937,1.0,0.9997026068232451,0.7332703085817872,0.8915177216963724,0.9678652464800456,0.6724206198921227
1938,1.0,0.9997026068232451,0.7332703085817872,0.8915177216963724,0.9678652464800456,0.6724206198921227
1939,1.0,0.9997026068232451,0.7332703085817872,0.8915177216963724,0.9678652464800456,0.6724206198921227
1940,1.0,0.9997026068232451,0.7332703085817872,0.8915177216963724,0.9678652464800456,0.6724206198921227
1941,1.0,0.9997026068232451,0.7332703085817872,0.8915177216963724,0.9678652464800456,0.6724206198921227
1942,1.0,0.9997026068232451,0.7332703085817872,0.8915177216963724,0.9678652464800456,0.6724206198921227
1943,1.0,0.9997026068232451,0.7332703085817872,0.8915177216963724,0.9678652464800456,0.6724206198921227
1944,1.0,0.9997030902988477,0.7344932542026618,0.8903589498229305,0.96671530745224,0.6704889472013242
1945,1.0,0.9997030902988477,0.7344932542026618,0.8903589498229305,0.96671530745224,0.6704889472013242
1946,1.0,0.9997030902988477,0.7344932542026618,0.8903589498229305,0.96671530745224,0.6704889472013242
1947,1.0,0.9997030902988477,0.7344932542026618,0.8903589498229305,0.96671530745224,0.6704889472013242
1948,1.0,0.9997030902988477,0.7344932542026618,0.8903589498229305,0.96671530745224,0.6704889472013242
1949,1.0,0.9997030902988477,0.7344932542026618,0.8903589498229305,0.96671530745224,0.6704889472013242
1950,1.0,0.9997030902988477,0.7344932542026618,0.8903589498229305,0.96671530745224,0.6704889472013242
1951,1.0,0.9997030902988477,0.7344932542026618,0.8903589498229305,0.96671530745224,0.6704889472013242
1952,1.0,0.9997030902988477,0.7344932542026618,0.8903589498229305,0.96671530745224,0.6704889472013242
1953,1.0,0.9997030902988477,0.7344932542026618,0.8903589498229305,0.96671530745224,0.6704889472013242
1954,1.0,0.9997030902988477,0.7344932542026618,0.8903589498229305,0.96671530745224,0.6704889472013242
1955,1.0,0.9997030902988477,0.7344932542026618,0.8903589498229305,0.96671530745224,0.6704889472013242
1956,1.0,0.9997030902988477,0.7344932542026618,0.8903589498229305,0.96671530745224,0.6704889472013242
1957,1.0,0.9997030902988477,0.7344932542026618,0.8903589498229305,0.96671530745224,0.6704889472013242
1958,1.0,0.9997030902988477,0.7344932542026618,0.8903589498229305,0.96671530745224,0.6704889472013242
1959,1.0,0.9997030902988477,0.7344932542026618,0.8903589498229305,0.96671530745224,0.6704889472013242
1960,1.0,0.9997030902988477,0.7344932542026618,0.8903589498229305,0.96671530745224,0.6704889472013242
1961,1.0,0.9997030902988477,0.7344932542026618,0.8903589498229305,0.96671530745224,0.6704889472013242
1962,1.0,0.9997030902988477,0.7344932542026618,0.8903589498229305,0.96671530745224,0.6704889472013242
1963,1.0,0.9997030902988477,0.7344932542026618,0.8903589498229305,0.96671530745224,0.6704889472013242
1964,1.0,0.9997030902988477,0.7344932542026618,0.8903589498229305,0.96671530745224,0.6704889472013242
1965,1.0,0.9997030902988477,0.7344932542026618,0.8903589498229305,0.96671530745224,0.6704889472013242
1966,1.0,0.9997030902988477,0.7344932542026618,0.8903589498229305,0.96671530745224,0.6704889472013242
1967,1.0,0.9997030902988477,0.7344932542026618,0.8903589498229305,0.96671530745224,0.6704889472013242
1968,1.0,0.9997020941374571,0.7345833445842312,0.8884407717026869,0.9644848276919263,0.6672861576241976
1969,1.0,0.9997020941374571,0.7345833445842312,0.8884407717026869,0.9644848276919263,0.6672861576241976
1970,1.0,0.9997020941374571,0.7345833445842312,0.8884407717026869,0.9644848276919263,0.6672861576241976
1971,1.0,0.9997020941374571,0.7345833445842312,0.8884407717026869,0.9644848276919263,0.6672861576241976
1972,1.0,0.9997020941374571,0.7345833445842312,0.8884407717026869,0.9644848276919263,0.6672861576241976
1973,1.0,0.9997020941374571,0.7345833445842312,0.8884407717026869,0.9644848276919263,0.6672861576241976
1974,1.0,0.9997020941374571,0.7345833445842312,0.8884407717026869,0.9644848276919263,0.6672861576241976
1975,1.0,0.9997020941374571,0.7345833445842312,0.8884407717026869,0.9644848276919263,0.6672861576241976
1976,1.0,0.9997020941374571,0.7345833445842312,0.8884407717026869,0.9644848276919263,0.6672861576241976
1977,1.0,0.9997020941374571,0.7345833445842312,0.8884407717026869,0.9644848276919263,0.6672861576241976
1978,1.0,0.9997020941374571,0.7345833445842312,0.8884407717026869,0.9644848276919263,0.6672861576241976
1979,1.0,0.9997020941374571,0.7345833445842312,0.8884407717026869,0.9644848276919263,0.6672861576241976
1980,1.0,0.9997020941374571,0.7345833445842312,0.8884407717026869,0.9644848276919263,0.6672861576241976
1981,1.0,0.9997020941374571,0.7345833445842312,0.8884407717026869,0.9644848276919263,0.6672861576241976
1982,1.0,0.9997020941374571,0.7345833445842312,0.8884407717026869,0.9644848276919263,0.6672861576241976
1983,1.0,0.9997020941374571,0.7345833445842312,0.8884407717026869,0.9644848276919263,0.6672861576241976
1984,1.0,0.9997020941374571,0.7345833445842312,0.8884407717026869,0.9644848276919263,0.6672861576241976
1985,1.0,0.9997020941374571,0.7345833445842312,0.8884407717026869,0.9644848276919263,0.6672861576241976
1986,1.0,0.9997020941374571,0.7345833445842312,0.8884407717026869,0.9644848276919263,0.6672861576241976
1987,1.0,0.9997020941374571,0.7345833445842312,0.8884407717026869,0.9644848276919263,0.6672861576241976
1988,1.0,0.9997020941374571,0.7345833445842312,0.8884407717026869,0.9644848276919263,0.6672861576241976
1989,1.0,0.9997020941374571,0.7345833445842312,0.8884407717026869,0.9644848276919263,0.6672861576241976
1990,1.0,0.9997020941374571,0.7345833445842312,0.8884407717026869,0.9644848276919263,0.6672861576241976
1991,1.0,0.9997020941374571,0.7345833445842312,0.8884407717026869,0.9644848276919263,0.6672861576241976
1992,1.0,0.9996983607775666,0.7325920785632657,0.8851890675452155,0.9603829438540443,0.6620085917572197
1993,1.0,0.9996983607775666,0.7325920785632657,0.8851890675452155,0.9603829438540443,0.6620085917572197
1994,1.0,0.9996983607775666,0.7325920785632657,0.8851890675452155,0.9603829438540443,0.6620085917572197
1995,1.0,0.9996983607775666,0.7325920785632657,0.8851890675452155,0.9603829438540443,0.6620085917572197
1996,1.0,0.9996983607775666,0.7325920785632657,0.8851890675452155,0.9603829438540443,0.6620085917572197
1997,1.0,0.9996983607775666,0.7325920785632657,0.8851890675452155,0.9603829438540443,0.6620085917572197
1998,1.0,0.9996983607775666,0.7325920785632657,0.8851890675452155,0.9603829438540443,0.6620085917572197
1999,1.0,0.9996983607775666,0.7325920785632657,0.8851890675452155,0.9603829438540443,0.6620085917572197
2000,1.0,0.9996983607775666,0.7325920785632657,0.8851890675452155,0.9603829438540443,0.6620085917572197
2001,1.0,0.9996983607775666,0.7325920785632657,0.8851890675452155,0.9603829438540443,0.6620085917572197
2002,1.0,0.9996983607775666,0.7325920785632657,0.8851890675452155,0.9603829438540443,0.6620085917572197
2003,1.0,0.9996983607775666,0.7325920785632657,0.8851890675452155,0.9603829438540443,0.6620085917572197
2004,1.0,0.9996983607775666,0.7325920785632657,0.8851890675452155,0.9603829438540443,0.6620085917572197
2005,1.0,0.9996983607775666,0.7325920785632657,0.8851890675452155,0.9603829438540443,0.6620085917572197
2006,1.0,0.9996983607775666,0.7325920785632657,0.8851890675452155,0.9603829438540443,0.6620085917572197
2007,1.0,0.9996983607775666,0.7325920785632657,0.8851890675452155,0.9603829438540443,0.6620085917572197
2008,1.0,0.9996983607775666,0.7325920785632657,0.8851890675452155,0.9603829438540443,0.6620085917572197
2009,1.0,0.9996983607775666,0.7325920785632657,0.8851890675452155,0.9603829438540443,0.6620085917572197
2010,1.0,0.9996983607775666,0.7325920785632657,0.8851890675452155,0.9603829438540443,0.6620085917572197
2011,1.0,0.9996983607775666,0.7325920785632657,0.8851890675452155,0.9603829438540443,0.6620085917572197
2012,1.0,0.9996983607775666,0.7325920785632657,0.8851890675452155,0.9603829438540443,0.6620085917572197
2013,1.0,0.9996983607775666,0.7325920785632657,0.8851890675452155,0.9603829438540443,0.6620085917572197
2014,1.0,0.9996983607775666,0.7325920785632657,0.8851890675452155,0.9603829438540443,0.6620085917572197
2015,1.0,0.9996983607775666,0.7325920785632657,0.8851890675452155,0.9603829438540443,0.6620085917572197
2016,1.0,0.9996896566143364,0.7261862440377799,0.8800145203091466,0.9519086510183762,0.653796478901871
2017,1.0,0.9996896566143364,0.7261862440377799,0.8800145203091466,0.9519086510183762,0.653796478901871
2018,1.0,0.9996896566143364,0.7261862440377799,0.8800145203091466,0.9519086510183762,0.653796478901871
2019,1.0,0.9996896566143364,0.7261862440377799,0.8800145203091466,0.9519086510183762,0.653796478901871
2020,1.0,0.9996896566143364,0.7261862440377799,0.8800145203091466,0.9519086510183762,0.653796478901871
2021,1.0,0.9996896566143364,0.7261862440377799,0.8800145203091466,0.9519086510183762,0.653796478901871
2022,1.0,0.9996896566143364,0.7261862440377799,0.8800145203091466,0.9519086510183762,0.653796478901871
2023,1.0,0.9996896566143364,0.7261862440377799,0.8800145203091466,0.9519086510183762,0.653796478901871
2024,1.0,0.9996896566143364,0.7261862440377799,0.8800145203091466,0.9519086510183762,0.653796478901871
2025,1.0,0.9996896566143364,0.7261862440377799,0.8800145203091466,0.9519086510183762,0.653796478901871
2026,1.0,0.9996896566143364,0.7261862440377799,0.8800145203091466,0.9519086510183762,0.653796478901871
2027,1.0,0.9996896566143364,0.7261862440377799,0.8800145203091466,0.9519086510183762,0.653796478901871
2028,1.0,0.9996896566143364,0.7261862440377799,0.8800145203091466,0.9519086510183762,0.653796478901871
2029,1.0,0.9996896566143364,0.7261862440377799,0.8800145203091466,0.9519086510183762,0.653796478901871
2030,1.0,0.9996896566143364,0.7261862440377799,0.8800145203091466,0.9519086510183762,0.653796478901871
2031,1.0,0.9996896566143364,0.7261862440377799,0.8800145203091466,0.9519086510183762,0.653796478901871
2032,1.0,0.9996896566143364,0.7261862440377799,0.8800145203091466,0.9519086510183762,0.653796478901871
2033,1.0,0.9996896566143364,0.7261862440377799,0.8800145203091466,0.9519086510183762,0.653796478901871
2034,1.0,0.9996896566143364,0.7261862440377799,0.8800145203091466,0.9519086510183762,0.653796478901871
2035,1.0,0.9996896566143364,0.7261862440377799,0.8800145203091466,0.9519086510183762,0.653796478901871
2036,1.0,0.9996896566143364,0.7261862440377799,0.8800145203091466,0.9519086510183762,0.653796478901871
2037,1.0,0.9996896566143364,0.7261862440377799,0.8800145203091466,0.9519086510183762,0.653796478901871
2038,1.0,0.9996896566143364,0.7261862440377799,0.8800145203091466,0.9519086510183762,0.653796478901871
2039,1.0,0.9996896566143364,0.7261862440377799,0.8800145203091466,0.9519086510183762,0.653796478901871
2040,1.0,0.9996864751491062,0.724601125581179,0.877053175738783,0.9481863214849912,0.6489914747536224
2041,1.0,0.9996864751491062,0.724601125581179,0.877053175738783,0.9481863214849912,0.6489914747536224
2042,1.0,0.9996864751491062,0.724601125581179,0.877053175738783,0.9481863214849912,0.6489914747536224
2043,1.0,0.9996864751491062,0.724601125581179,0.877053175738783,0.9481863214849912,0.6489914747536224
2044,1.0,0.9996864751491062,0.724601125581179,0.877053175738783,0.9481863214849912,0.6489914747536224
2045,1.0,0.9996864751491062,0.724601125581179,0.877053175738783,0.9481863214849912,0.6489914747536224
2046,1.0,0.9996864751491062,0.724601125581179,0.877053175738783,0.9481863214849912,0.6489914747536224
2047,1.0,0.9996864751491062,0.724601125581179,0.877053175738783,0.9481863214849912,0.6489914747536224
2048,1.0,0.9996864751491062,0.724601125581179,0.877053175738783,0.9481863214849912,0.6489914747536224
2049,1.0,0.9996864751491062,0.724601125581179,0.877053175738783,0.9481863214849912,0.6489914747536224
2050,1.0,0.9996864751491062,0.724601125581179,0.877053175738783,0.9481863214849912,0.6489914747536224
2051,1.0,0.9996864751491062,0.724601125581179,0.877053175738783,0.9481863214849912,0.6489914747536224
2052,1.0,0.9996864751491062,0.724601125581179,0.877053175738783,0.9481863214849912,0.6489914747536224
2053,1.0,0.9996864751491062,0.724601125581179,0.877053175738783,0.9481863214849912,0.6489914747536224
2054,1.0,0.9996864751491062,0.724601125581179,0.877053175738783,0.9481863214849912,0.6489914747536224
2055,1.0,0.9996864751491062,0.724601125581179,0.877053175738783,0.9481863214849912,0.6489914747536224
2056,1.0,0.9996864751491062,0.724601125581179,0.877053175738783,0.9481863214849912,0.6489914747536224
2057,1.0,0.9996864751491062,0.724601125581179,0.877053175738783,0.9481863214849912,0.6489914747536224
2058,1.0,0.9996864751491062,0.724601125581179,0.877053175738783,0.9481863214849912,0.6489914747536224
2059,1.0,0.9996864751491062,0.724601125581179,0.877053175738783,0.9481863214849912,0.6489914747536224
2060,1.0,0.9996864751491062,0.724601125581179,0.877053175738783,0.9481863214849912,0.6489914747536224
2061,1.0,0.9996864751491062,0.724601125581179,0.877053175738783,0.9481863214849912,0.6489914747536224
2062,1.0,0.9996864751491062,0.724601125581179,0.877053175738783,0.9481863214849912,0.6489914747536224
2063,1.0,0.9996864751491062,0.724601125581179,0.877053175738783,0.9481863214849912,0.6489914747536224
2064,1.0,0.9996834381986818,0.7229911978828514,0.8742597996193499,0.944340717788377,0.6444697353935985
2065,1.0,0.9996834381986818,0.7229911978828514,0.8742597996193499,0.944340717788377,0.6444697353935985
2066,1.0,0.9996834381986818,0.7229911978828514,0.8742597996193499,0.944340717788377,0.6444697353935985
2067,1.0,0.9996834381986818,0.7229911978828514,0.8742597996193499,0.944340717788377,0.6444697353935985
2068,1.0,0.9996834381986818,0.7229911978828514,0.8742597996193499,0.944340717788377,0.6444697353935985
2069,1.0,0.9996834381986818,0.7229911978828514,0.8742597996193499,0.944340717788377,0.6444697353935985
2070,1.0,0.9996834381986818,0.7229911978828514,0.8742597996193499,0.944340717788377,0.6444697353935985
2071,1.0,0.9996834381986818,0.7229911978828514,0.8742597996193499,0.944340717788377,0.6444697353935985
2072,1.0,0.9996834381986818,0.7229911978828514,0.8742597996193499,0.944340717788377,0.6444697353935985
2073,1.0,0.9996834381986818,0.7229911978828514,0.8742597996193499,0.944340717788377,0.6444697353935985
2074,1.0,0.9996834381986818,0.7229911978828514,0.8742597996193499,0.944340717788377,0.6444697353935985
2075,1.0,0.9996834381986818,0.7229911978828514,0.8742597996193499,0.944340717788377,0.6444697353935985
2076,1.0,0.9996834381986818,0.7229911978828514,0.8742597996193499,0.944340717788377,0.6444697353935985
2077,1.0,0.9996834381986818,0.7229911978828514,0.8742597996193499,0.944340717788377,0.6444697353935985
2078,1.0,0.9996834381986818,0.7229911978828514,0.8742597996193499,0.944340717788377,0.6444697353935985
2079,1.0,0.9996834381986818,0.7229911978828514,0.8742597996193499,0.944340717788377,0.6444697353935985
2080,1.0,0.9996834381986818,0.7229911978828514,0.8742597996193499,0.944340717788377,0.6444697353935985
2081,1.0,0.9996834381986818,0.7229911978828514,0.8742597996193499,0.944340717788377,0.6444697353935985
2082,1.0,0.9996834381986818,0.7229911978828514,0.8742597996193499,0.944340717788377,0.6444697353935985
2083,1.0,0.9996834381986818,0.7229911978828514,0.8742597996193499,0.944340717788377,0.6444697353935985
2084,1.0,0.9996834381986818,0.7229911978828514,0.8742597996193499,0.944340717788377,0.6444697353935985
2085,1.0,0.9996834381986818,0.7229911978828514,0.8742597996193499,0.944340717788377,0.6444697353935985
2086,1.0,0.9996834381986818,0.7229911978828514,0.8742597996193499,0.944340717788377,0.6444697353935985
2087,1.0,0.9996834381986818,0.7229911978828514,0.8742597996193499,0.944340717788377,0.6444697353935985
2088,1.0,0.9996804595027152,0.7213626513048405,0.871579055653659,0.9404396519181564,0.6401867336883603
2089,1.0,0.9996804595027152,0.7213626513048405,0.871579055653659,0.9404396519181564,0.6401867336883603
2090,1.0,0.9996804595027152,0.7213626513048405,0.871579055653659,0.9404396519181564,0.6401867336883603
2091,1.0,0.9996804595027152,0.7213626513048405,0.871579055653659,0.9404396519181564,0.6401867336883603
2092,1.0,0.9996804595027152,0.7213626513048405,0.871579055653659,0.9404396519181564,0.6401867336883603
2093,1.0,0.9996804595027152,0.7213626513048405,0.871579055653659,0.9404396519181564,0.6401867336883603
2094,1.0,0.9996804595027152,0.7213626513048405,0.871579055653659,0.9404396519181564,0.6401867336883603
2095,1.0,0.9996804595027152,0.7213626513048405,0.871579055653659,0.9404396519181564,0.6401867336883603
2096,1.0,0.9996804595027152,0.7213626513048405,0.871579055653659,0.9404396519181564,0.6401867336883603
2097,1.0,0.9996804595027152,0.7213626513048405,0.871579055653659,0.9404396519181564,0.6401867336883603
2098,1.0,0.9996804595027152,0.7213626513048405,0.871579055653659,0.9404396519181564,0.6401867336883603
2099,1.0,0.9996804595027152,0.7213626513048405,0.871579055653659,0.9404396519181564,0.6401867336883603
2100,1.0,0.9996804595027152,0.7213626513048405,0.871579055653659,0.9404396519181564,0.6401867336883603
2101,1.0,0.9996804595027152,0.7213626513048405,0.871579055653659,0.9404396519181564,0.6401867336883603
2102,1.0,0.9996804595027152,0.7213626513048405,0.871579055653659,0.9404396519181564,0.6401867336883603
2103,1.0,0.9996804595027152,0.7213626513048405,0.871579055653659,0.9404396519181564,0.6401867336883603
2104,1.0,0.9996804595027152,0.7213626513048405,0.871579055653659,0.9404396519181564,0.6401867336883603
2105,1.0,0.9996804595027152,0.7213626513048405,0.871579055653659,0.9404396519181564,0.6401867336883603
2106,1.0,0.9996804595027152,0.7213626513048405,0.871579055653659,0.9404396519181564,0.6401867336883603
2107,1.0,0.9996804595027152,0.7213626513048405,0.871579055653659,0.9404396519181564,0.6401867336883603
2108,1.0,0.9996804595027152,0.7213626513048405,0.871579055653659,0.9404396519181564,0.6401867336883603
2109,1.0,0.9996804595027152,0.7213626513048405,0.871579055653659,0.9404396519181564,0.6401867336883603
2110,1.0,0.9996804595027152,0.7213626513048405,0.871579055653659,0.9404396519181564,0.6401867336883603
2111,1.0,0.9996804595027152,0.7213626513048405,0.871579055653659,0.9404396519181564,0.6401867336883603
2112,1.0,0.9996777161589919,0.7201216990098339,0.8688338325694692,0.9369754733036576,0.6356837478493664
2113,1.0,0.9996777161589919,0.7201216990098339,0.8688338325694692,0.9369754733036576,0.6356837478493664
2114,1.0,0.9996777161589919,0.7201216990098339,0.8688338325694692,0.9369754733036576,0.6356837478493664
2115,1.0,0.9996777161589919,0.7201216990098339,0.8688338325694692,0.9369754733036576,0.6356837478493664
2116,1.0,0.9996777161589919,0.7201216990098339,0.8688338325694692,0.9369754733036576,0.6356837478493664
2117,1.0,0.9996777161589919,0.7201216990098339,0.8688338325694692,0.9369754733036576,0.6356837478493664
2118,1.0,0.9996777161589919,0.7201216990098339,0.8688338325694692,0.9369754733036576,0.6356837478493664
2119,1.0,0.9996777161589919,0.7201216990098339,0.8688338325694692,0.9369754733036576,0.6356837478493664
2120,1.0,0.9996777161589919,0.7201216990098339,0.8688338325694692,0.9369754733036576,0.6356837478493664
2121,1.0,0.9996777161589919,0.7201216990098339,0.8688338325694692,0.9369754733036576,0.6356837478493664
2122,1.0,0.9996777161589919,0.7201216990098339,0.8688338325694692,0.9369754733036576,0.6356837478493664
2123,1.0,0.9996777161589919,0.7201216990098339,0.8688338325694692,0.9369754733036576,0.6356837478493664
2124,1.0,0.9996777161589919,0.7201216990098339,0.8688338325694692,0.9369754733036576,0.6356837478493664
2125,1.0,0.9996777161589919,0.7201216990098339,0.8688338325694692,0.9369754733036576,0.6356837478493664
2126,1.0,0.9996777161589919,0.7201216990098339,0.8688338325694692,0.9369754733036576,0.6356837478493664
2127,1.0,0.9996777161589919,0.7201216990098339,0.8688338325694692,0.9369754733036576,0.6356837478493664
2128,1.0,0.9996777161589919,0.7201216990098339,0.8688338325694692,0.9369754733036576,0.6356837478493664
2129,1.0,0.9996777161589919,0.7201216990098339,0.8688338325694692,0.9369754733036576,0.6356837478493664
2130,1.0,0.9996777161589919,0.7201216990098339,0.8688338325694692,0.9369754733036576,0.6356837478493664
2131,1.0,0.9996777161589919,0.7201216990098339,0.8688338325694692,0.9369754733036576,0.6356837478493664
2132,1.0,0.9996777161589919,0.7201216990098339,0.8688338325694692,0.9369754733036576,0.6356837478493664
2133,1.0,0.9996777161589919,0.7201216990098339,0.8688338325694692,0.9369754733036576,0.6356837478493664
2134,1.0,0.9996777161589919,0.7201216990098339,0.8688338325694692,0.9369754733036576,0.6356837478493664
2135,1.0,0.9996777161589919,0.7201216990098339,0.8688338325694692,0.9369754733036576,0.6356837478493664
2136,1.0,0.9996729064811122,0.71721872361644,0.864710193255325,0.9318570081203098,0.6292335196664708
2137,1.0,0.9996729064811122,0.71721872361644,0.864710193255325,0.9318570081203098,0.6292335196664708
2138,1.0,0.9996729064811122,0.71721872361644,0.864710193255325,0.9318570081203098,0.6292335196664708
2139,1.0,0.9996729064811122,0.71721872361644,0.864710193255325,0.9318570081203098,0.6292335196664708
2140,1.0,0.9996729064811122,0.71721872361644,0.864710193255325,0.9318570081203098,0.6292335196664708
2141,1.0,0.9996729064811122,0.71721872361644,0.864710193255325,0.9318570081203098,0.6292335196664708
2142,1.0,0.9996729064811122,0.71721872361644,0.864710193255325,0.9318570081203098,0.6292335196664708
2143,1.0,0.9996729064811122,0.71721872361644,0.864710193255325,0.9318570081203098,0.6292335196664708
2144,1.0,0.9996729064811122,0.71721872361644,0.864710193255325,0.9318570081203098,0.6292335196664708
2145,1.0,0.9996729064811122,0.71721872361644,0.864710193255325,0.9318570081203098,0.6292335196664708
2146,1.0,0.9996729064811122,0.71721872361644,0.864710193255325,0.9318570081203098,0.6292335196664708
2147,1.0,0.9996729064811122,0.71721872361644,0.864710193255325,0.9318570081203098,0.6292335196664708
2148,1.0,0.9996729064811122,0.71721872361644,0.864710193255325,0.9318570081203098,0.6292335196664708
2149,1.0,0.9996729064811122,0.71721872361644,0.864710193255325,0.9318570081203098,0.6292335196664708
2150,1.0,0.9996729064811122,0.71721872361644,0.864710193255325,0.9318570081203098,0.6292335196664708
2151,1.0,0.9996729064811122,0.71721872361644,0.864710193255325,0.9318570081203098,0.6292335196664708
2152,1.0,0.9996729064811122,0.71721872361644,0.864710193255325,0.9318570081203098,0.6292335196664708
2153,1.0,0.9996729064811122,0.71721872361644,0.864710193255325,0.9318570081203098,0.6292335196664708
2154,1.0,0.9996729064811122,0.71721872361644,0.864710193255325,0.9318570081203098,0.6292335196664708
2155,1.0,0.9996729064811122,0.71721872361644,0.864710193255325,0.9318570081203098,0.6292335196664708
2156,1.0,0.9996729064811122,0.71721872361644,0.864710193255325,0.9318570081203098,0.6292335196664708
2157,1.0,0.9996729064811122,0.71721872361644,0.864710193255325,0.9318570081203098,0.6292335196664708
2158,1.0,0.9996729064811122,0.71721872361644,0.864710193255325,0.9318570081203098,0.6292335196664708
2159,1.0,0.9996729064811122,0.71721872361644,0.864710193255325,0.9318570081203098,0.6292335196664708
2160,1.0,0.9996713413375433,0.7170778074084935,0.8622369540021433,0.9291331647254379,0.6251921482070874
2161,1.0,0.9996713413375433,0.7170778074084935,0.8622369540021433,0.9291331647254379,0.6251921482070874
2162,1.0,0.9996713413375433,0.7170778074084935,0.8622369540021433,0.9291331647254379,0.6251921482070874
2163,1.0,0.9996713413375433,0.7170778074084935,0.8622369540021433,0.9291331647254379,0.6251921482070874
2164,1.0,0.9996713413375433,0.7170778074084935,0.8622369540021433,0.9291331647254379,0.6251921482070874
2165,1.0,0.9996713413375433,0.7170778074084935,0.8622369540021433,0.9291331647254379,0.6251921482070874
2166,1.0,0.9996713413375433,0.7170778074084935,0.8622369540021433,0.9291331647254379,0.6251921482070874
2167,1.0,0.9996713413375433,0.7170778074084935,0.8622369540021433,0.9291331647254379,0.6251921482070874
2168,1.0,0.9996713413375433,0.7170778074084935,0.8622369540021433,0.9291331647254379,0.6251921482070874
2169,1.0,0.9996713413375433,0.7170778074084935,0.8622369540021433,0.9291331647254379,0.6251921482070874
2170,1.0,0.9996713413375433,0.7170778074084935,0.8622369540021433,0.9291331647254379,0.6251921482070874
2171,1.0,0.9996713413375433,0.7170778074084935,0.8622369540021433,0.9291331647254379,0.6251921482070874
2172,1.0,0.9996713413375433,0.7170778074084935,0.8622369540021433,0.9291331647254379,0.6251921482070874
2173,1.0,0.9996713413375433,0.7170778074084935,0.8622369540021433,0.9291331647254379,0.6251921482070874
2174,1.0,0.9996713413375433,0.7170778074084935,0.8622369540021433,0.9291331647254379,0.6251921482070874
2175,1.0,0.9996713413375433,0.7170778074084935,0.8622369540021433,0.9291331647254379,0.6251921482070874
2176,1.0,0.9996713413375433,0.7170778074084935,0.8622369540021433,0.9291331647254379,0.6251921482070874
2177,1.0,0.9996713413375433,0.7170778074084935,0.8622369540021433,0.9291331647254379,0.6251921482070874
2178,1.0,0.9996713413375433,0.7170778074084935,0.8622369540021433,0.9291331647254379,0.6251921482070874
2179,1.0,0.9996713413375433,0.7170778074084935,0.8622369540021433,0.9291331647254379,0.6251921482070874
2180,1.0,0.9996713413375433,0.7170778074084935,0.8622369540021433,0.9291331647254379,0.6251921482070874
2181,1.0,0.9996713413375433,0.7170778074084935,0.8622369540021433,0.9291331647254379,0.6251921482070874
2182,1.0,0.9996713413375433,0.7170778074084935,0.8622369540021433,0.9291331647254379,0.6251921482070874
2183,1.0,0.9996713413375433,0.7170778074084935,0.8622369540021433,0.9291331647254379,0.6251921482070874
2184,1.0,0.9996697094698112,0.716690931031636,0.8600424504140323,0.9265101974079216,0.6214992348819904
2185,1.0,0.9996697094698112,0.716690931031636,0.8600424504140323,0.9265101974079216,0.6214992348819904
2186,1.0,0.9996697094698112,0.716690931031636,0.8600424504140323,0.9265101974079216,0.6214992348819904
2187,1.0,0.9996697094698112,0.716690931031636,0.8600424504140323,0.9265101974079216,0.6214992348819904
2188,1.0,0.9996697094698112,0.716690931031636,0.8600424504140323,0.9265101974079216,0.6214992348819904
2189,1.0,0.9996697094698112,0.716690931031636,0.8600424504140323,0.9265101974079216,0.6214992348819904
2190,1.0,0.9996697094698112,0.716690931031636,0.8600424504140323,0.9265101974079216,0.6214992348819904
2191,1.0,0.9996697094698112,0.716690931031636,0.8600424504140323,0.9265101974079216,0.6214992348819904
2192,1.0,0.9996697094698112,0.716690931031636,0.8600424504140323,0.9265101974079216,0.6214992348819904
2193,1.0,0.9996697094698112,0.716690931031636,0.8600424504140323,0.9265101974079216,0.6214992348819904
2194,1.0,0.9996697094698112,0.716690931031636,0.8600424504140323,0.9265101974079216,0.6214992348819904
2195,1.0,0.9996697094698112,0.716690931031636,0.8600424504140323,0.9265101974079216,0.6214992348819904
2196,1.0,0.9996697094698112,0.716690931031636,0.8600424504140323,0.9265101974079216,0.6214992348819904
2197,1.0,0.9996697094698112,0.716690931031636,0.8600424504140323,0.9265101974079216,0.6214992348819904
2198,1.0,0.9996697094698112,0.716690931031636,0.8600424504140323,0.9265101974079216,0.6214992348819904
2199,1.0,0.9996697094698112,0.716690931031636,0.8600424504140323,0.9265101974079216,0.6214992348819904
2200,1.0,0.9996697094698112,0.716690931031636,0.8600424504140323,0.9265101974079216,0.6214992348819904
2201,1.0,0.9996697094698112,0.716690931031636,0.8600424504140323,0.9265101974079216,0.6214992348819904
2202,1.0,0.9996697094698112,0.716690931031636,0.8600424504140323,0.9265101974079216,0.6214992348819904
2203,1.0,0.9996697094698112,0.716690931031636,0.8600424504140323,0.9265101974079216,0.6214992348819904
2204,1.0,0.9996697094698112,0.716690931031636,0.8600424504140323,0.9265101974079216,0.6214992348819904
2205,1.0,0.9996697094698112,0.716690931031636,0.8600424504140323,0.9265101974079216,0.6214992348819904
2206,1.0,0.9996697094698112,0.716690931031636,0.8600424504140323,0.9265101974079216,0.6214992348819904
2207,1.0,0.9996697094698112,0.716690931031636,0.8600424504140323,0.9265101974079216,0.6214992348819904
2208,1.0,0.9996692122459883,0.717114107825691,0.858517202224805,0.9246223851956804,0.6189275103722818
2209,1.0,0.9996692122459883,0.717114107825691,0.858517202224805,0.9246223851956804,0.6189275103722818
2210,1.0,0.9996692122459883,0.717114107825691,0.858517202224805,0.9246223851956804,0.6189275103722818
2211,1.0,0.9996692122459883,0.717114107825691,0.858517202224805,0.9246223851956804,0.6189275103722818
2212,1.0,0.9996692122459883,0.717114107825691,0.858517202224805,0.9246223851956804,0.6189275103722818
2213,1.0,0.9996692122459883,0.717114107825691,0.858517202224805,0.9246223851956804,0.6189275103722818
2214,1.0,0.9996692122459883,0.717114107825691,0.858517202224805,0.9246223851956804,0.6189275103722818
2215,1.0,0.9996692122459883,0.717114107825691,0.858517202224805,0.9246223851956804,0.6189275103722818
2216,1.0,0.9996692122459883,0.717114107825691,0.858517202224805,0.9246223851956804,0.6189275103722818
2217,1.0,0.9996692122459883,0.717114107825691,0.858517202224805,0.9246223851956804,0.6189275103722818
2218,1.0,0.9996692122459883,0.717114107825691,0.858517202224805,0.9246223851956804,0.6189275103722818
2219,1.0,0.9996692122459883,0.717114107825691,0.858517202224805,0.9246223851956804,0.6189275103722818
2220,1.0,0.9996692122459883,0.717114107825691,0.858517202224805,0.9246223851956804,0.6189275103722818
2221,1.0,0.9996692122459883,0.717114107825691,0.858517202224805,0.9246223851956804,0.6189275103722818
2222,1.0,0.9996692122459883,0.717114107825691,0.858517202224805,0.9246223851956804,0.6189275103722818
2223,1.0,0.9996692122459883,0.717114107825691,0.858517202224805,0.9246223851956804,0.6189275103722818
2224,1.0,0.9996692122459883,0.717114107825691,0.858517202224805,0.9246223851956804,0.6189275103722818
2225,1.0,0.9996692122459883,0.717114107825691,0.858517202224805,0.9246223851956804,0.6189275103722818
2226,1.0,0.9996692122459883,0.717114107825691,0.858517202224805,0.9246223851956804,0.6189275103722818
2227,1.0,0.9996692122459883,0.717114107825691,0.858517202224805,0.9246223851956804,0.6189275103722818
2228,1.0,0.9996692122459883,0.717114107825691,0.858517202224805,0.9246223851956804,0.6189275103722818
2229,1.0,0.9996692122459883,0.717114107825691,0.858517202224805,0.9246223851956804,0.6189275103722818
2230,1.0,0.9996692122459883,0.717114107825691,0.858517202224805,0.9246223851956804,0.6189275103722818
2231,1.0,0.9996692122459883,0.717114107825691,0.858517202224805,0.9246223851956804,0.6189275103722818
2232,1.0,0.9996692418806216,0.7180698978159485,0.8570675288496886,0.9231221729259507,0.6164362887878108
2233,1.0,0.9996692418806216,0.7180698978159485,0.8570675288496886,0.9231221729259507,0.6164362887878108
2234,1.0,0.9996692418806216,0.7180698978159485,0.8570675288496886,0.9231221729259507,0.6164362887878108
2235,1.0,0.9996692418806216,0.7180698978159485,0.8570675288496886,0.9231221729259507,0.6164362887878108
2236,1.0,0.9996692418806216,0.7180698978159485,0.8570675288496886,0.9231221729259507,0.6164362887878108
2237,1.0,0.9996692418806216,0.7180698978159485,0.8570675288496886,0.9231221729259507,0.6164362887878108
2238,1.0,0.9996692418806216,0.7180698978159485,0.8570675288496886,0.9231221729259507,0.6164362887878108
2239,1.0,0.9996692418806216,0.7180698978159485,0.8570675288496886,0.9231221729259507,0.6164362887878108
2240,1.0,0.9996692418806216,0.7180698978159485,0.8570675288496886,0.9231221729259507,0.6164362887878108
2241,1.0,0.9996692418806216,0.7180698978159485,0.8570675288496886,0.9231221729259507,0.6164362887878108
2242,1.0,0.9996692418806216,0.7180698978159485,0.8570675288496886,0.9231221729259507,0.6164362887878108
2243,1.0,0.9996692418806216,0.7180698978159485,0.8570675288496886,0.9231221729259507,0.6164362887878108
2244,1.0,0.9996692418806216,0.7180698978159485,0.8570675288496886,0.9231221729259507,0.6164362887878108
2245,1.0,0.9996692418806216,0.7180698978159485,0.8570675288496886,0.9231221729259507,0.6164362887878108
2246,1.0,0.9996692418806216,0.7180698978159485,0.8570675288496886,0.9231221729259507,0.6164362887878108
2247,1.0,0.9996692418806216,0.7180698978159485,0.8570675288496886,0.9231221729259507,0.6164362887878108
2248,1.0,0.9996692418806216,0.7180698978159485,0.8570675288496886,0.9231221729259507,0.6164362887878108
2249,1.0,0.9996692418806216,0.7180698978159485,0.8570675288496886,0.9231221729259507,0.6164362887878108
2250,1.0,0.9996692418806216,0.7180698978159485,0.8570675288496886,0.9231221729259507,0.6164362887878108
2251,1.0,0.9996692418806216,0.7180698978159485,0.8570675288496886,0.9231221729259507,0.6164362887878108
2252,1.0,0.9996692418806216,0.7180698978159485,0.8570675288496886,0.9231221729259507,0.6164362887878108
2253,1.0,0.9996692418806216,0.7180698978159485,0.8570675288496886,0.9231221729259507,0.6164362887878108
2254,1.0,0.9996692418806216,0.7180698978159485,0.8570675288496886,0.9231221729259507,0.6164362887878108
2255,1.0,0.9996692418806216,0.7180698978159485,0.8570675288496886,0.9231221729259507,0.6164362887878108
2256,1.0,0.9996748686915544,0.7237280567037292,0.8579025241048305,0.9251290460475038,0.617638947370358
2257,1.0,0.9996748686915544,0.7237280567037292,0.8579025241048305,0.9251290460475038,0.617638947370358
2258,1.0,0.9996748686915544,0.7237280567037292,0.8579025241048305,0.9251290460475038,0.617638947370358
2259,1.0,0.9996748686915544,0.7237280567037292,0.8579025241048305,0.9251290460475038,0.617638947370358
2260,1.0,0.9996748686915544,0.7237280567037292,0.8579025241048305,0.9251290460475038,0.617638947370358
2261,1.0,0.9996748686915544,0.7237280567037292,0.8579025241048305,0.9251290460475038,0.617638947370358
2262,1.0,0.9996748686915544,0.7237280567037292,0.8579025241048305,0.9251290460475038,0.617638947370358
2263,1.0,0.9996748686915544,0.7237280567037292,0.8579025241048305,0.9251290460475038,0.617638947370358
2264,1.0,0.9996748686915544,0.7237280567037292,0.8579025241048305,0.9251290460475038,0.617638947370358
2265,1.0,0.9996748686915544,0.7237280567037292,0.8579025241048305,0.9251290460475038,0.617638947370358
2266,1.0,0.9996748686915544,0.7237280567037292,0.8579025241048305,0.9251290460475038,0.617638947370358
2267,1.0,0.9996748686915544,0.7237280567037292,0.8579025241048305,0.9251290460475038,0.617638947370358
2268,1.0,0.9996748686915544,0.7237280567037292,0.8579025241048305,0.9251290460475038,0.617638947370358
2269,1.0,0.9996748686915544,0.7237280567037292,0.8579025241048305,0.9251290460475038,0.617638947370358
2270,1.0,0.9996748686915544,0.7237280567037292,0.8579025241048305,0.9251290460475038,0.617638947370358
2271,1.0,0.9996748686915544,0.7237280567037292,0.8579025241048305,0.9251290460475038,0.617638947370358
2272,1.0,0.9996748686915544,0.7237280567037292,0.8579025241048305,0.9251290460475038,0.617638947370358
2273,1.0,0.9996748686915544,0.7237280567037292,0.8579025241048305,0.9251290460475038,0.617638947370358
2274,1.0,0.9996748686915544,0.7237280567037292,0.8579025241048305,0.9251290460475038,0.617638947370358
2275,1.0,0.9996748686915544,0.7237280567037292,0.8579025241048305,0.9251290460475038,0.617638947370358
2276,1.0,0.9996748686915544,0.7237280567037292,0.8579025241048305,0.9251290460475038,0.617638947370358
2277,1.0,0.9996748686915544,0.7237280567037292,0.8579025241048305,0.9251290460475038,0.617638947370358
2278,1.0,0.9996748686915544,0.7237280567037292,0.8579025241048305,0.9251290460475038,0.617638947370358
2279,1.0,0.9996748686915544,0.7237280567037292,0.8579025241048305,0.9251290460475038,0.617638947370358
2280,1.0,0.9996773844574327,0.7264624806065553,0.8577096187808902,0.9255159418865232,0.6171739469134235
2281,1.0,0.9996773844574327,0.7264624806065553,0.8577096187808902,0.9255159418865232,0.6171739469134235
2282,1.0,0.9996773844574327,0.7264624806065553,0.8577096187808902,0.9255159418865232,0.6171739469134235
2283,1.0,0.9996773844574327,0.7264624806065553,0.8577096187808902,0.9255159418865232,0.6171739469134235
2284,1.0,0.9996773844574327,0.7264624806065553,0.8577096187808902,0.9255159418865232,0.6171739469134235
2285,1.0,0.9996773844574327,0.7264624806065553,0.8577096187808902,0.9255159418865232,0.6171739469134235
2286,1.0,0.9996773844574327,0.7264624806065553,0.8577096187808902,0.9255159418865232,0.6171739469134235
2287,1.0,0.9996773844574327,0.7264624806065553,0.8577096187808902,0.9255159418865232,0.6171739469134235
2288,1.0,0.9996773844574327,0.7264624806065553,0.8577096187808902,0.9255159418865232,0.6171739469134235
2289,1.0,0.9996773844574327,0.7264624806065553,0.8577096187808902,0.9255159418865232,0.6171739469134235
2290,1.0,0.9996773844574327,0.7264624806065553,0.8577096187808902,0.9255159418865232,0.6171739469134235
2291,1.0,0.9996773844574327,0.7264624806065553,0.8577096187808902,0.9255159418865232,0.6171739469134235
2292,1.0,0.9996773844574327,0.7264624806065553,0.8577096187808902,0.9255159418865232,0.6171739469134235
2293,1.0,0.9996773844574327,0.7264624806065553,0.8577096187808902,0.9255159418865232,0.6171739469134235
2294,1.0,0.9996773844574327,0.7264624806065553,0.8577096187808902,0.9255159418865232,0.6171739469134235
2295,1.0,0.9996773844574327,0.7264624806065553,0.8577096187808902,0.9255159418865232,0.6171739469134235
2296,1.0,0.9996773844574327,0.7264624806065553,0.8577096187808902,0.9255159418865232,0.6171739469134235
2297,1.0,0.9996773844574327,0.7264624806065553,0.8577096187808902,0.9255159418865232,0.6171739469134235
2298,1.0,0.9996773844574327,0.7264624806065553,0.8577096187808902,0.9255159418865232,0.6171739469134235
2299,1.0,0.9996773844574327,0.7264624806065553,0.8577096187808902,0.9255159418865232,0.6171739469134235
2300,1.0,0.9996773844574327,0.7264624806065553,0.8577096187808902,0.9255159418865232,0.6171739469134235
2301,1.0,0.9996773844574327,0.7264624806065553,0.8577096187808902,0.9255159418865232,0.6171739469134235
2302,1.0,0.9996773844574327,0.7264624806065553,0.8577096187808902,0.9255159418865232,0.6171739469134235
2303,1.0,0.9996773844574327,0.7264624806065553,0.8577096187808902,0.9255159418865232,0.6171739469134235
2304,1.0,0.9996794395072487,0.7287520191849329,0.8573566795327859,0.925510337707841,0.6164673296422164
2305,1.0,0.9996794395072487,0.7287520191849329,0.8573566795327859,0.925510337707841,0.6164673296422164
2306,1.0,0.9996794395072487,0.7287520191849329,0.8573566795327859,0.925510337707841,0.6164673296422164
2307,1.0,0.9996794395072487,0.7287520191849329,0.8573566795327859,0.925510337707841,0.6164673296422164
2308,1.0,0.9996794395072487,0.7287520191849329,0.8573566795327859,0.925510337707841,0.6164673296422164
2309,1.0,0.9996794395072487,0.7287520191849329,0.8573566795327859,0.925510337707841,0.6164673296422164
2310,1.0,0.9996794395072487,0.7287520191849329,0.8573566795327859,0.925510337707841,0.6164673296422164
2311,1.0,0.9996794395072487,0.7287520191849329,0.8573566795327859,0.925510337707841,0.6164673296422164
2312,1.0,0.9996794395072487,0.7287520191849329,0.8573566795327859,0.925510337707841,0.6164673296422164
2313,1.0,0.9996794395072487,0.7287520191849329,0.8573566795327859,0.925510337707841,0.6164673296422164
2314,1.0,0.9996794395072487,0.7287520191849329,0.8573566795327859,0.925510337707841,0.6164673296422164
2315,1.0,0.9996794395072487,0.7287520191849329,0.8573566795327859,0.925510337707841,0.6164673296422164
2316,1.0,0.9996794395072487,0.7287520191849329,0.8573566795327859,0.925510337707841,0.6164673296422164
2317,1.0,0.9996794395072487,0.7287520191849329,0.8573566795327859,0.925510337707841,0.6164673296422164
2318,1.0,0.9996794395072487,0.7287520191849329,0.8573566795327859,0.925510337707841,0.6164673296422164
2319,1.0,0.9996794395072487,0.7287520191849329,0.8573566795327859,0.925510337707841,0.6164673296422164
2320,1.0,0.9996794395072487,0.7287520191849329,0.8573566795327859,0.925510337707841,0.6164673296422164
2321,1.0,0.9996794395072487,0.7287520191849329,0.8573566795327859,0.925510337707841,0.6164673296422164
2322,1.0,0.9996794395072487,0.7287520191849329,0.8573566795327859,0.925510337707841,0.6164673296422164
2323,1.0,0.9996794395072487,0.7287520191849329,0.8573566795327859,0.925510337707841,0.6164673296422164
2324,1.0,0.9996794395072487,0.7287520191849329,0.8573566795327859,0.925510337707841,0.6164673296422164
2325,1.0,0.9996794395072487,0.7287520191849329,0.8573566795327859,0.925510337707841,0.6164673296422164
2326,1.0,0.9996794395072487,0.7287520191849329,0.8573566795327859,0.925510337707841,0.6164673296422164
2327,1.0,0.9996794395072487,0.7287520191849329,0.8573566795327859,0.925510337707841,0.6164673296422164
2328,1.0,0.9996817624541613,0.7318800249355385,0.8567859809165932,0.9254705931902488,0.6153779556142543
2329,1.0,0.9996817624541613,0.7318800249355385,0.8567859809165932,0.9254705931902488,0.6153779556142543
2330,1.0,0.9996817624541613,0.7318800249355385,0.8567859809165932,0.9254705931902488,0.6153779556142543
2331,1.0,0.9996817624541613,0.7318800249355385,0.8567859809165932,0.9254705931902488,0.6153779556142543
2332,1.0,0.9996817624541613,0.7318800249355385,0.8567859809165932,0.9254705931902488,0.6153779556142543
2333,1.0,0.9996817624541613,0.7318800249355385,0.8567859809165932,0.9254705931902488,0.6153779556142543
2334,1.0,0.9996817624541613,0.7318800249355385,0.8567859809165932,0.9254705931902488,0.6153779556142543
2335,1.0,0.9996817624541613,0.7318800249355385,0.8567859809165932,0.9254705931902488,0.6153779556142543
2336,1.0,0.9996817624541613,0.7318800249355385,0.8567859809165932,0.9254705931902488,0.6153779556142543
2337,1.0,0.9996817624541613,0.7318800249355385,0.8567859809165932,0.9254705931902488,0.6153779556142543
2338,1.0,0.9996817624541613,0.7318800249355385,0.8567859809165932,0.9254705931902488,0.6153779556142543
2339,1.0,0.9996817624541613,0.7318800249355385,0.8567859809165932,0.9254705931902488,0.6153779556142543
2340,1.0,0.9996817624541613,0.7318800249355385,0.8567859809165932,0.9254705931902488,0.6153779556142543
2341,1.0,0.9996817624541613,0.7318800249355385,0.8567859809165932,0.9254705931902488,0.6153779556142543
2342,1.0,0.9996817624541613,0.7318800249355385,0.8567859809165932,0.9254705931902488,0.6153779556142543
2343,1.0,0.9996817624541613,0.7318800249355385,0.8567859809165932,0.9254705931902488,0.6153779556142543
2344,1.0,0.9996817624541613,0.7318800249355385,0.8567859809165932,0.9254705931902488,0.6153779556142543
2345,1.0,0.9996817624541613,0.7318800249355385,0.8567859809165932,0.9254705931902488,0.6153779556142543
2346,1.0,0.9996817624541613,0.7318800249355385,0.8567859809165932,0.9254705931902488,0.6153779556142543
2347,1.0,0.9996817624541613,0.7318800249355385,0.8567859809165932,0.9254705931902488,0.6153779556142543
2348,1.0,0.9996817624541613,0.7318800249355385,0.8567859809165932,0.9254705931902488,0.6153779556142543
2349,1.0,0.9996817624541613,0.7318800249355385,0.8567859809165932,0.9254705931902488,0.6153779556142543
2350,1.0,0.9996817624541613,0.7318800249355385,0.8567859809165932,0.9254705931902488,0.6153779556142543
2351,1.0,0.9996817624541613,0.7318800249355385,0.8567859809165932,0.9254705931902488,0.6153779556142543
2352,1.0,0.9996876506898899,0.7378309613242325,0.8575892395241717,0.9278059637613891,0.6163068464948127
2353,1.0,0.9996876506898899,0.7378309613242325,0.8575892395241717,0.9278059637613891,0.6163068464948127
2354,1.0,0.9996876506898899,0.7378309613242325,0.8575892395241717,0.9278059637613891,0.6163068464948127
2355,1.0,0.9996876506898899,0.7378309613242325,0.8575892395241717,0.9278059637613891,0.6163068464948127
2356,1.0,0.9996876506898899,0.7378309613242325,0.8575892395241717,0.9278059637613891,0.6163068464948127
2357,1.0,0.9996876506898899,0.7378309613242325,0.8575892395241717,0.9278059637613891,0.6163068464948127
2358,1.0,0.9996876506898899,0.7378309613242325,0.8575892395241717,0.9278059637613891,0.6163068464948127
2359,1.0,0.9996876506898899,0.7378309613242325,0.8575892395241717,0.9278059637613891,0.6163068464948127
2360,1.0,0.9996876506898899,0.7378309613242325,0.8575892395241717,0.9278059637613891,0.6163068464948127
2361,1.0,0.9996876506898899,0.7378309613242325,0.8575892395241717,0.9278059637613891,0.6163068464948127
2362,1.0,0.9996876506898899,0.7378309613242325,0.8575892395241717,0.9278059637613891,0.6163068464948127
2363,1.0,0.9996876506898899,0.7378309613242325,0.8575892395241717,0.9278059637613891,0.6163068464948127
2364,1.0,0.9996876506898899,0.7378309613242325,0.8575892395241717,0.9278059637613891,0.6163068464948127
2365,1.0,0.9996876506898899,0.7378309613242325,0.8575892395241717,0.9278059637613891,0.6163068464948127
2366,1.0,0.9996876506898899,0.7378309613242325,0.8575892395241717,0.9278059637613891,0.6163068464948127
2367,1.0,0.9996876506898899,0.7378309613242325,0.8575892395241717,0.9278059637613891,0.6163068464948127
2368,1.0,0.9996876506898899,0.7378309613242325,0.8575892395241717,0.9278059637613891,0.6163068464948127
2369,1.0,0.9996876506898899,0.7378309613242325,0.8575892395241717,0.9278059637613891,0.6163068464948127
2370,1.0,0.9996876506898899,0.7378309613242325,0.8575892395241717,0.9278059637613891,0.6163068464948127
2371,1.0,0.9996876506898899,0.7378309613242325,0.8575892395241717,0.9278059637613891,0.6163068464948127
2372,1.0,0.9996876506898899,0.7378309613242325,0.8575892395241717,0.9278059637613891,0.6163068464948127
2373,1.0,0.9996876506898899,0.7378309613242325,0.8575892395241717,0.9278059637613891,0.6163068464948127
2374,1.0,0.9996876506898899,0.7378309613242325,0.8575892395241717,0.9278059637613891,0.6163068464948127
2375,1.0,0.9996876506898899,0.7378309613242325,0.8575892395241717,0.9278059637613891,0.6163068464948127
2376,1.0,0.9996968283488861,0.7461064683318512,0.8600018380251115,0.932797129522386,0.6195836058672928
2377,1.0,0.9996968283488861,0.7461064683318512,0.8600018380251115,0.932797129522386,0.6195836058672928
2378,1.0,0.9996968283488861,0.7461064683318512,0.8600018380251115,0.932797129522386,0.6195836058672928
2379,1.0,0.9996968283488861,0.7461064683318512,0.8600018380251115,0.932797129522386,0.6195836058672928
2380,1.0,0.9996968283488861,0.7461064683318512,0.8600018380251115,0.932797129522386,0.6195836058672928
2381,1.0,0.9996968283488861,0.7461064683318512,0.8600018380251115,0.932797129522386,0.6195836058672928
2382,1.0,0.9996968283488861,0.7461064683318512,0.8600018380251115,0.932797129522386,0.6195836058672928
2383,1.0,0.9996968283488861,0.7461064683318512,0.8600018380251115,0.932797129522386,0.6195836058672928
2384,1.0,0.9996968283488861,0.7461064683318512,0.8600018380251115,0.932797129522386,0.6195836058672928
2385,1.0,0.9996968283488861,0.7461064683318512,0.8600018380251115,0.932797129522386,0.6195836058672928
2386,1.0,0.9996968283488861,0.7461064683318512,0.8600018380251115,0.932797129522386,0.6195836058672928
2387,1.0,0.9996968283488861,0.7461064683318512,0.8600018380251115,0.932797129522386,0.6195836058672928
2388,1.0,0.9996968283488861,0.7461064683318512,0.8600018380251115,0.932797129522386,0.6195836058672928
2389,1.0,0.9996968283488861,0.7461064683318512,0.8600018380251115,0.932797129522386,0.6195836058672928
2390,1.0,0.9996968283488861,0.7461064683318512,0.8600018380251115,0.932797129522386,0.6195836058672928
2391,1.0,0.9996968283488861,0.7461064683318512,0.8600018380251115,0.932797129522386,0.6195836058672928
2392,1.0,0.9996968283488861,0.7461064683318512,0.8600018380251115,0.932797129522386,0.6195836058672928
2393,1.0,0.9996968283488861,0.7461064683318512,0.8600018380251115,0.932797129522386,0.6195836058672928
2394,1.0,0.9996968283488861,0.7461064683318512,0.8600018380251115,0.932797129522386,0.6195836058672928
2395,1.0,0.9996968283488861,0.7461064683318512,0.8600018380251115,0.932797129522386,0.6195836058672928
2396,1.0,0.9996968283488861,0.7461064683318512,0.8600018380251115,0.932797129522386,0.6195836058672928
2397,1.0,0.9996968283488861,0.7461064683318512,0.8600018380251115,0.932797129522386,0.6195836058672928
2398,1.0,0.9996968283488861,0.7461064683318512,0.8600018380251115,0.932797129522386,0.6195836058672928
2399,1.0,0.9996968283488861,0.7461064683318512,0.8600018380251115,0.932797129522386,0.6195836058672928
2400,1.0,0.9997009099349167,0.7494114435992563,0.8616687035377805,0.9354598598480711,0.6222230546538462
2401,1.0,0.9997009099349167,0.7494114435992563,0.8616687035377805,0.9354598598480711,0.6222230546538462
2402,1.0,0.9997009099349167,0.7494114435992563,0.8616687035377805,0.9354598598480711,0.6222230546538462
2403,1.0,0.9997009099349167,0.7494114435992563,0.8616687035377805,0.9354598598480711,0.6222230546538462
2404,1.0,0.9997009099349167,0.7494114435992563,0.8616687035377805,0.9354598598480711,0.6222230546538462
2405,1.0,0.9997009099349167,0.7494114435992563,0.8616687035377805,0.9354598598480711,0.6222230546538462
2406,1.0,0.9997009099349167,0.7494114435992563,0.8616687035377805,0.9354598598480711,0.6222230546538462
2407,1.0,0.9997009099349167,0.7494114435992563,0.8616687035377805,0.9354598598480711,0.6222230546538462
2408,1.0,0.9997009099349167,0.7494114435992563,0.8616687035377805,0.9354598598480711,0.6222230546538462
2409,1.0,0.9997009099349167,0.7494114435992563,0.8616687035377805,0.9354598598480711,0.6222230546538462
2410,1.0,0.9997009099349167,0.7494114435992563,0.8616687035377805,0.9354598598480711,0.6222230546538462
2411,1.0,0.9997009099349167,0.7494114435992563,0.8616687035377805,0.9354598598480711,0.6222230546538462
2412,1.0,0.9997009099349167,0.7494114435992563,0.8616687035377805,0.9354598598480711,0.6222230546538462
2413,1.0,0.9997009099349167,0.7494114435992563,0.8616687035377805,0.9354598598480711,0.6222230546538462
2414,1.0,0.9997009099349167,0.7494114435992563,0.8616687035377805,0.9354598598480711,0.6222230546538462
2415,1.0,0.9997009099349167,0.7494114435992563,0.8616687035377805,0.9354598598480711,0.6222230546538462
2416,1.0,0.9997009099349167,0.7494114435992563,0.8616687035377805,0.9354598598480711,0.6222230546538462
2417,1.0,0.9997009099349167,0.7494114435992563,0.8616687035377805,0.9354598598480711,0.6222230546538462
2418,1.0,0.9997009099349167,0.7494114435992563,0.8616687035377805,0.9354598598480711,0.6222230546538462
2419,1.0,0.9997009099349167,0.7494114435992563,0.8616687035377805,0.9354598598480711,0.6222230546538462
2420,1.0,0.9997009099349167,0.7494114435992563,0.8616687035377805,0.9354598598480711,0.6222230546538462
2421,1.0,0.9997009099349167,0.7494114435992563,0.8616687035377805,0.9354598598480711,0.6222230546538462
2422,1.0,0.9997009099349167,0.7494114435992563,0.8616687035377805,0.9354598598480711,0.6222230546538462
2423,1.0,0.9997009099349167,0.7494114435992563,0.8616687035377805,0.9354598598480711,0.6222230546538462
2424,1.0,0.9997107415794558,0.7576574327632168,0.8657611593387272,0.942200895926015,0.6284626018124512
2425,1.0,0.9997107415794558,0.7576574327632168,0.8657611593387272,0.942200895926015,0.6284626018124512
2426,1.0,0.9997107415794558,0.7576574327632168,0.8657611593387272,0.942200895926015,0.6284626018124512
2427,1.0,0.9997107415794558,0.7576574327632168,0.8657611593387272,0.942200895926015,0.6284626018124512
2428,1.0,0.9997107415794558,0.7576574327632168,0.8657611593387272,0.942200895926015,0.6284626018124512
2429,1.0,0.9997107415794558,0.7576574327632168,0.8657611593387272,0.942200895926015,0.6284626018124512
2430,1.0,0.9997107415794558,0.7576574327632168,0.8657611593387272,0.942200895926015,0.6284626018124512
2431,1.0,0.9997107415794558,0.7576574327632168,0.8657611593387272,0.942200895926015,0.6284626018124512
2432,1.0,0.9997107415794558,0.7576574327632168,0.8657611593387272,0.942200895926015,0.6284626018124512
2433,1.0,0.9997107415794558,0.7576574327632168,0.8657611593387272,0.942200895926015,0.6284626018124512
2434,1.0,0.9997107415794558,0.7576574327632168,0.8657611593387272,0.942200895926015,0.6284626018124512
2435,1.0,0.9997107415794558,0.7576574327632168,0.8657611593387272,0.942200895926015,0.6284626018124512
2436,1.0,0.9997107415794558,0.7576574327632168,0.8657611593387272,0.942200895926015,0.6284626018124512
2437,1.0,0.9997107415794558,0.7576574327632168,0.8657611593387272,0.942200895926015,0.6284626018124512
2438,1.0,0.9997107415794558,0.7576574327632168,0.8657611593387272,0.942200895926015,0.6284626018124512
2439,1.0,0.9997107415794558,0.7576574327632168,0.8657611593387272,0.942200895926015,0.6284626018124512
2440,1.0,0.9997107415794558,0.7576574327632168,0.8657611593387272,0.942200895926015,0.6284626018124512
2441,1.0,0.9997107415794558,0.7576574327632168,0.8657611593387272,0.942200895926015,0.6284626018124512
2442,1.0,0.9997107415794558,0.7576574327632168,0.8657611593387272,0.942200895926015,0.6284626018124512
2443,1.0,0.9997107415794558,0.7576574327632168,0.8657611593387272,0.942200895926015,0.6284626018124512
2444,1.0,0.9997107415794558,0.7576574327632168,0.8657611593387272,0.942200895926015,0.6284626018124512
2445,1.0,0.9997107415794558,0.7576574327632168,0.8657611593387272,0.942200895926015,0.6284626018124512
2446,1.0,0.9997107415794558,0.7576574327632168,0.8657611593387272,0.942200895926015,0.6284626018124512
2447,1.0,0.9997107415794558,0.7576574327632168,0.8657611593387272,0.942200895926015,0.6284626018124512
2448,1.0,0.999715272735152,0.7616159388580096,0.867587171239461,0.9450599754773914,0.6313472507595405
2449,1.0,0.999715272735152,0.7616159388580096,0.867587171239461,0.9450599754773914,0.6313472507595405
2450,1.0,0.999715272735152,0.7616159388580096,0.867587171239461,0.9450599754773914,0.6313472507595405
2451,1.0,0.999715272735152,0.7616159388580096,0.867587171239461,0.9450599754773914,0.6313472507595405
2452,1.0,0.999715272735152,0.7616159388580096,0.867587171239461,0.9450599754773914,0.6313472507595405
2453,1.0,0.999715272735152,0.7616159388580096,0.867587171239461,0.9450599754773914,0.6313472507595405
2454,1.0,0.999715272735152,0.7616159388580096,0.867587171239461,0.9450599754773914,0.6313472507595405
2455,1.0,0.999715272735152,0.7616159388580096,0.867587171239461,0.9450599754773914,0.6313472507595405
2456,1.0,0.999715272735152,0.7616159388580096,0.867587171239461,0.9450599754773914,0.6313472507595405
2457,1.0,0.999715272735152,0.7616159388580096,0.867587171239461,0.9450599754773914,0.6313472507595405
2458,1.0,0.999715272735152,0.7616159388580096,0.867587171239461,0.9450599754773914,0.6313472507595405
2459,1.0,0.999715272735152,0.7616159388580096,0.867587171239461,0.9450599754773914,0.6313472507595405
2460,1.0,0.999715272735152,0.7616159388580096,0.867587171239461,0.9450599754773914,0.6313472507595405
2461,1.0,0.999715272735152,0.7616159388580096,0.867587171239461,0.9450599754773914,0.6313472507595405
2462,1.0,0.999715272735152,0.7616159388580096,0.867587171239461,0.9450599754773914,0.6313472507595405
2463,1.0,0.999715272735152,0.7616159388580096,0.867587171239461,0.9450599754773914,0.6313472507595405
2464,1.0,0.999715272735152,0.7616159388580096,0.867587171239461,0.9450599754773914,0.6313472507595405
2465,1.0,0.999715272735152,0.7616159388580096,0.867587171239461,0.9450599754773914,0.6313472507595405
2466,1.0,0.999715272735152,0.7616159388580096,0.867587171239461,0.9450599754773914,0.6313472507595405
2467,1.0,0.999715272735152,0.7616159388580096,0.867587171239461,0.9450599754773914,0.6313472507595405
2468,1.0,0.999715272735152,0.7616159388580096,0.867587171239461,0.9450599754773914,0.6313472507595405
2469,1.0,0.999715272735152,0.7616159388580096,0.867587171239461,0.9450599754773914,0.6313472507595405
2470,1.0,0.999715272735152,0.7616159388580096,0.867587171239461,0.9450599754773914,0.6313472507595405
2471,1.0,0.999715272735152,0.7616159388580096,0.867587171239461,0.9450599754773914,0.6313472507595405
2472,1.0,0.9997153979729679,0.7617607284952216,0.8676357205343459,0.9451818639888468,0.6314348358593576
2473,1.0,0.9997153979729679,0.7617607284952216,0.8676357205343459,0.9451818639888468,0.6314348358593576
2474,1.0,0.9997153979729679,0.7617607284952216,0.8676357205343459,0.9451818639888468,0.6314348358593576
2475,1.0,0.9997153979729679,0.7617607284952216,0.8676357205343459,0.9451818639888468,0.6314348358593576
2476,1.0,0.9997153979729679,0.7617607284952216,0.8676357205343459,0.9451818639888468,0.6314348358593576
2477,1.0,0.9997153979729679,0.7617607284952216,0.8676357205343459,0.9451818639888468,0.6314348358593576
2478,1.0,0.9997153979729679,0.7617607284952216,0.8676357205343459,0.9451818639888468,0.6314348358593576
2479,1.0,0.9997153979729679,0.7617607284952216,0.8676357205343459,0.9451818639888468,0.6314348358593576
2480,1.0,0.9997153979729679,0.7617607284952216,0.8676357205343459,0.9451818639888468,0.6314348358593576
2481,1.0,0.9997153979729679,0.7617607284952216,0.8676357205343459,0.9451818639888468,0.6314348358593576
2482,1.0,0.9997153979729679,0.7617607284952216,0.8676357205343459,0.9451818639888468,0.6314348358593576
2483,1.0,0.9997153979729679,0.7617607284952216,0.8676357205343459,0.9451818639888468,0.6314348358593576
2484,1.0,0.9997153979729679,0.7617607284952216,0.8676357205343459,0.9451818639888468,0.6314348358593576
2485,1.0,0.9997153979729679,0.7617607284952216,0.8676357205343459,0.9451818639888468,0.6314348358593576
2486,1.0,0.9997153979729679,0.7617607284952216,0.8676357205343459,0.9451818639888468,0.6314348358593576
2487,1.0,0.9997153979729679,0.7617607284952216,0.8676357205343459,0.9451818639888468,0.6314348358593576
2488,1.0,0.9997153979729679,0.7617607284952216,0.8676357205343459,0.9451818639888468,0.6314348358593576
2489,1.0,0.9997153979729679,0.7617607284952216,0.8676357205343459,0.9451818639888468,0.6314348358593576
2490,1.0,0.9997153979729679,0.7617607284952216,0.8676357205343459,0.9451818639888468,0.6314348358593576
2491,1.0,0.9997153979729679,0.7617607284952216,0.8676357205343459,0.9451818639888468,0.6314348358593576
2492,1.0,0.9997153979729679,0.7617607284952216,0.8676357205343459,0.9451818639888468,0.6314348358593576
2493,1.0,0.9997153979729679,0.7617607284952216,0.8676357205343459,0.9451818639888468,0.6314348358593576
2494,1.0,0.9997153979729679,0.7617607284952216,0.8676357205343459,0.9451818639888468,0.6314348358593576
2495,1.0,0.9997153979729679,0.7617607284952216,0.8676357205343459,0.9451818639888468,0.6314348358593576
2496,1.0,0.999714023375208,0.7605909658596355,0.8670219433131511,0.9440848126174101,0.6305792366583163
2497,1.0,0.999714023375208,0.7605909658596355,0.8670219433131511,0.9440848126174101,0.6305792366583163
2498,1.0,0.999714023375208,0.7605909658596355,0.8670219433131511,0.9440848126174101,0.6305792366583163
2499,1.0,0.999714023375208,0.7605909658596355,0.8670219433131511,0.9440848126174101,0.6305792366583163
2500,1.0,0.999714023375208,0.7605909658596355,0.8670219433131511,0.9440848126174101,0.6305792366583163
2501,1.0,0.999714023375208,0.7605909658596355,0.8670219433131511,0.9440848126174101,0.6305792366583163
2502,1.0,0.999714023375208,0.7605909658596355,0.8670219433131511,0.9440848126174101,0.6305792366583163
2503,1.0,0.999714023375208,0.7605909658596355,0.8670219433131511,0.9440848126174101,0.6305792366583163
2504,1.0,0.999714023375208,0.7605909658596355,0.8670219433131511,0.9440848126174101,0.6305792366583163
2505,1.0,0.999714023375208,0.7605909658596355,0.8670219433131511,0.9440848126174101,0.6305792366583163
2506,1.0,0.999714023375208,0.7605909658596355,0.8670219433131511,0.9440848126174101,0.6305792366583163
2507,1.0,0.999714023375208,0.7605909658596355,0.8670219433131511,0.9440848126174101,0.6305792366583163
2508,1.0,0.999714023375208,0.7605909658596355,0.8670219433131511,0.9440848126174101,0.6305792366583163
2509,1.0,0.999714023375208,0.7605909658596355,0.8670219433131511,0.9440848126174101,0.6305792366583163
2510,1.0,0.999714023375208,0.7605909658596355,0.8670219433131511,0.9440848126174101,0.6305792366583163
2511,1.0,0.999714023375208,0.7605909658596355,0.8670219433131511,0.9440848126174101,0.6305792366583163
2512,1.0,0.999714023375208,0.7605909658596355,0.8670219433131511,0.9440848126174101,0.6305792366583163
2513,1.0,0.999714023375208,0.7605909658596355,0.8670219433131511,0.9440848126174101,0.6305792366583163
2514,1.0,0.999714023375208,0.7605909658596355,0.8670219433131511,0.9440848126174101,0.6305792366583163
2515,1.0,0.999714023375208,0.7605909658596355,0.8670219433131511,0.9440848126174101,0.6305792366583163
2516,1.0,0.999714023375208,0.7605909658596355,0.8670219433131511,0.9440848126174101,0.6305792366583163
2517,1.0,0.999714023375208,0.7605909658596355,0.8670219433131511,0.9440848126174101,0.6305792366583163
2518,1.0,0.999714023375208,0.7605909658596355,0.8670219433131511,0.9440848126174101,0.6305792366583163
2519,1.0,0.999714023375208,0.7605909658596355,0.8670219433131511,0.9440848126174101,0.6305792366583163
2520,1.0,0.9997195748016541,0.7654852914144731,0.8691927709904036,0.9489806730123331,0.6338770421538747
2521,1.0,0.9997195748016541,0.7654852914144731,0.8691927709904036,0.9489806730123331,0.6338770421538747
2522,1.0,0.9997195748016541,0.7654852914144731,0.8691927709904036,0.9489806730123331,0.6338770421538747
2523,1.0,0.9997195748016541,0.7654852914144731,0.8691927709904036,0.9489806730123331,0.6338770421538747
2524,1.0,0.9997195748016541,0.7654852914144731,0.8691927709904036,0.9489806730123331,0.6338770421538747
2525,1.0,0.9997195748016541,0.7654852914144731,0.8691927709904036,0.9489806730123331,0.6338770421538747
2526,1.0,0.9997195748016541,0.7654852914144731,0.8691927709904036,0.9489806730123331,0.6338770421538747
2527,1.0,0.9997195748016541,0.7654852914144731,0.8691927709904036,0.9489806730123331,0.6338770421538747
2528,1.0,0.9997195748016541,0.7654852914144731,0.8691927709904036,0.9489806730123331,0.6338770421538747
2529,1.0,0.9997195748016541,0.7654852914144731,0.8691927709904036,0.9489806730123331,0.6338770421538747
2530,1.0,0.9997195748016541,0.7654852914144731,0.8691927709904036,0.9489806730123331,0.6338770421538747
2531,1.0,0.9997195748016541,0.7654852914144731,0.8691927709904036,0.9489806730123331,0.6338770421538747
2532,1.0,0.9997195748016541,0.7654852914144731,0.8691927709904036,0.9489806730123331,0.6338770421538747
2533,1.0,0.9997195748016541,0.7654852914144731,0.8691927709904036,0.9489806730123331,0.6338770421538747
2534,1.0,0.9997195748016541,0.7654852914144731,0.8691927709904036,0.9489806730123331,0.6338770421538747
2535,1.0,0.9997195748016541,0.7654852914144731,0.8691927709904036,0.9489806730123331,0.6338770421538747
2536,1.0,0.9997195748016541,0.7654852914144731,0.8691927709904036,0.9489806730123331,0.6338770421538747
2537,1.0,0.9997195748016541,0.7654852914144731,0.8691927709904036,0.9489806730123331,0.6338770421538747
2538,1.0,0.9997195748016541,0.7654852914144731,0.8691927709904036,0.9489806730123331,0.6338770421538747
2539,1.0,0.9997195748016541,0.7654852914144731,0.8691927709904036,0.9489806730123331,0.6338770421538747
2540,1.0,0.9997195748016541,0.7654852914144731,0.8691927709904036,0.9489806730123331,0.6338770421538747
2541,1.0,0.9997195748016541,0.7654852914144731,0.8691927709904036,0.9489806730123331,0.6338770421538747
2542,1.0,0.9997195748016541,0.7654852914144731,0.8691927709904036,0.9489806730123331,0.6338770421538747
2543,1.0,0.9997195748016541,0.7654852914144731,0.8691927709904036,0.9489806730123331,0.6338770421538747
2544,1.0,0.9997238516410168,0.7692794970290051,0.870944504357931,0.9519739308776621,0.6366553349569252
2545,1.0,0.9997238516410168,0.7692794970290051,0.870944504357931,0.9519739308776621,0.6366553349569252
2546,1.0,0.9997238516410168,0.7692794970290051,0.870944504357931,0.9519739308776621,0.6366553349569252
2547,1.0,0.9997238516410168,0.7692794970290051,0.870944504357931,0.9519739308776621,0.6366553349569252
2548,1.0,0.9997238516410168,0.7692794970290051,0.870944504357931,0.9519739308776621,0.6366553349569252
2549,1.0,0.9997238516410168,0.7692794970290051,0.870944504357931,0.9519739308776621,0.6366553349569252
2550,1.0,0.9997238516410168,0.7692794970290051,0.870944504357931,0.9519739308776621,0.6366553349569252
2551,1.0,0.9997238516410168,0.7692794970290051,0.870944504357931,0.9519739308776621,0.6366553349569252
2552,1.0,0.9997238516410168,0.7692794970290051,0.870944504357931,0.9519739308776621,0.6366553349569252
2553,1.0,0.9997238516410168,0.7692794970290051,0.870944504357931,0.9519739308776621,0.6366553349569252
2554,1.0,0.9997238516410168,0.7692794970290051,0.870944504357931,0.9519739308776621,0.6366553349569252
2555,1.0,0.9997238516410168,0.7692794970290051,0.870944504357931,0.9519739308776621,0.6366553349569252
2556,1.0,0.9997238516410168,0.7692794970290051,0.870944504357931,0.9519739308776621,0.6366553349569252
2557,1.0,0.9997238516410168,0.7692794970290051,0.870944504357931,0.9519739308776621,0.6366553349569252
2558,1.0,0.9997238516410168,0.7692794970290051,0.870944504357931,0.9519739308776621,0.6366553349569252
2559,1.0,0.9997238516410168,0.7692794970290051,0.870944504357931,0.9519739308776621,0.6366553349569252
2560,1.0,0.9997238516410168,0.7692794970290051,0.870944504357931,0.9519739308776621,0.6366553349569252
2561,1.0,0.9997238516410168,0.7692794970290051,0.870944504357931,0.9519739308776621,0.6366553349569252
2562,1.0,0.9997238516410168,0.7692794970290051,0.870944504357931,0.9519739308776621,0.6366553349569252
2563,1.0,0.9997238516410168,0.7692794970290051,0.870944504357931,0.9519739308776621,0.6366553349569252
2564,1.0,0.9997238516410168,0.7692794970290051,0.870944504357931,0.9519739308776621,0.6366553349569252
2565,1.0,0.9997238516410168,0.7692794970290051,0.870944504357931,0.9519739308776621,0.6366553349569252
2566,1.0,0.9997238516410168,0.7692794970290051,0.870944504357931,0.9519739308776621,0.6366553349569252
2567,1.0,0.9997238516410168,0.7692794970290051,0.870944504357931,0.9519739308776621,0.6366553349569252
2568,1.0,0.9997298032609082,0.7744780263050028,0.8734229037088087,0.9561392668076176,0.6404787978911971
2569,1.0,0.9997298032609082,0.7744780263050028,0.8734229037088087,0.9561392668076176,0.6404787978911971
2570,1.0,0.9997298032609082,0.7744780263050028,0.8734229037088087,0.9561392668076176,0.6404787978911971
2571,1.0,0.9997298032609082,0.7744780263050028,0.8734229037088087,0.9561392668076176,0.6404787978911971
2572,1.0,0.9997298032609082,0.7744780263050028,0.8734229037088087,0.9561392668076176,0.6404787978911971
2573,1.0,0.9997298032609082,0.7744780263050028,0.8734229037088087,0.9561392668076176,0.6404787978911971
2574,1.0,0.9997298032609082,0.7744780263050028,0.8734229037088087,0.9561392668076176,0.6404787978911971
2575,1.0,0.9997298032609082,0.7744780263050028,0.8734229037088087,0.9561392668076176,0.6404787978911971
2576,1.0,0.9997298032609082,0.7744780263050028,0.8734229037088087,0.9561392668076176,0.6404787978911971
2577,1.0,0.9997298032609082,0.7744780263050028,0.8734229037088087,0.9561392668076176,0.6404787978911971
2578,1.0,0.9997298032609082,0.7744780263050028,0.8734229037088087,0.9561392668076176,0.6404787978911971
2579,1.0,0.9997298032609082,0.7744780263050028,0.8734229037088087,0.9561392668076176,0.6404787978911971
2580,1.0,0.9997298032609082,0.7744780263050028,0.8734229037088087,0.9561392668076176,0.6404787978911971
2581,1.0,0.9997298032609082,0.7744780263050028,0.8734229037088087,0.9561392668076176,0.6404787978911971
2582,1.0,0.9997298032609082,0.7744780263050028,0.8734229037088087,0.9561392668076176,0.6404787978911971
2583,1.0,0.9997298032609082,0.7744780263050028,0.8734229037088087,0.9561392668076176,0.6404787978911971
2584,1.0,0.9997298032609082,0.7744780263050028,0.8734229037088087,0.9561392668076176,0.6404787978911971
2585,1.0,0.9997298032609082,0.7744780263050028,0.8734229037088087,0.9561392668076176,0.6404787978911971
2586,1.0,0.9997298032609082,0.7744780263050028,0.8734229037088087,0.9561392668076176,0.6404787978911971
2587,1.0,0.9997298032609082,0.7744780263050028,0.8734229037088087,0.9561392668076176,0.6404787978911971
2588,1.0,0.9997298032609082,0.7744780263050028,0.8734229037088087,0.9561392668076176,0.6404787978911971
2589,1.0,0.9997298032609082,0.7744780263050028,0.8734229037088087,0.9561392668076176,0.6404787978911971
2590,1.0,0.9997298032609082,0.7744780263050028,0.8734229037088087,0.9561392668076176,0.6404787978911971
2591,1.0,0.9997298032609082,0.7744780263050028,0.8734229037088087,0.9561392668076176,0.6404787978911971
2592,1.0,0.9997325030547336,0.7767219484636998,0.8745975111069368,0.958277226807222,0.6422299362815648
2593,1.0,0.9997325030547336,0.7767219484636998,0.8745975111069368,0.958277226807222,0.6422299362815648
2594,1.0,0.9997325030547336,0.7767219484636998,0.8745975111069368,0.958277226807222,0.6422299362815648
2595,1.0,0.9997325030547336,0.7767219484636998,0.8745975111069368,0.958277226807222,0.6422299362815648
2596,1.0,0.9997325030547336,0.7767219484636998,0.8745975111069368,0.958277226807222,0.6422299362815648
2597,1.0,0.9997325030547336,0.7767219484636998,0.8745975111069368,0.958277226807222,0.6422299362815648
2598,1.0,0.9997325030547336,0.7767219484636998,0.8745975111069368,0.958277226807222,0.6422299362815648
2599,1.0,0.9997325030547336,0.7767219484636998,0.8745975111069368,0.958277226807222,0.6422299362815648
2600,1.0,0.9997325030547336,0.7767219484636998,0.8745975111069368,0.958277226807222,0.6422299362815648
2601,1.0,0.9997325030547336,0.7767219484636998,0.8745975111069368,0.958277226807222,0.6422299362815648
2602,1.0,0.9997325030547336,0.7767219484636998,0.8745975111069368,0.958277226807222,0.6422299362815648
2603,1.0,0.9997325030547336,0.7767219484636998,0.8745975111069368,0.958277226807222,0.6422299362815648
2604,1.0,0.9997325030547336,0.7767219484636998,0.8745975111069368,0.958277226807222,0.6422299362815648
2605,1.0,0.9997325030547336,0.7767219484636998,0.8745975111069368,0.958277226807222,0.6422299362815648
2606,1.0,0.9997325030547336,0.7767219484636998,0.8745975111069368,0.958277226807222,0.6422299362815648
2607,1.0,0.9997325030547336,0.7767219484636998,0.8745975111069368,0.958277226807222,0.6422299362815648
2608,1.0,0.9997325030547336,0.7767219484636998,0.8745975111069368,0.958277226807222,0.6422299362815648
2609,1.0,0.9997325030547336,0.7767219484636998,0.8745975111069368,0.958277226807222,0.6422299362815648
2610,1.0,0.9997325030547336,0.7767219484636998,0.8745975111069368,0.958277226807222,0.6422299362815648
2611,1.0,0.9997325030547336,0.7767219484636998,0.8745975111069368,0.958277226807222,0.6422299362815648
2612,1.0,0.9997325030547336,0.7767219484636998,0.8745975111069368,0.958277226807222,0.6422299362815648
2613,1.0,0.9997325030547336,0.7767219484636998,0.8745975111069368,0.958277226807222,0.6422299362815648
2614,1.0,0.9997325030547336,0.7767219484636998,0.8745975111069368,0.958277226807222,0.6422299362815648
2615,1.0,0.9997325030547336,0.7767219484636998,0.8745975111069368,0.958277226807222,0.6422299362815648
2616,1.0,0.9997323730561986,0.776628146652485,0.8745363279032697,0.9582123126907325,0.6421342830505685
2617,1.0,0.9997323730561986,0.776628146652485,0.8745363279032697,0.9582123126907325,0.6421342830505685
2618,1.0,0.9997323730561986,0.776628146652485,0.8745363279032697,0.9582123126907325,0.6421342830505685
2619,1.0,0.9997323730561986,0.776628146652485,0.8745363279032697,0.9582123126907325,0.6421342830505685
2620,1.0,0.9997323730561986,0.776628146652485,0.8745363279032697,0.9582123126907325,0.6421342830505685
2621,1.0,0.9997323730561986,0.776628146652485,0.8745363279032697,0.9582123126907325,0.6421342830505685
2622,1.0,0.9997323730561986,0.776628146652485,0.8745363279032697,0.9582123126907325,0.6421342830505685
2623,1.0,0.9997323730561986,0.776628146652485,0.8745363279032697,0.9582123126907325,0.6421342830505685
2624,1.0,0.9997323730561986,0.776628146652485,0.8745363279032697,0.9582123126907325,0.6421342830505685
2625,1.0,0.9997323730561986,0.776628146652485,0.8745363279032697,0.9582123126907325,0.6421342830505685
2626,1.0,0.9997323730561986,0.776628146652485,0.8745363279032697,0.9582123126907325,0.6421342830505685
2627,1.0,0.9997323730561986,0.776628146652485,0.8745363279032697,0.9582123126907325,0.6421342830505685
2628,1.0,0.9997323730561986,0.776628146652485,0.8745363279032697,0.9582123126907325,0.6421342830505685
2629,1.0,0.9997323730561986,0.776628146652485,0.8745363279032697,0.9582123126907325,0.6421342830505685
2630,1.0,0.9997323730561986,0.776628146652485,0.8745363279032697,0.9582123126907325,0.6421342830505685
2631,1.0,0.9997323730561986,0.776628146652485,0.8745363279032697,0.9582123126907325,0.6421342830505685
2632,1.0,0.9997323730561986,0.776628146652485,0.8745363279032697,0.9582123126907325,0.6421342830505685
2633,1.0,0.9997323730561986,0.776628146652485,0.8745363279032697,0.9582123126907325,0.6421342830505685
2634,1.0,0.9997323730561986,0.776628146652485,0.8745363279032697,0.9582123126907325,0.6421342830505685
2635,1.0,0.9997323730561986,0.776628146652485,0.8745363279032697,0.9582123126907325,0.6421342830505685
2636,1.0,0.9997323730561986,0.776628146652485,0.8745363279032697,0.9582123126907325,0.6421342830505685
2637,1.0,0.9997323730561986,0.776628146652485,0.8745363279032697,0.9582123126907325,0.6421342830505685
2638,1.0,0.9997323730561986,0.776628146652485,0.8745363279032697,0.9582123126907325,0.6421342830505685
2639,1.0,0.9997323730561986,0.776628146652485,0.8745363279032697,0.9582123126907325,0.6421342830505685
2640,1.0,0.9997304230361741,0.7782154185353023,0.8724131199611439,0.9587465143686926,0.6390501451757241
2641,1.0,0.9997304230361741,0.7782154185353023,0.8724131199611439,0.9587465143686926,0.6390501451757241
2642,1.0,0.9997304230361741,0.7782154185353023,0.8724131199611439,0.9587465143686926,0.6390501451757241
2643,1.0,0.9997304230361741,0.7782154185353023,0.8724131199611439,0.9587465143686926,0.6390501451757241
2644,1.0,0.9997304230361741,0.7782154185353023,0.8724131199611439,0.9587465143686926,0.6390501451757241
2645,1.0,0.9997304230361741,0.7782154185353023,0.8724131199611439,0.9587465143686926,0.6390501451757241
2646,1.0,0.9997304230361741,0.7782154185353023,0.8724131199611439,0.9587465143686926,0.6390501451757241
2647,1.0,0.9997304230361741,0.7782154185353023,0.8724131199611439,0.9587465143686926,0.6390501451757241
2648,1.0,0.9997304230361741,0.7782154185353023,0.8724131199611439,0.9587465143686926,0.6390501451757241
2649,1.0,0.9997304230361741,0.7782154185353023,0.8724131199611439,0.9587465143686926,0.6390501451757241
2650,1.0,0.9997304230361741,0.7782154185353023,0.8724131199611439,0.9587465143686926,0.6390501451757241
2651,1.0,0.9997304230361741,0.7782154185353023,0.8724131199611439,0.9587465143686926,0.6390501451757241
2652,1.0,0.9997304230361741,0.7782154185353023,0.8724131199611439,0.9587465143686926,0.6390501451757241
2653,1.0,0.9997304230361741,0.7782154185353023,0.8724131199611439,0.9587465143686926,0.6390501451757241
2654,1.0,0.9997304230361741,0.7782154185353023,0.8724131199611439,0.9587465143686926,0.6390501451757241
2655,1.0,0.9997304230361741,0.7782154185353023,0.8724131199611439,0.9587465143686926,0.6390501451757241
2656,1.0,0.9997304230361741,0.7782154185353023,0.8724131199611439,0.9587465143686926,0.6390501451757241
2657,1.0,0.9997304230361741,0.7782154185353023,0.8724131199611439,0.9587465143686926,0.6390501451757241
2658,1.0,0.9997304230361741,0.7782154185353023,0.8724131199611439,0.9587465143686926,0.6390501451757241
2659,1.0,0.9997304230361741,0.7782154185353023,0.8724131199611439,0.9587465143686926,0.6390501451757241
2660,1.0,0.9997304230361741,0.7782154185353023,0.8724131199611439,0.9587465143686926,0.6390501451757241
2661,1.0,0.9997304230361741,0.7782154185353023,0.8724131199611439,0.9587465143686926,0.6390501451757241
2662,1.0,0.9997304230361741,0.7782154185353023,0.8724131199611439,0.9587465143686926,0.6390501451757241
2663,1.0,0.9997304230361741,0.7782154185353023,0.8724131199611439,0.9587465143686926,0.6390501451757241
2664,1.0,0.9997285106237513,0.7800163718961094,0.8702463463817661,0.9597892731650498,0.6358469940145298
2665,1.0,0.9997285106237513,0.7800163718961094,0.8702463463817661,0.9597892731650498,0.6358469940145298
2666,1.0,0.9997285106237513,0.7800163718961094,0.8702463463817661,0.9597892731650498,0.6358469940145298
2667,1.0,0.9997285106237513,0.7800163718961094,0.8702463463817661,0.9597892731650498,0.6358469940145298
2668,1.0,0.9997285106237513,0.7800163718961094,0.8702463463817661,0.9597892731650498,0.6358469940145298
2669,1.0,0.9997285106237513,0.7800163718961094,0.8702463463817661,0.9597892731650498,0.6358469940145298
2670,1.0,0.9997285106237513,0.7800163718961094,0.8702463463817661,0.9597892731650498,0.6358469940145298
2671,1.0,0.9997285106237513,0.7800163718961094,0.8702463463817661,0.9597892731650498,0.6358469940145298
2672,1.0,0.9997285106237513,0.7800163718961094,0.8702463463817661,0.9597892731650498,0.6358469940145298
2673,1.0,0.9997285106237513,0.7800163718961094,0.8702463463817661,0.9597892731650498,0.6358469940145298
2674,1.0,0.9997285106237513,0.7800163718961094,0.8702463463817661,0.9597892731650498,0.6358469940145298
2675,1.0,0.9997285106237513,0.7800163718961094,0.8702463463817661,0.9597892731650498,0.6358469940145298
2676,1.0,0.9997285106237513,0.7800163718961094,0.8702463463817661,0.9597892731650498,0.6358469940145298
2677,1.0,0.9997285106237513,0.7800163718961094,0.8702463463817661,0.9597892731650498,0.6358469940145298
2678,1.0,0.9997285106237513,0.7800163718961094,0.8702463463817661,0.9597892731650498,0.6358469940145298
2679,1.0,0.9997285106237513,0.7800163718961094,0.8702463463817661,0.9597892731650498,0.6358469940145298
2680,1.0,0.9997285106237513,0.7800163718961094,0.8702463463817661,0.9597892731650498,0.6358469940145298
2681,1.0,0.9997285106237513,0.7800163718961094,0.8702463463817661,0.9597892731650498,0.6358469940145298
2682,1.0,0.9997285106237513,0.7800163718961094,0.8702463463817661,0.9597892731650498,0.6358469940145298
2683,1.0,0.9997285106237513,0.7800163718961094,0.8702463463817661,0.9597892731650498,0.6358469940145298
2684,1.0,0.9997285106237513,0.7800163718961094,0.8702463463817661,0.9597892731650498,0.6358469940145298
2685,1.0,0.9997285106237513,0.7800163718961094,0.8702463463817661,0.9597892731650498,0.6358469940145298
2686,1.0,0.9997285106237513,0.7800163718961094,0.8702463463817661,0.9597892731650498,0.6358469940145298
2687,1.0,0.9997285106237513,0.7800163718961094,0.8702463463817661,0.9597892731650498,0.6358469940145298
2688,1.0,0.9997288992738601,0.7838361414733773,0.8690294073570323,0.9620821841308388,0.6341550367462246
2689,1.0,0.9997288992738601,0.7838361414733773,0.8690294073570323,0.9620821841308388,0.6341550367462246
2690,1.0,0.9997288992738601,0.7838361414733773,0.8690294073570323,0.9620821841308388,0.6341550367462246
2691,1.0,0.9997288992738601,0.7838361414733773,0.8690294073570323,0.9620821841308388,0.6341550367462246
2692,1.0,0.9997288992738601,0.7838361414733773,0.8690294073570323,0.9620821841308388,0.6341550367462246
2693,1.0,0.9997288992738601,0.7838361414733773,0.8690294073570323,0.9620821841308388,0.6341550367462246
2694,1.0,0.9997288992738601,0.7838361414733773,0.8690294073570323,0.9620821841308388,0.6341550367462246
2695,1.0,0.9997288992738601,0.7838361414733773,0.8690294073570323,0.9620821841308388,0.6341550367462246
2696,1.0,0.9997288992738601,0.7838361414733773,0.8690294073570323,0.9620821841308388,0.6341550367462246
2697,1.0,0.9997288992738601,0.7838361414733773,0.8690294073570323,0.9620821841308388,0.6341550367462246
2698,1.0,0.9997288992738601,0.7838361414733773,0.8690294073570323,0.9620821841308388,0.6341550367462246
2699,1.0,0.9997288992738601,0.7838361414733773,0.8690294073570323,0.9620821841308388,0.6341550367462246
2700,1.0,0.9997288992738601,0.7838361414733773,0.8690294073570323,0.9620821841308388,0.6341550367462246
2701,1.0,0.9997288992738601,0.7838361414733773,0.8690294073570323,0.9620821841308388,0.6341550367462246
2702,1.0,0.9997288992738601,0.7838361414733773,0.8690294073570323,0.9620821841308388,0.6341550367462246
2703,1.0,0.9997288992738601,0.7838361414733773,0.8690294073570323,0.9620821841308388,0.6341550367462246
2704,1.0,0.9997288992738601,0.7838361414733773,0.8690294073570323,0.9620821841308388,0.6341550367462246
2705,1.0,0.9997288992738601,0.7838361414733773,0.8690294073570323,0.9620821841308388,0.6341550367462246
2706,1.0,0.9997288992738601,0.7838361414733773,0.8690294073570323,0.9620821841308388,0.6341550367462246
2707,1.0,0.9997288992738601,0.7838361414733773,0.8690294073570323,0.9620821841308388,0.6341550367462246
2708,1.0,0.9997288992738601,0.7838361414733773,0.8690294073570323,0.9620821841308388,0.6341550367462246
2709,1.0,0.9997288992738601,0.7838361414733773,0.8690294073570323,0.9620821841308388,0.6341550367462246
2710,1.0,0.9997288992738601,0.7838361414733773,0.8690294073570323,0.9620821841308388,0.6341550367462246
2711,1.0,0.9997288992738601,0.7838361414733773,0.8690294073570323,0.9620821841308388,0.6341550367462246
2712,1.0,0.999731122657299,0.7894726675719729,0.8684507630727406,0.9661980170212848,0.6333930448121966
2713,1.0,0.999731122657299,0.7894726675719729,0.8684507630727406,0.9661980170212848,0.6333930448121966
2714,1.0,0.999731122657299,0.7894726675719729,0.8684507630727406,0.9661980170212848,0.6333930448121966
2715,1.0,0.999731122657299,0.7894726675719729,0.8684507630727406,0.9661980170212848,0.6333930448121966
2716,1.0,0.999731122657299,0.7894726675719729,0.8684507630727406,0.9661980170212848,0.6333930448121966
2717,1.0,0.999731122657299,0.7894726675719729,0.8684507630727406,0.9661980170212848,0.6333930448121966
2718,1.0,0.999731122657299,0.7894726675719729,0.8684507630727406,0.9661980170212848,0.6333930448121966
2719,1.0,0.999731122657299,0.7894726675719729,0.8684507630727406,0.9661980170212848,0.6333930448121966
2720,1.0,0.999731122657299,0.7894726675719729,0.8684507630727406,0.9661980170212848,0.6333930448121966
2721,1.0,0.999731122657299,0.7894726675719729,0.8684507630727406,0.9661980170212848,0.6333930448121966
2722,1.0,0.999731122657299,0.7894726675719729,0.8684507630727406,0.9661980170212848,0.6333930448121966
2723,1.0,0.999731122657299,0.7894726675719729,0.8684507630727406,0.9661980170212848,0.6333930448121966
2724,1.0,0.999731122657299,0.7894726675719729,0.8684507630727406,0.9661980170212848,0.6333930448121966
2725,1.0,0.999731122657299,0.7894726675719729,0.8684507630727406,0.9661980170212848,0.6333930448121966
2726,1.0,0.999731122657299,0.7894726675719729,0.8684507630727406,0.9661980170212848,0.6333930448121966
2727,1.0,0.999731122657299,0.7894726675719729,0.8684507630727406,0.9661980170212848,0.6333930448121966
2728,1.0,0.999731122657299,0.7894726675719729,0.8684507630727406,0.9661980170212848,0.6333930448121966
2729,1.0,0.999731122657299,0.7894726675719729,0.8684507630727406,0.9661980170212848,0.6333930448121966
2730,1.0,0.999731122657299,0.7894726675719729,0.8684507630727406,0.9661980170212848,0.6333930448121966
2731,1.0,0.999731122657299,0.7894726675719729,0.8684507630727406,0.9661980170212848,0.6333930448121966
2732,1.0,0.999731122657299,0.7894726675719729,0.8684507630727406,0.9661980170212848,0.6333930448121966
2733,1.0,0.999731122657299,0.7894726675719729,0.8684507630727406,0.9661980170212848,0.6333930448121966
2734,1.0,0.999731122657299,0.7894726675719729,0.8684507630727406,0.9661980170212848,0.6333930448121966
2735,1.0,0.999731122657299,0.7894726675719729,0.8684507630727406,0.9661980170212848,0.6333930448121966
2736,1.0,0.9997326002668441,0.7949068578477659,0.8674978129753264,0.9703049958469737,0.6319368211479139
2737,1.0,0.9997326002668441,0.7949068578477659,0.8674978129753264,0.9703049958469737,0.6319368211479139
2738,1.0,0.9997326002668441,0.7949068578477659,0.8674978129753264,0.9703049958469737,0.6319368211479139
2739,1.0,0.9997326002668441,0.7949068578477659,0.8674978129753264,0.9703049958469737,0.6319368211479139
2740,1.0,0.9997326002668441,0.7949068578477659,0.8674978129753264,0.9703049958469737,0.6319368211479139
2741,1.0,0.9997326002668441,0.7949068578477659,0.8674978129753264,0.9703049958469737,0.6319368211479139
2742,1.0,0.9997326002668441,0.7949068578477659,0.8674978129753264,0.9703049958469737,0.6319368211479139
2743,1.0,0.9997326002668441,0.7949068578477659,0.8674978129753264,0.9703049958469737,0.6319368211479139
2744,1.0,0.9997326002668441,0.7949068578477659,0.8674978129753264,0.9703049958469737,0.6319368211479139
2745,1.0,0.9997326002668441,0.7949068578477659,0.8674978129753264,0.9703049958469737,0.6319368211479139
2746,1.0,0.9997326002668441,0.7949068578477659,0.8674978129753264,0.9703049958469737,0.6319368211479139
2747,1.0,0.9997326002668441,0.7949068578477659,0.8674978129753264,0.9703049958469737,0.6319368211479139
2748,1.0,0.9997326002668441,0.7949068578477659,0.8674978129753264,0.9703049958469737,0.6319368211479139
2749,1.0,0.9997326002668441,0.7949068578477659,0.8674978129753264,0.9703049958469737,0.6319368211479139
2750,1.0,0.9997326002668441,0.7949068578477659,0.8674978129753264,0.9703049958469737,0.6319368211479139
2751,1.0,0.9997326002668441,0.7949068578477659,0.8674978129753264,0.9703049958469737,0.6319368211479139
2752,1.0,0.9997326002668441,0.7949068578477659,0.8674978129753264,0.9703049958469737,0.6319368211479139
2753,1.0,0.9997326002668441,0.7949068578477659,0.8674978129753264,0.9703049958469737,0.6319368211479139
2754,1.0,0.9997326002668441,0.7949068578477659,0.8674978129753264,0.9703049958469737,0.6319368211479139
2755,1.0,0.9997326002668441,0.7949068578477659,0.8674978129753264,0.9703049958469737,0.6319368211479139
2756,1.0,0.9997326002668441,0.7949068578477659,0.8674978129753264,0.9703049958469737,0.6319368211479139
2757,1.0,0.9997326002668441,0.7949068578477659,0.8674978129753264,0.9703049958469737,0.6319368211479139
2758,1.0,0.9997326002668441,0.7949068578477659,0.8674978129753264,0.9703049958469737,0.6319368211479139
2759,1.0,0.9997326002668441,0.7949068578477659,0.8674978129753264,0.9703049958469737,0.6319368211479139
2760,1.0,0.9997292386086395,0.7963302585334605,0.8645950145233189,0.9715521266549998,0.627370684202675
2761,1.0,0.9997292386086395,0.7963302585334605,0.8645950145233189,0.9715521266549998,0.627370684202675
2762,1.0,0.9997292386086395,0.7963302585334605,0.8645950145233189,0.9715521266549998,0.627370684202675
2763,1.0,0.9997292386086395,0.7963302585334605,0.8645950145233189,0.9715521266549998,0.627370684202675
2764,1.0,0.9997292386086395,0.7963302585334605,0.8645950145233189,0.9715521266549998,0.627370684202675
2765,1.0,0.9997292386086395,0.7963302585334605,0.8645950145233189,0.9715521266549998,0.627370684202675
2766,1.0,0.9997292386086395,0.7963302585334605,0.8645950145233189,0.9715521266549998,0.627370684202675
2767,1.0,0.9997292386086395,0.7963302585334605,0.8645950145233189,0.9715521266549998,0.627370684202675
2768,1.0,0.9997292386086395,0.7963302585334605,0.8645950145233189,0.9715521266549998,0.627370684202675
2769,1.0,0.9997292386086395,0.7963302585334605,0.8645950145233189,0.9715521266549998,0.627370684202675
2770,1.0,0.9997292386086395,0.7963302585334605,0.8645950145233189,0.9715521266549998,0.627370684202675
2771,1.0,0.9997292386086395,0.7963302585334605,0.8645950145233189,0.9715521266549998,0.627370684202675
2772,1.0,0.9997292386086395,0.7963302585334605,0.8645950145233189,0.9715521266549998,0.627370684202675
2773,1.0,0.9997292386086395,0.7963302585334605,0.8645950145233189,0.9715521266549998,0.627370684202675
2774,1.0,0.9997292386086395,0.7963302585334605,0.8645950145233189,0.9715521266549998,0.627370684202675
2775,1.0,0.9997292386086395,0.7963302585334605,0.8645950145233189,0.9715521266549998,0.627370684202675
2776,1.0,0.9997292386086395,0.7963302585334605,0.8645950145233189,0.9715521266549998,0.627370684202675
2777,1.0,0.9997292386086395,0.7963302585334605,0.8645950145233189,0.9715521266549998,0.627370684202675
2778,1.0,0.9997292386086395,0.7963302585334605,0.8645950145233189,0.9715521266549998,0.627370684202675
2779,1.0,0.9997292386086395,0.7963302585334605,0.8645950145233189,0.9715521266549998,0.627370684202675
2780,1.0,0.9997292386086395,0.7963302585334605,0.8645950145233189,0.9715521266549998,0.627370684202675
2781,1.0,0.9997292386086395,0.7963302585334605,0.8645950145233189,0.9715521266549998,0.627370684202675
2782,1.0,0.9997292386086395,0.7963302585334605,0.8645950145233189,0.9715521266549998,0.627370684202675
2783,1.0,0.9997292386086395,0.7963302585334605,0.8645950145233189,0.9715521266549998,0.627370684202675
2784,1.0,0.999731731007223,0.8027795663067495,0.8640197299070627,0.976874144495255,0.6264312319292177
2785,1.0,0.999731731007223,0.8027795663067495,0.8640197299070627,0.976874144495255,0.6264312319292177
2786,1.0,0.999731731007223,0.8027795663067495,0.8640197299070627,0.976874144495255,0.6264312319292177
2787,1.0,0.999731731007223,0.8027795663067495,0.8640197299070627,0.976874144495255,0.6264312319292177
2788,1.0,0.999731731007223,0.8027795663067495,0.8640197299070627,0.976874144495255,0.6264312319292177
2789,1.0,0.999731731007223,0.8027795663067495,0.8640197299070627,0.976874144495255,0.6264312319292177
2790,1.0,0.999731731007223,0.8027795663067495,0.8640197299070627,0.976874144495255,0.6264312319292177
2791,1.0,0.999731731007223,0.8027795663067495,0.8640197299070627,0.976874144495255,0.6264312319292177
2792,1.0,0.999731731007223,0.8027795663067495,0.8640197299070627,0.976874144495255,0.6264312319292177
2793,1.0,0.999731731007223,0.8027795663067495,0.8640197299070627,0.976874144495255,0.6264312319292177
2794,1.0,0.999731731007223,0.8027795663067495,0.8640197299070627,0.976874144495255,0.6264312319292177
2795,1.0,0.999731731007223,0.8027795663067495,0.8640197299070627,0.976874144495255,0.6264312319292177
2796,1.0,0.999731731007223,0.8027795663067495,0.8640197299070627,0.976874144495255,0.6264312319292177
2797,1.0,0.999731731007223,0.8027795663067495,0.8640197299070627,0.976874144495255,0.6264312319292177
2798,1.0,0.999731731007223,0.8027795663067495,0.8640197299070627,0.976874144495255,0.6264312319292177
2799,1.0,0.999731731007223,0.8027795663067495,0.8640197299070627,0.976874144495255,0.6264312319292177
2800,1.0,0.999731731007223,0.8027795663067495,0.8640197299070627,0.976874144495255,0.6264312319292177
2801,1.0,0.999731731007223,0.8027795663067495,0.8640197299070627,0.976874144495255,0.6264312319292177
2802,1.0,0.999731731007223,0.8027795663067495,0.8640197299070627,0.976874144495255,0.6264312319292177
2803,1.0,0.999731731007223,0.8027795663067495,0.8640197299070627,0.976874144495255,0.6264312319292177
2804,1.0,0.999731731007223,0.8027795663067495,0.8640197299070627,0.976874144495255,0.6264312319292177
2805,1.0,0.999731731007223,0.8027795663067495,0.8640197299070627,0.976874144495255,0.6264312319292177
2806,1.0,0.999731731007223,0.8027795663067495,0.8640197299070627,0.976874144495255,0.6264312319292177
2807,1.0,0.999731731007223,0.8027795663067495,0.8640197299070627,0.976874144495255,0.6264312319292177
2808,1.0,0.9997340909864589,0.809029987836006,0.863431877311965,0.9818157266484596,0.6255315151694195
2809,1.0,0.9997340909864589,0.809029987836006,0.863431877311965,0.9818157266484596,0.6255315151694195
2810,1.0,0.9997340909864589,0.809029987836006,0.863431877311965,0.9818157266484596,0.6255315151694195
2811,1.0,0.9997340909864589,0.809029987836006,0.863431877311965,0.9818157266484596,0.6255315151694195
2812,1.0,0.9997340909864589,0.809029987836006,0.863431877311965,0.9818157266484596,0.6255315151694195
2813,1.0,0.9997340909864589,0.809029987836006,0.863431877311965,0.9818157266484596,0.6255315151694195
2814,1.0,0.9997340909864589,0.809029987836006,0.863431877311965,0.9818157266484596,0.6255315151694195
2815,1.0,0.9997340909864589,0.809029987836006,0.863431877311965,0.9818157266484596,0.6255315151694195
2816,1.0,0.9997340909864589,0.809029987836006,0.863431877311965,0.9818157266484596,0.6255315151694195
2817,1.0,0.9997340909864589,0.809029987836006,0.863431877311965,0.9818157266484596,0.6255315151694195
2818,1.0,0.9997340909864589,0.809029987836006,0.863431877311965,0.9818157266484596,0.6255315151694195
2819,1.0,0.9997340909864589,0.809029987836006,0.863431877311965,0.9818157266484596,0.6255315151694195
2820,1.0,0.9997340909864589,0.809029987836006,0.863431877311965,0.9818157266484596,0.6255315151694195
2821,1.0,0.9997340909864589,0.809029987836006,0.863431877311965,0.9818157266484596,0.6255315151694195
2822,1.0,0.9997340909864589,0.809029987836006,0.863431877311965,0.9818157266484596,0.6255315151694195
2823,1.0,0.9997340909864589,0.809029987836006,0.863431877311965,0.9818157266484596,0.6255315151694195
2824,1.0,0.9997340909864589,0.809029987836006,0.863431877311965,0.9818157266484596,0.6255315151694195
2825,1.0,0.9997340909864589,0.809029987836006,0.863431877311965,0.9818157266484596,0.6255315151694195
2826,1.0,0.9997340909864589,0.809029987836006,0.863431877311965,0.9818157266484596,0.6255315151694195
2827,1.0,0.9997340909864589,0.809029987836006,0.863431877311965,0.9818157266484596,0.6255315151694195
2828,1.0,0.9997340909864589,0.809029987836006,0.863431877311965,0.9818157266484596,0.6255315151694195
2829,1.0,0.9997340909864589,0.809029987836006,0.863431877311965,0.9818157266484596,0.6255315151694195
2830,1.0,0.9997340909864589,0.809029987836006,0.863431877311965,0.9818157266484596,0.6255315151694195
2831,1.0,0.9997340909864589,0.809029987836006,0.863431877311965,0.9818157266484596,0.6255315151694195
2832,1.0,0.9997335667338372,0.8126634206875455,0.8616611743808656,0.9848796741198907,0.6227166165949992
2833,1.0,0.9997335667338372,0.8126634206875455,0.8616611743808656,0.9848796741198907,0.6227166165949992
2834,1.0,0.9997335667338372,0.8126634206875455,0.8616611743808656,0.9848796741198907,0.6227166165949992
2835,1.0,0.9997335667338372,0.8126634206875455,0.8616611743808656,0.9848796741198907,0.6227166165949992
2836,1.0,0.9997335667338372,0.8126634206875455,0.8616611743808656,0.9848796741198907,0.6227166165949992
2837,1.0,0.9997335667338372,0.8126634206875455,0.8616611743808656,0.9848796741198907,0.6227166165949992
2838,1.0,0.9997335667338372,0.8126634206875455,0.8616611743808656,0.9848796741198907,0.6227166165949992
2839,1.0,0.9997335667338372,0.8126634206875455,0.8616611743808656,0.9848796741198907,0.6227166165949992
2840,1.0,0.9997335667338372,0.8126634206875455,0.8616611743808656,0.9848796741198907,0.6227166165949992
2841,1.0,0.9997335667338372,0.8126634206875455,0.8616611743808656,0.9848796741198907,0.6227166165949992
2842,1.0,0.9997335667338372,0.8126634206875455,0.8616611743808656,0.9848796741198907,0.6227166165949992
2843,1.0,0.9997335667338372,0.8126634206875455,0.8616611743808656,0.9848796741198907,0.6227166165949992
2844,1.0,0.9997335667338372,0.8126634206875455,0.8616611743808656,0.9848796741198907,0.6227166165949992
2845,1.0,0.9997335667338372,0.8126634206875455,0.8616611743808656,0.9848796741198907,0.6227166165949992
2846,1.0,0.9997335667338372,0.8126634206875455,0.8616611743808656,0.9848796741198907,0.6227166165949992
2847,1.0,0.9997335667338372,0.8126634206875455,0.8616611743808656,0.9848796741198907,0.6227166165949992
2848,1.0,0.9997335667338372,0.8126634206875455,0.8616611743808656,0.9848796741198907,0.6227166165949992
2849,1.0,0.9997335667338372,0.8126634206875455,0.8616611743808656,0.9848796741198907,0.6227166165949992
2850,1.0,0.9997335667338372,0.8126634206875455,0.8616611743808656,0.9848796741198907,0.6227166165949992
2851,1.0,0.9997335667338372,0.8126634206875455,0.8616611743808656,0.9848796741198907,0.6227166165949992
2852,1.0,0.9997335667338372,0.8126634206875455,0.8616611743808656,0.9848796741198907,0.6227166165949992
2853,1.0,0.9997335667338372,0.8126634206875455,0.8616611743808656,0.9848796741198907,0.6227166165949992
2854,1.0,0.9997335667338372,0.8126634206875455,0.8616611743808656,0.9848796741198907,0.6227166165949992
2855,1.0,0.9997335667338372,0.8126634206875455,0.8616611743808656,0.9848796741198907,0.6227166165949992
2856,1.0,0.9997272061375367,0.811510017074525,0.8574301678386579,0.9837042783418327,0.6163259225027107
2857,1.0,0.9997272061375367,0.811510017074525,0.8574301678386579,0.9837042783418327,0.6163259225027107
2858,1.0,0.9997272061375367,0.811510017074525,0.8574301678386579,0.9837042783418327,0.6163259225027107
2859,1.0,0.9997272061375367,0.811510017074525,0.8574301678386579,0.9837042783418327,0.6163259225027107
2860,1.0,0.9997272061375367,0.811510017074525,0.8574301678386579,0.9837042783418327,0.6163259225027107
2861,1.0,0.9997272061375367,0.811510017074525,0.8574301678386579,0.9837042783418327,0.6163259225027107
2862,1.0,0.9997272061375367,0.811510017074525,0.8574301678386579,0.9837042783418327,0.6163259225027107
2863,1.0,0.9997272061375367,0.811510017074525,0.8574301678386579,0.9837042783418327,0.6163259225027107
2864,1.0,0.9997272061375367,0.811510017074525,0.8574301678386579,0.9837042783418327,0.6163259225027107
2865,1.0,0.9997272061375367,0.811510017074525,0.8574301678386579,0.9837042783418327,0.6163259225027107
2866,1.0,0.9997272061375367,0.811510017074525,0.8574301678386579,0.9837042783418327,0.6163259225027107
2867,1.0,0.9997272061375367,0.811510017074525,0.8574301678386579,0.9837042783418327,0.6163259225027107
2868,1.0,0.9997272061375367,0.811510017074525,0.8574301678386579,0.9837042783418327,0.6163259225027107
2869,1.0,0.9997272061375367,0.811510017074525,0.8574301678386579,0.9837042783418327,0.6163259225027107
2870,1.0,0.9997272061375367,0.811510017074525,0.8574301678386579,0.9837042783418327,0.6163259225027107
2871,1.0,0.9997272061375367,0.811510017074525,0.8574301678386579,0.9837042783418327,0.6163259225027107
2872,1.0,0.9997272061375367,0.811510017074525,0.8574301678386579,0.9837042783418327,0.6163259225027107
2873,1.0,0.9997272061375367,0.811510017074525,0.8574301678386579,0.9837042783418327,0.6163259225027107
2874,1.0,0.9997272061375367,0.811510017074525,0.8574301678386579,0.9837042783418327,0.6163259225027107
2875,1.0,0.9997272061375367,0.811510017074525,0.8574301678386579,0.9837042783418327,0.6163259225027107
2876,1.0,0.9997272061375367,0.811510017074525,0.8574301678386579,0.9837042783418327,0.6163259225027107
2877,1.0,0.9997272061375367,0.811510017074525,0.8574301678386579,0.9837042783418327,0.6163259225027107
2878,1.0,0.9997272061375367,0.811510017074525,0.8574301678386579,0.9837042783418327,0.6163259225027107
2879,1.0,0.9997272061375367,0.811510017074525,0.8574301678386579,0.9837042783418327,0.6163259225027107
2880,1.0,0.9997181017801168,0.8079915893877403,0.8520784228586574,0.9796573696046558,0.6083688684520524
2881,1.0,0.9997181017801168,0.8079915893877403,0.8520784228586574,0.9796573696046558,0.6083688684520524
2882,1.0,0.9997181017801168,0.8079915893877403,0.8520784228586574,0.9796573696046558,0.6083688684520524
2883,1.0,0.9997181017801168,0.8079915893877403,0.8520784228586574,0.9796573696046558,0.6083688684520524
2884,1.0,0.9997181017801168,0.8079915893877403,0.8520784228586574,0.9796573696046558,0.6083688684520524
2885,1.0,0.9997181017801168,0.8079915893877403,0.8520784228586574,0.9796573696046558,0.6083688684520524
2886,1.0,0.9997181017801168,0.8079915893877403,0.8520784228586574,0.9796573696046558,0.6083688684520524
2887,1.0,0.9997181017801168,0.8079915893877403,0.8520784228586574,0.9796573696046558,0.6083688684520524
2888,1.0,0.9997181017801168,0.8079915893877403,0.8520784228586574,0.9796573696046558,0.6083688684520524
2889,1.0,0.9997181017801168,0.8079915893877403,0.8520784228586574,0.9796573696046558,0.6083688684520524
2890,1.0,0.9997181017801168,0.8079915893877403,0.8520784228586574,0.9796573696046558,0.6083688684520524
2891,1.0,0.9997181017801168,0.8079915893877403,0.8520784228586574,0.9796573696046558,0.6083688684520524
2892,1.0,0.9997181017801168,0.8079915893877403,0.8520784228586574,0.9796573696046558,0.6083688684520524
2893,1.0,0.9997181017801168,0.8079915893877403,0.8520784228586574,0.9796573696046558,0.6083688684520524
2894,1.0,0.9997181017801168,0.8079915893877403,0.8520784228586574,0.9796573696046558,0.6083688684520524
2895,1.0,0.9997181017801168,0.8079915893877403,0.8520784228586574,0.9796573696046558,0.6083688684520524
2896,1.0,0.9997181017801168,0.8079915893877403,0.8520784228586574,0.9796573696046558,0.6083688684520524
2897,1.0,0.9997181017801168,0.8079915893877403,0.8520784228586574,0.9796573696046558,0.6083688684520524
2898,1.0,0.9997181017801168,0.8079915893877403,0.8520784228586574,0.9796573696046558,0.6083688684520524
2899,1.0,0.9997181017801168,0.8079915893877403,0.8520784228586574,0.9796573696046558,0.6083688684520524
2900,1.0,0.9997181017801168,0.8079915893877403,0.8520784228586574,0.9796573696046558,0.6083688684520524
2901,1.0,0.9997181017801168,0.8079915893877403,0.8520784228586574,0.9796573696046558,0.6083688684520524
2902,1.0,0.9997181017801168,0.8079915893877403,0.8520784228586574,0.9796573696046558,0.6083688684520524
2903,1.0,0.9997181017801168,0.8079915893877403,0.8520784228586574,0.9796573696046558,0.6083688684520524
2904,1.0,0.9997133569232894,0.8079332607651425,0.848631562466564,0.9791436704741524,0.6030225569329427
2905,1.0,0.9997133569232894,0.8079332607651425,0.848631562466564,0.9791436704741524,0.6030225569329427
2906,1.0,0.9997133569232894,0.8079332607651425,0.848631562466564,0.9791436704741524,0.6030225569329427
2907,1.0,0.9997133569232894,0.8079332607651425,0.848631562466564,0.9791436704741524,0.6030225569329427
2908,1.0,0.9997133569232894,0.8079332607651425,0.848631562466564,0.9791436704741524,0.6030225569329427
2909,1.0,0.9997133569232894,0.8079332607651425,0.848631562466564,0.9791436704741524,0.6030225569329427
2910,1.0,0.9997133569232894,0.8079332607651425,0.848631562466564,0.9791436704741524,0.6030225569329427
2911,1.0,0.9997133569232894,0.8079332607651425,0.848631562466564,0.9791436704741524,0.6030225569329427
2912,1.0,0.9997133569232894,0.8079332607651425,0.848631562466564,0.9791436704741524,0.6030225569329427
2913,1.0,0.9997133569232894,0.8079332607651425,0.848631562466564,0.9791436704741524,0.6030225569329427
2914,1.0,0.9997133569232894,0.8079332607651425,0.848631562466564,0.9791436704741524,0.6030225569329427
2915,1.0,0.9997133569232894,0.8079332607651425,0.848631562466564,0.9791436704741524,0.6030225569329427
2916,1.0,0.9997133569232894,0.8079332607651425,0.848631562466564,0.9791436704741524,0.6030225569329427
2917,1.0,0.9997133569232894,0.8079332607651425,0.848631562466564,0.9791436704741524,0.6030225569329427
2918,1.0,0.9997133569232894,0.8079332607651425,0.848631562466564,0.9791436704741524,0.6030225569329427
2919,1.0,0.9997133569232894,0.8079332607651425,0.848631562466564,0.9791436704741524,0.6030225569329427
2920,1.0,0.9997133569232894,0.8079332607651425,0.848631562466564,0.9791436704741524,0.6030225569329427
2921,1.0,0.9997133569232894,0.8079332607651425,0.848631562466564,0.9791436704741524,0.6030225569329427
2922,1.0,0.9997133569232894,0.8079332607651425,0.848631562466564,0.9791436704741524,0.6030225569329427
2923,1.0,0.9997133569232894,0.8079332607651425,0.848631562466564,0.9791436704741524,0.6030225569329427
2924,1.0,0.9997133569232894,0.8079332607651425,0.848631562466564,0.9791436704741524,0.6030225569329427
2925,1.0,0.9997133569232894,0.8079332607651425,0.848631562466564,0.9791436704741524,0.6030225569329427
2926,1.0,0.9997133569232894,0.8079332607651425,0.848631562466564,0.9791436704741524,0.6030225569329427
2927,1.0,0.9997133569232894,0.8079332607651425,0.848631562466564,0.9791436704741524,0.6030225569329427
2928,1.0,0.9997026619524019,0.8009771084397889,0.8432518724892631,0.9727814318511382,0.5947882688957026
2929,1.0,0.9997026619524019,0.8009771084397889,0.8432518724892631,0.9727814318511382,0.5947882688957026
2930,1.0,0.9997026619524019,0.8009771084397889,0.8432518724892631,0.9727814318511382,0.5947882688957026
2931,1.0,0.9997026619524019,0.8009771084397889,0.8432518724892631,0.9727814318511382,0.5947882688957026
2932,1.0,0.9997026619524019,0.8009771084397889,0.8432518724892631,0.9727814318511382,0.5947882688957026
2933,1.0,0.9997026619524019,0.8009771084397889,0.8432518724892631,0.9727814318511382,0.5947882688957026
2934,1.0,0.9997026619524019,0.8009771084397889,0.8432518724892631,0.9727814318511382,0.5947882688957026
2935,1.0,0.9997026619524019,0.8009771084397889,0.8432518724892631,0.9727814318511382,0.5947882688957026
2936,1.0,0.9997026619524019,0.8009771084397889,0.8432518724892631,0.9727814318511382,0.5947882688957026
2937,1.0,0.9997026619524019,0.8009771084397889,0.8432518724892631,0.9727814318511382,0.5947882688957026
2938,1.0,0.9997026619524019,0.8009771084397889,0.8432518724892631,0.9727814318511382,0.5947882688957026
2939,1.0,0.9997026619524019,0.8009771084397889,0.8432518724892631,0.9727814318511382,0.5947882688957026
2940,1.0,0.9997026619524019,0.8009771084397889,0.8432518724892631,0.9727814318511382,0.5947882688957026
2941,1.0,0.9997026619524019,0.8009771084397889,0.8432518724892631,0.9727814318511382,0.5947882688957026
2942,1.0,0.9997026619524019,0.8009771084397889,0.8432518724892631,0.9727814318511382,0.5947882688957026
2943,1.0,0.9997026619524019,0.8009771084397889,0.8432518724892631,0.9727814318511382,0.5947882688957026
2944,1.0,0.9997026619524019,0.8009771084397889,0.8432518724892631,0.9727814318511382,0.5947882688957026
2945,1.0,0.9997026619524019,0.8009771084397889,0.8432518724892631,0.9727814318511382,0.5947882688957026
2946,1.0,0.9997026619524019,0.8009771084397889,0.8432518724892631,0.9727814318511382,0.5947882688957026
2947,1.0,0.9997026619524019,0.8009771084397889,0.8432518724892631,0.9727814318511382,0.5947882688957026
2948,1.0,0.9997026619524019,0.8009771084397889,0.8432518724892631,0.9727814318511382,0.5947882688957026
2949,1.0,0.9997026619524019,0.8009771084397889,0.8432518724892631,0.9727814318511382,0.5947882688957026
2950,1.0,0.9997026619524019,0.8009771084397889,0.8432518724892631,0.9727814318511382,0.5947882688957026
2951,1.0,0.9997026619524019,0.8009771084397889,0.8432518724892631,0.9727814318511382,0.5947882688957026
2952,1.0,0.9996934193837945,0.7945869701081768,0.8386849255243076,0.9669273846016417,0.5875502314726188
2953,1.0,0.9996934193837945,0.7945869701081768,0.8386849255243076,0.9669273846016417,0.5875502314726188
2954,1.0,0.9996934193837945,0.7945869701081768,0.8386849255243076,0.9669273846016417,0.5875502314726188
2955,1.0,0.9996934193837945,0.7945869701081768,0.8386849255243076,0.9669273846016417,0.5875502314726188
2956,1.0,0.9996934193837945,0.7945869701081768,0.8386849255243076,0.9669273846016417,0.5875502314726188
2957,1.0,0.9996934193837945,0.7945869701081768,0.8386849255243076,0.9669273846016417,0.5875502314726188
2958,1.0,0.9996934193837945,0.7945869701081768,0.8386849255243076,0.9669273846016417,0.5875502314726188
2959,1.0,0.9996934193837945,0.7945869701081768,0.8386849255243076,0.9669273846016417,0.5875502314726188
2960,1.0,0.9996934193837945,0.7945869701081768,0.8386849255243076,0.9669273846016417,0.5875502314726188
2961,1.0,0.9996934193837945,0.7945869701081768,0.8386849255243076,0.9669273846016417,0.5875502314726188
2962,1.0,0.9996934193837945,0.7945869701081768,0.8386849255243076,0.9669273846016417,0.5875502314726188
2963,1.0,0.9996934193837945,0.7945869701081768,0.8386849255243076,0.9669273846016417,0.5875502314726188
2964,1.0,0.9996934193837945,0.7945869701081768,0.8386849255243076,0.9669273846016417,0.5875502314726188
2965,1.0,0.9996934193837945,0.7945869701081768,0.8386849255243076,0.9669273846016417,0.5875502314726188
2966,1.0,0.9996934193837945,0.7945869701081768,0.8386849255243076,0.9669273846016417,0.5875502314726188
2967,1.0,0.9996934193837945,0.7945869701081768,0.8386849255243076,0.9669273846016417,0.5875502314726188
2968,1.0,0.9996934193837945,0.7945869701081768,0.8386849255243076,0.9669273846016417,0.5875502314726188
2969,1.0,0.9996934193837945,0.7945869701081768,0.8386849255243076,0.9669273846016417,0.5875502314726188
2970,1.0,0.9996934193837945,0.7945869701081768,0.8386849255243076,0.9669273846016417,0.5875502314726188
2971,1.0,0.9996934193837945,0.7945869701081768,0.8386849255243076,0.9669273846016417,0.5875502314726188
2972,1.0,0.9996934193837945,0.7945869701081768,0.8386849255243076,0.9669273846016417,0.5875502314726188
2973,1.0,0.9996934193837945,0.7945869701081768,0.8386849255243076,0.9669273846016417,0.5875502314726188
2974,1.0,0.9996934193837945,0.7945869701081768,0.8386849255243076,0.9669273846016417,0.5875502314726188
2975,1.0,0.9996934193837945,0.7945869701081768,0.8386849255243076,0.9669273846016417,0.5875502314726188
2976,1.0,0.9996871375124082,0.7905151061978871,0.8354870818650001,0.9624360192643735,0.5823459496669576
2977,1.0,0.9996871375124082,0.7905151061978871,0.8354870818650001,0.9624360192643735,0.5823459496669576
2978,1.0,0.9996871375124082,0.7905151061978871,0.8354870818650001,0.9624360192643735,0.5823459496669576
2979,1.0,0.9996871375124082,0.7905151061978871,0.8354870818650001,0.9624360192643735,0.5823459496669576
2980,1.0,0.9996871375124082,0.7905151061978871,0.8354870818650001,0.9624360192643735,0.5823459496669576
2981,1.0,0.9996871375124082,0.7905151061978871,0.8354870818650001,0.9624360192643735,0.5823459496669576
2982,1.0,0.9996871375124082,0.7905151061978871,0.8354870818650001,0.9624360192643735,0.5823459496669576
2983,1.0,0.9996871375124082,0.7905151061978871,0.8354870818650001,0.9624360192643735,0.5823459496669576
2984,1.0,0.9996871375124082,0.7905151061978871,0.8354870818650001,0.9624360192643735,0.5823459496669576
2985,1.0,0.9996871375124082,0.7905151061978871,0.8354870818650001,0.9624360192643735,0.5823459496669576
2986,1.0,0.9996871375124082,0.7905151061978871,0.8354870818650001,0.9624360192643735,0.5823459496669576
2987,1.0,0.9996871375124082,0.7905151061978871,0.8354870818650001,0.9624360192643735,0.5823459496669576
2988,1.0,0.9996871375124082,0.7905151061978871,0.8354870818650001,0.9624360192643735,0.5823459496669576
2989,1.0,0.9996871375124082,0.7905151061978871,0.8354870818650001,0.9624360192643735,0.5823459496669576
2990,1.0,0.9996871375124082,0.7905151061978871,0.8354870818650001,0.9624360192643735,0.5823459496669576
2991,1.0,0.9996871375124082,0.7905151061978871,0.8354870818650001,0.9624360192643735,0.5823459496669576
2992,1.0,0.9996871375124082,0.7905151061978871,0.8354870818650001,0.9624360192643735,0.5823459496669576
2993,1.0,0.9996871375124082,0.7905151061978871,0.8354870818650001,0.9624360192643735,0.5823459496669576
2994,1.0,0.9996871375124082,0.7905151061978871,0.8354870818650001,0.9624360192643735,0.5823459496669576
2995,1.0,0.9996871375124082,0.7905151061978871,0.8354870818650001,0.9624360192643735,0.5823459496669576
2996,1.0,0.9996871375124082,0.7905151061978871,0.8354870818650001,0.9624360192643735,0.5823459496669576
2997,1.0,0.9996871375124082,0.7905151061978871,0.8354870818650001,0.9624360192643735,0.5823459496669576
2998,1.0,0.9996871375124082,0.7905151061978871,0.8354870818650001,0.9624360192643735,0.5823459496669576
2999,1.0,0.9996871375124082,0.7905151061978871,0.8354870818650001,0.9624360192643735,0.5823459496669576
3000,1.0,0.9996827875567535,0.7878379534749359,0.833227115072258,0.9593791109767601,0.5784873442589021
3001,1.0,0.9996827875567535,0.7878379534749359,0.833227115072258,0.9593791109767601,0.5784873442589021
3002,1.0,0.9996827875567535,0.7878379534749359,0.833227115072258,0.9593791109767601,0.5784873442589021
3003,1.0,0.9996827875567535,0.7878379534749359,0.833227115072258,0.9593791109767601,0.5784873442589021
3004,1.0,0.9996827875567535,0.7878379534749359,0.833227115072258,0.9593791109767601,0.5784873442589021
3005,1.0,0.9996827875567535,0.7878379534749359,0.833227115072258,0.9593791109767601,0.5784873442589021
3006,1.0,0.9996827875567535,0.7878379534749359,0.833227115072258,0.9593791109767601,0.5784873442589021
3007,1.0,0.9996827875567535,0.7878379534749359,0.833227115072258,0.9593791109767601,0.5784873442589021
3008,1.0,0.9996827875567535,0.7878379534749359,0.833227115072258,0.9593791109767601,0.5784873442589021
3009,1.0,0.9996827875567535,0.7878379534749359,0.833227115072258,0.9593791109767601,0.5784873442589021
3010,1.0,0.9996827875567535,0.7878379534749359,0.833227115072258,0.9593791109767601,0.5784873442589021
3011,1.0,0.9996827875567535,0.7878379534749359,0.833227115072258,0.9593791109767601,0.5784873442589021
3012,1.0,0.9996827875567535,0.7878379534749359,0.833227115072258,0.9593791109767601,0.5784873442589021
3013,1.0,0.9996827875567535,0.7878379534749359,0.833227115072258,0.9593791109767601,0.5784873442589021
3014,1.0,0.9996827875567535,0.7878379534749359,0.833227115072258,0.9593791109767601,0.5784873442589021
3015,1.0,0.9996827875567535,0.7878379534749359,0.833227115072258,0.9593791109767601,0.5784873442589021
3016,1.0,0.9996827875567535,0.7878379534749359,0.833227115072258,0.9593791109767601,0.5784873442589021
3017,1.0,0.9996827875567535,0.7878379534749359,0.833227115072258,0.9593791109767601,0.5784873442589021
3018,1.0,0.9996827875567535,0.7878379534749359,0.833227115072258,0.9593791109767601,0.5784873442589021
3019,1.0,0.9996827875567535,0.7878379534749359,0.833227115072258,0.9593791109767601,0.5784873442589021
3020,1.0,0.9996827875567535,0.7878379534749359,0.833227115072258,0.9593791109767601,0.5784873442589021
3021,1.0,0.9996827875567535,0.7878379534749359,0.833227115072258,0.9593791109767601,0.5784873442589021
3022,1.0,0.9996827875567535,0.7878379534749359,0.833227115072258,0.9593791109767601,0.5784873442589021
3023,1.0,0.9996827875567535,0.7878379534749359,0.833227115072258,0.9593791109767601,0.5784873442589021
3024,1.0,0.9996771553556231,0.7842841086172538,0.8302867516241358,0.955310911620146,0.5737583197892384
3025,1.0,0.9996771553556231,0.7842841086172538,0.8302867516241358,0.955310911620146,0.5737583197892384
3026,1.0,0.9996771553556231,0.7842841086172538,0.8302867516241358,0.955310911620146,0.5737583197892384
3027,1.0,0.9996771553556231,0.7842841086172538,0.8302867516241358,0.955310911620146,0.5737583197892384
3028,1.0,0.9996771553556231,0.7842841086172538,0.8302867516241358,0.955310911620146,0.5737583197892384
3029,1.0,0.9996771553556231,0.7842841086172538,0.8302867516241358,0.955310911620146,0.5737583197892384
3030,1.0,0.9996771553556231,0.7842841086172538,0.8302867516241358,0.955310911620146,0.5737583197892384
3031,1.0,0.9996771553556231,0.7842841086172538,0.8302867516241358,0.955310911620146,0.5737583197892384
3032,1.0,0.9996771553556231,0.7842841086172538,0.8302867516241358,0.955310911620146,0.5737583197892384
3033,1.0,0.9996771553556231,0.7842841086172538,0.8302867516241358,0.955310911620146,0.5737583197892384
3034,1.0,0.9996771553556231,0.7842841086172538,0.8302867516241358,0.955310911620146,0.5737583197892384
3035,1.0,0.9996771553556231,0.7842841086172538,0.8302867516241358,0.955310911620146,0.5737583197892384
3036,1.0,0.9996771553556231,0.7842841086172538,0.8302867516241358,0.955310911620146,0.5737583197892384
3037,1.0,0.9996771553556231,0.7842841086172538,0.8302867516241358,0.955310911620146,0.5737583197892384
3038,1.0,0.9996771553556231,0.7842841086172538,0.8302867516241358,0.955310911620146,0.5737583197892384
3039,1.0,0.9996771553556231,0.7842841086172538,0.8302867516241358,0.955310911620146,0.5737583197892384
3040,1.0,0.9996771553556231,0.7842841086172538,0.8302867516241358,0.955310911620146,0.5737583197892384
3041,1.0,0.9996771553556231,0.7842841086172538,0.8302867516241358,0.955310911620146,0.5737583197892384
3042,1.0,0.9996771553556231,0.7842841086172538,0.8302867516241358,0.955310911620146,0.5737583197892384
3043,1.0,0.9996771553556231,0.7842841086172538,0.8302867516241358,0.955310911620146,0.5737583197892384
3044,1.0,0.9996771553556231,0.7842841086172538,0.8302867516241358,0.955310911620146,0.5737583197892384
3045,1.0,0.9996771553556231,0.7842841086172538,0.8302867516241358,0.955310911620146,0.5737583197892384
3046,1.0,0.9996771553556231,0.7842841086172538,0.8302867516241358,0.955310911620146,0.5737583197892384
3047,1.0,0.9996771553556231,0.7842841086172538,0.8302867516241358,0.955310911620146,0.5737583197892384
3048,1.0,0.9996682259600108,0.7778310525585516,0.8259605959422925,0.9491241296014751,0.5623063016316913
3049,1.0,0.9996682259600108,0.7778310525585516,0.8259605959422925,0.9491241296014751,0.5623063016316913
3050,1.0,0.9996682259600108,0.7778310525585516,0.8259605959422925,0.9491241296014751,0.5623063016316913
3051,1.0,0.9996682259600108,0.7778310525585516,0.8259605959422925,0.9491241296014751,0.5623063016316913
3052,1.0,0.9996682259600108,0.7778310525585516,0.8259605959422925,0.9491241296014751,0.5623063016316913
3053,1.0,0.9996682259600108,0.7778310525585516,0.8259605959422925,0.9491241296014751,0.5623063016316913
3054,1.0,0.9996682259600108,0.7778310525585516,0.8259605959422925,0.9491241296014751,0.5623063016316913
3055,1.0,0.9996682259600108,0.7778310525585516,0.8259605959422925,0.9491241296014751,0.5623063016316913
3056,1.0,0.9996682259600108,0.7778310525585516,0.8259605959422925,0.9491241296014751,0.5623063016316913
3057,1.0,0.9996682259600108,0.7778310525585516,0.8259605959422925,0.9491241296014751,0.5623063016316913
3058,1.0,0.9996682259600108,0.7778310525585516,0.8259605959422925,0.9491241296014751,0.5623063016316913
3059,1.0,0.9996682259600108,0.7778310525585516,0.8259605959422925,0.9491241296014751,0.5623063016316913
3060,1.0,0.9996682259600108,0.7778310525585516,0.8259605959422925,0.9491241296014751,0.5623063016316913
3061,1.0,0.9996682259600108,0.7778310525585516,0.8259605959422925,0.9491241296014751,0.5623063016316913
3062,1.0,0.9996682259600108,0.7778310525585516,0.8259605959422925,0.9491241296014751,0.5623063016316913
3063,1.0,0.9996682259600108,0.7778310525585516,0.8259605959422925,0.9491241296014751,0.5623063016316913
3064,1.0,0.9996682259600108,0.7778310525585516,0.8259605959422925,0.9491241296014751,0.5623063016316913
3065,1.0,0.9996682259600108,0.7778310525585516,0.8259605959422925,0.9491241296014751,0.5623063016316913
3066,1.0,0.9996682259600108,0.7778310525585516,0.8259605959422925,0.9491241296014751,0.5623063016316913
3067,1.0,0.9996682259600108,0.7778310525585516,0.8259605959422925,0.9491241296014751,0.5623063016316913
3068,1.0,0.9996682259600108,0.7778310525585516,0.8259605959422925,0.9491241296014751,0.5623063016316913
3069,1.0,0.9996682259600108,0.7778310525585516,0.8259605959422925,0.9491241296014751,0.5623063016316913
3070,1.0,0.9996682259600108,0.7778310525585516,0.8259605959422925,0.9491241296014751,0.5623063016316913
3071,1.0,0.9996682259600108,0.7778310525585516,0.8259605959422925,0.9491241296014751,0.5623063016316913
3072,1.0,0.9996590615658983,0.7712833471911332,0.8214894253655834,0.9430323288404385,0.547727628034267
3073,1.0,0.9996590615658983,0.7712833471911332,0.8214894253655834,0.9430323288404385,0.547727628034267
3074,1.0,0.9996590615658983,0.7712833471911332,0.8214894253655834,0.9430323288404385,0.547727628034267
3075,1.0,0.9996590615658983,0.7712833471911332,0.8214894253655834,0.9430323288404385,0.547727628034267
3076,1.0,0.9996590615658983,0.7712833471911332,0.8214894253655834,0.9430323288404385,0.547727628034267
3077,1.0,0.9996590615658983,0.7712833471911332,0.8214894253655834,0.9430323288404385,0.547727628034267
3078,1.0,0.9996590615658983,0.7712833471911332,0.8214894253655834,0.9430323288404385,0.547727628034267
3079,1.0,0.9996590615658983,0.7712833471911332,0.8214894253655834,0.9430323288404385,0.547727628034267
3080,1.0,0.9996590615658983,0.7712833471911332,0.8214894253655834,0.9430323288404385,0.547727628034267
3081,1.0,0.9996590615658983,0.7712833471911332,0.8214894253655834,0.9430323288404385,0.547727628034267
3082,1.0,0.9996590615658983,0.7712833471911332,0.8214894253655834,0.9430323288404385,0.547727628034267
3083,1.0,0.9996590615658983,0.7712833471911332,0.8214894253655834,0.9430323288404385,0.547727628034267
3084,1.0,0.9996590615658983,0.7712833471911332,0.8214894253655834,0.9430323288404385,0.547727628034267
3085,1.0,0.9996590615658983,0.7712833471911332,0.8214894253655834,0.9430323288404385,0.547727628034267
3086,1.0,0.9996590615658983,0.7712833471911332,0.8214894253655834,0.9430323288404385,0.547727628034267
3087,1.0,0.9996590615658983,0.7712833471911332,0.8214894253655834,0.9430323288404385,0.547727628034267
3088,1.0,0.9996590615658983,0.7712833471911332,0.8214894253655834,0.9430323288404385,0.547727628034267
3089,1.0,0.9996590615658983,0.7712833471911332,0.8214894253655834,0.9430323288404385,0.547727628034267
3090,1.0,0.9996590615658983,0.7712833471911332,0.8214894253655834,0.9430323288404385,0.547727628034267
3091,1.0,0.9996590615658983,0.7712833471911332,0.8214894253655834,0.9430323288404385,0.547727628034267
3092,1.0,0.9996590615658983,0.7712833471911332,0.8214894253655834,0.9430323288404385,0.547727628034267
3093,1.0,0.9996590615658983,0.7712833471911332,0.8214894253655834,0.9430323288404385,0.547727628034267
3094,1.0,0.9996590615658983,0.7712833471911332,0.8214894253655834,0.9430323288404385,0.547727628034267
3095,1.0,0.9996590615658983,0.7712833471911332,0.8214894253655834,0.9430323288404385,0.547727628034267
3096,1.0,0.9996516903833371,0.7659662480488404,0.8180212691826835,0.9374819315491697,0.5359315783841759
3097,1.0,0.9996516903833371,0.7659662480488404,0.8180212691826835,0.9374819315491697,0.5359315783841759
3098,1.0,0.9996516903833371,0.7659662480488404,0.8180212691826835,0.9374819315491697,0.5359315783841759
3099,1.0,0.9996516903833371,0.7659662480488404,0.8180212691826835,0.9374819315491697,0.5359315783841759
3100,1.0,0.9996516903833371,0.7659662480488404,0.8180212691826835,0.9374819315491697,0.5359315783841759
3101,1.0,0.9996516903833371,0.7659662480488404,0.8180212691826835,0.9374819315491697,0.5359315783841759
3102,1.0,0.9996516903833371,0.7659662480488404,0.8180212691826835,0.9374819315491697,0.5359315783841759
3103,1.0,0.9996516903833371,0.7659662480488404,0.8180212691826835,0.9374819315491697,0.5359315783841759
3104,1.0,0.9996516903833371,0.7659662480488404,0.8180212691826835,0.9374819315491697,0.5359315783841759
3105,1.0,0.9996516903833371,0.7659662480488404,0.8180212691826835,0.9374819315491697,0.5359315783841759
3106,1.0,0.9996516903833371,0.7659662480488404,0.8180212691826835,0.9374819315491697,0.5359315783841759
3107,1.0,0.9996516903833371,0.7659662480488404,0.8180212691826835,0.9374819315491697,0.5359315783841759
3108,1.0,0.9996516903833371,0.7659662480488404,0.8180212691826835,0.9374819315491697,0.5359315783841759
3109,1.0,0.9996516903833371,0.7659662480488404,0.8180212691826835,0.9374819315491697,0.5359315783841759
3110,1.0,0.9996516903833371,0.7659662480488404,0.8180212691826835,0.9374819315491697,0.5359315783841759
3111,1.0,0.9996516903833371,0.7659662480488404,0.8180212691826835,0.9374819315491697,0.5359315783841759
3112,1.0,0.9996516903833371,0.7659662480488404,0.8180212691826835,0.9374819315491697,0.5359315783841759
3113,1.0,0.9996516903833371,0.7659662480488404,0.8180212691826835,0.9374819315491697,0.5359315783841759
3114,1.0,0.9996516903833371,0.7659662480488404,0.8180212691826835,0.9374819315491697,0.5359315783841759
3115,1.0,0.9996516903833371,0.7659662480488404,0.8180212691826835,0.9374819315491697,0.5359315783841759
3116,1.0,0.9996516903833371,0.7659662480488404,0.8180212691826835,0.9374819315491697,0.5359315783841759
3117,1.0,0.9996516903833371,0.7659662480488404,0.8180212691826835,0.9374819315491697,0.5359315783841759
3118,1.0,0.9996516903833371,0.7659662480488404,0.8180212691826835,0.9374819315491697,0.5359315783841759
3119,1.0,0.9996516903833371,0.7659662480488404,0.8180212691826835,0.9374819315491697,0.5359315783841759
3120,1.0,0.9996473851870676,0.7636465055710949,0.8155341806375193,0.9346989263106059,0.5278000384862974
3121,1.0,0.9996473851870676,0.7636465055710949,0.8155341806375193,0.9346989263106059,0.5278000384862974
3122,1.0,0.9996473851870676,0.7636465055710949,0.8155341806375193,0.9346989263106059,0.5278000384862974
3123,1.0,0.9996473851870676,0.7636465055710949,0.8155341806375193,0.9346989263106059,0.5278000384862974
3124,1.0,0.9996473851870676,0.7636465055710949,0.8155341806375193,0.9346989263106059,0.5278000384862974
3125,1.0,0.9996473851870676,0.7636465055710949,0.8155341806375193,0.9346989263106059,0.5278000384862974
3126,1.0,0.9996473851870676,0.7636465055710949,0.8155341806375193,0.9346989263106059,0.5278000384862974
3127,1.0,0.9996473851870676,0.7636465055710949,0.8155341806375193,0.9346989263106059,0.5278000384862974
3128,1.0,0.9996473851870676,0.7636465055710949,0.8155341806375193,0.9346989263106059,0.5278000384862974
3129,1.0,0.9996473851870676,0.7636465055710949,0.8155341806375193,0.9346989263106059,0.5278000384862974
3130,1.0,0.9996473851870676,0.7636465055710949,0.8155341806375193,0.9346989263106059,0.5278000384862974
3131,1.0,0.9996473851870676,0.7636465055710949,0.8155341806375193,0.9346989263106059,0.5278000384862974
3132,1.0,0.9996473851870676,0.7636465055710949,0.8155341806375193,0.9346989263106059,0.5278000384862974
3133,1.0,0.9996473851870676,0.7636465055710949,0.8155341806375193,0.9346989263106059,0.5278000384862974
3134,1.0,0.9996473851870676,0.7636465055710949,0.8155341806375193,0.9346989263106059,0.5278000384862974
3135,1.0,0.9996473851870676,0.7636465055710949,0.8155341806375193,0.9346989263106059,0.5278000384862974
3136,1.0,0.9996473851870676,0.7636465055710949,0.8155341806375193,0.9346989263106059,0.5278000384862974
3137,1.0,0.9996473851870676,0.7636465055710949,0.8155341806375193,0.9346989263106059,0.5278000384862974
3138,1.0,0.9996473851870676,0.7636465055710949,0.8155341806375193,0.9346989263106059,0.5278000384862974
3139,1.0,0.9996473851870676,0.7636465055710949,0.8155341806375193,0.9346989263106059,0.5278000384862974
3140,1.0,0.9996473851870676,0.7636465055710949,0.8155341806375193,0.9346989263106059,0.5278000384862974
3141,1.0,0.9996473851870676,0.7636465055710949,0.8155341806375193,0.9346989263106059,0.5278000384862974
3142,1.0,0.9996473851870676,0.7636465055710949,0.8155341806375193,0.9346989263106059,0.5278000384862974
3143,1.0,0.9996473851870676,0.7636465055710949,0.8155341806375193,0.9346989263106059,0.5278000384862974
3144,1.0,0.9996422833305371,0.7574005546826593,0.8140646787447671,0.9292296003060981,0.5223866633527541
3145,1.0,0.9996422833305371,0.7574005546826593,0.8140646787447671,0.9292296003060981,0.5223866633527541
3146,1.0,0.9996422833305371,0.7574005546826593,0.8140646787447671,0.9292296003060981,0.5223866633527541
3147,1.0,0.9996422833305371,0.7574005546826593,0.8140646787447671,0.9292296003060981,0.5223866633527541
3148,1.0,0.9996422833305371,0.7574005546826593,0.8140646787447671,0.9292296003060981,0.5223866633527541
3149,1.0,0.9996422833305371,0.7574005546826593,0.8140646787447671,0.9292296003060981,0.5223866633527541
3150,1.0,0.9996422833305371,0.7574005546826593,0.8140646787447671,0.9292296003060981,0.5223866633527541
3151,1.0,0.9996422833305371,0.7574005546826593,0.8140646787447671,0.9292296003060981,0.5223866633527541
3152,1.0,0.9996422833305371,0.7574005546826593,0.8140646787447671,0.9292296003060981,0.5223866633527541
3153,1.0,0.9996422833305371,0.7574005546826593,0.8140646787447671,0.9292296003060981,0.5223866633527541
3154,1.0,0.9996422833305371,0.7574005546826593,0.8140646787447671,0.9292296003060981,0.5223866633527541
3155,1.0,0.9996422833305371,0.7574005546826593,0.8140646787447671,0.9292296003060981,0.5223866633527541
3156,1.0,0.9996422833305371,0.7574005546826593,0.8140646787447671,0.9292296003060981,0.5223866633527541
3157,1.0,0.9996422833305371,0.7574005546826593,0.8140646787447671,0.9292296003060981,0.5223866633527541
3158,1.0,0.9996422833305371,0.7574005546826593,0.8140646787447671,0.9292296003060981,0.5223866633527541
3159,1.0,0.9996422833305371,0.7574005546826593,0.8140646787447671,0.9292296003060981,0.5223866633527541
3160,1.0,0.9996422833305371,0.7574005546826593,0.8140646787447671,0.9292296003060981,0.5223866633527541
3161,1.0,0.9996422833305371,0.7574005546826593,0.8140646787447671,0.9292296003060981,0.5223866633527541
3162,1.0,0.9996422833305371,0.7574005546826593,0.8140646787447671,0.9292296003060981,0.5223866633527541
3163,1.0,0.9996422833305371,0.7574005546826593,0.8140646787447671,0.9292296003060981,0.5223866633527541
3164,1.0,0.9996422833305371,0.7574005546826593,0.8140646787447671,0.9292296003060981,0.5223866633527541
3165,1.0,0.9996422833305371,0.7574005546826593,0.8140646787447671,0.9292296003060981,0.5223866633527541
3166,1.0,0.9996422833305371,0.7574005546826593,0.8140646787447671,0.9292296003060981,0.5223866633527541
3167,1.0,0.9996422833305371,0.7574005546826593,0.8140646787447671,0.9292296003060981,0.5223866633527541
3168,1.0,0.9996350928613148,0.7487957278945916,0.8120071021944703,0.9215851475168803,0.5148545893774094
3169,1.0,0.9996350928613148,0.7487957278945916,0.8120071021944703,0.9215851475168803,0.5148545893774094
3170,1.0,0.9996350928613148,0.7487957278945916,0.8120071021944703,0.9215851475168803,0.5148545893774094
3171,1.0,0.9996350928613148,0.7487957278945916,0.8120071021944703,0.9215851475168803,0.5148545893774094
3172,1.0,0.9996350928613148,0.7487957278945916,0.8120071021944703,0.9215851475168803,0.5148545893774094
3173,1.0,0.9996350928613148,0.7487957278945916,0.8120071021944703,0.9215851475168803,0.5148545893774094
3174,1.0,0.9996350928613148,0.7487957278945916,0.8120071021944703,0.9215851475168803,0.5148545893774094
3175,1.0,0.9996350928613148,0.7487957278945916,0.8120071021944703,0.9215851475168803,0.5148545893774094
3176,1.0,0.9996350928613148,0.7487957278945916,0.8120071021944703,0.9215851475168803,0.5148545893774094
3177,1.0,0.9996350928613148,0.7487957278945916,0.8120071021944703,0.9215851475168803,0.5148545893774094
3178,1.0,0.9996350928613148,0.7487957278945916,0.8120071021944703,0.9215851475168803,0.5148545893774094
3179,1.0,0.9996350928613148,0.7487957278945916,0.8120071021944703,0.9215851475168803,0.5148545893774094
3180,1.0,0.9996350928613148,0.7487957278945916,0.8120071021944703,0.9215851475168803,0.5148545893774094
3181,1.0,0.9996350928613148,0.7487957278945916,0.8120071021944703,0.9215851475168803,0.5148545893774094
3182,1.0,0.9996350928613148,0.7487957278945916,0.8120071021944703,0.9215851475168803,0.5148545893774094
3183,1.0,0.9996350928613148,0.7487957278945916,0.8120071021944703,0.9215851475168803,0.5148545893774094
3184,1.0,0.9996350928613148,0.7487957278945916,0.8120071021944703,0.9215851475168803,0.5148545893774094
3185,1.0,0.9996350928613148,0.7487957278945916,0.8120071021944703,0.9215851475168803,0.5148545893774094
3186,1.0,0.9996350928613148,0.7487957278945916,0.8120071021944703,0.9215851475168803,0.5148545893774094
3187,1.0,0.9996350928613148,0.7487957278945916,0.8120071021944703,0.9215851475168803,0.5148545893774094
3188,1.0,0.9996350928613148,0.7487957278945916,0.8120071021944703,0.9215851475168803,0.5148545893774094
3189,1.0,0.9996350928613148,0.7487957278945916,0.8120071021944703,0.9215851475168803,0.5148545893774094
3190,1.0,0.9996350928613148,0.7487957278945916,0.8120071021944703,0.9215851475168803,0.5148545893774094
3191,1.0,0.9996350928613148,0.7487957278945916,0.8120071021944703,0.9215851475168803,0.5148545893774094
3192,1.0,0.9996288183676606,0.7411917046595696,0.8040462366853736,0.9150522131565327,0.508266060284288
3193,1.0,0.9996288183676606,0.7411917046595696,0.8040462366853736,0.9150522131565327,0.508266060284288
3194,1.0,0.9996288183676606,0.7411917046595696,0.8040462366853736,0.9150522131565327,0.508266060284288
3195,1.0,0.9996288183676606,0.7411917046595696,0.8040462366853736,0.9150522131565327,0.508266060284288
3196,1.0,0.9996288183676606,0.7411917046595696,0.8040462366853736,0.9150522131565327,0.508266060284288
3197,1.0,0.9996288183676606,0.7411917046595696,0.8040462366853736,0.9150522131565327,0.508266060284288
3198,1.0,0.9996288183676606,0.7411917046595696,0.8040462366853736,0.9150522131565327,0.508266060284288
3199,1.0,0.9996288183676606,0.7411917046595696,0.8040462366853736,0.9150522131565327,0.508266060284288
3200,1.0,0.9996288183676606,0.7411917046595696,0.8040462366853736,0.9150522131565327,0.508266060284288
3201,1.0,0.9996288183676606,0.7411917046595696,0.8040462366853736,0.9150522131565327,0.508266060284288
3202,1.0,0.9996288183676606,0.7411917046595696,0.8040462366853736,0.9150522131565327,0.508266060284288
3203,1.0,0.9996288183676606,0.7411917046595696,0.8040462366853736,0.9150522131565327,0.508266060284288
3204,1.0,0.9996288183676606,0.7411917046595696,0.8040462366853736,0.9150522131565327,0.508266060284288
3205,1.0,0.9996288183676606,0.7411917046595696,0.8040462366853736,0.9150522131565327,0.508266060284288
3206,1.0,0.9996288183676606,0.7411917046595696,0.8040462366853736,0.9150522131565327,0.508266060284288
3207,1.0,0.9996288183676606,0.7411917046595696,0.8040462366853736,0.9150522131565327,0.508266060284288
3208,1.0,0.9996288183676606,0.7411917046595696,0.8040462366853736,0.9150522131565327,0.508266060284288
3209,1.0,0.9996288183676606,0.7411917046595696,0.8040462366853736,0.9150522131565327,0.508266060284288
3210,1.0,0.9996288183676606,0.7411917046595696,0.8040462366853736,0.9150522131565327,0.508266060284288
3211,1.0,0.9996288183676606,0.7411917046595696,0.8040462366853736,0.9150522131565327,0.508266060284288
3212,1.0,0.9996288183676606,0.7411917046595696,0.8040462366853736,0.9150522131565327,0.508266060284288
3213,1.0,0.9996288183676606,0.7411917046595696,0.8040462366853736,0.9150522131565327,0.508266060284288
3214,1.0,0.9996288183676606,0.7411917046595696,0.8040462366853736,0.9150522131565327,0.508266060284288
3215,1.0,0.9996288183676606,0.7411917046595696,0.8040462366853736,0.9150522131565327,0.508266060284288
3216,1.0,0.9996219016636628,0.7328509722043114,0.7906977734656261,0.9077208187429174,0.501267190735004
3217,1.0,0.9996219016636628,0.7328509722043114,0.7906977734656261,0.9077208187429174,0.501267190735004
3218,1.0,0.9996219016636628,0.7328509722043114,0.7906977734656261,0.9077208187429174,0.501267190735004
3219,1.0,0.9996219016636628,0.7328509722043114,0.7906977734656261,0.9077208187429174,0.501267190735004
3220,1.0,0.9996219016636628,0.7328509722043114,0.7906977734656261,0.9077208187429174,0.501267190735004
3221,1.0,0.9996219016636628,0.7328509722043114,0.7906977734656261,0.9077208187429174,0.501267190735004
3222,1.0,0.9996219016636628,0.7328509722043114,0.7906977734656261,0.9077208187429174,0.501267190735004
3223,1.0,0.9996219016636628,0.7328509722043114,0.7906977734656261,0.9077208187429174,0.501267190735004
3224,1.0,0.9996219016636628,0.7328509722043114,0.7906977734656261,0.9077208187429174,0.501267190735004
3225,1.0,0.9996219016636628,0.7328509722043114,0.7906977734656261,0.9077208187429174,0.501267190735004
3226,1.0,0.9996219016636628,0.7328509722043114,0.7906977734656261,0.9077208187429174,0.501267190735004
3227,1.0,0.9996219016636628,0.7328509722043114,0.7906977734656261,0.9077208187429174,0.501267190735004
3228,1.0,0.9996219016636628,0.7328509722043114,0.7906977734656261,0.9077208187429174,0.501267190735004
3229,1.0,0.9996219016636628,0.7328509722043114,0.7906977734656261,0.9077208187429174,0.501267190735004
3230,1.0,0.9996219016636628,0.7328509722043114,0.7906977734656261,0.9077208187429174,0.501267190735004
3231,1.0,0.9996219016636628,0.7328509722043114,0.7906977734656261,0.9077208187429174,0.501267190735004
3232,1.0,0.9996219016636628,0.7328509722043114,0.7906977734656261,0.9077208187429174,0.501267190735004
3233,1.0,0.9996219016636628,0.7328509722043114,0.7906977734656261,0.9077208187429174,0.501267190735004
3234,1.0,0.9996219016636628,0.7328509722043114,0.7906977734656261,0.9077208187429174,0.501267190735004
3235,1.0,0.9996219016636628,0.7328509722043114,0.7906977734656261,0.9077208187429174,0.501267190735004
3236,1.0,0.9996219016636628,0.7328509722043114,0.7906977734656261,0.9077208187429174,0.501267190735004
3237,1.0,0.9996219016636628,0.7328509722043114,0.7906977734656261,0.9077208187429174,0.501267190735004
3238,1.0,0.9996219016636628,0.7328509722043114,0.7906977734656261,0.9077208187429174,0.501267190735004
3239,1.0,0.9996219016636628,0.7328509722043114,0.7906977734656261,0.9077208187429174,0.501267190735004
3240,1.0,0.9996135784653659,0.7229073848838808,0.7741680000959805,0.8987052842749436,0.49282589275940225
3241,1.0,0.9996135784653659,0.7229073848838808,0.7741680000959805,0.8987052842749436,0.49282589275940225
3242,1.0,0.9996135784653659,0.7229073848838808,0.7741680000959805,0.8987052842749436,0.49282589275940225
3243,1.0,0.9996135784653659,0.7229073848838808,0.7741680000959805,0.8987052842749436,0.49282589275940225
3244,1.0,0.9996135784653659,0.7229073848838808,0.7741680000959805,0.8987052842749436,0.49282589275940225
3245,1.0,0.9996135784653659,0.7229073848838808,0.7741680000959805,0.8987052842749436,0.49282589275940225
3246,1.0,0.9996135784653659,0.7229073848838808,0.7741680000959805,0.8987052842749436,0.49282589275940225
3247,1.0,0.9996135784653659,0.7229073848838808,0.7741680000959805,0.8987052842749436,0.49282589275940225
3248,1.0,0.9996135784653659,0.7229073848838808,0.7741680000959805,0.8987052842749436,0.49282589275940225
3249,1.0,0.9996135784653659,0.7229073848838808,0.7741680000959805,0.8987052842749436,0.49282589275940225
3250,1.0,0.9996135784653659,0.7229073848838808,0.7741680000959805,0.8987052842749436,0.49282589275940225
3251,1.0,0.9996135784653659,0.7229073848838808,0.7741680000959805,0.8987052842749436,0.49282589275940225
3252,1.0,0.9996135784653659,0.7229073848838808,0.7741680000959805,0.8987052842749436,0.49282589275940225
3253,1.0,0.9996135784653659,0.7229073848838808,0.7741680000959805,0.8987052842749436,0.49282589275940225
3254,1.0,0.9996135784653659,0.7229073848838808,0.7741680000959805,0.8987052842749436,0.49282589275940225
3255,1.0,0.9996135784653659,0.7229073848838808,0.7741680000959805,0.8987052842749436,0.49282589275940225
3256,1.0,0.9996135784653659,0.7229073848838808,0.7741680000959805,0.8987052842749436,0.49282589275940225
3257,1.0,0.9996135784653659,0.7229073848838808,0.7741680000959805,0.8987052842749436,0.49282589275940225
3258,1.0,0.9996135784653659,0.7229073848838808,0.7741680000959805,0.8987052842749436,0.49282589275940225
3259,1.0,0.9996135784653659,0.7229073848838808,0.7741680000959805,0.8987052842749436,0.49282589275940225
3260,1.0,0.9996135784653659,0.7229073848838808,0.7741680000959805,0.8987052842749436,0.49282589275940225
3261,1.0,0.9996135784653659,0.7229073848838808,0.7741680000959805,0.8987052842749436,0.49282589275940225
3262,1.0,0.9996135784653659,0.7229073848838808,0.7741680000959805,0.8987052842749436,0.49282589275940225
3263,1.0,0.9996135784653659,0.7229073848838808,0.7741680000959805,0.8987052842749436,0.49282589275940225
3264,0.9783043027095637,0.9996040552376305,0.711594150502337,0.7551794257381957,0.8885318420146876,0.48306287920449803
3265,0.9783043027095637,0.9996040552376305,0.711594150502337,0.7551794257381957,0.8885318420146876,0.48306287920449803
3266,0.9783043027095637,0.9996040552376305,0.711594150502337,0.7551794257381957,0.8885318420146876,0.48306287920449803
3267,0.9783043027095637,0.9996040552376305,0.711594150502337,0.7551794257381957,0.8885318420146876,0.48306287920449803
3268,0.9783043027095637,0.9996040552376305,0.711594150502337,0.7551794257381957,0.8885318420146876,0.48306287920449803
3269,0.9783043027095637,0.9996040552376305,0.711594150502337,0.7551794257381957,0.8885318420146876,0.48306287920449803
3270,0.9783043027095637,0.9996040552376305,0.711594150502337,0.7551794257381957,0.8885318420146876,0.48306287920449803
3271,0.9783043027095637,0.9996040552376305,0.711594150502337,0.7551794257381957,0.8885318420146876,0.48306287920449803
3272,0.9783043027095637,0.9996040552376305,0.711594150502337,0.7551794257381957,0.8885318420146876,0.48306287920449803
3273,0.9783043027095637,0.9996040552376305,0.711594150502337,0.7551794257381957,0.8885318420146876,0.48306287920449803
3274,0.9783043027095637,0.9996040552376305,0.711594150502337,0.7551794257381957,0.8885318420146876,0.48306287920449803
3275,0.9783043027095637,0.9996040552376305,0.711594150502337,0.7551794257381957,0.8885318420146876,0.48306287920449803
3276,0.9783043027095637,0.9996040552376305,0.711594150502337,0.7551794257381957,0.8885318420146876,0.48306287920449803
3277,0.9783043027095637,0.9996040552376305,0.711594150502337,0.7551794257381957,0.8885318420146876,0.48306287920449803
3278,0.9783043027095637,0.9996040552376305,0.711594150502337,0.7551794257381957,0.8885318420146876,0.48306287920449803
3279,0.9783043027095637,0.9996040552376305,0.711594150502337,0.7551794257381957,0.8885318420146876,0.48306287920449803
3280,0.9783043027095637,0.9996040552376305,0.711594150502337,0.7551794257381957,0.8885318420146876,0.48306287920449803
3281,0.9783043027095637,0.9996040552376305,0.711594150502337,0.7551794257381957,0.8885318420146876,0.48306287920449803
3282,0.9783043027095637,0.9996040552376305,0.711594150502337,0.7551794257381957,0.8885318420146876,0.48306287920449803
3283,0.9783043027095637,0.9996040552376305,0.711594150502337,0.7551794257381957,0.8885318420146876,0.48306287920449803
3284,0.9783043027095637,0.9996040552376305,0.711594150502337,0.7551794257381957,0.8885318420146876,0.48306287920449803
3285,0.9783043027095637,0.9996040552376305,0.711594150502337,0.7551794257381957,0.8885318420146876,0.48306287920449803
3286,0.9783043027095637,0.9996040552376305,0.711594150502337,0.7551794257381957,0.8885318420146876,0.48306287920449803
3287,0.9783043027095637,0.9996040552376305,0.711594150502337,0.7551794257381957,0.8885318420146876,0.48306287920449803
3288,0.9113196386297898,0.9793275238408103,0.6984687509612809,0.7329897229930937,0.8765395130002719,0.4716247154658664
3289,0.9113196386297898,0.9793275238408103,0.6984687509612809,0.7329897229930937,0.8765395130002719,0.4716247154658664
3290,0.9113196386297898,0.9793275238408103,0.6984687509612809,0.7329897229930937,0.8765395130002719,0.4716247154658664
3291,0.9113196386297898,0.9793275238408103,0.6984687509612809,0.7329897229930937,0.8765395130002719,0.4716247154658664
3292,0.9113196386297898,0.9793275238408103,0.6984687509612809,0.7329897229930937,0.8765395130002719,0.4716247154658664
3293,0.9113196386297898,0.9793275238408103,0.6984687509612809,0.7329897229930937,0.8765395130002719,0.4716247154658664
3294,0.9113196386297898,0.9793275238408103,0.6984687509612809,0.7329897229930937,0.8765395130002719,0.4716247154658664
3295,0.9113196386297898,0.9793275238408103,0.6984687509612809,0.7329897229930937,0.8765395130002719,0.4716247154658664
3296,0.9113196386297898,0.9793275238408103,0.6984687509612809,0.7329897229930937,0.8765395130002719,0.4716247154658664
3297,0.9113196386297898,0.9793275238408103,0.6984687509612809,0.7329897229930937,0.8765395130002719,0.4716247154658664
3298,0.9113196386297898,0.9793275238408103,0.6984687509612809,0.7329897229930937,0.8765395130002719,0.4716247154658664
3299,0.9113196386297898,0.9793275238408103,0.6984687509612809,0.7329897229930937,0.8765395130002719,0.4716247154658664
3300,0.9113196386297898,0.9793275238408103,0.6984687509612809,0.7329897229930937,0.8765395130002719,0.4716247154658664
3301,0.9113196386297898,0.9793275238408103,0.6984687509612809,0.7329897229930937,0.8765395130002719,0.4716247154658664
3302,0.9113196386297898,0.9793275238408103,0.6984687509612809,0.7329897229930937,0.8765395130002719,0.4716247154658664
3303,0.9113196386297898,0.9793275238408103,0.6984687509612809,0.7329897229930937,0.8765395130002719,0.4716247154658664
3304,0.9113196386297898,0.9793275238408103,0.6984687509612809,0.7329897229930937,0.8765395130002719,0.4716247154658664
3305,0.9113196386297898,0.9793275238408103,0.6984687509612809,0.7329897229930937,0.8765395130002719,0.4716247154658664
3306,0.9113196386297898,0.9793275238408103,0.6984687509612809,0.7329897229930937,0.8765395130002719,0.4716247154658664
3307,0.9113196386297898,0.9793275238408103,0.6984687509612809,0.7329897229930937,0.8765395130002719,0.4716247154658664
3308,0.9113196386297898,0.9793275238408103,0.6984687509612809,0.7329897229930937,0.8765395130002719,0.4716247154658664
3309,0.9113196386297898,0.9793275238408103,0.6984687509612809,0.7329897229930937,0.8765395130002719,0.4716247154658664
3310,0.9113196386297898,0.9793275238408103,0.6984687509612809,0.7329897229930937,0.8765395130002719,0.4716247154658664
3311,0.9113196386297898,0.9793275238408103,0.6984687509612809,0.7329897229930937,0.8765395130002719,0.4716247154658664
3312,0.8625164996824255,0.9555947740508536,0.6890411271563129,0.7174412703248807,0.8679465949344002,0.4637889862216155
3313,0.8625164996824255,0.9555947740508536,0.6890411271563129,0.7174412703248807,0.8679465949344002,0.4637889862216155
3314,0.8625164996824255,0.9555947740508536,0.6890411271563129,0.7174412703248807,0.8679465949344002,0.4637889862216155
3315,0.8625164996824255,0.9555947740508536,0.6890411271563129,0.7174412703248807,0.8679465949344002,0.4637889862216155
3316,0.8625164996824255,0.9555947740508536,0.6890411271563129,0.7174412703248807,0.8679465949344002,0.4637889862216155
3317,0.8625164996824255,0.9555947740508536,0.6890411271563129,0.7174412703248807,0.8679465949344002,0.4637889862216155
3318,0.8625164996824255,0.9555947740508536,0.6890411271563129,0.7174412703248807,0.8679465949344002,0.4637889862216155
3319,0.8625164996824255,0.9555947740508536,0.6890411271563129,0.7174412703248807,0.8679465949344002,0.4637889862216155
3320,0.8625164996824255,0.9555947740508536,0.6890411271563129,0.7174412703248807,0.8679465949344002,0.4637889862216155
3321,0.8625164996824255,0.9555947740508536,0.6890411271563129,0.7174412703248807,0.8679465949344002,0.4637889862216155
3322,0.8625164996824255,0.9555947740508536,0.6890411271563129,0.7174412703248807,0.8679465949344002,0.4637889862216155
3323,0.8625164996824255,0.9555947740508536,0.6890411271563129,0.7174412703248807,0.8679465949344002,0.4637889862216155
3324,0.8625164996824255,0.9555947740508536,0.6890411271563129,0.7174412703248807,0.8679465949344002,0.4637889862216155
3325,0.8625164996824255,0.9555947740508536,0.6890411271563129,0.7174412703248807,0.8679465949344002,0.4637889862216155
3326,0.8625164996824255,0.9555947740508536,0.6890411271563129,0.7174412703248807,0.8679465949344002,0.4637889862216155
3327,0.8625164996824255,0.9555947740508536,0.6890411271563129,0.7174412703248807,0.8679465949344002,0.4637889862216155
3328,0.8625164996824255,0.9555947740508536,0.6890411271563129,0.7174412703248807,0.8679465949344002,0.4637889862216155
3329,0.8625164996824255,0.9555947740508536,0.6890411271563129,0.7174412703248807,0.8679465949344002,0.4637889862216155
3330,0.8625164996824255,0.9555947740508536,0.6890411271563129,0.7174412703248807,0.8679465949344002,0.4637889862216155
3331,0.8625164996824255,0.9555947740508536,0.6890411271563129,0.7174412703248807,0.8679465949344002,0.4637889862216155
3332,0.8625164996824255,0.9555947740508536,0.6890411271563129,0.7174412703248807,0.8679465949344002,0.4637889862216155
3333,0.8625164996824255,0.9555947740508536,0.6890411271563129,0.7174412703248807,0.8679465949344002,0.4637889862216155
3334,0.8625164996824255,0.9555947740508536,0.6890411271563129,0.7174412703248807,0.8679465949344002,0.4637889862216155
3335,0.8625164996824255,0.9555947740508536,0.6890411271563129,0.7174412703248807,0.8679465949344002,0.4637889862216155
3336,0.8021683199259352,0.9246396203607992,0.6648946048814383,0.6972888591888119,0.857257638927808,0.45346189042295637
3337,0.8021683199259352,0.9246396203607992,0.6648946048814383,0.6972888591888119,0.857257638927808,0.45346189042295637
3338,0.8021683199259352,0.9246396203607992,0.6648946048814383,0.6972888591888119,0.857257638927808,0.45346189042295637
3339,0.8021683199259352,0.9246396203607992,0.6648946048814383,0.6972888591888119,0.857257638927808,0.45346189042295637
3340,0.8021683199259352,0.9246396203607992,0.6648946048814383,0.6972888591888119,0.857257638927808,0.45346189042295637
3341,0.8021683199259352,0.9246396203607992,0.6648946048814383,0.6972888591888119,0.857257638927808,0.45346189042295637
3342,0.8021683199259352,0.9246396203607992,0.6648946048814383,0.6972888591888119,0.857257638927808,0.45346189042295637
3343,0.8021683199259352,0.9246396203607992,0.6648946048814383,0.6972888591888119,0.857257638927808,0.45346189042295637
3344,0.8021683199259352,0.9246396203607992,0.6648946048814383,0.6972888591888119,0.857257638927808,0.45346189042295637
3345,0.8021683199259352,0.9246396203607992,0.6648946048814383,0.6972888591888119,0.857257638927808,0.45346189042295637
3346,0.8021683199259352,0.9246396203607992,0.6648946048814383,0.6972888591888119,0.857257638927808,0.45346189042295637
3347,0.8021683199259352,0.9246396203607992,0.6648946048814383,0.6972888591888119,0.857257638927808,0.45346189042295637
3348,0.8021683199259352,0.9246396203607992,0.6648946048814383,0.6972888591888119,0.857257638927808,0.45346189042295637
3349,0.8021683199259352,0.9246396203607992,0.6648946048814383,0.6972888591888119,0.857257638927808,0.45346189042295637
3350,0.8021683199259352,0.9246396203607992,0.6648946048814383,0.6972888591888119,0.857257638927808,0.45346189042295637
3351,0.8021683199259352,0.9246396203607992,0.6648946048814383,0.6972888591888119,0.857257638927808,0.45346189042295637
3352,0.8021683199259352,0.9246396203607992,0.6648946048814383,0.6972888591888119,0.857257638927808,0.45346189042295637
3353,0.8021683199259352,0.9246396203607992,0.6648946048814383,0.6972888591888119,0.857257638927808,0.45346189042295637
3354,0.8021683199259352,0.9246396203607992,0.6648946048814383,0.6972888591888119,0.857257638927808,0.45346189042295637
3355,0.8021683199259352,0.9246396203607992,0.6648946048814383,0.6972888591888119,0.857257638927808,0.45346189042295637
3356,0.8021683199259352,0.9246396203607992,0.6648946048814383,0.6972888591888119,0.857257638927808,0.45346189042295637
3357,0.8021683199259352,0.9246396203607992,0.6648946048814383,0.6972888591888119,0.857257638927808,0.45346189042295637
3358,0.8021683199259352,0.9246396203607992,0.6648946048814383,0.6972888591888119,0.857257638927808,0.45346189042295637
3359,0.8021683199259352,0.9246396203607992,0.6648946048814383,0.6972888591888119,0.857257638927808,0.45346189042295637
3360,0.7288508421795444,0.8870338445900305,0.6312289662643707,0.672945242586921,0.8425569070409793,0.4406563134903705
3361,0.7288508421795444,0.8870338445900305,0.6312289662643707,0.672945242586921,0.8425569070409793,0.4406563134903705
3362,0.7288508421795444,0.8870338445900305,0.6312289662643707,0.672945242586921,0.8425569070409793,0.4406563134903705
3363,0.7288508421795444,0.8870338445900305,0.6312289662643707,0.672945242586921,0.8425569070409793,0.4406563134903705
3364,0.7288508421795444,0.8870338445900305,0.6312289662643707,0.672945242586921,0.8425569070409793,0.4406563134903705
3365,0.7288508421795444,0.8870338445900305,0.6312289662643707,0.672945242586921,0.8425569070409793,0.4406563134903705
3366,0.7288508421795444,0.8870338445900305,0.6312289662643707,0.672945242586921,0.8425569070409793,0.4406563134903705
3367,0.7288508421795444,0.8870338445900305,0.6312289662643707,0.672945242586921,0.8425569070409793,0.4406563134903705
3368,0.7288508421795444,0.8870338445900305,0.6312289662643707,0.672945242586921,0.8425569070409793,0.4406563134903705
3369,0.7288508421795444,0.8870338445900305,0.6312289662643707,0.672945242586921,0.8425569070409793,0.4406563134903705
3370,0.7288508421795444,0.8870338445900305,0.6312289662643707,0.672945242586921,0.8425569070409793,0.4406563134903705
3371,0.7288508421795444,0.8870338445900305,0.6312289662643707,0.672945242586921,0.8425569070409793,0.4406563134903705
3372,0.7288508421795444,0.8870338445900305,0.6312289662643707,0.672945242586921,0.8425569070409793,0.4406563134903705
3373,0.7288508421795444,0.8870338445900305,0.6312289662643707,0.672945242586921,0.8425569070409793,0.4406563134903705
3374,0.7288508421795444,0.8870338445900305,0.6312289662643707,0.672945242586921,0.8425569070409793,0.4406563134903705
3375,0.7288508421795444,0.8870338445900305,0.6312289662643707,0.672945242586921,0.8425569070409793,0.4406563134903705
3376,0.7288508421795444,0.8870338445900305,0.6312289662643707,0.672945242586921,0.8425569070409793,0.4406563134903705
3377,0.7288508421795444,0.8870338445900305,0.6312289662643707,0.672945242586921,0.8425569070409793,0.4406563134903705
3378,0.7288508421795444,0.8870338445900305,0.6312289662643707,0.672945242586921,0.8425569070409793,0.4406563134903705
3379,0.7288508421795444,0.8870338445900305,0.6312289662643707,0.672945242586921,0.8425569070409793,0.4406563134903705
3380,0.7288508421795444,0.8870338445900305,0.6312289662643707,0.672945242586921,0.8425569070409793,0.4406563134903705
3381,0.7288508421795444,0.8870338445900305,0.6312289662643707,0.672945242586921,0.8425569070409793,0.4406563134903705
3382,0.7288508421795444,0.8870338445900305,0.6312289662643707,0.672945242586921,0.8425569070409793,0.4406563134903705
3383,0.7288508421795444,0.8870338445900305,0.6312289662643707,0.672945242586921,0.8425569070409793,0.4406563134903705
3384,0.6673590338920441,0.8680495780027145,0.6132438089438269,0.6599280682978371,0.8323914162436569,0.43459415720686095
3385,0.6673590338920441,0.8680495780027145,0.6132438089438269,0.6599280682978371,0.8323914162436569,0.43459415720686095
3386,0.6673590338920441,0.8680495780027145,0.6132438089438269,0.6599280682978371,0.8323914162436569,0.43459415720686095
3387,0.6673590338920441,0.8680495780027145,0.6132438089438269,0.6599280682978371,0.8323914162436569,0.43459415720686095
3388,0.6673590338920441,0.8680495780027145,0.6132438089438269,0.6599280682978371,0.8323914162436569,0.43459415720686095
3389,0.6673590338920441,0.8680495780027145,0.6132438089438269,0.6599280682978371,0.8323914162436569,0.43459415720686095
3390,0.6673590338920441,0.8680495780027145,0.6132438089438269,0.6599280682978371,0.8323914162436569,0.43459415720686095
3391,0.6673590338920441,0.8680495780027145,0.6132438089438269,0.6599280682978371,0.8323914162436569,0.43459415720686095
3392,0.6673590338920441,0.8680495780027145,0.6132438089438269,0.6599280682978371,0.8323914162436569,0.43459415720686095
3393,0.6673590338920441,0.8680495780027145,0.6132438089438269,0.6599280682978371,0.8323914162436569,0.43459415720686095
3394,0.6673590338920441,0.8680495780027145,0.6132438089438269,0.6599280682978371,0.8323914162436569,0.43459415720686095
3395,0.6673590338920441,0.8680495780027145,0.6132438089438269,0.6599280682978371,0.8323914162436569,0.43459415720686095
3396,0.6673590338920441,0.8680495780027145,0.6132438089438269,0.6599280682978371,0.8323914162436569,0.43459415720686095
3397,0.6673590338920441,0.8680495780027145,0.6132438089438269,0.6599280682978371,0.8323914162436569,0.43459415720686095
3398,0.6673590338920441,0.8680495780027145,0.6132438089438269,0.6599280682978371,0.8323914162436569,0.43459415720686095
3399,0.6673590338920441,0.8680495780027145,0.6132438089438269,0.6599280682978371,0.8323914162436569,0.43459415720686095
3400,0.6673590338920441,0.8680495780027145,0.6132438089438269,0.6599280682978371,0.8323914162436569,0.43459415720686095
3401,0.6673590338920441,0.8680495780027145,0.6132438089438269,0.6599280682978371,0.8323914162436569,0.43459415720686095
3402,0.6673590338920441,0.8680495780027145,0.6132438089438269,0.6599280682978371,0.8323914162436569,0.43459415720686095
3403,0.6673590338920441,0.8680495780027145,0.6132438089438269,0.6599280682978371,0.8323914162436569,0.43459415720686095
3404,0.6673590338920441,0.8680495780027145,0.6132438089438269,0.6599280682978371,0.8323914162436569,0.43459415720686095
3405,0.6673590338920441,0.8680495780027145,0.6132438089438269,0.6599280682978371,0.8323914162436569,0.43459415720686095
3406,0.6673590338920441,0.8680495780027145,0.6132438089438269,0.6599280682978371,0.8323914162436569,0.43459415720686095
3407,0.6673590338920441,0.8680495780027145,0.6132438089438269,0.6599280682978371,0.8323914162436569,0.43459415720686095
3408,0.6015192713698484,0.8467017493257325,0.5933153930392783,0.6453133553414823,0.8215988792532486,0.4277615385325866
3409,0.6015192713698484,0.8467017493257325,0.5933153930392783,0.6453133553414823,0.8215988792532486,0.4277615385325866
3410,0.6015192713698484,0.8467017493257325,0.5933153930392783,0.6453133553414823,0.8215988792532486,0.4277615385325866
3411,0.6015192713698484,0.8467017493257325,0.5933153930392783,0.6453133553414823,0.8215988792532486,0.4277615385325866
3412,0.6015192713698484,0.8467017493257325,0.5933153930392783,0.6453133553414823,0.8215988792532486,0.4277615385325866
3413,0.6015192713698484,0.8467017493257325,0.5933153930392783,0.6453133553414823,0.8215988792532486,0.4277615385325866
3414,0.6015192713698484,0.8467017493257325,0.5933153930392783,0.6453133553414823,0.8215988792532486,0.4277615385325866
3415,0.6015192713698484,0.8467017493257325,0.5933153930392783,0.6453133553414823,0.8215988792532486,0.4277615385325866
3416,0.6015192713698484,0.8467017493257325,0.5933153930392783,0.6453133553414823,0.8215988792532486,0.4277615385325866
3417,0.6015192713698484,0.8467017493257325,0.5933153930392783,0.6453133553414823,0.8215988792532486,0.4277615385325866
3418,0.6015192713698484,0.8467017493257325,0.5933153930392783,0.6453133553414823,0.8215988792532486,0.4277615385325866
3419,0.6015192713698484,0.8467017493257325,0.5933153930392783,0.6453133553414823,0.8215988792532486,0.4277615385325866
3420,0.6015192713698484,0.8467017493257325,0.5933153930392783,0.6453133553414823,0.8215988792532486,0.4277615385325866
3421,0.6015192713698484,0.8467017493257325,0.5933153930392783,0.6453133553414823,0.8215988792532486,0.4277615385325866
3422,0.6015192713698484,0.8467017493257325,0.5933153930392783,0.6453133553414823,0.8215988792532486,0.4277615385325866
3423,0.6015192713698484,0.8467017493257325,0.5933153930392783,0.6453133553414823,0.8215988792532486,0.4277615385325866
3424,0.6015192713698484,0.8467017493257325,0.5933153930392783,0.6453133553414823,0.8215988792532486,0.4277615385325866
3425,0.6015192713698484,0.8467017493257325,0.5933153930392783,0.6453133553414823,0.8215988792532486,0.4277615385325866
3426,0.6015192713698484,0.8467017493257325,0.5933153930392783,0.6453133553414823,0.8215988792532486,0.4277615385325866
3427,0.6015192713698484,0.8467017493257325,0.5933153930392783,0.6453133553414823,0.8215988792532486,0.4277615385325866
3428,0.6015192713698484,0.8467017493257325,0.5933153930392783,0.6453133553414823,0.8215988792532486,0.4277615385325866
3429,0.6015192713698484,0.8467017493257325,0.5933153930392783,0.6453133553414823,0.8215988792532486,0.4277615385325866
3430,0.6015192713698484,0.8467017493257325,0.5933153930392783,0.6453133553414823,0.8215988792532486,0.4277615385325866
3431,0.6015192713698484,0.8467017493257325,0.5933153930392783,0.6453133553414823,0.8215988792532486,0.4277615385325866
3432,0.5657753348003728,0.8397610973811975,0.58667458415324,0.6399931306098441,0.8158803526262032,0.42541252920253014
3433,0.5657753348003728,0.8397610973811975,0.58667458415324,0.6399931306098441,0.8158803526262032,0.42541252920253014
3434,0.5657753348003728,0.8397610973811975,0.58667458415324,0.6399931306098441,0.8158803526262032,0.42541252920253014
3435,0.5657753348003728,0.8397610973811975,0.58667458415324,0.6399931306098441,0.8158803526262032,0.42541252920253014
3436,0.5657753348003728,0.8397610973811975,0.58667458415324,0.6399931306098441,0.8158803526262032,0.42541252920253014
3437,0.5657753348003728,0.8397610973811975,0.58667458415324,0.6399931306098441,0.8158803526262032,0.42541252920253014
3438,0.5657753348003728,0.8397610973811975,0.58667458415324,0.6399931306098441,0.8158803526262032,0.42541252920253014
3439,0.5657753348003728,0.8397610973811975,0.58667458415324,0.6399931306098441,0.8158803526262032,0.42541252920253014
3440,0.5657753348003728,0.8397610973811975,0.58667458415324,0.6399931306098441,0.8158803526262032,0.42541252920253014
3441,0.5657753348003728,0.8397610973811975,0.58667458415324,0.6399931306098441,0.8158803526262032,0.42541252920253014
3442,0.5657753348003728,0.8397610973811975,0.58667458415324,0.6399931306098441,0.8158803526262032,0.42541252920253014
3443,0.5657753348003728,0.8397610973811975,0.58667458415324,0.6399931306098441,0.8158803526262032,0.42541252920253014
3444,0.5657753348003728,0.8397610973811975,0.58667458415324,0.6399931306098441,0.8158803526262032,0.42541252920253014
3445,0.5657753348003728,0.8397610973811975,0.58667458415324,0.6399931306098441,0.8158803526262032,0.42541252920253014
3446,0.5657753348003728,0.8397610973811975,0.58667458415324,0.6399931306098441,0.8158803526262032,0.42541252920253014
3447,0.5657753348003728,0.8397610973811975,0.58667458415324,0.6399931306098441,0.8158803526262032,0.42541252920253014
3448,0.5657753348003728,0.8397610973811975,0.58667458415324,0.6399931306098441,0.8158803526262032,0.42541252920253014
3449,0.5657753348003728,0.8397610973811975,0.58667458415324,0.6399931306098441,0.8158803526262032,0.42541252920253014
3450,0.5657753348003728,0.8397610973811975,0.58667458415324,0.6399931306098441,0.8158803526262032,0.42541252920253014
3451,0.5657753348003728,0.8397610973811975,0.58667458415324,0.6399931306098441,0.8158803526262032,0.42541252920253014
3452,0.5657753348003728,0.8397610973811975,0.58667458415324,0.6399931306098441,0.8158803526262032,0.42541252920253014
3453,0.5657753348003728,0.8397610973811975,0.58667458415324,0.6399931306098441,0.8158803526262032,0.42541252920253014
3454,0.5657753348003728,0.8397610973811975,0.58667458415324,0.6399931306098441,0.8158803526262032,0.42541252920253014
3455,0.5657753348003728,0.8397610973811975,0.58667458415324,0.6399931306098441,0.8158803526262032,0.42541252920253014
3456,0.5373813396810935,0.8344121243173285,0.5818543162940707,0.635776997065947,0.810992013181461,0.4236323826669877
3457,0.5373813396810935,0.8344121243173285,0.5818543162940707,0.635776997065947,0.810992013181461,0.4236323826669877
3458,0.5373813396810935,0.8344121243173285,0.5818543162940707,0.635776997065947,0.810992013181461,0.4236323826669877
3459,0.5373813396810935,0.8344121243173285,0.5818543162940707,0.635776997065947,0.810992013181461,0.4236323826669877
3460,0.5373813396810935,0.8344121243173285,0.5818543162940707,0.635776997065947,0.810992013181461,0.4236323826669877
3461,0.5373813396810935,0.8344121243173285,0.5818543162940707,0.635776997065947,0.810992013181461,0.4236323826669877
3462,0.5373813396810935,0.8344121243173285,0.5818543162940707,0.635776997065947,0.810992013181461,0.4236323826669877
3463,0.5373813396810935,0.8344121243173285,0.5818543162940707,0.635776997065947,0.810992013181461,0.4236323826669877
3464,0.5373813396810935,0.8344121243173285,0.5818543162940707,0.635776997065947,0.810992013181461,0.4236323826669877
3465,0.5373813396810935,0.8344121243173285,0.5818543162940707,0.635776997065947,0.810992013181461,0.4236323826669877
3466,0.5373813396810935,0.8344121243173285,0.5818543162940707,0.635776997065947,0.810992013181461,0.4236323826669877
3467,0.5373813396810935,0.8344121243173285,0.5818543162940707,0.635776997065947,0.810992013181461,0.4236323826669877
3468,0.5373813396810935,0.8344121243173285,0.5818543162940707,0.635776997065947,0.810992013181461,0.4236323826669877
3469,0.5373813396810935,0.8344121243173285,0.5818543162940707,0.635776997065947,0.810992013181461,0.4236323826669877
3470,0.5373813396810935,0.8344121243173285,0.5818543162940707,0.635776997065947,0.810992013181461,0.4236323826669877
3471,0.5373813396810935,0.8344121243173285,0.5818543162940707,0.635776997065947,0.810992013181461,0.4236323826669877
3472,0.5373813396810935,0.8344121243173285,0.5818543162940707,0.635776997065947,0.810992013181461,0.4236323826669877
3473,0.5373813396810935,0.8344121243173285,0.5818543162940707,0.635776997065947,0.810992013181461,0.4236323826669877
3474,0.5373813396810935,0.8344121243173285,0.5818543162940707,0.635776997065947,0.810992013181461,0.4236323826669877
3475,0.5373813396810935,0.8344121243173285,0.5818543162940707,0.635776997065947,0.810992013181461,0.4236323826669877
3476,0.5373813396810935,0.8344121243173285,0.5818543162940707,0.635776997065947,0.810992013181461,0.4236323826669877
3477,0.5373813396810935,0.8344121243173285,0.5818543162940707,0.635776997065947,0.810992013181461,0.4236323826669877
3478,0.5373813396810935,0.8344121243173285,0.5818543162940707,0.635776997065947,0.810992013181461,0.4236323826669877
3479,0.5373813396810935,0.8344121243173285,0.5818543162940707,0.635776997065947,0.810992013181461,0.4236323826669877
3480,0.5168172419657847,0.8339041250850223,0.5807764640859007,0.6345056448726715,0.8076047460792687,0.4236058332770538
3481,0.5168172419657847,0.8339041250850223,0.5807764640859007,0.6345056448726715,0.8076047460792687,0.4236058332770538
3482,0.5168172419657847,0.8339041250850223,0.5807764640859007,0.6345056448726715,0.8076047460792687,0.4236058332770538
3483,0.5168172419657847,0.8339041250850223,0.5807764640859007,0.6345056448726715,0.8076047460792687,0.4236058332770538
3484,0.5168172419657847,0.8339041250850223,0.5807764640859007,0.6345056448726715,0.8076047460792687,0.4236058332770538
3485,0.5168172419657847,0.8339041250850223,0.5807764640859007,0.6345056448726715,0.8076047460792687,0.4236058332770538
3486,0.5168172419657847,0.8339041250850223,0.5807764640859007,0.6345056448726715,0.8076047460792687,0.4236058332770538
3487,0.5168172419657847,0.8339041250850223,0.5807764640859007,0.6345056448726715,0.8076047460792687,0.4236058332770538
3488,0.5168172419657847,0.8339041250850223,0.5807764640859007,0.6345056448726715,0.8076047460792687,0.4236058332770538
3489,0.5168172419657847,0.8339041250850223,0.5807764640859007,0.6345056448726715,0.8076047460792687,0.4236058332770538
3490,0.5168172419657847,0.8339041250850223,0.5807764640859007,0.6345056448726715,0.8076047460792687,0.4236058332770538
3491,0.5168172419657847,0.8339041250850223,0.5807764640859007,0.6345056448726715,0.8076047460792687,0.4236058332770538
3492,0.5168172419657847,0.8339041250850223,0.5807764640859007,0.6345056448726715,0.8076047460792687,0.4236058332770538
3493,0.5168172419657847,0.8339041250850223,0.5807764640859007,0.6345056448726715,0.8076047460792687,0.4236058332770538
3494,0.5168172419657847,0.8339041250850223,0.5807764640859007,0.6345056448726715,0.8076047460792687,0.4236058332770538
3495,0.5168172419657847,0.8339041250850223,0.5807764640859007,0.6345056448726715,0.8076047460792687,0.4236058332770538
3496,0.5168172419657847,0.8339041250850223,0.5807764640859007,0.6345056448726715,0.8076047460792687,0.4236058332770538
3497,0.5168172419657847,0.8339041250850223,0.5807764640859007,0.6345056448726715,0.8076047460792687,0.4236058332770538
3498,0.5168172419657847,0.8339041250850223,0.5807764640859007,0.6345056448726715,0.8076047460792687,0.4236058332770538
3499,0.5168172419657847,0.8339041250850223,0.5807764640859007,0.6345056448726715,0.8076047460792687,0.4236058332770538
3500,0.5168172419657847,0.8339041250850223,0.5807764640859007,0.6345056448726715,0.8076047460792687,0.4236058332770538
3501,0.5168172419657847,0.8339041250850223,0.5807764640859007,0.6345056448726715,0.8076047460792687,0.4236058332770538
3502,0.5168172419657847,0.8339041250850223,0.5807764640859007,0.6345056448726715,0.8076047460792687,0.4236058332770538
3503,0.5168172419657847,0.8339041250850223,0.5807764640859007,0.6345056448726715,0.8076047460792687,0.4236058332770538
3504,0.4982601430757638,0.831358475745975,0.5782039977231307,0.6325095396891255,0.8040162157950935,0.42292360778291965
3505,0.4982601430757638,0.831358475745975,0.5782039977231307,0.6325095396891255,0.8040162157950935,0.42292360778291965
3506,0.4982601430757638,0.831358475745975,0.5782039977231307,0.6325095396891255,0.8040162157950935,0.42292360778291965
3507,0.4982601430757638,0.831358475745975,0.5782039977231307,0.6325095396891255,0.8040162157950935,0.42292360778291965
3508,0.4982601430757638,0.831358475745975,0.5782039977231307,0.6325095396891255,0.8040162157950935,0.42292360778291965
3509,0.4982601430757638,0.831358475745975,0.5782039977231307,0.6325095396891255,0.8040162157950935,0.42292360778291965
3510,0.4982601430757638,0.831358475745975,0.5782039977231307,0.6325095396891255,0.8040162157950935,0.42292360778291965
3511,0.4982601430757638,0.831358475745975,0.5782039977231307,0.6325095396891255,0.8040162157950935,0.42292360778291965
3512,0.4982601430757638,0.831358475745975,0.5782039977231307,0.6325095396891255,0.8040162157950935,0.42292360778291965
3513,0.4982601430757638,0.831358475745975,0.5782039977231307,0.6325095396891255,0.8040162157950935,0.42292360778291965
3514,0.4982601430757638,0.831358475745975,0.5782039977231307,0.6325095396891255,0.8040162157950935,0.42292360778291965
3515,0.4982601430757638,0.831358475745975,0.5782039977231307,0.6325095396891255,0.8040162157950935,0.42292360778291965
3516,0.4982601430757638,0.831358475745975,0.5782039977231307,0.6325095396891255,0.8040162157950935,0.42292360778291965
3517,0.4982601430757638,0.831358475745975,0.5782039977231307,0.6325095396891255,0.8040162157950935,0.42292360778291965
3518,0.4982601430757638,0.831358475745975,0.5782039977231307,0.6325095396891255,0.8040162157950935,0.42292360778291965
3519,0.4982601430757638,0.831358475745975,0.5782039977231307,0.6325095396891255,0.8040162157950935,0.42292360778291965
3520,0.4982601430757638,0.831358475745975,0.5782039977231307,0.6325095396891255,0.8040162157950935,0.42292360778291965
3521,0.4982601430757638,0.831358475745975,0.5782039977231307,0.6325095396891255,0.8040162157950935,0.42292360778291965
3522,0.4982601430757638,0.831358475745975,0.5782039977231307,0.6325095396891255,0.8040162157950935,0.42292360778291965
3523,0.4982601430757638,0.831358475745975,0.5782039977231307,0.6325095396891255,0.8040162157950935,0.42292360778291965
3524,0.4982601430757638,0.831358475745975,0.5782039977231307,0.6325095396891255,0.8040162157950935,0.42292360778291965
3525,0.4982601430757638,0.831358475745975,0.5782039977231307,0.6325095396891255,0.8040162157950935,0.42292360778291965
3526,0.4982601430757638,0.831358475745975,0.5782039977231307,0.6325095396891255,0.8040162157950935,0.42292360778291965
3527,0.4982601430757638,0.831358475745975,0.5782039977231307,0.6325095396891255,0.8040162157950935,0.42292360778291965
3528,0.47768492203465324,0.8300314095270446,0.5764495617058565,0.6308448034877373,0.8004884180718932,0.4225992188798034
3529,0.47768492203465324,0.8300314095270446,0.5764495617058565,0.6308448034877373,0.8004884180718932,0.4225992188798034
3530,0.47768492203465324,0.8300314095270446,0.5764495617058565,0.6308448034877373,0.8004884180718932,0.4225992188798034
3531,0.47768492203465324,0.8300314095270446,0.5764495617058565,0.6308448034877373,0.8004884180718932,0.4225992188798034
3532,0.47768492203465324,0.8300314095270446,0.5764495617058565,0.6308448034877373,0.8004884180718932,0.4225992188798034
3533,0.47768492203465324,0.8300314095270446,0.5764495617058565,0.6308448034877373,0.8004884180718932,0.4225992188798034
3534,0.47768492203465324,0.8300314095270446,0.5764495617058565,0.6308448034877373,0.8004884180718932,0.4225992188798034
3535,0.47768492203465324,0.8300314095270446,0.5764495617058565,0.6308448034877373,0.8004884180718932,0.4225992188798034
3536,0.47768492203465324,0.8300314095270446,0.5764495617058565,0.6308448034877373,0.8004884180718932,0.4225992188798034
3537,0.47768492203465324,0.8300314095270446,0.5764495617058565,0.6308448034877373,0.8004884180718932,0.4225992188798034
3538,0.47768492203465324,0.8300314095270446,0.5764495617058565,0.6308448034877373,0.8004884180718932,0.4225992188798034
3539,0.47768492203465324,0.8300314095270446,0.5764495617058565,0.6308448034877373,0.8004884180718932,0.4225992188798034
3540,0.47768492203465324,0.8300314095270446,0.5764495617058565,0.6308448034877373,0.8004884180718932,0.4225992188798034
3541,0.47768492203465324,0.8300314095270446,0.5764495617058565,0.6308448034877373,0.8004884180718932,0.4225992188798034
3542,0.47768492203465324,0.8300314095270446,0.5764495617058565,0.6308448034877373,0.8004884180718932,0.4225992188798034
3543,0.47768492203465324,0.8300314095270446,0.5764495617058565,0.6308448034877373,0.8004884180718932,0.4225992188798034
3544,0.47768492203465324,0.8300314095270446,0.5764495617058565,0.6308448034877373,0.8004884180718932,0.4225992188798034
3545,0.47768492203465324,0.8300314095270446,0.5764495617058565,0.6308448034877373,0.8004884180718932,0.4225992188798034
3546,0.47768492203465324,0.8300314095270446,0.5764495617058565,0.6308448034877373,0.8004884180718932,0.4225992188798034
3547,0.47768492203465324,0.8300314095270446,0.5764495617058565,0.6308448034877373,0.8004884180718932,0.4225992188798034
3548,0.47768492203465324,0.8300314095270446,0.5764495617058565,0.6308448034877373,0.8004884180718932,0.4225992188798034
3549,0.47768492203465324,0.8300314095270446,0.5764495617058565,0.6308448034877373,0.8004884180718932,0.4225992188798034
3550,0.47768492203465324,0.8300314095270446,0.5764495617058565,0.6308448034877373,0.8004884180718932,0.4225992188798034
3551,0.47768492203465324,0.8300314095270446,0.5764495617058565,0.6308448034877373,0.8004884180718932,0.4225992188798034
3552,0.45882073536738277,0.8372268037527436,0.5811621337423934,0.6338877161055928,0.7987619886962949,0.42535059402378544
3553,0.45882073536738277,0.8372268037527436,0.5811621337423934,0.6338877161055928,0.7987619886962949,0.42535059402378544
3554,0.45882073536738277,0.8372268037527436,0.5811621337423934,0.6338877161055928,0.7987619886962949,0.42535059402378544
3555,0.45882073536738277,0.8372268037527436,0.5811621337423934,0.6338877161055928,0.7987619886962949,0.42535059402378544
3556,0.45882073536738277,0.8372268037527436,0.5811621337423934,0.6338877161055928,0.7987619886962949,0.42535059402378544
3557,0.45882073536738277,0.8372268037527436,0.5811621337423934,0.6338877161055928,0.7987619886962949,0.42535059402378544
3558,0.45882073536738277,0.8372268037527436,0.5811621337423934,0.6338877161055928,0.7987619886962949,0.42535059402378544
3559,0.45882073536738277,0.8372268037527436,0.5811621337423934,0.6338877161055928,0.7987619886962949,0.42535059402378544
3560,0.45882073536738277,0.8372268037527436,0.5811621337423934,0.6338877161055928,0.7987619886962949,0.42535059402378544
3561,0.45882073536738277,0.8372268037527436,0.5811621337423934,0.6338877161055928,0.7987619886962949,0.42535059402378544
3562,0.45882073536738277,0.8372268037527436,0.5811621337423934,0.6338877161055928,0.7987619886962949,0.42535059402378544
3563,0.45882073536738277,0.8372268037527436,0.5811621337423934,0.6338877161055928,0.7987619886962949,0.42535059402378544
3564,0.45882073536738277,0.8372268037527436,0.5811621337423934,0.6338877161055928,0.7987619886962949,0.42535059402378544
3565,0.45882073536738277,0.8372268037527436,0.5811621337423934,0.6338877161055928,0.7987619886962949,0.42535059402378544
3566,0.45882073536738277,0.8372268037527436,0.5811621337423934,0.6338877161055928,0.7987619886962949,0.42535059402378544
3567,0.45882073536738277,0.8372268037527436,0.5811621337423934,0.6338877161055928,0.7987619886962949,0.42535059402378544
3568,0.45882073536738277,0.8372268037527436,0.5811621337423934,0.6338877161055928,0.7987619886962949,0.42535059402378544
3569,0.45882073536738277,0.8372268037527436,0.5811621337423934,0.6338877161055928,0.7987619886962949,0.42535059402378544
3570,0.45882073536738277,0.8372268037527436,0.5811621337423934,0.6338877161055928,0.7987619886962949,0.42535059402378544
3571,0.45882073536738277,0.8372268037527436,0.5811621337423934,0.6338877161055928,0.7987619886962949,0.42535059402378544
3572,0.45882073536738277,0.8372268037527436,0.5811621337423934,0.6338877161055928,0.7987619886962949,0.42535059402378544
3573,0.45882073536738277,0.8372268037527436,0.5811621337423934,0.6338877161055928,0.7987619886962949,0.42535059402378544
3574,0.45882073536738277,0.8372268037527436,0.5811621337423934,0.6338877161055928,0.7987619886962949,0.42535059402378544
3575,0.45882073536738277,0.8372268037527436,0.5811621337423934,0.6338877161055928,0.7987619886962949,0.42535059402378544
3576,0.43555511624602133,0.837862842659172,0.5809130028958881,0.6332452454092853,0.7953917892804155,0.4257830249745041
3577,0.43555511624602133,0.837862842659172,0.5809130028958881,0.6332452454092853,0.7953917892804155,0.4257830249745041
3578,0.43555511624602133,0.837862842659172,0.5809130028958881,0.6332452454092853,0.7953917892804155,0.4257830249745041
3579,0.43555511624602133,0.837862842659172,0.5809130028958881,0.6332452454092853,0.7953917892804155,0.4257830249745041
3580,0.43555511624602133,0.837862842659172,0.5809130028958881,0.6332452454092853,0.7953917892804155,0.4257830249745041
3581,0.43555511624602133,0.837862842659172,0.5809130028958881,0.6332452454092853,0.7953917892804155,0.4257830249745041
3582,0.43555511624602133,0.837862842659172,0.5809130028958881,0.6332452454092853,0.7953917892804155,0.4257830249745041
3583,0.43555511624602133,0.837862842659172,0.5809130028958881,0.6332452454092853,0.7953917892804155,0.4257830249745041
3584,0.43555511624602133,0.837862842659172,0.5809130028958881,0.6332452454092853,0.7953917892804155,0.4257830249745041
3585,0.43555511624602133,0.837862842659172,0.5809130028958881,0.6332452454092853,0.7953917892804155,0.4257830249745041
3586,0.43555511624602133,0.837862842659172,0.5809130028958881,0.6332452454092853,0.7953917892804155,0.4257830249745041
3587,0.43555511624602133,0.837862842659172,0.5809130028958881,0.6332452454092853,0.7953917892804155,0.4257830249745041
3588,0.43555511624602133,0.837862842659172,0.5809130028958881,0.6332452454092853,0.7953917892804155,0.4257830249745041
3589,0.43555511624602133,0.837862842659172,0.5809130028958881,0.6332452454092853,0.7953917892804155,0.4257830249745041
3590,0.43555511624602133,0.837862842659172,0.5809130028958881,0.6332452454092853,0.7953917892804155,0.4257830249745041
3591,0.43555511624602133,0.837862842659172,0.5809130028958881,0.6332452454092853,0.7953917892804155,0.4257830249745041
3592,0.43555511624602133,0.837862842659172,0.5809130028958881,0.6332452454092853,0.7953917892804155,0.4257830249745041
3593,0.43555511624602133,0.837862842659172,0.5809130028958881,0.6332452454092853,0.7953917892804155,0.4257830249745041
3594,0.43555511624602133,0.837862842659172,0.5809130028958881,0.6332452454092853,0.7953917892804155,0.4257830249745041
3595,0.43555511624602133,0.837862842659172,0.5809130028958881,0.6332452454092853,0.7953917892804155,0.4257830249745041
3596,0.43555511624602133,0.837862842659172,0.5809130028958881,0.6332452454092853,0.7953917892804155,0.4257830249745041
3597,0.43555511624602133,0.837862842659172,0.5809130028958881,0.6332452454092853,0.7953917892804155,0.4257830249745041
3598,0.43555511624602133,0.837862842659172,0.5809130028958881,0.6332452454092853,0.7953917892804155,0.4257830249745041
3599,0.43555511624602133,0.837862842659172,0.5809130028958881,0.6332452454092853,0.7953917892804155,0.4257830249745041
3600,0.4192872289005551,0.8375858327556022,0.5801531109294963,0.6324278758802292,0.7924659487554382,0.42584092098279175
3601,0.4192872289005551,0.8375858327556022,0.5801531109294963,0.6324278758802292,0.7924659487554382,0.42584092098279175
3602,0.4192872289005551,0.8375858327556022,0.5801531109294963,0.6324278758802292,0.7924659487554382,0.42584092098279175
3603,0.4192872289005551,0.8375858327556022,0.5801531109294963,0.6324278758802292,0.7924659487554382,0.42584092098279175
3604,0.4192872289005551,0.8375858327556022,0.5801531109294963,0.6324278758802292,0.7924659487554382,0.42584092098279175
3605,0.4192872289005551,0.8375858327556022,0.5801531109294963,0.6324278758802292,0.7924659487554382,0.42584092098279175
3606,0.4192872289005551,0.8375858327556022,0.5801531109294963,0.6324278758802292,0.7924659487554382,0.42584092098279175
3607,0.4192872289005551,0.8375858327556022,0.5801531109294963,0.6324278758802292,0.7924659487554382,0.42584092098279175
3608,0.4192872289005551,0.8375858327556022,0.5801531109294963,0.6324278758802292,0.7924659487554382,0.42584092098279175
3609,0.4192872289005551,0.8375858327556022,0.5801531109294963,0.6324278758802292,0.7924659487554382,0.42584092098279175
3610,0.4192872289005551,0.8375858327556022,0.5801531109294963,0.6324278758802292,0.7924659487554382,0.42584092098279175
3611,0.4192872289005551,0.8375858327556022,0.5801531109294963,0.6324278758802292,0.7924659487554382,0.42584092098279175
3612,0.4192872289005551,0.8375858327556022,0.5801531109294963,0.6324278758802292,0.7924659487554382,0.42584092098279175
3613,0.4192872289005551,0.8375858327556022,0.5801531109294963,0.6324278758802292,0.7924659487554382,0.42584092098279175
3614,0.4192872289005551,0.8375858327556022,0.5801531109294963,0.6324278758802292,0.7924659487554382,0.42584092098279175
3615,0.4192872289005551,0.8375858327556022,0.5801531109294963,0.6324278758802292,0.7924659487554382,0.42584092098279175
3616,0.4192872289005551,0.8375858327556022,0.5801531109294963,0.6324278758802292,0.7924659487554382,0.42584092098279175
3617,0.4192872289005551,0.8375858327556022,0.5801531109294963,0.6324278758802292,0.7924659487554382,0.42584092098279175
3618,0.4192872289005551,0.8375858327556022,0.5801531109294963,0.6324278758802292,0.7924659487554382,0.42584092098279175
3619,0.4192872289005551,0.8375858327556022,0.5801531109294963,0.6324278758802292,0.7924659487554382,0.42584092098279175
3620,0.4192872289005551,0.8375858327556022,0.5801531109294963,0.6324278758802292,0.7924659487554382,0.42584092098279175
3621,0.4192872289005551,0.8375858327556022,0.5801531109294963,0.6324278758802292,0.7924659487554382,0.42584092098279175
3622,0.4192872289005551,0.8375858327556022,0.5801531109294963,0.6324278758802292,0.7924659487554382,0.42584092098279175
3623,0.4192872289005551,0.8375858327556022,0.5801531109294963,0.6324278758802292,0.7924659487554382,0.42584092098279175
3624,0.3933941912715008,0.8296774966410636,0.5732455262437174,0.6272405078265232,0.787296633560485,0.4232640724166932
3625,0.3933941912715008,0.8296774966410636,0.5732455262437174,0.6272405078265232,0.787296633560485,0.4232640724166932
3626,0.3933941912715008,0.8296774966410636,0.5732455262437174,0.6272405078265232,0.787296633560485,0.4232640724166932
3627,0.3933941912715008,0.8296774966410636,0.5732455262437174,0.6272405078265232,0.787296633560485,0.4232640724166932
3628,0.3933941912715008,0.8296774966410636,0.5732455262437174,0.6272405078265232,0.787296633560485,0.4232640724166932
3629,0.3933941912715008,0.8296774966410636,0.5732455262437174,0.6272405078265232,0.787296633560485,0.4232640724166932
3630,0.3933941912715008,0.8296774966410636,0.5732455262437174,0.6272405078265232,0.787296633560485,0.4232640724166932
3631,0.3933941912715008,0.8296774966410636,0.5732455262437174,0.6272405078265232,0.787296633560485,0.4232640724166932
3632,0.3933941912715008,0.8296774966410636,0.5732455262437174,0.6272405078265232,0.787296633560485,0.4232640724166932
3633,0.3933941912715008,0.8296774966410636,0.5732455262437174,0.6272405078265232,0.787296633560485,0.4232640724166932
3634,0.3933941912715008,0.8296774966410636,0.5732455262437174,0.6272405078265232,0.787296633560485,0.4232640724166932
3635,0.3933941912715008,0.8296774966410636,0.5732455262437174,0.6272405078265232,0.787296633560485,0.4232640724166932
3636,0.3933941912715008,0.8296774966410636,0.5732455262437174,0.6272405078265232,0.787296633560485,0.4232640724166932
3637,0.3933941912715008,0.8296774966410636,0.5732455262437174,0.6272405078265232,0.787296633560485,0.4232640724166932
3638,0.3933941912715008,0.8296774966410636,0.5732455262437174,0.6272405078265232,0.787296633560485,0.4232640724166932
3639,0.3933941912715008,0.8296774966410636,0.5732455262437174,0.6272405078265232,0.787296633560485,0.4232640724166932
3640,0.3933941912715008,0.8296774966410636,0.5732455262437174,0.6272405078265232,0.787296633560485,0.4232640724166932
3641,0.3933941912715008,0.8296774966410636,0.5732455262437174,0.6272405078265232,0.787296633560485,0.4232640724166932
3642,0.3933941912715008,0.8296774966410636,0.5732455262437174,0.6272405078265232,0.787296633560485,0.4232640724166932
3643,0.3933941912715008,0.8296774966410636,0.5732455262437174,0.6272405078265232,0.787296633560485,0.4232640724166932
3644,0.3933941912715008,0.8296774966410636,0.5732455262437174,0.6272405078265232,0.787296633560485,0.4232640724166932
3645,0.3933941912715008,0.8296774966410636,0.5732455262437174,0.6272405078265232,0.787296633560485,0.4232640724166932
3646,0.3933941912715008,0.8296774966410636,0.5732455262437174,0.6272405078265232,0.787296633560485,0.4232640724166932
3647,0.3933941912715008,0.8296774966410636,0.5732455262437174,0.6272405078265232,0.787296633560485,0.4232640724166932
3648,0.36934042417304896,0.8227518112536863,0.5670354081802007,0.6226945242748883,0.7824423017056654,0.42104234826589043
3649,0.36934042417304896,0.8227518112536863,0.5670354081802007,0.6226945242748883,0.7824423017056654,0.42104234826589043
3650,0.36934042417304896,0.8227518112536863,0.5670354081802007,0.6226945242748883,0.7824423017056654,0.42104234826589043
3651,0.36934042417304896,0.8227518112536863,0.5670354081802007,0.6226945242748883,0.7824423017056654,0.42104234826589043
3652,0.36934042417304896,0.8227518112536863,0.5670354081802007,0.6226945242748883,0.7824423017056654,0.42104234826589043
3653,0.36934042417304896,0.8227518112536863,0.5670354081802007,0.6226945242748883,0.7824423017056654,0.42104234826589043
3654,0.36934042417304896,0.8227518112536863,0.5670354081802007,0.6226945242748883,0.7824423017056654,0.42104234826589043
3655,0.36934042417304896,0.8227518112536863,0.5670354081802007,0.6226945242748883,0.7824423017056654,0.42104234826589043
3656,0.36934042417304896,0.8227518112536863,0.5670354081802007,0.6226945242748883,0.7824423017056654,0.42104234826589043
3657,0.36934042417304896,0.8227518112536863,0.5670354081802007,0.6226945242748883,0.7824423017056654,0.42104234826589043
3658,0.36934042417304896,0.8227518112536863,0.5670354081802007,0.6226945242748883,0.7824423017056654,0.42104234826589043
3659,0.36934042417304896,0.8227518112536863,0.5670354081802007,0.6226945242748883,0.7824423017056654,0.42104234826589043
3660,0.36934042417304896,0.8227518112536863,0.5670354081802007,0.6226945242748883,0.7824423017056654,0.42104234826589043
3661,0.36934042417304896,0.8227518112536863,0.5670354081802007,0.6226945242748883,0.7824423017056654,0.42104234826589043
3662,0.36934042417304896,0.8227518112536863,0.5670354081802007,0.6226945242748883,0.7824423017056654,0.42104234826589043
3663,0.36934042417304896,0.8227518112536863,0.5670354081802007,0.6226945242748883,0.7824423017056654,0.42104234826589043
3664,0.36934042417304896,0.8227518112536863,0.5670354081802007,0.6226945242748883,0.7824423017056654,0.42104234826589043
3665,0.36934042417304896,0.8227518112536863,0.5670354081802007,0.6226945242748883,0.7824423017056654,0.42104234826589043
3666,0.36934042417304896,0.8227518112536863,0.5670354081802007,0.6226945242748883,0.7824423017056654,0.42104234826589043
3667,0.36934042417304896,0.8227518112536863,0.5670354081802007,0.6226945242748883,0.7824423017056654,0.42104234826589043
3668,0.36934042417304896,0.8227518112536863,0.5670354081802007,0.6226945242748883,0.7824423017056654,0.42104234826589043
3669,0.36934042417304896,0.8227518112536863,0.5670354081802007,0.6226945242748883,0.7824423017056654,0.42104234826589043
3670,0.36934042417304896,0.8227518112536863,0.5670354081802007,0.6226945242748883,0.7824423017056654,0.42104234826589043
3671,0.36934042417304896,0.8227518112536863,0.5670354081802007,0.6226945242748883,0.7824423017056654,0.42104234826589043
3672,0.35689938874537114,0.8356245870175635,0.5764765695995077,0.6290833692221655,0.7822786123679942,0.425830190653174
3673,0.35689938874537114,0.8356245870175635,0.5764765695995077,0.6290833692221655,0.7822786123679942,0.425830190653174
3674,0.35689938874537114,0.8356245870175635,0.5764765695995077,0.6290833692221655,0.7822786123679942,0.425830190653174
3675,0.35689938874537114,0.8356245870175635,0.5764765695995077,0.6290833692221655,0.7822786123679942,0.425830190653174
3676,0.35689938874537114,0.8356245870175635,0.5764765695995077,0.6290833692221655,0.7822786123679942,0.425830190653174
3677,0.35689938874537114,0.8356245870175635,0.5764765695995077,0.6290833692221655,0.7822786123679942,0.425830190653174
3678,0.35689938874537114,0.8356245870175635,0.5764765695995077,0.6290833692221655,0.7822786123679942,0.425830190653174
3679,0.35689938874537114,0.8356245870175635,0.5764765695995077,0.6290833692221655,0.7822786123679942,0.425830190653174
3680,0.35689938874537114,0.8356245870175635,0.5764765695995077,0.6290833692221655,0.7822786123679942,0.425830190653174
3681,0.35689938874537114,0.8356245870175635,0.5764765695995077,0.6290833692221655,0.7822786123679942,0.425830190653174
3682,0.35689938874537114,0.8356245870175635,0.5764765695995077,0.6290833692221655,0.7822786123679942,0.425830190653174
3683,0.35689938874537114,0.8356245870175635,0.5764765695995077,0.6290833692221655,0.7822786123679942,0.425830190653174
3684,0.35689938874537114,0.8356245870175635,0.5764765695995077,0.6290833692221655,0.7822786123679942,0.425830190653174
3685,0.35689938874537114,0.8356245870175635,0.5764765695995077,0.6290833692221655,0.7822786123679942,0.425830190653174
3686,0.35689938874537114,0.8356245870175635,0.5764765695995077,0.6290833692221655,0.7822786123679942,0.425830190653174
3687,0.35689938874537114,0.8356245870175635,0.5764765695995077,0.6290833692221655,0.7822786123679942,0.425830190653174
3688,0.35689938874537114,0.8356245870175635,0.5764765695995077,0.6290833692221655,0.7822786123679942,0.425830190653174
3689,0.35689938874537114,0.8356245870175635,0.5764765695995077,0.6290833692221655,0.7822786123679942,0.425830190653174
3690,0.35689938874537114,0.8356245870175635,0.5764765695995077,0.6290833692221655,0.7822786123679942,0.425830190653174
3691,0.35689938874537114,0.8356245870175635,0.5764765695995077,0.6290833692221655,0.7822786123679942,0.425830190653174
3692,0.35689938874537114,0.8356245870175635,0.5764765695995077,0.6290833692221655,0.7822786123679942,0.425830190653174
3693,0.35689938874537114,0.8356245870175635,0.5764765695995077,0.6290833692221655,0.7822786123679942,0.425830190653174
3694,0.35689938874537114,0.8356245870175635,0.5764765695995077,0.6290833692221655,0.7822786123679942,0.425830190653174
3695,0.35689938874537114,0.8356245870175635,0.5764765695995077,0.6290833692221655,0.7822786123679942,0.425830190653174
3696,0.338346808091087,0.8393409047075057,0.5785781263382347,0.630365382574251,0.7798626414044129,0.4273865448282106
3697,0.338346808091087,0.8393409047075057,0.5785781263382347,0.630365382574251,0.7798626414044129,0.4273865448282106
3698,0.338346808091087,0.8393409047075057,0.5785781263382347,0.630365382574251,0.7798626414044129,0.4273865448282106
3699,0.338346808091087,0.8393409047075057,0.5785781263382347,0.630365382574251,0.7798626414044129,0.4273865448282106
3700,0.338346808091087,0.8393409047075057,0.5785781263382347,0.630365382574251,0.7798626414044129,0.4273865448282106
3701,0.338346808091087,0.8393409047075057,0.5785781263382347,0.630365382574251,0.7798626414044129,0.4273865448282106
3702,0.338346808091087,0.8393409047075057,0.5785781263382347,0.630365382574251,0.7798626414044129,0.4273865448282106
3703,0.338346808091087,0.8393409047075057,0.5785781263382347,0.630365382574251,0.7798626414044129,0.4273865448282106
3704,0.338346808091087,0.8393409047075057,0.5785781263382347,0.630365382574251,0.7798626414044129,0.4273865448282106
3705,0.338346808091087,0.8393409047075057,0.5785781263382347,0.630365382574251,0.7798626414044129,0.4273865448282106
3706,0.338346808091087,0.8393409047075057,0.5785781263382347,0.630365382574251,0.7798626414044129,0.4273865448282106
3707,0.338346808091087,0.8393409047075057,0.5785781263382347,0.630365382574251,0.7798626414044129,0.4273865448282106
3708,0.338346808091087,0.8393409047075057,0.5785781263382347,0.630365382574251,0.7798626414044129,0.4273865448282106
3709,0.338346808091087,0.8393409047075057,0.5785781263382347,0.630365382574251,0.7798626414044129,0.4273865448282106
3710,0.338346808091087,0.8393409047075057,0.5785781263382347,0.630365382574251,0.7798626414044129,0.4273865448282106
3711,0.338346808091087,0.8393409047075057,0.5785781263382347,0.630365382574251,0.7798626414044129,0.4273865448282106
3712,0.338346808091087,0.8393409047075057,0.5785781263382347,0.630365382574251,0.7798626414044129,0.4273865448282106
3713,0.338346808091087,0.8393409047075057,0.5785781263382347,0.630365382574251,0.7798626414044129,0.4273865448282106
3714,0.338346808091087,0.8393409047075057,0.5785781263382347,0.630365382574251,0.7798626414044129,0.4273865448282106
3715,0.338346808091087,0.8393409047075057,0.5785781263382347,0.630365382574251,0.7798626414044129,0.4273865448282106
3716,0.338346808091087,0.8393409047075057,0.5785781263382347,0.630365382574251,0.7798626414044129,0.4273865448282106
3717,0.338346808091087,0.8393409047075057,0.5785781263382347,0.630365382574251,0.7798626414044129,0.4273865448282106
3718,0.338346808091087,0.8393409047075057,0.5785781263382347,0.630365382574251,0.7798626414044129,0.4273865448282106
3719,0.338346808091087,0.8393409047075057,0.5785781263382347,0.630365382574251,0.7798626414044129,0.4273865448282106
3720,0.31522884709487176,0.8347093718704013,0.5743325497771861,0.6269687108087063,0.7755380077903703,0.4258994416550442
3721,0.31522884709487176,0.8347093718704013,0.5743325497771861,0.6269687108087063,0.7755380077903703,0.4258994416550442
3722,0.31522884709487176,0.8347093718704013,0.5743325497771861,0.6269687108087063,0.7755380077903703,0.4258994416550442
3723,0.31522884709487176,0.8347093718704013,0.5743325497771861,0.6269687108087063,0.7755380077903703,0.4258994416550442
3724,0.31522884709487176,0.8347093718704013,0.5743325497771861,0.6269687108087063,0.7755380077903703,0.4258994416550442
3725,0.31522884709487176,0.8347093718704013,0.5743325497771861,0.6269687108087063,0.7755380077903703,0.4258994416550442
3726,0.31522884709487176,0.8347093718704013,0.5743325497771861,0.6269687108087063,0.7755380077903703,0.4258994416550442
3727,0.31522884709487176,0.8347093718704013,0.5743325497771861,0.6269687108087063,0.7755380077903703,0.4258994416550442
3728,0.31522884709487176,0.8347093718704013,0.5743325497771861,0.6269687108087063,0.7755380077903703,0.4258994416550442
3729,0.31522884709487176,0.8347093718704013,0.5743325497771861,0.6269687108087063,0.7755380077903703,0.4258994416550442
3730,0.31522884709487176,0.8347093718704013,0.5743325497771861,0.6269687108087063,0.7755380077903703,0.4258994416550442
3731,0.31522884709487176,0.8347093718704013,0.5743325497771861,0.6269687108087063,0.7755380077903703,0.4258994416550442
3732,0.31522884709487176,0.8347093718704013,0.5743325497771861,0.6269687108087063,0.7755380077903703,0.4258994416550442
3733,0.31522884709487176,0.8347093718704013,0.5743325497771861,0.6269687108087063,0.7755380077903703,0.4258994416550442
3734,0.31522884709487176,0.8347093718704013,0.5743325497771861,0.6269687108087063,0.7755380077903703,0.4258994416550442
3735,0.31522884709487176,0.8347093718704013,0.5743325497771861,0.6269687108087063,0.7755380077903703,0.4258994416550442
3736,0.31522884709487176,0.8347093718704013,0.5743325497771861,0.6269687108087063,0.7755380077903703,0.4258994416550442
3737,0.31522884709487176,0.8347093718704013,0.5743325497771861,0.6269687108087063,0.7755380077903703,0.4258994416550442
3738,0.31522884709487176,0.8347093718704013,0.5743325497771861,0.6269687108087063,0.7755380077903703,0.4258994416550442
3739,0.31522884709487176,0.8347093718704013,0.5743325497771861,0.6269687108087063,0.7755380077903703,0.4258994416550442
3740,0.31522884709487176,0.8347093718704013,0.5743325497771861,0.6269687108087063,0.7755380077903703,0.4258994416550442
3741,0.31522884709487176,0.8347093718704013,0.5743325497771861,0.6269687108087063,0.7755380077903703,0.4258994416550442
3742,0.31522884709487176,0.8347093718704013,0.5743325497771861,0.6269687108087063,0.7755380077903703,0.4258994416550442
3743,0.31522884709487176,0.8347093718704013,0.5743325497771861,0.6269687108087063,0.7755380077903703,0.4258994416550442
3744,0.29273087499712797,0.8290215162554863,0.5691302985121145,0.623157419781471,0.7710814781740751,0.4241173430939909
3745,0.29273087499712797,0.8290215162554863,0.5691302985121145,0.623157419781471,0.7710814781740751,0.4241173430939909
3746,0.29273087499712797,0.8290215162554863,0.5691302985121145,0.623157419781471,0.7710814781740751,0.4241173430939909
3747,0.29273087499712797,0.8290215162554863,0.5691302985121145,0.623157419781471,0.7710814781740751,0.4241173430939909
3748,0.29273087499712797,0.8290215162554863,0.5691302985121145,0.623157419781471,0.7710814781740751,0.4241173430939909
3749,0.29273087499712797,0.8290215162554863,0.5691302985121145,0.623157419781471,0.7710814781740751,0.4241173430939909
3750,0.29273087499712797,0.8290215162554863,0.5691302985121145,0.623157419781471,0.7710814781740751,0.4241173430939909
3751,0.29273087499712797,0.8290215162554863,0.5691302985121145,0.623157419781471,0.7710814781740751,0.4241173430939909
3752,0.29273087499712797,0.8290215162554863,0.5691302985121145,0.623157419781471,0.7710814781740751,0.4241173430939909
3753,0.29273087499712797,0.8290215162554863,0.5691302985121145,0.623157419781471,0.7710814781740751,0.4241173430939909
3754,0.29273087499712797,0.8290215162554863,0.5691302985121145,0.623157419781471,0.7710814781740751,0.4241173430939909
3755,0.29273087499712797,0.8290215162554863,0.5691302985121145,0.623157419781471,0.7710814781740751,0.4241173430939909
3756,0.29273087499712797,0.8290215162554863,0.5691302985121145,0.623157419781471,0.7710814781740751,0.4241173430939909
3757,0.29273087499712797,0.8290215162554863,0.5691302985121145,0.623157419781471,0.7710814781740751,0.4241173430939909
3758,0.29273087499712797,0.8290215162554863,0.5691302985121145,0.623157419781471,0.7710814781740751,0.4241173430939909
3759,0.29273087499712797,0.8290215162554863,0.5691302985121145,0.623157419781471,0.7710814781740751,0.4241173430939909
3760,0.29273087499712797,0.8290215162554863,0.5691302985121145,0.623157419781471,0.7710814781740751,0.4241173430939909
3761,0.29273087499712797,0.8290215162554863,0.5691302985121145,0.623157419781471,0.7710814781740751,0.4241173430939909
3762,0.29273087499712797,0.8290215162554863,0.5691302985121145,0.623157419781471,0.7710814781740751,0.4241173430939909
3763,0.29273087499712797,0.8290215162554863,0.5691302985121145,0.623157419781471,0.7710814781740751,0.4241173430939909
3764,0.29273087499712797,0.8290215162554863,0.5691302985121145,0.623157419781471,0.7710814781740751,0.4241173430939909
3765,0.29273087499712797,0.8290215162554863,0.5691302985121145,0.623157419781471,0.7710814781740751,0.4241173430939909
3766,0.29273087499712797,0.8290215162554863,0.5691302985121145,0.623157419781471,0.7710814781740751,0.4241173430939909
3767,0.29273087499712797,0.8290215162554863,0.5691302985121145,0.623157419781471,0.7710814781740751,0.4241173430939909
3768,0.27329418411354006,0.8226699006007139,0.5629694110352282,0.6192346227064173,0.7666390106521268,0.42225199125661383
3769,0.27329418411354006,0.8226699006007139,0.5629694110352282,0.6192346227064173,0.7666390106521268,0.42225199125661383
3770,0.27329418411354006,0.8226699006007139,0.5629694110352282,0.6192346227064173,0.7666390106521268,0.42225199125661383
3771,0.27329418411354006,0.8226699006007139,0.5629694110352282,0.6192346227064173,0.7666390106521268,0.42225199125661383
3772,0.27329418411354006,0.8226699006007139,0.5629694110352282,0.6192346227064173,0.7666390106521268,0.42225199125661383
3773,0.27329418411354006,0.8226699006007139,0.5629694110352282,0.6192346227064173,0.7666390106521268,0.42225199125661383
3774,0.27329418411354006,0.8226699006007139,0.5629694110352282,0.6192346227064173,0.7666390106521268,0.42225199125661383
3775,0.27329418411354006,0.8226699006007139,0.5629694110352282,0.6192346227064173,0.7666390106521268,0.42225199125661383
3776,0.27329418411354006,0.8226699006007139,0.5629694110352282,0.6192346227064173,0.7666390106521268,0.42225199125661383
3777,0.27329418411354006,0.8226699006007139,0.5629694110352282,0.6192346227064173,0.7666390106521268,0.42225199125661383
3778,0.27329418411354006,0.8226699006007139,0.5629694110352282,0.6192346227064173,0.7666390106521268,0.42225199125661383
3779,0.27329418411354006,0.8226699006007139,0.5629694110352282,0.6192346227064173,0.7666390106521268,0.42225199125661383
3780,0.27329418411354006,0.8226699006007139,0.5629694110352282,0.6192346227064173,0.7666390106521268,0.42225199125661383
3781,0.27329418411354006,0.8226699006007139,0.5629694110352282,0.6192346227064173,0.7666390106521268,0.42225199125661383
3782,0.27329418411354006,0.8226699006007139,0.5629694110352282,0.6192346227064173,0.7666390106521268,0.42225199125661383
3783,0.27329418411354006,0.8226699006007139,0.5629694110352282,0.6192346227064173,0.7666390106521268,0.42225199125661383
3784,0.27329418411354006,0.8226699006007139,0.5629694110352282,0.6192346227064173,0.7666390106521268,0.42225199125661383
3785,0.27329418411354006,0.8226699006007139,0.5629694110352282,0.6192346227064173,0.7666390106521268,0.42225199125661383
3786,0.27329418411354006,0.8226699006007139,0.5629694110352282,0.6192346227064173,0.7666390106521268,0.42225199125661383
3787,0.27329418411354006,0.8226699006007139,0.5629694110352282,0.6192346227064173,0.7666390106521268,0.42225199125661383
3788,0.27329418411354006,0.8226699006007139,0.5629694110352282,0.6192346227064173,0.7666390106521268,0.42225199125661383
3789,0.27329418411354006,0.8226699006007139,0.5629694110352282,0.6192346227064173,0.7666390106521268,0.42225199125661383
3790,0.27329418411354006,0.8226699006007139,0.5629694110352282,0.6192346227064173,0.7666390106521268,0.42225199125661383
3791,0.27329418411354006,0.8226699006007139,0.5629694110352282,0.6192346227064173,0.7666390106521268,0.42225199125661383
3792,0.2589397392633897,0.8234301309846098,0.5631658674682739,0.6189269057930653,0.7640615150073756,0.422618214658758
3793,0.2589397392633897,0.8234301309846098,0.5631658674682739,0.6189269057930653,0.7640615150073756,0.422618214658758
3794,0.2589397392633897,0.8234301309846098,0.5631658674682739,0.6189269057930653,0.7640615150073756,0.422618214658758
3795,0.2589397392633897,0.8234301309846098,0.5631658674682739,0.6189269057930653,0.7640615150073756,0.422618214658758
3796,0.2589397392633897,0.8234301309846098,0.5631658674682739,0.6189269057930653,0.7640615150073756,0.422618214658758
3797,0.2589397392633897,0.8234301309846098,0.5631658674682739,0.6189269057930653,0.7640615150073756,0.422618214658758
3798,0.2589397392633897,0.8234301309846098,0.5631658674682739,0.6189269057930653,0.7640615150073756,0.422618214658758
3799,0.2589397392633897,0.8234301309846098,0.5631658674682739,0.6189269057930653,0.7640615150073756,0.422618214658758
3800,0.2589397392633897,0.8234301309846098,0.5631658674682739,0.6189269057930653,0.7640615150073756,0.422618214658758
3801,0.2589397392633897,0.8234301309846098,0.5631658674682739,0.6189269057930653,0.7640615150073756,0.422618214658758
3802,0.2589397392633897,0.8234301309846098,0.5631658674682739,0.6189269057930653,0.7640615150073756,0.422618214658758
3803,0.2589397392633897,0.8234301309846098,0.5631658674682739,0.6189269057930653,0.7640615150073756,0.422618214658758
3804,0.2589397392633897,0.8234301309846098,0.5631658674682739,0.6189269057930653,0.7640615150073756,0.422618214658758
3805,0.2589397392633897,0.8234301309846098,0.5631658674682739,0.6189269057930653,0.7640615150073756,0.422618214658758
3806,0.2589397392633897,0.8234301309846098,0.5631658674682739,0.6189269057930653,0.7640615150073756,0.422618214658758
3807,0.2589397392633897,0.8234301309846098,0.5631658674682739,0.6189269057930653,0.7640615150073756,0.422618214658758
3808,0.2589397392633897,0.8234301309846098,0.5631658674682739,0.6189269057930653,0.7640615150073756,0.422618214658758
3809,0.2589397392633897,0.8234301309846098,0.5631658674682739,0.6189269057930653,0.7640615150073756,0.422618214658758
3810,0.2589397392633897,0.8234301309846098,0.5631658674682739,0.6189269057930653,0.7640615150073756,0.422618214658758
3811,0.2589397392633897,0.8234301309846098,0.5631658674682739,0.6189269057930653,0.7640615150073756,0.422618214658758
3812,0.2589397392633897,0.8234301309846098,0.5631658674682739,0.6189269057930653,0.7640615150073756,0.422618214658758
3813,0.2589397392633897,0.8234301309846098,0.5631658674682739,0.6189269057930653,0.7640615150073756,0.422618214658758
3814,0.2589397392633897,0.8234301309846098,0.5631658674682739,0.6189269057930653,0.7640615150073756,0.422618214658758
3815,0.2589397392633897,0.8234301309846098,0.5631658674682739,0.6189269057930653,0.7640615150073756,0.422618214658758
3816,0.2324775317687147,0.8130683448910515,0.5538236616892224,0.6125488906604083,0.7454766680947116,0.41930969750303154
3817,0.2324775317687147,0.8130683448910515,0.5538236616892224,0.6125488906604083,0.7454766680947116,0.41930969750303154
3818,0.2324775317687147,0.8130683448910515,0.5538236616892224,0.6125488906604083,0.7454766680947116,0.41930969750303154
3819,0.2324775317687147,0.8130683448910515,0.5538236616892224,0.6125488906604083,0.7454766680947116,0.41930969750303154
3820,0.2324775317687147,0.8130683448910515,0.5538236616892224,0.6125488906604083,0.7454766680947116,0.41930969750303154
3821,0.2324775317687147,0.8130683448910515,0.5538236616892224,0.6125488906604083,0.7454766680947116,0.41930969750303154
3822,0.2324775317687147,0.8130683448910515,0.5538236616892224,0.6125488906604083,0.7454766680947116,0.41930969750303154
3823,0.2324775317687147,0.8130683448910515,0.5538236616892224,0.6125488906604083,0.7454766680947116,0.41930969750303154
3824,0.2324775317687147,0.8130683448910515,0.5538236616892224,0.6125488906604083,0.7454766680947116,0.41930969750303154
3825,0.2324775317687147,0.8130683448910515,0.5538236616892224,0.6125488906604083,0.7454766680947116,0.41930969750303154
3826,0.2324775317687147,0.8130683448910515,0.5538236616892224,0.6125488906604083,0.7454766680947116,0.41930969750303154
3827,0.2324775317687147,0.8130683448910515,0.5538236616892224,0.6125488906604083,0.7454766680947116,0.41930969750303154
3828,0.2324775317687147,0.8130683448910515,0.5538236616892224,0.6125488906604083,0.7454766680947116,0.41930969750303154
3829,0.2324775317687147,0.8130683448910515,0.5538236616892224,0.6125488906604083,0.7454766680947116,0.41930969750303154
3830,0.2324775317687147,0.8130683448910515,0.5538236616892224,0.6125488906604083,0.7454766680947116,0.41930969750303154
3831,0.2324775317687147,0.8130683448910515,0.5538236616892224,0.6125488906604083,0.7454766680947116,0.41930969750303154
3832,0.2324775317687147,0.8130683448910515,0.5538236616892224,0.6125488906604083,0.7454766680947116,0.41930969750303154
3833,0.2324775317687147,0.8130683448910515,0.5538236616892224,0.6125488906604083,0.7454766680947116,0.41930969750303154
3834,0.2324775317687147,0.8130683448910515,0.5538236616892224,0.6125488906604083,0.7454766680947116,0.41930969750303154
3835,0.2324775317687147,0.8130683448910515,0.5538236616892224,0.6125488906604083,0.7454766680947116,0.41930969750303154
3836,0.2324775317687147,0.8130683448910515,0.5538236616892224,0.6125488906604083,0.7454766680947116,0.41930969750303154
3837,0.2324775317687147,0.8130683448910515,0.5538236616892224,0.6125488906604083,0.7454766680947116,0.41930969750303154
3838,0.2324775317687147,0.8130683448910515,0.5538236616892224,0.6125488906604083,0.7454766680947116,0.41930969750303154
3839,0.2324775317687147,0.8130683448910515,0.5538236616892224,0.6125488906604083,0.7454766680947116,0.41930969750303154
3840,0.21611158221582613,0.8140851644002812,0.5540472083977651,0.6123225798894493,0.7304097173310611,0.4197838266574802
3841,0.21611158221582613,0.8140851644002812,0.5540472083977651,0.6123225798894493,0.7304097173310611,0.4197838266574802
3842,0.21611158221582613,0.8140851644002812,0.5540472083977651,0.6123225798894493,0.7304097173310611,0.4197838266574802
3843,0.21611158221582613,0.8140851644002812,0.5540472083977651,0.6123225798894493,0.7304097173310611,0.4197838266574802
3844,0.21611158221582613,0.8140851644002812,0.5540472083977651,0.6123225798894493,0.7304097173310611,0.4197838266574802
3845,0.21611158221582613,0.8140851644002812,0.5540472083977651,0.6123225798894493,0.7304097173310611,0.4197838266574802
3846,0.21611158221582613,0.8140851644002812,0.5540472083977651,0.6123225798894493,0.7304097173310611,0.4197838266574802
3847,0.21611158221582613,0.8140851644002812,0.5540472083977651,0.6123225798894493,0.7304097173310611,0.4197838266574802
3848,0.21611158221582613,0.8140851644002812,0.5540472083977651,0.6123225798894493,0.7304097173310611,0.4197838266574802
3849,0.21611158221582613,0.8140851644002812,0.5540472083977651,0.6123225798894493,0.7304097173310611,0.4197838266574802
3850,0.21611158221582613,0.8140851644002812,0.5540472083977651,0.6123225798894493,0.7304097173310611,0.4197838266574802
3851,0.21611158221582613,0.8140851644002812,0.5540472083977651,0.6123225798894493,0.7304097173310611,0.4197838266574802
3852,0.21611158221582613,0.8140851644002812,0.5540472083977651,0.6123225798894493,0.7304097173310611,0.4197838266574802
3853,0.21611158221582613,0.8140851644002812,0.5540472083977651,0.6123225798894493,0.7304097173310611,0.4197838266574802
3854,0.21611158221582613,0.8140851644002812,0.5540472083977651,0.6123225798894493,0.7304097173310611,0.4197838266574802
3855,0.21611158221582613,0.8140851644002812,0.5540472083977651,0.6123225798894493,0.7304097173310611,0.4197838266574802
3856,0.21611158221582613,0.8140851644002812,0.5540472083977651,0.6123225798894493,0.7304097173310611,0.4197838266574802
3857,0.21611158221582613,0.8140851644002812,0.5540472083977651,0.6123225798894493,0.7304097173310611,0.4197838266574802
3858,0.21611158221582613,0.8140851644002812,0.5540472083977651,0.6123225798894493,0.7304097173310611,0.4197838266574802
3859,0.21611158221582613,0.8140851644002812,0.5540472083977651,0.6123225798894493,0.7304097173310611,0.4197838266574802
3860,0.21611158221582613,0.8140851644002812,0.5540472083977651,0.6123225798894493,0.7304097173310611,0.4197838266574802
3861,0.21611158221582613,0.8140851644002812,0.5540472083977651,0.6123225798894493,0.7304097173310611,0.4197838266574802
3862,0.21611158221582613,0.8140851644002812,0.5540472083977651,0.6123225798894493,0.7304097173310611,0.4197838266574802
3863,0.21611158221582613,0.8140851644002812,0.5540472083977651,0.6123225798894493,0.7304097173310611,0.4197838266574802
3864,0.21868508472368872,0.823996804845483,0.562792103303378,0.6182275970032045,0.742238267397573,0.4234964459370341
3865,0.21868508472368872,0.823996804845483,0.562792103303378,0.6182275970032045,0.742238267397573,0.4234964459370341
3866,0.21868508472368872,0.823996804845483,0.562792103303378,0.6182275970032045,0.742238267397573,0.4234964459370341
3867,0.21868508472368872,0.823996804845483,0.562792103303378,0.6182275970032045,0.742238267397573,0.4234964459370341
3868,0.21868508472368872,0.823996804845483,0.562792103303378,0.6182275970032045,0.742238267397573,0.4234964459370341
3869,0.21868508472368872,0.823996804845483,0.562792103303378,0.6182275970032045,0.742238267397573,0.4234964459370341
3870,0.21868508472368872,0.823996804845483,0.562792103303378,0.6182275970032045,0.742238267397573,0.4234964459370341
3871,0.21868508472368872,0.823996804845483,0.562792103303378,0.6182275970032045,0.742238267397573,0.4234964459370341
3872,0.21868508472368872,0.823996804845483,0.562792103303378,0.6182275970032045,0.742238267397573,0.4234964459370341
3873,0.21868508472368872,0.823996804845483,0.562792103303378,0.6182275970032045,0.742238267397573,0.4234964459370341
3874,0.21868508472368872,0.823996804845483,0.562792103303378,0.6182275970032045,0.742238267397573,0.4234964459370341
3875,0.21868508472368872,0.823996804845483,0.562792103303378,0.6182275970032045,0.742238267397573,0.4234964459370341
3876,0.21868508472368872,0.823996804845483,0.562792103303378,0.6182275970032045,0.742238267397573,0.4234964459370341
3877,0.21868508472368872,0.823996804845483,0.562792103303378,0.6182275970032045,0.742238267397573,0.4234964459370341
3878,0.21868508472368872,0.823996804845483,0.562792103303378,0.6182275970032045,0.742238267397573,0.4234964459370341
3879,0.21868508472368872,0.823996804845483,0.562792103303378,0.6182275970032045,0.742238267397573,0.4234964459370341
3880,0.21868508472368872,0.823996804845483,0.562792103303378,0.6182275970032045,0.742238267397573,0.4234964459370341
3881,0.21868508472368872,0.823996804845483,0.562792103303378,0.6182275970032045,0.742238267397573,0.4234964459370341
3882,0.21868508472368872,0.823996804845483,0.562792103303378,0.6182275970032045,0.742238267397573,0.4234964459370341
3883,0.21868508472368872,0.823996804845483,0.562792103303378,0.6182275970032045,0.742238267397573,0.4234964459370341
3884,0.21868508472368872,0.823996804845483,0.562792103303378,0.6182275970032045,0.742238267397573,0.4234964459370341
3885,0.21868508472368872,0.823996804845483,0.562792103303378,0.6182275970032045,0.742238267397573,0.4234964459370341
3886,0.21868508472368872,0.823996804845483,0.562792103303378,0.6182275970032045,0.742238267397573,0.4234964459370341
3887,0.21868508472368872,0.823996804845483,0.562792103303378,0.6182275970032045,0.742238267397573,0.4234964459370341
3888,0.21792165689046306,0.8217641802446467,0.5612233162427105,0.6168666426244842,0.739534057266416,0.422645339309853
3889,0.21792165689046306,0.8217641802446467,0.5612233162427105,0.6168666426244842,0.739534057266416,0.422645339309853
3890,0.21792165689046306,0.8217641802446467,0.5612233162427105,0.6168666426244842,0.739534057266416,0.422645339309853
3891,0.21792165689046306,0.8217641802446467,0.5612233162427105,0.6168666426244842,0.739534057266416,0.422645339309853
3892,0.21792165689046306,0.8217641802446467,0.5612233162427105,0.6168666426244842,0.739534057266416,0.422645339309853
3893,0.21792165689046306,0.8217641802446467,0.5612233162427105,0.6168666426244842,0.739534057266416,0.422645339309853
3894,0.21792165689046306,0.8217641802446467,0.5612233162427105,0.6168666426244842,0.739534057266416,0.422645339309853
3895,0.21792165689046306,0.8217641802446467,0.5612233162427105,0.6168666426244842,0.739534057266416,0.422645339309853
3896,0.21792165689046306,0.8217641802446467,0.5612233162427105,0.6168666426244842,0.739534057266416,0.422645339309853
3897,0.21792165689046306,0.8217641802446467,0.5612233162427105,0.6168666426244842,0.739534057266416,0.422645339309853
3898,0.21792165689046306,0.8217641802446467,0.5612233162427105,0.6168666426244842,0.739534057266416,0.422645339309853
3899,0.21792165689046306,0.8217641802446467,0.5612233162427105,0.6168666426244842,0.739534057266416,0.422645339309853
3900,0.21792165689046306,0.8217641802446467,0.5612233162427105,0.6168666426244842,0.739534057266416,0.422645339309853
3901,0.21792165689046306,0.8217641802446467,0.5612233162427105,0.6168666426244842,0.739534057266416,0.422645339309853
3902,0.21792165689046306,0.8217641802446467,0.5612233162427105,0.6168666426244842,0.739534057266416,0.422645339309853
3903,0.21792165689046306,0.8217641802446467,0.5612233162427105,0.6168666426244842,0.739534057266416,0.422645339309853
3904,0.21792165689046306,0.8217641802446467,0.5612233162427105,0.6168666426244842,0.739534057266416,0.422645339309853
3905,0.21792165689046306,0.8217641802446467,0.5612233162427105,0.6168666426244842,0.739534057266416,0.422645339309853
3906,0.21792165689046306,0.8217641802446467,0.5612233162427105,0.6168666426244842,0.739534057266416,0.422645339309853
3907,0.21792165689046306,0.8217641802446467,0.5612233162427105,0.6168666426244842,0.739534057266416,0.422645339309853
3908,0.21792165689046306,0.8217641802446467,0.5612233162427105,0.6168666426244842,0.739534057266416,0.422645339309853
3909,0.21792165689046306,0.8217641802446467,0.5612233162427105,0.6168666426244842,0.739534057266416,0.422645339309853
3910,0.21792165689046306,0.8217641802446467,0.5612233162427105,0.6168666426244842,0.739534057266416,0.422645339309853
3911,0.21792165689046306,0.8217641802446467,0.5612233162427105,0.6168666426244842,0.739534057266416,0.422645339309853
3912,0.21712901256933573,0.8193841945509234,0.559517613722225,0.6154771149491574,0.7366249449171262,0.4217635532519641
3913,0.21712901256933573,0.8193841945509234,0.559517613722225,0.6154771149491574,0.7366249449171262,0.4217635532519641
3914,0.21712901256933573,0.8193841945509234,0.559517613722225,0.6154771149491574,0.7366249449171262,0.4217635532519641
3915,0.21712901256933573,0.8193841945509234,0.559517613722225,0.6154771149491574,0.7366249449171262,0.4217635532519641
3916,0.21712901256933573,0.8193841945509234,0.559517613722225,0.6154771149491574,0.7366249449171262,0.4217635532519641
3917,0.21712901256933573,0.8193841945509234,0.559517613722225,0.6154771149491574,0.7366249449171262,0.4217635532519641
3918,0.21712901256933573,0.8193841945509234,0.559517613722225,0.6154771149491574,0.7366249449171262,0.4217635532519641
3919,0.21712901256933573,0.8193841945509234,0.559517613722225,0.6154771149491574,0.7366249449171262,0.4217635532519641
3920,0.21712901256933573,0.8193841945509234,0.559517613722225,0.6154771149491574,0.7366249449171262,0.4217635532519641
3921,0.21712901256933573,0.8193841945509234,0.559517613722225,0.6154771149491574,0.7366249449171262,0.4217635532519641
3922,0.21712901256933573,0.8193841945509234,0.559517613722225,0.6154771149491574,0.7366249449171262,0.4217635532519641
3923,0.21712901256933573,0.8193841945509234,0.559517613722225,0.6154771149491574,0.7366249449171262,0.4217635532519641
3924,0.21712901256933573,0.8193841945509234,0.559517613722225,0.6154771149491574,0.7366249449171262,0.4217635532519641
3925,0.21712901256933573,0.8193841945509234,0.559517613722225,0.6154771149491574,0.7366249449171262,0.4217635532519641
3926,0.21712901256933573,0.8193841945509234,0.559517613722225,0.6154771149491574,0.7366249449171262,0.4217635532519641
3927,0.21712901256933573,0.8193841945509234,0.559517613722225,0.6154771149491574,0.7366249449171262,0.4217635532519641
3928,0.21712901256933573,0.8193841945509234,0.559517613722225,0.6154771149491574,0.7366249449171262,0.4217635532519641
3929,0.21712901256933573,0.8193841945509234,0.559517613722225,0.6154771149491574,0.7366249449171262,0.4217635532519641
3930,0.21712901256933573,0.8193841945509234,0.559517613722225,0.6154771149491574,0.7366249449171262,0.4217635532519641
3931,0.21712901256933573,0.8193841945509234,0.559517613722225,0.6154771149491574,0.7366249449171262,0.4217635532519641
3932,0.21712901256933573,0.8193841945509234,0.559517613722225,0.6154771149491574,0.7366249449171262,0.4217635532519641
3933,0.21712901256933573,0.8193841945509234,0.559517613722225,0.6154771149491574,0.7366249449171262,0.4217635532519641
3934,0.21712901256933573,0.8193841945509234,0.559517613722225,0.6154771149491574,0.7366249449171262,0.4217635532519641
3935,0.21712901256933573,0.8193841945509234,0.559517613722225,0.6154771149491574,0.7366249449171262,0.4217635532519641
3936,0.2169780754926078,0.8189873962060544,0.5592277208912825,0.615273505660262,0.7361354127724568,0.4216002939226277
3937,0.2169780754926078,0.8189873962060544,0.5592277208912825,0.615273505660262,0.7361354127724568,0.4216002939226277
3938,0.2169780754926078,0.8189873962060544,0.5592277208912825,0.615273505660262,0.7361354127724568,0.4216002939226277
3939,0.2169780754926078,0.8189873962060544,0.5592277208912825,0.615273505660262,0.7361354127724568,0.4216002939226277
3940,0.2169780754926078,0.8189873962060544,0.5592277208912825,0.615273505660262,0.7361354127724568,0.4216002939226277
3941,0.2169780754926078,0.8189873962060544,0.5592277208912825,0.615273505660262,0.7361354127724568,0.4216002939226277
3942,0.2169780754926078,0.8189873962060544,0.5592277208912825,0.615273505660262,0.7361354127724568,0.4216002939226277
3943,0.2169780754926078,0.8189873962060544,0.5592277208912825,0.615273505660262,0.7361354127724568,0.4216002939226277
3944,0.2169780754926078,0.8189873962060544,0.5592277208912825,0.615273505660262,0.7361354127724568,0.4216002939226277
3945,0.2169780754926078,0.8189873962060544,0.5592277208912825,0.615273505660262,0.7361354127724568,0.4216002939226277
3946,0.2169780754926078,0.8189873962060544,0.5592277208912825,0.615273505660262,0.7361354127724568,0.4216002939226277
3947,0.2169780754926078,0.8189873962060544,0.5592277208912825,0.615273505660262,0.7361354127724568,0.4216002939226277
3948,0.2169780754926078,0.8189873962060544,0.5592277208912825,0.615273505660262,0.7361354127724568,0.4216002939226277
3949,0.2169780754926078,0.8189873962060544,0.5592277208912825,0.615273505660262,0.7361354127724568,0.4216002939226277
3950,0.2169780754926078,0.8189873962060544,0.5592277208912825,0.615273505660262,0.7361354127724568,0.4216002939226277
3951,0.2169780754926078,0.8189873962060544,0.5592277208912825,0.615273505660262,0.7361354127724568,0.4216002939226277
3952,0.2169780754926078,0.8189873962060544,0.5592277208912825,0.615273505660262,0.7361354127724568,0.4216002939226277
3953,0.2169780754926078,0.8189873962060544,0.5592277208912825,0.615273505660262,0.7361354127724568,0.4216002939226277
3954,0.2169780754926078,0.8189873962060544,0.5592277208912825,0.615273505660262,0.7361354127724568,0.4216002939226277
3955,0.2169780754926078,0.8189873962060544,0.5592277208912825,0.615273505660262,0.7361354127724568,0.4216002939226277
3956,0.2169780754926078,0.8189873962060544,0.5592277208912825,0.615273505660262,0.7361354127724568,0.4216002939226277
3957,0.2169780754926078,0.8189873962060544,0.5592277208912825,0.615273505660262,0.7361354127724568,0.4216002939226277
3958,0.2169780754926078,0.8189873962060544,0.5592277208912825,0.615273505660262,0.7361354127724568,0.4216002939226277
3959,0.2169780754926078,0.8189873962060544,0.5592277208912825,0.615273505660262,0.7361354127724568,0.4216002939226277
3960,0.21853845819877485,0.8234767117228482,0.5625338073328884,0.6179139683247037,0.7415323935983729,0.4232701742749765
3961,0.21853845819877485,0.8234767117228482,0.5625338073328884,0.6179139683247037,0.7415323935983729,0.4232701742749765
3962,0.21853845819877485,0.8234767117228482,0.5625338073328884,0.6179139683247037,0.7415323935983729,0.4232701742749765
3963,0.21853845819877485,0.8234767117228482,0.5625338073328884,0.6179139683247037,0.7415323935983729,0.4232701742749765
3964,0.21853845819877485,0.8234767117228482,0.5625338073328884,0.6179139683247037,0.7415323935983729,0.4232701742749765
3965,0.21853845819877485,0.8234767117228482,0.5625338073328884,0.6179139683247037,0.7415323935983729,0.4232701742749765
3966,0.21853845819877485,0.8234767117228482,0.5625338073328884,0.6179139683247037,0.7415323935983729,0.4232701742749765
3967,0.21853845819877485,0.8234767117228482,0.5625338073328884,0.6179139683247037,0.7415323935983729,0.4232701742749765
3968,0.21853845819877485,0.8234767117228482,0.5625338073328884,0.6179139683247037,0.7415323935983729,0.4232701742749765
3969,0.21853845819877485,0.8234767117228482,0.5625338073328884,0.6179139683247037,0.7415323935983729,0.4232701742749765
3970,0.21853845819877485,0.8234767117228482,0.5625338073328884,0.6179139683247037,0.7415323935983729,0.4232701742749765
3971,0.21853845819877485,0.8234767117228482,0.5625338073328884,0.6179139683247037,0.7415323935983729,0.4232701742749765
3972,0.21853845819877485,0.8234767117228482,0.5625338073328884,0.6179139683247037,0.7415323935983729,0.4232701742749765
3973,0.21853845819877485,0.8234767117228482,0.5625338073328884,0.6179139683247037,0.7415323935983729,0.4232701742749765
3974,0.21853845819877485,0.8234767117228482,0.5625338073328884,0.6179139683247037,0.7415323935983729,0.4232701742749765
3975,0.21853845819877485,0.8234767117228482,0.5625338073328884,0.6179139683247037,0.7415323935983729,0.4232701742749765
3976,0.21853845819877485,0.8234767117228482,0.5625338073328884,0.6179139683247037,0.7415323935983729,0.4232701742749765
3977,0.21853845819877485,0.8234767117228482,0.5625338073328884,0.6179139683247037,0.7415323935983729,0.4232701742749765
3978,0.21853845819877485,0.8234767117228482,0.5625338073328884,0.6179139683247037,0.7415323935983729,0.4232701742749765
3979,0.21853845819877485,0.8234767117228482,0.5625338073328884,0.6179139683247037,0.7415323935983729,0.4232701742749765
3980,0.21853845819877485,0.8234767117228482,0.5625338073328884,0.6179139683247037,0.7415323935983729,0.4232701742749765
3981,0.21853845819877485,0.8234767117228482,0.5625338073328884,0.6179139683247037,0.7415323935983729,0.4232701742749765
3982,0.21853845819877485,0.8234767117228482,0.5625338073328884,0.6179139683247037,0.7415323935983729,0.4232701742749765
3983,0.21853845819877485,0.8234767117228482,0.5625338073328884,0.6179139683247037,0.7415323935983729,0.4232701742749765
3984,0.21819393056633093,0.8223769302593361,0.5616234815837804,0.6173582164742165,0.7403026479302306,0.4228740662127644
3985,0.21819393056633093,0.8223769302593361,0.5616234815837804,0.6173582164742165,0.7403026479302306,0.4228740662127644
3986,0.21819393056633093,0.8223769302593361,0.5616234815837804,0.6173582164742165,0.7403026479302306,0.4228740662127644
3987,0.21819393056633093,0.8223769302593361,0.5616234815837804,0.6173582164742165,0.7403026479302306,0.4228740662127644
3988,0.21819393056633093,0.8223769302593361,0.5616234815837804,0.6173582164742165,0.7403026479302306,0.4228740662127644
3989,0.21819393056633093,0.8223769302593361,0.5616234815837804,0.6173582164742165,0.7403026479302306,0.4228740662127644
3990,0.21819393056633093,0.8223769302593361,0.5616234815837804,0.6173582164742165,0.7403026479302306,0.4228740662127644
3991,0.21819393056633093,0.8223769302593361,0.5616234815837804,0.6173582164742165,0.7403026479302306,0.4228740662127644
3992,0.21819393056633093,0.8223769302593361,0.5616234815837804,0.6173582164742165,0.7403026479302306,0.4228740662127644
3993,0.21819393056633093,0.8223769302593361,0.5616234815837804,0.6173582164742165,0.7403026479302306,0.4228740662127644
3994,0.21819393056633093,0.8223769302593361,0.5616234815837804,0.6173582164742165,0.7403026479302306,0.4228740662127644
3995,0.21819393056633093,0.8223769302593361,0.5616234815837804,0.6173582164742165,0.7403026479302306,0.4228740662127644
3996,0.21819393056633093,0.8223769302593361,0.5616234815837804,0.6173582164742165,0.7403026479302306,0.4228740662127644
3997,0.21819393056633093,0.8223769302593361,0.5616234815837804,0.6173582164742165,0.7403026479302306,0.4228740662127644
3998,0.21819393056633093,0.8223769302593361,0.5616234815837804,0.6173582164742165,0.7403026479302306,0.4228740662127644
3999,0.21819393056633093,0.8223769302593361,0.5616234815837804,0.6173582164742165,0.7403026479302306,0.4228740662127644
4000,0.21819393056633093,0.8223769302593361,0.5616234815837804,0.6173582164742165,0.7403026479302306,0.4228740662127644
4001,0.21819393056633093,0.8223769302593361,0.5616234815837804,0.6173582164742165,0.7403026479302306,0.4228740662127644
4002,0.21819393056633093,0.8223769302593361,0.5616234815837804,0.6173582164742165,0.7403026479302306,0.4228740662127644
4003,0.21819393056633093,0.8223769302593361,0.5616234815837804,0.6173582164742165,0.7403026479302306,0.4228740662127644
4004,0.21819393056633093,0.8223769302593361,0.5616234815837804,0.6173582164742165,0.7403026479302306,0.4228740662127644
4005,0.21819393056633093,0.8223769302593361,0.5616234815837804,0.6173582164742165,0.7403026479302306,0.4228740662127644
4006,0.21819393056633093,0.8223769302593361,0.5616234815837804,0.6173582164742165,0.7403026479302306,0.4228740662127644
4007,0.21819393056633093,0.8223769302593361,0.5616234815837804,0.6173582164742165,0.7403026479302306,0.4228740662127644
4008,0.22007310495045715,0.8286127333832577,0.5664419667262138,0.620609100742369,0.7474204541706148,0.4250414181858814
4009,0.22007310495045715,0.8286127333832577,0.5664419667262138,0.620609100742369,0.7474204541706148,0.4250414181858814
4010,0.22007310495045715,0.8286127333832577,0.5664419667262138,0.620609100742369,0.7474204541706148,0.4250414181858814
4011,0.22007310495045715,0.8286127333832577,0.5664419667262138,0.620609100742369,0.7474204541706148,0.4250414181858814
4012,0.22007310495045715,0.8286127333832577,0.5664419667262138,0.620609100742369,0.7474204541706148,0.4250414181858814
4013,0.22007310495045715,0.8286127333832577,0.5664419667262138,0.620609100742369,0.7474204541706148,0.4250414181858814
4014,0.22007310495045715,0.8286127333832577,0.5664419667262138,0.620609100742369,0.7474204541706148,0.4250414181858814
4015,0.22007310495045715,0.8286127333832577,0.5664419667262138,0.620609100742369,0.7474204541706148,0.4250414181858814
4016,0.22007310495045715,0.8286127333832577,0.5664419667262138,0.620609100742369,0.7474204541706148,0.4250414181858814
4017,0.22007310495045715,0.8286127333832577,0.5664419667262138,0.620609100742369,0.7474204541706148,0.4250414181858814
4018,0.22007310495045715,0.8286127333832577,0.5664419667262138,0.620609100742369,0.7474204541706148,0.4250414181858814
4019,0.22007310495045715,0.8286127333832577,0.5664419667262138,0.620609100742369,0.7474204541706148,0.4250414181858814
4020,0.22007310495045715,0.8286127333832577,0.5664419667262138,0.620609100742369,0.7474204541706148,0.4250414181858814
4021,0.22007310495045715,0.8286127333832577,0.5664419667262138,0.620609100742369,0.7474204541706148,0.4250414181858814
4022,0.22007310495045715,0.8286127333832577,0.5664419667262138,0.620609100742369,0.7474204541706148,0.4250414181858814
4023,0.22007310495045715,0.8286127333832577,0.5664419667262138,0.620609100742369,0.7474204541706148,0.4250414181858814
4024,0.22007310495045715,0.8286127333832577,0.5664419667262138,0.620609100742369,0.7474204541706148,0.4250414181858814
4025,0.22007310495045715,0.8286127333832577,0.5664419667262138,0.620609100742369,0.7474204541706148,0.4250414181858814
4026,0.22007310495045715,0.8286127333832577,0.5664419667262138,0.620609100742369,0.7474204541706148,0.4250414181858814
4027,0.22007310495045715,0.8286127333832577,0.5664419667262138,0.620609100742369,0.7474204541706148,0.4250414181858814
4028,0.22007310495045715,0.8286127333832577,0.5664419667262138,0.620609100742369,0.7474204541706148,0.4250414181858814
4029,0.22007310495045715,0.8286127333832577,0.5664419667262138,0.620609100742369,0.7474204541706148,0.4250414181858814
4030,0.22007310495045715,0.8286127333832577,0.5664419667262138,0.620609100742369,0.7474204541706148,0.4250414181858814
4031,0.22007310495045715,0.8286127333832577,0.5664419667262138,0.620609100742369,0.7474204541706148,0.4250414181858814
4032,0.21967795965380676,0.8271998198495784,0.5654119082368512,0.6198920938487215,0.7458050887425632,0.42456747114274357
4033,0.21967795965380676,0.8271998198495784,0.5654119082368512,0.6198920938487215,0.7458050887425632,0.42456747114274357
4034,0.21967795965380676,0.8271998198495784,0.5654119082368512,0.6198920938487215,0.7458050887425632,0.42456747114274357
4035,0.21967795965380676,0.8271998198495784,0.5654119082368512,0.6198920938487215,0.7458050887425632,0.42456747114274357
4036,0.21967795965380676,0.8271998198495784,0.5654119082368512,0.6198920938487215,0.7458050887425632,0.42456747114274357
4037,0.21967795965380676,0.8271998198495784,0.5654119082368512,0.6198920938487215,0.7458050887425632,0.42456747114274357
4038,0.21967795965380676,0.8271998198495784,0.5654119082368512,0.6198920938487215,0.7458050887425632,0.42456747114274357
4039,0.21967795965380676,0.8271998198495784,0.5654119082368512,0.6198920938487215,0.7458050887425632,0.42456747114274357
4040,0.21967795965380676,0.8271998198495784,0.5654119082368512,0.6198920938487215,0.7458050887425632,0.42456747114274357
4041,0.21967795965380676,0.8271998198495784,0.5654119082368512,0.6198920938487215,0.7458050887425632,0.42456747114274357
4042,0.21967795965380676,0.8271998198495784,0.5654119082368512,0.6198920938487215,0.7458050887425632,0.42456747114274357
4043,0.21967795965380676,0.8271998198495784,0.5654119082368512,0.6198920938487215,0.7458050887425632,0.42456747114274357
4044,0.21967795965380676,0.8271998198495784,0.5654119082368512,0.6198920938487215,0.7458050887425632,0.42456747114274357
4045,0.21967795965380676,0.8271998198495784,0.5654119082368512,0.6198920938487215,0.7458050887425632,0.42456747114274357
4046,0.21967795965380676,0.8271998198495784,0.5654119082368512,0.6198920938487215,0.7458050887425632,0.42456747114274357
4047,0.21967795965380676,0.8271998198495784,0.5654119082368512,0.6198920938487215,0.7458050887425632,0.42456747114274357
4048,0.21967795965380676,0.8271998198495784,0.5654119082368512,0.6198920938487215,0.7458050887425632,0.42456747114274357
4049,0.21967795965380676,0.8271998198495784,0.5654119082368512,0.6198920938487215,0.7458050887425632,0.42456747114274357
4050,0.21967795965380676,0.8271998198495784,0.5654119082368512,0.6198920938487215,0.7458050887425632,0.42456747114274357
4051,0.21967795965380676,0.8271998198495784,0.5654119082368512,0.6198920938487215,0.7458050887425632,0.42456747114274357
4052,0.21967795965380676,0.8271998198495784,0.5654119082368512,0.6198920938487215,0.7458050887425632,0.42456747114274357
4053,0.21967795965380676,0.8271998198495784,0.5654119082368512,0.6198920938487215,0.7458050887425632,0.42456747114274357
4054,0.21967795965380676,0.8271998198495784,0.5654119082368512,0.6198920938487215,0.7458050887425632,0.42456747114274357
4055,0.21967795965380676,0.8271998198495784,0.5654119082368512,0.6198920938487215,0.7458050887425632,0.42456747114274357
4056,0.2164408983677469,0.8185351162713634,0.558884312170652,0.6150038360299673,0.7351729245382276,0.42143208667433724
4057,0.2164408983677469,0.8185351162713634,0.558884312170652,0.6150038360299673,0.7351729245382276,0.42143208667433724
4058,0.2164408983677469,0.8185351162713634,0.558884312170652,0.6150038360299673,0.7351729245382276,0.42143208667433724
4059,0.2164408983677469,0.8185351162713634,0.558884312170652,0.6150038360299673,0.7351729245382276,0.42143208667433724
4060,0.2164408983677469,0.8185351162713634,0.558884312170652,0.6150038360299673,0.7351729245382276,0.42143208667433724
4061,0.2164408983677469,0.8185351162713634,0.558884312170652,0.6150038360299673,0.7351729245382276,0.42143208667433724
4062,0.2164408983677469,0.8185351162713634,0.558884312170652,0.6150038360299673,0.7351729245382276,0.42143208667433724
4063,0.2164408983677469,0.8185351162713634,0.558884312170652,0.6150038360299673,0.7351729245382276,0.42143208667433724
4064,0.2164408983677469,0.8185351162713634,0.558884312170652,0.6150038360299673,0.7351729245382276,0.42143208667433724
4065,0.2164408983677469,0.8185351162713634,0.558884312170652,0.6150038360299673,0.7351729245382276,0.42143208667433724
4066,0.2164408983677469,0.8185351162713634,0.558884312170652,0.6150038360299673,0.7351729245382276,0.42143208667433724
4067,0.2164408983677469,0.8185351162713634,0.558884312170652,0.6150038360299673,0.7351729245382276,0.42143208667433724
4068,0.2164408983677469,0.8185351162713634,0.558884312170652,0.6150038360299673,0.7351729245382276,0.42143208667433724
4069,0.2164408983677469,0.8185351162713634,0.558884312170652,0.6150038360299673,0.7351729245382276,0.42143208667433724
4070,0.2164408983677469,0.8185351162713634,0.558884312170652,0.6150038360299673,0.7351729245382276,0.42143208667433724
4071,0.2164408983677469,0.8185351162713634,0.558884312170652,0.6150038360299673,0.7351729245382276,0.42143208667433724
4072,0.2164408983677469,0.8185351162713634,0.558884312170652,0.6150038360299673,0.7351729245382276,0.42143208667433724
4073,0.2164408983677469,0.8185351162713634,0.558884312170652,0.6150038360299673,0.7351729245382276,0.42143208667433724
4074,0.2164408983677469,0.8185351162713634,0.558884312170652,0.6150038360299673,0.7351729245382276,0.42143208667433724
4075,0.2164408983677469,0.8185351162713634,0.558884312170652,0.6150038360299673,0.7351729245382276,0.42143208667433724
4076,0.2164408983677469,0.8185351162713634,0.558884312170652,0.6150038360299673,0.7351729245382276,0.42143208667433724
4077,0.2164408983677469,0.8185351162713634,0.558884312170652,0.6150038360299673,0.7351729245382276,0.42143208667433724
4078,0.2164408983677469,0.8185351162713634,0.558884312170652,0.6150038360299673,0.7351729245382276,0.42143208667433724
4079,0.2164408983677469,0.8185351162713634,0.558884312170652,0.6150038360299673,0.7351729245382276,0.42143208667433724
4080,0.2147976341737802,0.8136750650540381,0.555213569103445,0.6122335085988154,0.729352390763747,0.419634266615515
4081,0.2147976341737802,0.8136750650540381,0.555213569103445,0.6122335085988154,0.729352390763747,0.419634266615515
4082,0.2147976341737802,0.8136750650540381,0.555213569103445,0.6122335085988154,0.729352390763747,0.419634266615515
4083,0.2147976341737802,0.8136750650540381,0.555213569103445,0.6122335085988154,0.729352390763747,0.419634266615515
4084,0.2147976341737802,0.8136750650540381,0.555213569103445,0.6122335085988154,0.729352390763747,0.419634266615515
4085,0.2147976341737802,0.8136750650540381,0.555213569103445,0.6122335085988154,0.729352390763747,0.419634266615515
4086,0.2147976341737802,0.8136750650540381,0.555213569103445,0.6122335085988154,0.729352390763747,0.419634266615515
4087,0.2147976341737802,0.8136750650540381,0.555213569103445,0.6122335085988154,0.729352390763747,0.419634266615515
4088,0.2147976341737802,0.8136750650540381,0.555213569103445,0.6122335085988154,0.729352390763747,0.419634266615515
4089,0.2147976341737802,0.8136750650540381,0.555213569103445,0.6122335085988154,0.729352390763747,0.419634266615515
4090,0.2147976341737802,0.8136750650540381,0.555213569103445,0.6122335085988154,0.729352390763747,0.419634266615515
4091,0.2147976341737802,0.8136750650540381,0.555213569103445,0.6122335085988154,0.729352390763747,0.419634266615515
4092,0.2147976341737802,0.8136750650540381,0.555213569103445,0.6122335085988154,0.729352390763747,0.419634266615515
4093,0.2147976341737802,0.8136750650540381,0.555213569103445,0.6122335085988154,0.729352390763747,0.419634266615515
4094,0.2147976341737802,0.8136750650540381,0.555213569103445,0.6122335085988154,0.729352390763747,0.419634266615515
4095,0.2147976341737802,0.8136750650540381,0.555213569103445,0.6122335085988154,0.729352390763747,0.419634266615515
4096,0.2147976341737802,0.8136750650540381,0.555213569103445,0.6122335085988154,0.729352390763747,0.419634266615515
4097,0.2147976341737802,0.8136750650540381,0.555213569103445,0.6122335085988154,0.729352390763747,0.419634266615515
4098,0.2147976341737802,0.8136750650540381,0.555213569103445,0.6122335085988154,0.729352390763747,0.419634266615515
4099,0.2147976341737802,0.8136750650540381,0.555213569103445,0.6122335085988154,0.729352390763747,0.419634266615515
4100,0.2147976341737802,0.8136750650540381,0.555213569103445,0.6122335085988154,0.729352390763747,0.419634266615515
4101,0.2147976341737802,0.8136750650540381,0.555213569103445,0.6122335085988154,0.729352390763747,0.419634266615515
4102,0.2147976341737802,0.8136750650540381,0.555213569103445,0.6122335085988154,0.729352390763747,0.419634266615515
4103,0.2147976341737802,0.8136750650540381,0.555213569103445,0.6122335085988154,0.729352390763747,0.419634266615515
4104,0.21378272989167993,0.811160094182014,0.5547883833409172,0.6102282439075525,0.7185491056586288,0.41796860768682254
4105,0.21378272989167993,0.811160094182014,0.5547883833409172,0.6102282439075525,0.7185491056586288,0.41796860768682254
4106,0.21378272989167993,0.811160094182014,0.5547883833409172,0.6102282439075525,0.7185491056586288,0.41796860768682254
4107,0.21378272989167993,0.811160094182014,0.5547883833409172,0.6102282439075525,0.7185491056586288,0.41796860768682254
4108,0.21378272989167993,0.811160094182014,0.5547883833409172,0.6102282439075525,0.7185491056586288,0.41796860768682254
4109,0.21378272989167993,0.811160094182014,0.5547883833409172,0.6102282439075525,0.7185491056586288,0.41796860768682254
4110,0.21378272989167993,0.811160094182014,0.5547883833409172,0.6102282439075525,0.7185491056586288,0.41796860768682254
4111,0.21378272989167993,0.811160094182014,0.5547883833409172,0.6102282439075525,0.7185491056586288,0.41796860768682254
4112,0.21378272989167993,0.811160094182014,0.5547883833409172,0.6102282439075525,0.7185491056586288,0.41796860768682254
4113,0.21378272989167993,0.811160094182014,0.5547883833409172,0.6102282439075525,0.7185491056586288,0.41796860768682254
4114,0.21378272989167993,0.811160094182014,0.5547883833409172,0.6102282439075525,0.7185491056586288,0.41796860768682254
4115,0.21378272989167993,0.811160094182014,0.5547883833409172,0.6102282439075525,0.7185491056586288,0.41796860768682254
4116,0.21378272989167993,0.811160094182014,0.5547883833409172,0.6102282439075525,0.7185491056586288,0.41796860768682254
4117,0.21378272989167993,0.811160094182014,0.5547883833409172,0.6102282439075525,0.7185491056586288,0.41796860768682254
4118,0.21378272989167993,0.811160094182014,0.5547883833409172,0.6102282439075525,0.7185491056586288,0.41796860768682254
4119,0.21378272989167993,0.811160094182014,0.5547883833409172,0.6102282439075525,0.7185491056586288,0.41796860768682254
4120,0.21378272989167993,0.811160094182014,0.5547883833409172,0.6102282439075525,0.7185491056586288,0.41796860768682254
4121,0.21378272989167993,0.811160094182014,0.5547883833409172,0.6102282439075525,0.7185491056586288,0.41796860768682254
4122,0.21378272989167993,0.811160094182014,0.5547883833409172,0.6102282439075525,0.7185491056586288,0.41796860768682254
4123,0.21378272989167993,0.811160094182014,0.5547883833409172,0.6102282439075525,0.7185491056586288,0.41796860768682254
4124,0.21378272989167993,0.811160094182014,0.5547883833409172,0.6102282439075525,0.7185491056586288,0.41796860768682254
4125,0.21378272989167993,0.811160094182014,0.5547883833409172,0.6102282439075525,0.7185491056586288,0.41796860768682254
4126,0.21378272989167993,0.811160094182014,0.5547883833409172,0.6102282439075525,0.7185491056586288,0.41796860768682254
4127,0.21378272989167993,0.811160094182014,0.5547883833409172,0.6102282439075525,0.7185491056586288,0.41796860768682254
4128,0.21305560711662083,0.8097027591078995,0.5552351216638719,0.608694410870822,0.7088906514661373,0.4166206763740161
4129,0.21305560711662083,0.8097027591078995,0.5552351216638719,0.608694410870822,0.7088906514661373,0.4166206763740161
4130,0.21305560711662083,0.8097027591078995,0.5552351216638719,0.608694410870822,0.7088906514661373,0.4166206763740161
4131,0.21305560711662083,0.8097027591078995,0.5552351216638719,0.608694410870822,0.7088906514661373,0.4166206763740161
4132,0.21305560711662083,0.8097027591078995,0.5552351216638719,0.608694410870822,0.7088906514661373,0.4166206763740161
4133,0.21305560711662083,0.8097027591078995,0.5552351216638719,0.608694410870822,0.7088906514661373,0.4166206763740161
4134,0.21305560711662083,0.8097027591078995,0.5552351216638719,0.608694410870822,0.7088906514661373,0.4166206763740161
4135,0.21305560711662083,0.8097027591078995,0.5552351216638719,0.608694410870822,0.7088906514661373,0.4166206763740161
4136,0.21305560711662083,0.8097027591078995,0.5552351216638719,0.608694410870822,0.7088906514661373,0.4166206763740161
4137,0.21305560711662083,0.8097027591078995,0.5552351216638719,0.608694410870822,0.7088906514661373,0.4166206763740161
4138,0.21305560711662083,0.8097027591078995,0.5552351216638719,0.608694410870822,0.7088906514661373,0.4166206763740161
4139,0.21305560711662083,0.8097027591078995,0.5552351216638719,0.608694410870822,0.7088906514661373,0.4166206763740161
4140,0.21305560711662083,0.8097027591078995,0.5552351216638719,0.608694410870822,0.7088906514661373,0.4166206763740161
4141,0.21305560711662083,0.8097027591078995,0.5552351216638719,0.608694410870822,0.7088906514661373,0.4166206763740161
4142,0.21305560711662083,0.8097027591078995,0.5552351216638719,0.608694410870822,0.7088906514661373,0.4166206763740161
4143,0.21305560711662083,0.8097027591078995,0.5552351216638719,0.608694410870822,0.7088906514661373,0.4166206763740161
4144,0.21305560711662083,0.8097027591078995,0.5552351216638719,0.608694410870822,0.7088906514661373,0.4166206763740161
4145,0.21305560711662083,0.8097027591078995,0.5552351216638719,0.608694410870822,0.7088906514661373,0.4166206763740161
4146,0.21305560711662083,0.8097027591078995,0.5552351216638719,0.608694410870822,0.7088906514661373,0.4166206763740161
4147,0.21305560711662083,0.8097027591078995,0.5552351216638719,0.608694410870822,0.7088906514661373,0.4166206763740161
4148,0.21305560711662083,0.8097027591078995,0.5552351216638719,0.608694410870822,0.7088906514661373,0.4166206763740161
4149,0.21305560711662083,0.8097027591078995,0.5552351216638719,0.608694410870822,0.7088906514661373,0.4166206763740161
4150,0.21305560711662083,0.8097027591078995,0.5552351216638719,0.608694410870822,0.7088906514661373,0.4166206763740161
4151,0.21305560711662083,0.8097027591078995,0.5552351216638719,0.608694410870822,0.7088906514661373,0.4166206763740161
4152,0.21167513766434062,0.8055074016251083,0.5527783952736748,0.6054250860082305,0.696940062291493,0.414249764605094
4153,0.21167513766434062,0.8055074016251083,0.5527783952736748,0.6054250860082305,0.696940062291493,0.414249764605094
4154,0.21167513766434062,0.8055074016251083,0.5527783952736748,0.6054250860082305,0.696940062291493,0.414249764605094
4155,0.21167513766434062,0.8055074016251083,0.5527783952736748,0.6054250860082305,0.696940062291493,0.414249764605094
4156,0.21167513766434062,0.8055074016251083,0.5527783952736748,0.6054250860082305,0.696940062291493,0.414249764605094
4157,0.21167513766434062,0.8055074016251083,0.5527783952736748,0.6054250860082305,0.696940062291493,0.414249764605094
4158,0.21167513766434062,0.8055074016251083,0.5527783952736748,0.6054250860082305,0.696940062291493,0.414249764605094
4159,0.21167513766434062,0.8055074016251083,0.5527783952736748,0.6054250860082305,0.696940062291493,0.414249764605094
4160,0.21167513766434062,0.8055074016251083,0.5527783952736748,0.6054250860082305,0.696940062291493,0.414249764605094
4161,0.21167513766434062,0.8055074016251083,0.5527783952736748,0.6054250860082305,0.696940062291493,0.414249764605094
4162,0.21167513766434062,0.8055074016251083,0.5527783952736748,0.6054250860082305,0.696940062291493,0.414249764605094
4163,0.21167513766434062,0.8055074016251083,0.5527783952736748,0.6054250860082305,0.696940062291493,0.414249764605094
4164,0.21167513766434062,0.8055074016251083,0.5527783952736748,0.6054250860082305,0.696940062291493,0.414249764605094
4165,0.21167513766434062,0.8055074016251083,0.5527783952736748,0.6054250860082305,0.696940062291493,0.414249764605094
4166,0.21167513766434062,0.8055074016251083,0.5527783952736748,0.6054250860082305,0.696940062291493,0.414249764605094
4167,0.21167513766434062,0.8055074016251083,0.5527783952736748,0.6054250860082305,0.696940062291493,0.414249764605094
4168,0.21167513766434062,0.8055074016251083,0.5527783952736748,0.6054250860082305,0.696940062291493,0.414249764605094
4169,0.21167513766434062,0.8055074016251083,0.5527783952736748,0.6054250860082305,0.696940062291493,0.414249764605094
4170,0.21167513766434062,0.8055074016251083,0.5527783952736748,0.6054250860082305,0.696940062291493,0.414249764605094
4171,0.21167513766434062,0.8055074016251083,0.5527783952736748,0.6054250860082305,0.696940062291493,0.414249764605094
4172,0.21167513766434062,0.8055074016251083,0.5527783952736748,0.6054250860082305,0.696940062291493,0.414249764605094
4173,0.21167513766434062,0.8055074016251083,0.5527783952736748,0.6054250860082305,0.696940062291493,0.414249764605094
4174,0.21167513766434062,0.8055074016251083,0.5527783952736748,0.6054250860082305,0.696940062291493,0.414249764605094
4175,0.21167513766434062,0.8055074016251083,0.5527783952736748,0.6054250860082305,0.696940062291493,0.414249764605094
4176,0.20543364919899984,0.7882089091307432,0.5406456350891179,0.5953118993442758,0.6684504452475402,0.4073479574791578
4177,0.20543364919899984,0.7882089091307432,0.5406456350891179,0.5953118993442758,0.6684504452475402,0.4073479574791578
4178,0.20543364919899984,0.7882089091307432,0.5406456350891179,0.5953118993442758,0.6684504452475402,0.4073479574791578
4179,0.20543364919899984,0.7882089091307432,0.5406456350891179,0.5953118993442758,0.6684504452475402,0.4073479574791578
4180,0.20543364919899984,0.7882089091307432,0.5406456350891179,0.5953118993442758,0.6684504452475402,0.4073479574791578
4181,0.20543364919899984,0.7882089091307432,0.5406456350891179,0.5953118993442758,0.6684504452475402,0.4073479574791578
4182,0.20543364919899984,0.7882089091307432,0.5406456350891179,0.5953118993442758,0.6684504452475402,0.4073479574791578
4183,0.20543364919899984,0.7882089091307432,0.5406456350891179,0.5953118993442758,0.6684504452475402,0.4073479574791578
4184,0.20543364919899984,0.7882089091307432,0.5406456350891179,0.5953118993442758,0.6684504452475402,0.4073479574791578
4185,0.20543364919899984,0.7882089091307432,0.5406456350891179,0.5953118993442758,0.6684504452475402,0.4073479574791578
4186,0.20543364919899984,0.7882089091307432,0.5406456350891179,0.5953118993442758,0.6684504452475402,0.4073479574791578
4187,0.20543364919899984,0.7882089091307432,0.5406456350891179,0.5953118993442758,0.6684504452475402,0.4073479574791578
4188,0.20543364919899984,0.7882089091307432,0.5406456350891179,0.5953118993442758,0.6684504452475402,0.4073479574791578
4189,0.20543364919899984,0.7882089091307432,0.5406456350891179,0.5953118993442758,0.6684504452475402,0.4073479574791578
4190,0.20543364919899984,0.7882089091307432,0.5406456350891179,0.5953118993442758,0.6684504452475402,0.4073479574791578
4191,0.20543364919899984,0.7882089091307432,0.5406456350891179,0.5953118993442758,0.6684504452475402,0.4073479574791578
4192,0.20543364919899984,0.7882089091307432,0.5406456350891179,0.5953118993442758,0.6684504452475402,0.4073479574791578
4193,0.20543364919899984,0.7882089091307432,0.5406456350891179,0.5953118993442758,0.6684504452475402,0.4073479574791578
4194,0.20543364919899984,0.7882089091307432,0.5406456350891179,0.5953118993442758,0.6684504452475402,0.4073479574791578
4195,0.20543364919899984,0.7882089091307432,0.5406456350891179,0.5953118993442758,0.6684504452475402,0.4073479574791578
4196,0.20543364919899984,0.7882089091307432,0.5406456350891179,0.5953118993442758,0.6684504452475402,0.4073479574791578
4197,0.20543364919899984,0.7882089091307432,0.5406456350891179,0.5953118993442758,0.6684504452475402,0.4073479574791578
4198,0.20543364919899984,0.7882089091307432,0.5406456350891179,0.5953118993442758,0.6684504452475402,0.4073479574791578
4199,0.20543364919899984,0.7882089091307432,0.5406456350891179,0.5953118993442758,0.6684504452475402,0.4073479574791578
4200,0.20282715816336813,0.7810944033573389,0.5371180869439277,0.5906574875072598,0.6513351102442647,0.4037725724076535
4201,0.20282715816336813,0.7810944033573389,0.5371180869439277,0.5906574875072598,0.6513351102442647,0.4037725724076535
4202,0.20282715816336813,0.7810944033573389,0.5371180869439277,0.5906574875072598,0.6513351102442647,0.4037725724076535
4203,0.20282715816336813,0.7810944033573389,0.5371180869439277,0.5906574875072598,0.6513351102442647,0.4037725724076535
4204,0.20282715816336813,0.7810944033573389,0.5371180869439277,0.5906574875072598,0.6513351102442647,0.4037725724076535
4205,0.20282715816336813,0.7810944033573389,0.5371180869439277,0.5906574875072598,0.6513351102442647,0.4037725724076535
4206,0.20282715816336813,0.7810944033573389,0.5371180869439277,0.5906574875072598,0.6513351102442647,0.4037725724076535
4207,0.20282715816336813,0.7810944033573389,0.5371180869439277,0.5906574875072598,0.6513351102442647,0.4037725724076535
4208,0.20282715816336813,0.7810944033573389,0.5371180869439277,0.5906574875072598,0.6513351102442647,0.4037725724076535
4209,0.20282715816336813,0.7810944033573389,0.5371180869439277,0.5906574875072598,0.6513351102442647,0.4037725724076535
4210,0.20282715816336813,0.7810944033573389,0.5371180869439277,0.5906574875072598,0.6513351102442647,0.4037725724076535
4211,0.20282715816336813,0.7810944033573389,0.5371180869439277,0.5906574875072598,0.6513351102442647,0.4037725724076535
4212,0.20282715816336813,0.7810944033573389,0.5371180869439277,0.5906574875072598,0.6513351102442647,0.4037725724076535
4213,0.20282715816336813,0.7810944033573389,0.5371180869439277,0.5906574875072598,0.6513351102442647,0.4037725724076535
4214,0.20282715816336813,0.7810944033573389,0.5371180869439277,0.5906574875072598,0.6513351102442647,0.4037725724076535
4215,0.20282715816336813,0.7810944033573389,0.5371180869439277,0.5906574875072598,0.6513351102442647,0.4037725724076535
4216,0.20282715816336813,0.7810944033573389,0.5371180869439277,0.5906574875072598,0.6513351102442647,0.4037725724076535
4217,0.20282715816336813,0.7810944033573389,0.5371180869439277,0.5906574875072598,0.6513351102442647,0.4037725724076535
4218,0.20282715816336813,0.7810944033573389,0.5371180869439277,0.5906574875072598,0.6513351102442647,0.4037725724076535
4219,0.20282715816336813,0.7810944033573389,0.5371180869439277,0.5906574875072598,0.6513351102442647,0.4037725724076535
4220,0.20282715816336813,0.7810944033573389,0.5371180869439277,0.5906574875072598,0.6513351102442647,0.4037725724076535
4221,0.20282715816336813,0.7810944033573389,0.5371180869439277,0.5906574875072598,0.6513351102442647,0.4037725724076535
4222,0.20282715816336813,0.7810944033573389,0.5371180869439277,0.5906574875072598,0.6513351102442647,0.4037725724076535
4223,0.20282715816336813,0.7810944033573389,0.5371180869439277,0.5906574875072598,0.6513351102442647,0.4037725724076535
4224,0.20196838673803133,0.779251244939458,0.5373918986833403,0.5890270930129243,0.6409451438927524,0.4022895020744834
4225,0.20196838673803133,0.779251244939458,0.5373918986833403,0.5890270930129243,0.6409451438927524,0.4022895020744834
4226,0.20196838673803133,0.779251244939458,0.5373918986833403,0.5890270930129243,0.6409451438927524,0.4022895020744834
4227,0.20196838673803133,0.779251244939458,0.5373918986833403,0.5890270930129243,0.6409451438927524,0.4022895020744834
4228,0.20196838673803133,0.779251244939458,0.5373918986833403,0.5890270930129243,0.6409451438927524,0.4022895020744834
4229,0.20196838673803133,0.779251244939458,0.5373918986833403,0.5890270930129243,0.6409451438927524,0.4022895020744834
4230,0.20196838673803133,0.779251244939458,0.5373918986833403,0.5890270930129243,0.6409451438927524,0.4022895020744834
4231,0.20196838673803133,0.779251244939458,0.5373918986833403,0.5890270930129243,0.6409451438927524,0.4022895020744834
4232,0.20196838673803133,0.779251244939458,0.5373918986833403,0.5890270930129243,0.6409451438927524,0.4022895020744834
4233,0.20196838673803133,0.779251244939458,0.5373918986833403,0.5890270930129243,0.6409451438927524,0.4022895020744834
4234,0.20196838673803133,0.779251244939458,0.5373918986833403,0.5890270930129243,0.6409451438927524,0.4022895020744834
4235,0.20196838673803133,0.779251244939458,0.5373918986833403,0.5890270930129243,0.6409451438927524,0.4022895020744834
4236,0.20196838673803133,0.779251244939458,0.5373918986833403,0.5890270930129243,0.6409451438927524,0.4022895020744834
4237,0.20196838673803133,0.779251244939458,0.5373918986833403,0.5890270930129243,0.6409451438927524,0.4022895020744834
4238,0.20196838673803133,0.779251244939458,0.5373918986833403,0.5890270930129243,0.6409451438927524,0.4022895020744834
4239,0.20196838673803133,0.779251244939458,0.5373918986833403,0.5890270930129243,0.6409451438927524,0.4022895020744834
4240,0.20196838673803133,0.779251244939458,0.5373918986833403,0.5890270930129243,0.6409451438927524,0.4022895020744834
4241,0.20196838673803133,0.779251244939458,0.5373918986833403,0.5890270930129243,0.6409451438927524,0.4022895020744834
4242,0.20196838673803133,0.779251244939458,0.5373918986833403,0.5890270930129243,0.6409451438927524,0.4022895020744834
4243,0.20196838673803133,0.779251244939458,0.5373918986833403,0.5890270930129243,0.6409451438927524,0.4022895020744834
4244,0.20196838673803133,0.779251244939458,0.5373918986833403,0.5890270930129243,0.6409451438927524,0.4022895020744834
4245,0.20196838673803133,0.779251244939458,0.5373918986833403,0.5890270930129243,0.6409451438927524,0.4022895020744834
4246,0.20196838673803133,0.779251244939458,0.5373918986833403,0.5890270930129243,0.6409451438927524,0.4022895020744834
4247,0.20196838673803133,0.779251244939458,0.5373918986833403,0.5890270930129243,0.6409451438927524,0.4022895020744834
4248,0.20229055487861422,0.7818408937221212,0.5414996594325333,0.5894586337559705,0.6346270299199109,0.4020216034583672
4249,0.20229055487861422,0.7818408937221212,0.5414996594325333,0.5894586337559705,0.6346270299199109,0.4020216034583672
4250,0.20229055487861422,0.7818408937221212,0.5414996594325333,0.5894586337559705,0.6346270299199109,0.4020216034583672
4251,0.20229055487861422,0.7818408937221212,0.5414996594325333,0.5894586337559705,0.6346270299199109,0.4020216034583672
4252,0.20229055487861422,0.7818408937221212,0.5414996594325333,0.5894586337559705,0.6346270299199109,0.4020216034583672
4253,0.20229055487861422,0.7818408937221212,0.5414996594325333,0.5894586337559705,0.6346270299199109,0.4020216034583672
4254,0.20229055487861422,0.7818408937221212,0.5414996594325333,0.5894586337559705,0.6346270299199109,0.4020216034583672
4255,0.20229055487861422,0.7818408937221212,0.5414996594325333,0.5894586337559705,0.6346270299199109,0.4020216034583672
4256,0.20229055487861422,0.7818408937221212,0.5414996594325333,0.5894586337559705,0.6346270299199109,0.4020216034583672
4257,0.20229055487861422,0.7818408937221212,0.5414996594325333,0.5894586337559705,0.6346270299199109,0.4020216034583672
4258,0.20229055487861422,0.7818408937221212,0.5414996594325333,0.5894586337559705,0.6346270299199109,0.4020216034583672
4259,0.20229055487861422,0.7818408937221212,0.5414996594325333,0.5894586337559705,0.6346270299199109,0.4020216034583672
4260,0.20229055487861422,0.7818408937221212,0.5414996594325333,0.5894586337559705,0.6346270299199109,0.4020216034583672
4261,0.20229055487861422,0.7818408937221212,0.5414996594325333,0.5894586337559705,0.6346270299199109,0.4020216034583672
4262,0.20229055487861422,0.7818408937221212,0.5414996594325333,0.5894586337559705,0.6346270299199109,0.4020216034583672
4263,0.20229055487861422,0.7818408937221212,0.5414996594325333,0.5894586337559705,0.6346270299199109,0.4020216034583672
4264,0.20229055487861422,0.7818408937221212,0.5414996594325333,0.5894586337559705,0.6346270299199109,0.4020216034583672
4265,0.20229055487861422,0.7818408937221212,0.5414996594325333,0.5894586337559705,0.6346270299199109,0.4020216034583672
4266,0.20229055487861422,0.7818408937221212,0.5414996594325333,0.5894586337559705,0.6346270299199109,0.4020216034583672
4267,0.20229055487861422,0.7818408937221212,0.5414996594325333,0.5894586337559705,0.6346270299199109,0.4020216034583672
4268,0.20229055487861422,0.7818408937221212,0.5414996594325333,0.5894586337559705,0.6346270299199109,0.4020216034583672
4269,0.20229055487861422,0.7818408937221212,0.5414996594325333,0.5894586337559705,0.6346270299199109,0.4020216034583672
4270,0.20229055487861422,0.7818408937221212,0.5414996594325333,0.5894586337559705,0.6346270299199109,0.4020216034583672
4271,0.20229055487861422,0.7818408937221212,0.5414996594325333,0.5894586337559705,0.6346270299199109,0.4020216034583672
4272,0.2033060514589378,0.7869738312024417,0.5480757986907687,0.5912671534672961,0.6318236478083352,0.4026201300148124
4273,0.2033060514589378,0.7869738312024417,0.5480757986907687,0.5912671534672961,0.6318236478083352,0.4026201300148124
4274,0.2033060514589378,0.7869738312024417,0.5480757986907687,0.5912671534672961,0.6318236478083352,0.4026201300148124
4275,0.2033060514589378,0.7869738312024417,0.5480757986907687,0.5912671534672961,0.6318236478083352,0.4026201300148124
4276,0.2033060514589378,0.7869738312024417,0.5480757986907687,0.5912671534672961,0.6318236478083352,0.4026201300148124
4277,0.2033060514589378,0.7869738312024417,0.5480757986907687,0.5912671534672961,0.6318236478083352,0.4026201300148124
4278,0.2033060514589378,0.7869738312024417,0.5480757986907687,0.5912671534672961,0.6318236478083352,0.4026201300148124
4279,0.2033060514589378,0.7869738312024417,0.5480757986907687,0.5912671534672961,0.6318236478083352,0.4026201300148124
4280,0.2033060514589378,0.7869738312024417,0.5480757986907687,0.5912671534672961,0.6318236478083352,0.4026201300148124
4281,0.2033060514589378,0.7869738312024417,0.5480757986907687,0.5912671534672961,0.6318236478083352,0.4026201300148124
4282,0.2033060514589378,0.7869738312024417,0.5480757986907687,0.5912671534672961,0.6318236478083352,0.4026201300148124
4283,0.2033060514589378,0.7869738312024417,0.5480757986907687,0.5912671534672961,0.6318236478083352,0.4026201300148124
4284,0.2033060514589378,0.7869738312024417,0.5480757986907687,0.5912671534672961,0.6318236478083352,0.4026201300148124
4285,0.2033060514589378,0.7869738312024417,0.5480757986907687,0.5912671534672961,0.6318236478083352,0.4026201300148124
4286,0.2033060514589378,0.7869738312024417,0.5480757986907687,0.5912671534672961,0.6318236478083352,0.4026201300148124
4287,0.2033060514589378,0.7869738312024417,0.5480757986907687,0.5912671534672961,0.6318236478083352,0.4026201300148124
4288,0.2033060514589378,0.7869738312024417,0.5480757986907687,0.5912671534672961,0.6318236478083352,0.4026201300148124
4289,0.2033060514589378,0.7869738312024417,0.5480757986907687,0.5912671534672961,0.6318236478083352,0.4026201300148124
4290,0.2033060514589378,0.7869738312024417,0.5480757986907687,0.5912671534672961,0.6318236478083352,0.4026201300148124
4291,0.2033060514589378,0.7869738312024417,0.5480757986907687,0.5912671534672961,0.6318236478083352,0.4026201300148124
4292,0.2033060514589378,0.7869738312024417,0.5480757986907687,0.5912671534672961,0.6318236478083352,0.4026201300148124
4293,0.2033060514589378,0.7869738312024417,0.5480757986907687,0.5912671534672961,0.6318236478083352,0.4026201300148124
4294,0.2033060514589378,0.7869738312024417,0.5480757986907687,0.5912671534672961,0.6318236478083352,0.4026201300148124
4295,0.2033060514589378,0.7869738312024417,0.5480757986907687,0.5912671534672961,0.6318236478083352,0.4026201300148124
4296,0.20214546001740022,0.7837130472319281,0.5466497710769332,0.5887611818926176,0.620415568653427,0.4006872708316996
4297,0.20214546001740022,0.7837130472319281,0.5466497710769332,0.5887611818926176,0.620415568653427,0.4006872708316996
4298,0.20214546001740022,0.7837130472319281,0.5466497710769332,0.5887611818926176,0.620415568653427,0.4006872708316996
4299,0.20214546001740022,0.7837130472319281,0.5466497710769332,0.5887611818926176,0.620415568653427,0.4006872708316996
4300,0.20214546001740022,0.7837130472319281,0.5466497710769332,0.5887611818926176,0.620415568653427,0.4006872708316996
4301,0.20214546001740022,0.7837130472319281,0.5466497710769332,0.5887611818926176,0.620415568653427,0.4006872708316996
4302,0.20214546001740022,0.7837130472319281,0.5466497710769332,0.5887611818926176,0.620415568653427,0.4006872708316996
4303,0.20214546001740022,0.7837130472319281,0.5466497710769332,0.5887611818926176,0.620415568653427,0.4006872708316996
4304,0.20214546001740022,0.7837130472319281,0.5466497710769332,0.5887611818926176,0.620415568653427,0.4006872708316996
4305,0.20214546001740022,0.7837130472319281,0.5466497710769332,0.5887611818926176,0.620415568653427,0.4006872708316996
4306,0.20214546001740022,0.7837130472319281,0.5466497710769332,0.5887611818926176,0.620415568653427,0.4006872708316996
4307,0.20214546001740022,0.7837130472319281,0.5466497710769332,0.5887611818926176,0.620415568653427,0.4006872708316996
4308,0.20214546001740022,0.7837130472319281,0.5466497710769332,0.5887611818926176,0.620415568653427,0.4006872708316996
4309,0.20214546001740022,0.7837130472319281,0.5466497710769332,0.5887611818926176,0.620415568653427,0.4006872708316996
4310,0.20214546001740022,0.7837130472319281,0.5466497710769332,0.5887611818926176,0.620415568653427,0.4006872708316996
4311,0.20214546001740022,0.7837130472319281,0.5466497710769332,0.5887611818926176,0.620415568653427,0.4006872708316996
4312,0.20214546001740022,0.7837130472319281,0.5466497710769332,0.5887611818926176,0.620415568653427,0.4006872708316996
4313,0.20214546001740022,0.7837130472319281,0.5466497710769332,0.5887611818926176,0.620415568653427,0.4006872708316996
4314,0.20214546001740022,0.7837130472319281,0.5466497710769332,0.5887611818926176,0.620415568653427,0.4006872708316996
4315,0.20214546001740022,0.7837130472319281,0.5466497710769332,0.5887611818926176,0.620415568653427,0.4006872708316996
4316,0.20214546001740022,0.7837130472319281,0.5466497710769332,0.5887611818926176,0.620415568653427,0.4006872708316996
4317,0.20214546001740022,0.7837130472319281,0.5466497710769332,0.5887611818926176,0.620415568653427,0.4006872708316996
4318,0.20214546001740022,0.7837130472319281,0.5466497710769332,0.5887611818926176,0.620415568653427,0.4006872708316996
4319,0.20214546001740022,0.7837130472319281,0.5466497710769332,0.5887611818926176,0.620415568653427,0.4006872708316996
4320,0.20464549414048794,0.7936906962006769,0.5569349186487264,0.5927735311427262,0.6216331848172757,0.40267312518665777
4321,0.20464549414048794,0.7936906962006769,0.5569349186487264,0.5927735311427262,0.6216331848172757,0.40267312518665777
4322,0.20464549414048794,0.7936906962006769,0.5569349186487264,0.5927735311427262,0.6216331848172757,0.40267312518665777
4323,0.20464549414048794,0.7936906962006769,0.5569349186487264,0.5927735311427262,0.6216331848172757,0.40267312518665777
4324,0.20464549414048794,0.7936906962006769,0.5569349186487264,0.5927735311427262,0.6216331848172757,0.40267312518665777
4325,0.20464549414048794,0.7936906962006769,0.5569349186487264,0.5927735311427262,0.6216331848172757,0.40267312518665777
4326,0.20464549414048794,0.7936906962006769,0.5569349186487264,0.5927735311427262,0.6216331848172757,0.40267312518665777
4327,0.20464549414048794,0.7936906962006769,0.5569349186487264,0.5927735311427262,0.6216331848172757,0.40267312518665777
4328,0.20464549414048794,0.7936906962006769,0.5569349186487264,0.5927735311427262,0.6216331848172757,0.40267312518665777
4329,0.20464549414048794,0.7936906962006769,0.5569349186487264,0.5927735311427262,0.6216331848172757,0.40267312518665777
4330,0.20464549414048794,0.7936906962006769,0.5569349186487264,0.5927735311427262,0.6216331848172757,0.40267312518665777
4331,0.20464549414048794,0.7936906962006769,0.5569349186487264,0.5927735311427262,0.6216331848172757,0.40267312518665777
4332,0.20464549414048794,0.7936906962006769,0.5569349186487264,0.5927735311427262,0.6216331848172757,0.40267312518665777
4333,0.20464549414048794,0.7936906962006769,0.5569349186487264,0.5927735311427262,0.6216331848172757,0.40267312518665777
4334,0.20464549414048794,0.7936906962006769,0.5569349186487264,0.5927735311427262,0.6216331848172757,0.40267312518665777
4335,0.20464549414048794,0.7936906962006769,0.5569349186487264,0.5927735311427262,0.6216331848172757,0.40267312518665777
4336,0.20464549414048794,0.7936906962006769,0.5569349186487264,0.5927735311427262,0.6216331848172757,0.40267312518665777
4337,0.20464549414048794,0.7936906962006769,0.5569349186487264,0.5927735311427262,0.6216331848172757,0.40267312518665777
4338,0.20464549414048794,0.7936906962006769,0.5569349186487264,0.5927735311427262,0.6216331848172757,0.40267312518665777
4339,0.20464549414048794,0.7936906962006769,0.5569349186487264,0.5927735311427262,0.6216331848172757,0.40267312518665777
4340,0.20464549414048794,0.7936906962006769,0.5569349186487264,0.5927735311427262,0.6216331848172757,0.40267312518665777
4341,0.20464549414048794,0.7936906962006769,0.5569349186487264,0.5927735311427262,0.6216331848172757,0.40267312518665777
4342,0.20464549414048794,0.7936906962006769,0.5569349186487264,0.5927735311427262,0.6216331848172757,0.40267312518665777
4343,0.20464549414048794,0.7936906962006769,0.5569349186487264,0.5927735311427262,0.6216331848172757,0.40267312518665777
4344,0.2047310534522592,0.7951795815885524,0.5600436222406422,0.592648686238162,0.6136001695406141,0.4019953436403462
4345,0.2047310534522592,0.7951795815885524,0.5600436222406422,0.592648686238162,0.6136001695406141,0.4019953436403462
4346,0.2047310534522592,0.7951795815885524,0.5600436222406422,0.592648686238162,0.6136001695406141,0.4019953436403462
4347,0.2047310534522592,0.7951795815885524,0.5600436222406422,0.592648686238162,0.6136001695406141,0.4019953436403462
4348,0.2047310534522592,0.7951795815885524,0.5600436222406422,0.592648686238162,0.6136001695406141,0.4019953436403462
4349,0.2047310534522592,0.7951795815885524,0.5600436222406422,0.592648686238162,0.6136001695406141,0.4019953436403462
4350,0.2047310534522592,0.7951795815885524,0.5600436222406422,0.592648686238162,0.6136001695406141,0.4019953436403462
4351,0.2047310534522592,0.7951795815885524,0.5600436222406422,0.592648686238162,0.6136001695406141,0.4019953436403462
4352,0.2047310534522592,0.7951795815885524,0.5600436222406422,0.592648686238162,0.6136001695406141,0.4019953436403462
4353,0.2047310534522592,0.7951795815885524,0.5600436222406422,0.592648686238162,0.6136001695406141,0.4019953436403462
4354,0.2047310534522592,0.7951795815885524,0.5600436222406422,0.592648686238162,0.6136001695406141,0.4019953436403462
4355,0.2047310534522592,0.7951795815885524,0.5600436222406422,0.592648686238162,0.6136001695406141,0.4019953436403462
4356,0.2047310534522592,0.7951795815885524,0.5600436222406422,0.592648686238162,0.6136001695406141,0.4019953436403462
4357,0.2047310534522592,0.7951795815885524,0.5600436222406422,0.592648686238162,0.6136001695406141,0.4019953436403462
4358,0.2047310534522592,0.7951795815885524,0.5600436222406422,0.592648686238162,0.6136001695406141,0.4019953436403462
4359,0.2047310534522592,0.7951795815885524,0.5600436222406422,0.592648686238162,0.6136001695406141,0.4019953436403462
4360,0.2047310534522592,0.7951795815885524,0.5600436222406422,0.592648686238162,0.6136001695406141,0.4019953436403462
4361,0.2047310534522592,0.7951795815885524,0.5600436222406422,0.592648686238162,0.6136001695406141,0.4019953436403462
4362,0.2047310534522592,0.7951795815885524,0.5600436222406422,0.592648686238162,0.6136001695406141,0.4019953436403462
4363,0.2047310534522592,0.7951795815885524,0.5600436222406422,0.592648686238162,0.6136001695406141,0.4019953436403462
4364,0.2047310534522592,0.7951795815885524,0.5600436222406422,0.592648686238162,0.6136001695406141,0.4019953436403462
4365,0.2047310534522592,0.7951795815885524,0.5600436222406422,0.592648686238162,0.6136001695406141,0.4019953436403462
4366,0.2047310534522592,0.7951795815885524,0.5600436222406422,0.592648686238162,0.6136001695406141,0.4019953436403462
4367,0.2047310534522592,0.7951795815885524,0.5600436222406422,0.592648686238162,0.6136001695406141,0.4019953436403462
4368,0.204214321371163,0.7945010665284037,0.5613483628581248,0.591561478398026,0.6040091523497153,0.40075985364102906
4369,0.204214321371163,0.7945010665284037,0.5613483628581248,0.591561478398026,0.6040091523497153,0.40075985364102906
4370,0.204214321371163,0.7945010665284037,0.5613483628581248,0.591561478398026,0.6040091523497153,0.40075985364102906
4371,0.204214321371163,0.7945010665284037,0.5613483628581248,0.591561478398026,0.6040091523497153,0.40075985364102906
4372,0.204214321371163,0.7945010665284037,0.5613483628581248,0.591561478398026,0.6040091523497153,0.40075985364102906
4373,0.204214321371163,0.7945010665284037,0.5613483628581248,0.591561478398026,0.6040091523497153,0.40075985364102906
4374,0.204214321371163,0.7945010665284037,0.5613483628581248,0.591561478398026,0.6040091523497153,0.40075985364102906
4375,0.204214321371163,0.7945010665284037,0.5613483628581248,0.591561478398026,0.6040091523497153,0.40075985364102906
4376,0.204214321371163,0.7945010665284037,0.5613483628581248,0.591561478398026,0.6040091523497153,0.40075985364102906
4377,0.204214321371163,0.7945010665284037,0.5613483628581248,0.591561478398026,0.6040091523497153,0.40075985364102906
4378,0.204214321371163,0.7945010665284037,0.5613483628581248,0.591561478398026,0.6040091523497153,0.40075985364102906
4379,0.204214321371163,0.7945010665284037,0.5613483628581248,0.591561478398026,0.6040091523497153,0.40075985364102906
4380,0.204214321371163,0.7945010665284037,0.5613483628581248,0.591561478398026,0.6040091523497153,0.40075985364102906
4381,0.204214321371163,0.7945010665284037,0.5613483628581248,0.591561478398026,0.6040091523497153,0.40075985364102906
4382,0.204214321371163,0.7945010665284037,0.5613483628581248,0.591561478398026,0.6040091523497153,0.40075985364102906
4383,0.204214321371163,0.7945010665284037,0.5613483628581248,0.591561478398026,0.6040091523497153,0.40075985364102906
4384,0.204214321371163,0.7945010665284037,0.5613483628581248,0.591561478398026,0.6040091523497153,0.40075985364102906
4385,0.204214321371163,0.7945010665284037,0.5613483628581248,0.591561478398026,0.6040091523497153,0.40075985364102906
4386,0.204214321371163,0.7945010665284037,0.5613483628581248,0.591561478398026,0.6040091523497153,0.40075985364102906
4387,0.204214321371163,0.7945010665284037,0.5613483628581248,0.591561478398026,0.6040091523497153,0.40075985364102906
4388,0.204214321371163,0.7945010665284037,0.5613483628581248,0.591561478398026,0.6040091523497153,0.40075985364102906
4389,0.204214321371163,0.7945010665284037,0.5613483628581248,0.591561478398026,0.6040091523497153,0.40075985364102906
4390,0.204214321371163,0.7945010665284037,0.5613483628581248,0.591561478398026,0.6040091523497153,0.40075985364102906
4391,0.204214321371163,0.7945010665284037,0.5613483628581248,0.591561478398026,0.6040091523497153,0.40075985364102906
4392,0.2026706092758568,0.7905380063621763,0.5601381766022789,0.5887485983673604,0.5904927880600386,0.39833500337643013
4393,0.2026706092758568,0.7905380063621763,0.5601381766022789,0.5887485983673604,0.5904927880600386,0.39833500337643013
4394,0.2026706092758568,0.7905380063621763,0.5601381766022789,0.5887485983673604,0.5904927880600386,0.39833500337643013
4395,0.2026706092758568,0.7905380063621763,0.5601381766022789,0.5887485983673604,0.5904927880600386,0.39833500337643013
4396,0.2026706092758568,0.7905380063621763,0.5601381766022789,0.5887485983673604,0.5904927880600386,0.39833500337643013
4397,0.2026706092758568,0.7905380063621763,0.5601381766022789,0.5887485983673604,0.5904927880600386,0.39833500337643013
4398,0.2026706092758568,0.7905380063621763,0.5601381766022789,0.5887485983673604,0.5904927880600386,0.39833500337643013
4399,0.2026706092758568,0.7905380063621763,0.5601381766022789,0.5887485983673604,0.5904927880600386,0.39833500337643013
4400,0.2026706092758568,0.7905380063621763,0.5601381766022789,0.5887485983673604,0.5904927880600386,0.39833500337643013
4401,0.2026706092758568,0.7905380063621763,0.5601381766022789,0.5887485983673604,0.5904927880600386,0.39833500337643013
4402,0.2026706092758568,0.7905380063621763,0.5601381766022789,0.5887485983673604,0.5904927880600386,0.39833500337643013
4403,0.2026706092758568,0.7905380063621763,0.5601381766022789,0.5887485983673604,0.5904927880600386,0.39833500337643013
4404,0.2026706092758568,0.7905380063621763,0.5601381766022789,0.5887485983673604,0.5904927880600386,0.39833500337643013
4405,0.2026706092758568,0.7905380063621763,0.5601381766022789,0.5887485983673604,0.5904927880600386,0.39833500337643013
4406,0.2026706092758568,0.7905380063621763,0.5601381766022789,0.5887485983673604,0.5904927880600386,0.39833500337643013
4407,0.2026706092758568,0.7905380063621763,0.5601381766022789,0.5887485983673604,0.5904927880600386,0.39833500337643013
4408,0.2026706092758568,0.7905380063621763,0.5601381766022789,0.5887485983673604,0.5904927880600386,0.39833500337643013
4409,0.2026706092758568,0.7905380063621763,0.5601381766022789,0.5887485983673604,0.5904927880600386,0.39833500337643013
4410,0.2026706092758568,0.7905380063621763,0.5601381766022789,0.5887485983673604,0.5904927880600386,0.39833500337643013
4411,0.2026706092758568,0.7905380063621763,0.5601381766022789,0.5887485983673604,0.5904927880600386,0.39833500337643013
4412,0.2026706092758568,0.7905380063621763,0.5601381766022789,0.5887485983673604,0.5904927880600386,0.39833500337643013
4413,0.2026706092758568,0.7905380063621763,0.5601381766022789,0.5887485983673604,0.5904927880600386,0.39833500337643013
4414,0.2026706092758568,0.7905380063621763,0.5601381766022789,0.5887485983673604,0.5904927880600386,0.39833500337643013
4415,0.2026706092758568,0.7905380063621763,0.5601381766022789,0.5887485983673604,0.5904927880600386,0.39833500337643013
4416,0.20210936662273796,0.7899241386290994,0.56156543145992,0.5875630021769268,0.5800243325287204,0.39690674734320636
4417,0.20210936662273796,0.7899241386290994,0.56156543145992,0.5875630021769268,0.5800243325287204,0.39690674734320636
4418,0.20210936662273796,0.7899241386290994,0.56156543145992,0.5875630021769268,0.5800243325287204,0.39690674734320636
4419,0.20210936662273796,0.7899241386290994,0.56156543145992,0.5875630021769268,0.5800243325287204,0.39690674734320636
4420,0.20210936662273796,0.7899241386290994,0.56156543145992,0.5875630021769268,0.5800243325287204,0.39690674734320636
4421,0.20210936662273796,0.7899241386290994,0.56156543145992,0.5875630021769268,0.5800243325287204,0.39690674734320636
4422,0.20210936662273796,0.7899241386290994,0.56156543145992,0.5875630021769268,0.5800243325287204,0.39690674734320636
4423,0.20210936662273796,0.7899241386290994,0.56156543145992,0.5875630021769268,0.5800243325287204,0.39690674734320636
4424,0.20210936662273796,0.7899241386290994,0.56156543145992,0.5875630021769268,0.5800243325287204,0.39690674734320636
4425,0.20210936662273796,0.7899241386290994,0.56156543145992,0.5875630021769268,0.5800243325287204,0.39690674734320636
4426,0.20210936662273796,0.7899241386290994,0.56156543145992,0.5875630021769268,0.5800243325287204,0.39690674734320636
4427,0.20210936662273796,0.7899241386290994,0.56156543145992,0.5875630021769268,0.5800243325287204,0.39690674734320636
4428,0.20210936662273796,0.7899241386290994,0.56156543145992,0.5875630021769268,0.5800243325287204,0.39690674734320636
4429,0.20210936662273796,0.7899241386290994,0.56156543145992,0.5875630021769268,0.5800243325287204,0.39690674734320636
4430,0.20210936662273796,0.7899241386290994,0.56156543145992,0.5875630021769268,0.5800243325287204,0.39690674734320636
4431,0.20210936662273796,0.7899241386290994,0.56156543145992,0.5875630021769268,0.5800243325287204,0.39690674734320636
4432,0.20210936662273796,0.7899241386290994,0.56156543145992,0.5875630021769268,0.5800243325287204,0.39690674734320636
4433,0.20210936662273796,0.7899241386290994,0.56156543145992,0.5875630021769268,0.5800243325287204,0.39690674734320636
4434,0.20210936662273796,0.7899241386290994,0.56156543145992,0.5875630021769268,0.5800243325287204,0.39690674734320636
4435,0.20210936662273796,0.7899241386290994,0.56156543145992,0.5875630021769268,0.5800243325287204,0.39690674734320636
4436,0.20210936662273796,0.7899241386290994,0.56156543145992,0.5875630021769268,0.5800243325287204,0.39690674734320636
4437,0.20210936662273796,0.7899241386290994,0.56156543145992,0.5875630021769268,0.5800243325287204,0.39690674734320636
4438,0.20210936662273796,0.7899241386290994,0.56156543145992,0.5875630021769268,0.5800243325287204,0.39690674734320636
4439,0.20210936662273796,0.7899241386290994,0.56156543145992,0.5875630021769268,0.5800243325287204,0.39690674734320636
4440,0.1980309875955424,0.7757626465086868,0.5510542356947061,0.5785387221013313,0.5575568202394784,0.3909909335493582
4441,0.1980309875955424,0.7757626465086868,0.5510542356947061,0.5785387221013313,0.5575568202394784,0.3909909335493582
4442,0.1980309875955424,0.7757626465086868,0.5510542356947061,0.5785387221013313,0.5575568202394784,0.3909909335493582
4443,0.1980309875955424,0.7757626465086868,0.5510542356947061,0.5785387221013313,0.5575568202394784,0.3909909335493582
4444,0.1980309875955424,0.7757626465086868,0.5510542356947061,0.5785387221013313,0.5575568202394784,0.3909909335493582
4445,0.1980309875955424,0.7757626465086868,0.5510542356947061,0.5785387221013313,0.5575568202394784,0.3909909335493582
4446,0.1980309875955424,0.7757626465086868,0.5510542356947061,0.5785387221013313,0.5575568202394784,0.3909909335493582
4447,0.1980309875955424,0.7757626465086868,0.5510542356947061,0.5785387221013313,0.5575568202394784,0.3909909335493582
4448,0.1980309875955424,0.7757626465086868,0.5510542356947061,0.5785387221013313,0.5575568202394784,0.3909909335493582
4449,0.1980309875955424,0.7757626465086868,0.5510542356947061,0.5785387221013313,0.5575568202394784,0.3909909335493582
4450,0.1980309875955424,0.7757626465086868,0.5510542356947061,0.5785387221013313,0.5575568202394784,0.3909909335493582
4451,0.1980309875955424,0.7757626465086868,0.5510542356947061,0.5785387221013313,0.5575568202394784,0.3909909335493582
4452,0.1980309875955424,0.7757626465086868,0.5510542356947061,0.5785387221013313,0.5575568202394784,0.3909909335493582
4453,0.1980309875955424,0.7757626465086868,0.5510542356947061,0.5785387221013313,0.5575568202394784,0.3909909335493582
4454,0.1980309875955424,0.7757626465086868,0.5510542356947061,0.5785387221013313,0.5575568202394784,0.3909909335493582
4455,0.1980309875955424,0.7757626465086868,0.5510542356947061,0.5785387221013313,0.5575568202394784,0.3909909335493582
4456,0.1980309875955424,0.7757626465086868,0.5510542356947061,0.5785387221013313,0.5575568202394784,0.3909909335493582
4457,0.1980309875955424,0.7757626465086868,0.5510542356947061,0.5785387221013313,0.5575568202394784,0.3909909335493582
4458,0.1980309875955424,0.7757626465086868,0.5510542356947061,0.5785387221013313,0.5575568202394784,0.3909909335493582
4459,0.1980309875955424,0.7757626465086868,0.5510542356947061,0.5785387221013313,0.5575568202394784,0.3909909335493582
4460,0.1980309875955424,0.7757626465086868,0.5510542356947061,0.5785387221013313,0.5575568202394784,0.3909909335493582
4461,0.1980309875955424,0.7757626465086868,0.5510542356947061,0.5785387221013313,0.5575568202394784,0.3909909335493582
4462,0.1980309875955424,0.7757626465086868,0.5510542356947061,0.5785387221013313,0.5575568202394784,0.3909909335493582
4463,0.1980309875955424,0.7757626465086868,0.5510542356947061,0.5785387221013313,0.5575568202394784,0.3909909335493582
4464,0.19298148188536687,0.7587852374020786,0.5383796966785099,0.5677497548368273,0.5319669529013812,0.3839821533066796
4465,0.19298148188536687,0.7587852374020786,0.5383796966785099,0.5677497548368273,0.5319669529013812,0.3839821533066796
4466,0.19298148188536687,0.7587852374020786,0.5383796966785099,0.5677497548368273,0.5319669529013812,0.3839821533066796
4467,0.19298148188536687,0.7587852374020786,0.5383796966785099,0.5677497548368273,0.5319669529013812,0.3839821533066796
4468,0.19298148188536687,0.7587852374020786,0.5383796966785099,0.5677497548368273,0.5319669529013812,0.3839821533066796
4469,0.19298148188536687,0.7587852374020786,0.5383796966785099,0.5677497548368273,0.5319669529013812,0.3839821533066796
4470,0.19298148188536687,0.7587852374020786,0.5383796966785099,0.5677497548368273,0.5319669529013812,0.3839821533066796
4471,0.19298148188536687,0.7587852374020786,0.5383796966785099,0.5677497548368273,0.5319669529013812,0.3839821533066796
4472,0.19298148188536687,0.7587852374020786,0.5383796966785099,0.5677497548368273,0.5319669529013812,0.3839821533066796
4473,0.19298148188536687,0.7587852374020786,0.5383796966785099,0.5677497548368273,0.5319669529013812,0.3839821533066796
4474,0.19298148188536687,0.7587852374020786,0.5383796966785099,0.5677497548368273,0.5319669529013812,0.3839821533066796
4475,0.19298148188536687,0.7587852374020786,0.5383796966785099,0.5677497548368273,0.5319669529013812,0.3839821533066796
4476,0.19298148188536687,0.7587852374020786,0.5383796966785099,0.5677497548368273,0.5319669529013812,0.3839821533066796
4477,0.19298148188536687,0.7587852374020786,0.5383796966785099,0.5677497548368273,0.5319669529013812,0.3839821533066796
4478,0.19298148188536687,0.7587852374020786,0.5383796966785099,0.5677497548368273,0.5319669529013812,0.3839821533066796
4479,0.19298148188536687,0.7587852374020786,0.5383796966785099,0.5677497548368273,0.5319669529013812,0.3839821533066796
4480,0.19298148188536687,0.7587852374020786,0.5383796966785099,0.5677497548368273,0.5319669529013812,0.3839821533066796
4481,0.19298148188536687,0.7587852374020786,0.5383796966785099,0.5677497548368273,0.5319669529013812,0.3839821533066796
4482,0.19298148188536687,0.7587852374020786,0.5383796966785099,0.5677497548368273,0.5319669529013812,0.3839821533066796
4483,0.19298148188536687,0.7587852374020786,0.5383796966785099,0.5677497548368273,0.5319669529013812,0.3839821533066796
4484,0.19298148188536687,0.7587852374020786,0.5383796966785099,0.5677497548368273,0.5319669529013812,0.3839821533066796
4485,0.19298148188536687,0.7587852374020786,0.5383796966785099,0.5677497548368273,0.5319669529013812,0.3839821533066796
4486,0.19298148188536687,0.7587852374020786,0.5383796966785099,0.5677497548368273,0.5319669529013812,0.3839821533066796
4487,0.19298148188536687,0.7587852374020786,0.5383796966785099,0.5677497548368273,0.5319669529013812,0.3839821533066796
4488,0.1904713085742298,0.7503539164532569,0.5324737333085362,0.5623523847617165,0.5153744791025273,0.380208661366751
4489,0.1904713085742298,0.7503539164532569,0.5324737333085362,0.5623523847617165,0.5153744791025273,0.380208661366751
4490,0.1904713085742298,0.7503539164532569,0.5324737333085362,0.5623523847617165,0.5153744791025273,0.380208661366751
4491,0.1904713085742298,0.7503539164532569,0.5324737333085362,0.5623523847617165,0.5153744791025273,0.380208661366751
4492,0.1904713085742298,0.7503539164532569,0.5324737333085362,0.5623523847617165,0.5153744791025273,0.380208661366751
4493,0.1904713085742298,0.7503539164532569,0.5324737333085362,0.5623523847617165,0.5153744791025273,0.380208661366751
4494,0.1904713085742298,0.7503539164532569,0.5324737333085362,0.5623523847617165,0.5153744791025273,0.380208661366751
4495,0.1904713085742298,0.7503539164532569,0.5324737333085362,0.5623523847617165,0.5153744791025273,0.380208661366751
4496,0.1904713085742298,0.7503539164532569,0.5324737333085362,0.5623523847617165,0.5153744791025273,0.380208661366751
4497,0.1904713085742298,0.7503539164532569,0.5324737333085362,0.5623523847617165,0.5153744791025273,0.380208661366751
4498,0.1904713085742298,0.7503539164532569,0.5324737333085362,0.5623523847617165,0.5153744791025273,0.380208661366751
4499,0.1904713085742298,0.7503539164532569,0.5324737333085362,0.5623523847617165,0.5153744791025273,0.380208661366751
4500,0.1904713085742298,0.7503539164532569,0.5324737333085362,0.5623523847617165,0.5153744791025273,0.380208661366751
4501,0.1904713085742298,0.7503539164532569,0.5324737333085362,0.5623523847617165,0.5153744791025273,0.380208661366751
4502,0.1904713085742298,0.7503539164532569,0.5324737333085362,0.5623523847617165,0.5153744791025273,0.380208661366751
4503,0.1904713085742298,0.7503539164532569,0.5324737333085362,0.5623523847617165,0.5153744791025273,0.380208661366751
4504,0.1904713085742298,0.7503539164532569,0.5324737333085362,0.5623523847617165,0.5153744791025273,0.380208661366751
4505,0.1904713085742298,0.7503539164532569,0.5324737333085362,0.5623523847617165,0.5153744791025273,0.380208661366751
4506,0.1904713085742298,0.7503539164532569,0.5324737333085362,0.5623523847617165,0.5153744791025273,0.380208661366751
4507,0.1904713085742298,0.7503539164532569,0.5324737333085362,0.5623523847617165,0.5153744791025273,0.380208661366751
4508,0.1904713085742298,0.7503539164532569,0.5324737333085362,0.5623523847617165,0.5153744791025273,0.380208661366751
4509,0.1904713085742298,0.7503539164532569,0.5324737333085362,0.5623523847617165,0.5153744791025273,0.380208661366751
4510,0.1904713085742298,0.7503539164532569,0.5324737333085362,0.5623523847617165,0.5153744791025273,0.380208661366751
4511,0.1904713085742298,0.7503539164532569,0.5324737333085362,0.5623523847617165,0.5153744791025273,0.380208661366751
4512,0.18826208483022724,0.7442786595064336,0.5295948487802068,0.5584460370915063,0.4997931503654908,0.377157456275293
4513,0.18826208483022724,0.7442786595064336,0.5295948487802068,0.5584460370915063,0.4997931503654908,0.377157456275293
4514,0.18826208483022724,0.7442786595064336,0.5295948487802068,0.5584460370915063,0.4997931503654908,0.377157456275293
4515,0.18826208483022724,0.7442786595064336,0.5295948487802068,0.5584460370915063,0.4997931503654908,0.377157456275293
4516,0.18826208483022724,0.7442786595064336,0.5295948487802068,0.5584460370915063,0.4997931503654908,0.377157456275293
4517,0.18826208483022724,0.7442786595064336,0.5295948487802068,0.5584460370915063,0.4997931503654908,0.377157456275293
4518,0.18826208483022724,0.7442786595064336,0.5295948487802068,0.5584460370915063,0.4997931503654908,0.377157456275293
4519,0.18826208483022724,0.7442786595064336,0.5295948487802068,0.5584460370915063,0.4997931503654908,0.377157456275293
4520,0.18826208483022724,0.7442786595064336,0.5295948487802068,0.5584460370915063,0.4997931503654908,0.377157456275293
4521,0.18826208483022724,0.7442786595064336,0.5295948487802068,0.5584460370915063,0.4997931503654908,0.377157456275293
4522,0.18826208483022724,0.7442786595064336,0.5295948487802068,0.5584460370915063,0.4997931503654908,0.377157456275293
4523,0.18826208483022724,0.7442786595064336,0.5295948487802068,0.5584460370915063,0.4997931503654908,0.377157456275293
4524,0.18826208483022724,0.7442786595064336,0.5295948487802068,0.5584460370915063,0.4997931503654908,0.377157456275293
4525,0.18826208483022724,0.7442786595064336,0.5295948487802068,0.5584460370915063,0.4997931503654908,0.377157456275293
4526,0.18826208483022724,0.7442786595064336,0.5295948487802068,0.5584460370915063,0.4997931503654908,0.377157456275293
4527,0.18826208483022724,0.7442786595064336,0.5295948487802068,0.5584460370915063,0.4997931503654908,0.377157456275293
4528,0.18826208483022724,0.7442786595064336,0.5295948487802068,0.5584460370915063,0.4997931503654908,0.377157456275293
4529,0.18826208483022724,0.7442786595064336,0.5295948487802068,0.5584460370915063,0.4997931503654908,0.377157456275293
4530,0.18826208483022724,0.7442786595064336,0.5295948487802068,0.5584460370915063,0.4997931503654908,0.377157456275293
4531,0.18826208483022724,0.7442786595064336,0.5295948487802068,0.5584460370915063,0.4997931503654908,0.377157456275293
4532,0.18826208483022724,0.7442786595064336,0.5295948487802068,0.5584460370915063,0.4997931503654908,0.377157456275293
4533,0.18826208483022724,0.7442786595064336,0.5295948487802068,0.5584460370915063,0.4997931503654908,0.377157456275293
4534,0.18826208483022724,0.7442786595064336,0.5295948487802068,0.5584460370915063,0.4997931503654908,0.377157456275293
4535,0.18826208483022724,0.7442786595064336,0.5295948487802068,0.5584460370915063,0.4997931503654908,0.377157456275293
4536,0.187186054699115,0.7415712176350601,0.5291972461423508,0.5564384680014666,0.4884614486390841,0.3753920150511951
4537,0.187186054699115,0.7415712176350601,0.5291972461423508,0.5564384680014666,0.4884614486390841,0.3753920150511951
4538,0.187186054699115,0.7415712176350601,0.5291972461423508,0.5564384680014666,0.4884614486390841,0.3753920150511951
4539,0.187186054699115,0.7415712176350601,0.5291972461423508,0.5564384680014666,0.4884614486390841,0.3753920150511951
4540,0.187186054699115,0.7415712176350601,0.5291972461423508,0.5564384680014666,0.4884614486390841,0.3753920150511951
4541,0.187186054699115,0.7415712176350601,0.5291972461423508,0.5564384680014666,0.4884614486390841,0.3753920150511951
4542,0.187186054699115,0.7415712176350601,0.5291972461423508,0.5564384680014666,0.4884614486390841,0.3753920150511951
4543,0.187186054699115,0.7415712176350601,0.5291972461423508,0.5564384680014666,0.4884614486390841,0.3753920150511951
4544,0.187186054699115,0.7415712176350601,0.5291972461423508,0.5564384680014666,0.4884614486390841,0.3753920150511951
4545,0.187186054699115,0.7415712176350601,0.5291972461423508,0.5564384680014666,0.4884614486390841,0.3753920150511951
4546,0.187186054699115,0.7415712176350601,0.5291972461423508,0.5564384680014666,0.4884614486390841,0.3753920150511951
4547,0.187186054699115,0.7415712176350601,0.5291972461423508,0.5564384680014666,0.4884614486390841,0.3753920150511951
4548,0.187186054699115,0.7415712176350601,0.5291972461423508,0.5564384680014666,0.4884614486390841,0.3753920150511951
4549,0.187186054699115,0.7415712176350601,0.5291972461423508,0.5564384680014666,0.4884614486390841,0.3753920150511951
4550,0.187186054699115,0.7415712176350601,0.5291972461423508,0.5564384680014666,0.4884614486390841,0.3753920150511951
4551,0.187186054699115,0.7415712176350601,0.5291972461423508,0.5564384680014666,0.4884614486390841,0.3753920150511951
4552,0.187186054699115,0.7415712176350601,0.5291972461423508,0.5564384680014666,0.4884614486390841,0.3753920150511951
4553,0.187186054699115,0.7415712176350601,0.5291972461423508,0.5564384680014666,0.4884614486390841,0.3753920150511951
4554,0.187186054699115,0.7415712176350601,0.5291972461423508,0.5564384680014666,0.4884614486390841,0.3753920150511951
4555,0.187186054699115,0.7415712176350601,0.5291972461423508,0.5564384680014666,0.4884614486390841,0.3753920150511951
4556,0.187186054699115,0.7415712176350601,0.5291972461423508,0.5564384680014666,0.4884614486390841,0.3753920150511951
4557,0.187186054699115,0.7415712176350601,0.5291972461423508,0.5564384680014666,0.4884614486390841,0.3753920150511951
4558,0.187186054699115,0.7415712176350601,0.5291972461423508,0.5564384680014666,0.4884614486390841,0.3753920150511951
4559,0.187186054699115,0.7415712176350601,0.5291972461423508,0.5564384680014666,0.4884614486390841,0.3753920150511951
4560,0.18613309796228453,0.7392880000984806,0.5294368488268621,0.554517743371877,0.47674423640159835,0.3734968536420626
4561,0.18613309796228453,0.7392880000984806,0.5294368488268621,0.554517743371877,0.47674423640159835,0.3734968536420626
4562,0.18613309796228453,0.7392880000984806,0.5294368488268621,0.554517743371877,0.47674423640159835,0.3734968536420626
4563,0.18613309796228453,0.7392880000984806,0.5294368488268621,0.554517743371877,0.47674423640159835,0.3734968536420626
4564,0.18613309796228453,0.7392880000984806,0.5294368488268621,0.554517743371877,0.47674423640159835,0.3734968536420626
4565,0.18613309796228453,0.7392880000984806,0.5294368488268621,0.554517743371877,0.47674423640159835,0.3734968536420626
4566,0.18613309796228453,0.7392880000984806,0.5294368488268621,0.554517743371877,0.47674423640159835,0.3734968536420626
4567,0.18613309796228453,0.7392880000984806,0.5294368488268621,0.554517743371877,0.47674423640159835,0.3734968536420626
4568,0.18613309796228453,0.7392880000984806,0.5294368488268621,0.554517743371877,0.47674423640159835,0.3734968536420626
4569,0.18613309796228453,0.7392880000984806,0.5294368488268621,0.554517743371877,0.47674423640159835,0.3734968536420626
4570,0.18613309796228453,0.7392880000984806,0.5294368488268621,0.554517743371877,0.47674423640159835,0.3734968536420626
4571,0.18613309796228453,0.7392880000984806,0.5294368488268621,0.554517743371877,0.47674423640159835,0.3734968536420626
4572,0.18613309796228453,0.7392880000984806,0.5294368488268621,0.554517743371877,0.47674423640159835,0.3734968536420626
4573,0.18613309796228453,0.7392880000984806,0.5294368488268621,0.554517743371877,0.47674423640159835,0.3734968536420626
4574,0.18613309796228453,0.7392880000984806,0.5294368488268621,0.554517743371877,0.47674423640159835,0.3734968536420626
4575,0.18613309796228453,0.7392880000984806,0.5294368488268621,0.554517743371877,0.47674423640159835,0.3734968536420626
4576,0.18613309796228453,0.7392880000984806,0.5294368488268621,0.554517743371877,0.47674423640159835,0.3734968536420626
4577,0.18613309796228453,0.7392880000984806,0.5294368488268621,0.554517743371877,0.47674423640159835,0.3734968536420626
4578,0.18613309796228453,0.7392880000984806,0.5294368488268621,0.554517743371877,0.47674423640159835,0.3734968536420626
4579,0.18613309796228453,0.7392880000984806,0.5294368488268621,0.554517743371877,0.47674423640159835,0.3734968536420626
4580,0.18613309796228453,0.7392880000984806,0.5294368488268621,0.554517743371877,0.47674423640159835,0.3734968536420626
4581,0.18613309796228453,0.7392880000984806,0.5294368488268621,0.554517743371877,0.47674423640159835,0.3734968536420626
4582,0.18613309796228453,0.7392880000984806,0.5294368488268621,0.554517743371877,0.47674423640159835,0.3734968536420626
4583,0.18613309796228453,0.7392880000984806,0.5294368488268621,0.554517743371877,0.47674423640159835,0.3734968536420626
4584,0.18571950799357875,0.7390521512792776,0.5312604168389123,0.5535846081164064,0.4671249430930578,0.3722744956363497
4585,0.18571950799357875,0.7390521512792776,0.5312604168389123,0.5535846081164064,0.4671249430930578,0.3722744956363497
4586,0.18571950799357875,0.7390521512792776,0.5312604168389123,0.5535846081164064,0.4671249430930578,0.3722744956363497
4587,0.18571950799357875,0.7390521512792776,0.5312604168389123,0.5535846081164064,0.4671249430930578,0.3722744956363497
4588,0.18571950799357875,0.7390521512792776,0.5312604168389123,0.5535846081164064,0.4671249430930578,0.3722744956363497
4589,0.18571950799357875,0.7390521512792776,0.5312604168389123,0.5535846081164064,0.4671249430930578,0.3722744956363497
4590,0.18571950799357875,0.7390521512792776,0.5312604168389123,0.5535846081164064,0.4671249430930578,0.3722744956363497
4591,0.18571950799357875,0.7390521512792776,0.5312604168389123,0.5535846081164064,0.4671249430930578,0.3722744956363497
4592,0.18571950799357875,0.7390521512792776,0.5312604168389123,0.5535846081164064,0.4671249430930578,0.3722744956363497
4593,0.18571950799357875,0.7390521512792776,0.5312604168389123,0.5535846081164064,0.4671249430930578,0.3722744956363497
4594,0.18571950799357875,0.7390521512792776,0.5312604168389123,0.5535846081164064,0.4671249430930578,0.3722744956363497
4595,0.18571950799357875,0.7390521512792776,0.5312604168389123,0.5535846081164064,0.4671249430930578,0.3722744956363497
4596,0.18571950799357875,0.7390521512792776,0.5312604168389123,0.5535846081164064,0.4671249430930578,0.3722744956363497
4597,0.18571950799357875,0.7390521512792776,0.5312604168389123,0.5535846081164064,0.4671249430930578,0.3722744956363497
4598,0.18571950799357875,0.7390521512792776,0.5312604168389123,0.5535846081164064,0.4671249430930578,0.3722744956363497
4599,0.18571950799357875,0.7390521512792776,0.5312604168389123,0.5535846081164064,0.4671249430930578,0.3722744956363497
4600,0.18571950799357875,0.7390521512792776,0.5312604168389123,0.5535846081164064,0.4671249430930578,0.3722744956363497
4601,0.18571950799357875,0.7390521512792776,0.5312604168389123,0.5535846081164064,0.4671249430930578,0.3722744956363497
4602,0.18571950799357875,0.7390521512792776,0.5312604168389123,0.5535846081164064,0.4671249430930578,0.3722744956363497
4603,0.18571950799357875,0.7390521512792776,0.5312604168389123,0.5535846081164064,0.4671249430930578,0.3722744956363497
4604,0.18571950799357875,0.7390521512792776,0.5312604168389123,0.5535846081164064,0.4671249430930578,0.3722744956363497
4605,0.18571950799357875,0.7390521512792776,0.5312604168389123,0.5535846081164064,0.4671249430930578,0.3722744956363497
4606,0.18571950799357875,0.7390521512792776,0.5312604168389123,0.5535846081164064,0.4671249430930578,0.3722744956363497
4607,0.18571950799357875,0.7390521512792776,0.5312604168389123,0.5535846081164064,0.4671249430930578,0.3722744956363497
4608,0.18615282313192807,0.7408055406929622,0.5328984679898664,0.5544908379717391,0.46863137516563563,0.37279037685662764
4609,0.18615282313192807,0.7408055406929622,0.5328984679898664,0.5544908379717391,0.46863137516563563,0.37279037685662764
4610,0.18615282313192807,0.7408055406929622,0.5328984679898664,0.5544908379717391,0.46863137516563563,0.37279037685662764
4611,0.18615282313192807,0.7408055406929622,0.5328984679898664,0.5544908379717391,0.46863137516563563,0.37279037685662764
4612,0.18615282313192807,0.7408055406929622,0.5328984679898664,0.5544908379717391,0.46863137516563563,0.37279037685662764
4613,0.18615282313192807,0.7408055406929622,0.5328984679898664,0.5544908379717391,0.46863137516563563,0.37279037685662764
4614,0.18615282313192807,0.7408055406929622,0.5328984679898664,0.5544908379717391,0.46863137516563563,0.37279037685662764
4615,0.18615282313192807,0.7408055406929622,0.5328984679898664,0.5544908379717391,0.46863137516563563,0.37279037685662764
4616,0.18615282313192807,0.7408055406929622,0.5328984679898664,0.5544908379717391,0.46863137516563563,0.37279037685662764
4617,0.18615282313192807,0.7408055406929622,0.5328984679898664,0.5544908379717391,0.46863137516563563,0.37279037685662764
4618,0.18615282313192807,0.7408055406929622,0.5328984679898664,0.5544908379717391,0.46863137516563563,0.37279037685662764
4619,0.18615282313192807,0.7408055406929622,0.5328984679898664,0.5544908379717391,0.46863137516563563,0.37279037685662764
4620,0.18615282313192807,0.7408055406929622,0.5328984679898664,0.5544908379717391,0.46863137516563563,0.37279037685662764
4621,0.18615282313192807,0.7408055406929622,0.5328984679898664,0.5544908379717391,0.46863137516563563,0.37279037685662764
4622,0.18615282313192807,0.7408055406929622,0.5328984679898664,0.5544908379717391,0.46863137516563563,0.37279037685662764
4623,0.18615282313192807,0.7408055406929622,0.5328984679898664,0.5544908379717391,0.46863137516563563,0.37279037685662764
4624,0.18615282313192807,0.7408055406929622,0.5328984679898664,0.5544908379717391,0.46863137516563563,0.37279037685662764
4625,0.18615282313192807,0.7408055406929622,0.5328984679898664,0.5544908379717391,0.46863137516563563,0.37279037685662764
4626,0.18615282313192807,0.7408055406929622,0.5328984679898664,0.5544908379717391,0.46863137516563563,0.37279037685662764
4627,0.18615282313192807,0.7408055406929622,0.5328984679898664,0.5544908379717391,0.46863137516563563,0.37279037685662764
4628,0.18615282313192807,0.7408055406929622,0.5328984679898664,0.5544908379717391,0.46863137516563563,0.37279037685662764
4629,0.18615282313192807,0.7408055406929622,0.5328984679898664,0.5544908379717391,0.46863137516563563,0.37279037685662764
4630,0.18615282313192807,0.7408055406929622,0.5328984679898664,0.5544908379717391,0.46863137516563563,0.37279037685662764
4631,0.18615282313192807,0.7408055406929622,0.5328984679898664,0.5544908379717391,0.46863137516563563,0.37279037685662764
4632,0.18670841953062586,0.7430723468209853,0.5349920763181369,0.5556684674686924,0.47055889783152566,0.37344481675323055
4633,0.18670841953062586,0.7430723468209853,0.5349920763181369,0.5556684674686924,0.47055889783152566,0.37344481675323055
4634,0.18670841953062586,0.7430723468209853,0.5349920763181369,0.5556684674686924,0.47055889783152566,0.37344481675323055
4635,0.18670841953062586,0.7430723468209853,0.5349920763181369,0.5556684674686924,0.47055889783152566,0.37344481675323055
4636,0.18670841953062586,0.7430723468209853,0.5349920763181369,0.5556684674686924,0.47055889783152566,0.37344481675323055
4637,0.18670841953062586,0.7430723468209853,0.5349920763181369,0.5556684674686924,0.47055889783152566,0.37344481675323055
4638,0.18670841953062586,0.7430723468209853,0.5349920763181369,0.5556684674686924,0.47055889783152566,0.37344481675323055
4639,0.18670841953062586,0.7430723468209853,0.5349920763181369,0.5556684674686924,0.47055889783152566,0.37344481675323055
4640,0.18670841953062586,0.7430723468209853,0.5349920763181369,0.5556684674686924,0.47055889783152566,0.37344481675323055
4641,0.18670841953062586,0.7430723468209853,0.5349920763181369,0.5556684674686924,0.47055889783152566,0.37344481675323055
4642,0.18670841953062586,0.7430723468209853,0.5349920763181369,0.5556684674686924,0.47055889783152566,0.37344481675323055
4643,0.18670841953062586,0.7430723468209853,0.5349920763181369,0.5556684674686924,0.47055889783152566,0.37344481675323055
4644,0.18670841953062586,0.7430723468209853,0.5349920763181369,0.5556684674686924,0.47055889783152566,0.37344481675323055
4645,0.18670841953062586,0.7430723468209853,0.5349920763181369,0.5556684674686924,0.47055889783152566,0.37344481675323055
4646,0.18670841953062586,0.7430723468209853,0.5349920763181369,0.5556684674686924,0.47055889783152566,0.37344481675323055
4647,0.18670841953062586,0.7430723468209853,0.5349920763181369,0.5556684674686924,0.47055889783152566,0.37344481675323055
4648,0.18670841953062586,0.7430723468209853,0.5349920763181369,0.5556684674686924,0.47055889783152566,0.37344481675323055
4649,0.18670841953062586,0.7430723468209853,0.5349920763181369,0.5556684674686924,0.47055889783152566,0.37344481675323055
4650,0.18670841953062586,0.7430723468209853,0.5349920763181369,0.5556684674686924,0.47055889783152566,0.37344481675323055
4651,0.18670841953062586,0.7430723468209853,0.5349920763181369,0.5556684674686924,0.47055889783152566,0.37344481675323055
4652,0.18670841953062586,0.7430723468209853,0.5349920763181369,0.5556684674686924,0.47055889783152566,0.37344481675323055
4653,0.18670841953062586,0.7430723468209853,0.5349920763181369,0.5556684674686924,0.47055889783152566,0.37344481675323055
4654,0.18670841953062586,0.7430723468209853,0.5349920763181369,0.5556684674686924,0.47055889783152566,0.37344481675323055
4655,0.18670841953062586,0.7430723468209853,0.5349920763181369,0.5556684674686924,0.47055889783152566,0.37344481675323055
4656,0.18689773896337103,0.7439438572197963,0.5358845689431065,0.5562423956746912,0.4712718923432964,0.3737805743154432
4657,0.18689773896337103,0.7439438572197963,0.5358845689431065,0.5562423956746912,0.4712718923432964,0.3737805743154432
4658,0.18689773896337103,0.7439438572197963,0.5358845689431065,0.5562423956746912,0.4712718923432964,0.3737805743154432
4659,0.18689773896337103,0.7439438572197963,0.5358845689431065,0.5562423956746912,0.4712718923432964,0.3737805743154432
4660,0.18689773896337103,0.7439438572197963,0.5358845689431065,0.5562423956746912,0.4712718923432964,0.3737805743154432
4661,0.18689773896337103,0.7439438572197963,0.5358845689431065,0.5562423956746912,0.4712718923432964,0.3737805743154432
4662,0.18689773896337103,0.7439438572197963,0.5358845689431065,0.5562423956746912,0.4712718923432964,0.3737805743154432
4663,0.18689773896337103,0.7439438572197963,0.5358845689431065,0.5562423956746912,0.4712718923432964,0.3737805743154432
4664,0.18689773896337103,0.7439438572197963,0.5358845689431065,0.5562423956746912,0.4712718923432964,0.3737805743154432
4665,0.18689773896337103,0.7439438572197963,0.5358845689431065,0.5562423956746912,0.4712718923432964,0.3737805743154432
4666,0.18689773896337103,0.7439438572197963,0.5358845689431065,0.5562423956746912,0.4712718923432964,0.3737805743154432
4667,0.18689773896337103,0.7439438572197963,0.5358845689431065,0.5562423956746912,0.4712718923432964,0.3737805743154432
4668,0.18689773896337103,0.7439438572197963,0.5358845689431065,0.5562423956746912,0.4712718923432964,0.3737805743154432
4669,0.18689773896337103,0.7439438572197963,0.5358845689431065,0.5562423956746912,0.4712718923432964,0.3737805743154432
4670,0.18689773896337103,0.7439438572197963,0.5358845689431065,0.5562423956746912,0.4712718923432964,0.3737805743154432
4671,0.18689773896337103,0.7439438572197963,0.5358845689431065,0.5562423956746912,0.4712718923432964,0.3737805743154432
4672,0.18689773896337103,0.7439438572197963,0.5358845689431065,0.5562423956746912,0.4712718923432964,0.3737805743154432
4673,0.18689773896337103,0.7439438572197963,0.5358845689431065,0.5562423956746912,0.4712718923432964,0.3737805743154432
4674,0.18689773896337103,0.7439438572197963,0.5358845689431065,0.5562423956746912,0.4712718923432964,0.3737805743154432
4675,0.18689773896337103,0.7439438572197963,0.5358845689431065,0.5562423956746912,0.4712718923432964,0.3737805743154432
4676,0.18689773896337103,0.7439438572197963,0.5358845689431065,0.5562423956746912,0.4712718923432964,0.3737805743154432
4677,0.18689773896337103,0.7439438572197963,0.5358845689431065,0.5562423956746912,0.4712718923432964,0.3737805743154432
4678,0.18689773896337103,0.7439438572197963,0.5358845689431065,0.5562423956746912,0.4712718923432964,0.3737805743154432
4679,0.18689773896337103,0.7439438572197963,0.5358845689431065,0.5562423956746912,0.4712718923432964,0.3737805743154432
4680,0.1849713850459832,0.7353972287749712,0.5280336441655501,0.5501753777192647,0.46427940538625717,0.3703604693234943
4681,0.1849713850459832,0.7353972287749712,0.5280336441655501,0.5501753777192647,0.46427940538625717,0.3703604693234943
4682,0.1849713850459832,0.7353972287749712,0.5280336441655501,0.5501753777192647,0.46427940538625717,0.3703604693234943
4683,0.1849713850459832,0.7353972287749712,0.5280336441655501,0.5501753777192647,0.46427940538625717,0.3703604693234943
4684,0.1849713850459832,0.7353972287749712,0.5280336441655501,0.5501753777192647,0.46427940538625717,0.3703604693234943
4685,0.1849713850459832,0.7353972287749712,0.5280336441655501,0.5501753777192647,0.46427940538625717,0.3703604693234943
4686,0.1849713850459832,0.7353972287749712,0.5280336441655501,0.5501753777192647,0.46427940538625717,0.3703604693234943
4687,0.1849713850459832,0.7353972287749712,0.5280336441655501,0.5501753777192647,0.46427940538625717,0.3703604693234943
4688,0.1849713850459832,0.7353972287749712,0.5280336441655501,0.5501753777192647,0.46427940538625717,0.3703604693234943
4689,0.1849713850459832,0.7353972287749712,0.5280336441655501,0.5501753777192647,0.46427940538625717,0.3703604693234943
4690,0.1849713850459832,0.7353972287749712,0.5280336441655501,0.5501753777192647,0.46427940538625717,0.3703604693234943
4691,0.1849713850459832,0.7353972287749712,0.5280336441655501,0.5501753777192647,0.46427940538625717,0.3703604693234943
4692,0.1849713850459832,0.7353972287749712,0.5280336441655501,0.5501753777192647,0.46427940538625717,0.3703604693234943
4693,0.1849713850459832,0.7353972287749712,0.5280336441655501,0.5501753777192647,0.46427940538625717,0.3703604693234943
4694,0.1849713850459832,0.7353972287749712,0.5280336441655501,0.5501753777192647,0.46427940538625717,0.3703604693234943
4695,0.1849713850459832,0.7353972287749712,0.5280336441655501,0.5501753777192647,0.46427940538625717,0.3703604693234943
4696,0.1849713850459832,0.7353972287749712,0.5280336441655501,0.5501753777192647,0.46427940538625717,0.3703604693234943
4697,0.1849713850459832,0.7353972287749712,0.5280336441655501,0.5501753777192647,0.46427940538625717,0.3703604693234943
4698,0.1849713850459832,0.7353972287749712,0.5280336441655501,0.5501753777192647,0.46427940538625717,0.3703604693234943
4699,0.1849713850459832,0.7353972287749712,0.5280336441655501,0.5501753777192647,0.46427940538625717,0.3703604693234943
4700,0.1849713850459832,0.7353972287749712,0.5280336441655501,0.5501753777192647,0.46427940538625717,0.3703604693234943
4701,0.1849713850459832,0.7353972287749712,0.5280336441655501,0.5501753777192647,0.46427940538625717,0.3703604693234943
4702,0.1849713850459832,0.7353972287749712,0.5280336441655501,0.5501753777192647,0.46427940538625717,0.3703604693234943
4703,0.1849713850459832,0.7353972287749712,0.5280336441655501,0.5501753777192647,0.46427940538625717,0.3703604693234943
4704,0.18403257218965471,0.7318630841150321,0.5247644267908684,0.5483725533346252,0.4612743885622008,0.3693797129563721
4705,0.18403257218965471,0.7318630841150321,0.5247644267908684,0.5483725533346252,0.4612743885622008,0.3693797129563721
4706,0.18403257218965471,0.7318630841150321,0.5247644267908684,0.5483725533346252,0.4612743885622008,0.3693797129563721
4707,0.18403257218965471,0.7318630841150321,0.5247644267908684,0.5483725533346252,0.4612743885622008,0.3693797129563721
4708,0.18403257218965471,0.7318630841150321,0.5247644267908684,0.5483725533346252,0.4612743885622008,0.3693797129563721
4709,0.18403257218965471,0.7318630841150321,0.5247644267908684,0.5483725533346252,0.4612743885622008,0.3693797129563721
4710,0.18403257218965471,0.7318630841150321,0.5247644267908684,0.5483725533346252,0.4612743885622008,0.3693797129563721
4711,0.18403257218965471,0.7318630841150321,0.5247644267908684,0.5483725533346252,0.4612743885622008,0.3693797129563721
4712,0.18403257218965471,0.7318630841150321,0.5247644267908684,0.5483725533346252,0.4612743885622008,0.3693797129563721
4713,0.18403257218965471,0.7318630841150321,0.5247644267908684,0.5483725533346252,0.4612743885622008,0.3693797129563721
4714,0.18403257218965471,0.7318630841150321,0.5247644267908684,0.5483725533346252,0.4612743885622008,0.3693797129563721
4715,0.18403257218965471,0.7318630841150321,0.5247644267908684,0.5483725533346252,0.4612743885622008,0.3693797129563721
4716,0.18403257218965471,0.7318630841150321,0.5247644267908684,0.5483725533346252,0.4612743885622008,0.3693797129563721
4717,0.18403257218965471,0.7318630841150321,0.5247644267908684,0.5483725533346252,0.4612743885622008,0.3693797129563721
4718,0.18403257218965471,0.7318630841150321,0.5247644267908684,0.5483725533346252,0.4612743885622008,0.3693797129563721
4719,0.18403257218965471,0.7318630841150321,0.5247644267908684,0.5483725533346252,0.4612743885622008,0.3693797129563721
4720,0.18403257218965471,0.7318630841150321,0.5247644267908684,0.5483725533346252,0.4612743885622008,0.3693797129563721
4721,0.18403257218965471,0.7318630841150321,0.5247644267908684,0.5483725533346252,0.4612743885622008,0.3693797129563721
4722,0.18403257218965471,0.7318630841150321,0.5247644267908684,0.5483725533346252,0.4612743885622008,0.3693797129563721
4723,0.18403257218965471,0.7318630841150321,0.5247644267908684,0.5483725533346252,0.4612743885622008,0.3693797129563721
4724,0.18403257218965471,0.7318630841150321,0.5247644267908684,0.5483725533346252,0.4612743885622008,0.3693797129563721
4725,0.18403257218965471,0.7318630841150321,0.5247644267908684,0.5483725533346252,0.4612743885622008,0.3693797129563721
4726,0.18403257218965471,0.7318630841150321,0.5247644267908684,0.5483725533346252,0.4612743885622008,0.3693797129563721
4727,0.18403257218965471,0.7318630841150321,0.5247644267908684,0.5483725533346252,0.4612743885622008,0.3693797129563721
4728,0.1834961653402244,0.7297113440484265,0.5226200143384435,0.5471715441708677,0.4593980246086012,0.36873440279916464
4729,0.1834961653402244,0.7297113440484265,0.5226200143384435,0.5471715441708677,0.4593980246086012,0.36873440279916464
4730,0.1834961653402244,0.7297113440484265,0.5226200143384435,0.5471715441708677,0.4593980246086012,0.36873440279916464
4731,0.1834961653402244,0.7297113440484265,0.5226200143384435,0.5471715441708677,0.4593980246086012,0.36873440279916464
4732,0.1834961653402244,0.7297113440484265,0.5226200143384435,0.5471715441708677,0.4593980246086012,0.36873440279916464
4733,0.1834961653402244,0.7297113440484265,0.5226200143384435,0.5471715441708677,0.4593980246086012,0.36873440279916464
4734,0.1834961653402244,0.7297113440484265,0.5226200143384435,0.5471715441708677,0.4593980246086012,0.36873440279916464
4735,0.1834961653402244,0.7297113440484265,0.5226200143384435,0.5471715441708677,0.4593980246086012,0.36873440279916464
4736,0.1834961653402244,0.7297113440484265,0.5226200143384435,0.5471715441708677,0.4593980246086012,0.36873440279916464
4737,0.1834961653402244,0.7297113440484265,0.5226200143384435,0.5471715441708677,0.4593980246086012,0.36873440279916464
4738,0.1834961653402244,0.7297113440484265,0.5226200143384435,0.5471715441708677,0.4593980246086012,0.36873440279916464
4739,0.1834961653402244,0.7297113440484265,0.5226200143384435,0.5471715441708677,0.4593980246086012,0.36873440279916464
4740,0.1834961653402244,0.7297113440484265,0.5226200143384435,0.5471715441708677,0.4593980246086012,0.36873440279916464
4741,0.1834961653402244,0.7297113440484265,0.5226200143384435,0.5471715441708677,0.4593980246086012,0.36873440279916464
4742,0.1834961653402244,0.7297113440484265,0.5226200143384435,0.5471715441708677,0.4593980246086012,0.36873440279916464
4743,0.1834961653402244,0.7297113440484265,0.5226200143384435,0.5471715441708677,0.4593980246086012,0.36873440279916464
4744,0.1834961653402244,0.7297113440484265,0.5226200143384435,0.5471715441708677,0.4593980246086012,0.36873440279916464
4745,0.1834961653402244,0.7297113440484265,0.5226200143384435,0.5471715441708677,0.4593980246086012,0.36873440279916464
4746,0.1834961653402244,0.7297113440484265,0.5226200143384435,0.5471715441708677,0.4593980246086012,0.36873440279916464
4747,0.1834961653402244,0.7297113440484265,0.5226200143384435,0.5471715441708677,0.4593980246086012,0.36873440279916464
4748,0.1834961653402244,0.7297113440484265,0.5226200143384435,0.5471715441708677,0.4593980246086012,0.36873440279916464
4749,0.1834961653402244,0.7297113440484265,0.5226200143384435,0.5471715441708677,0.4593980246086012,0.36873440279916464
4750,0.1834961653402244,0.7297113440484265,0.5226200143384435,0.5471715441708677,0.4593980246086012,0.36873440279916464
4751,0.1834961653402244,0.7297113440484265,0.5226200143384435,0.5471715441708677,0.4593980246086012,0.36873440279916464
4752,0.18227096717841254,0.7249881434967477,0.5182144595411936,0.5447955174997597,0.45539763586859844,0.36745538594416843
4753,0.18227096717841254,0.7249881434967477,0.5182144595411936,0.5447955174997597,0.45539763586859844,0.36745538594416843
4754,0.18227096717841254,0.7249881434967477,0.5182144595411936,0.5447955174997597,0.45539763586859844,0.36745538594416843
4755,0.18227096717841254,0.7249881434967477,0.5182144595411936,0.5447955174997597,0.45539763586859844,0.36745538594416843
4756,0.18227096717841254,0.7249881434967477,0.5182144595411936,0.5447955174997597,0.45539763586859844,0.36745538594416843
4757,0.18227096717841254,0.7249881434967477,0.5182144595411936,0.5447955174997597,0.45539763586859844,0.36745538594416843
4758,0.18227096717841254,0.7249881434967477,0.5182144595411936,0.5447955174997597,0.45539763586859844,0.36745538594416843
4759,0.18227096717841254,0.7249881434967477,0.5182144595411936,0.5447955174997597,0.45539763586859844,0.36745538594416843
4760,0.18227096717841254,0.7249881434967477,0.5182144595411936,0.5447955174997597,0.45539763586859844,0.36745538594416843
4761,0.18227096717841254,0.7249881434967477,0.5182144595411936,0.5447955174997597,0.45539763586859844,0.36745538594416843
4762,0.18227096717841254,0.7249881434967477,0.5182144595411936,0.5447955174997597,0.45539763586859844,0.36745538594416843
4763,0.18227096717841254,0.7249881434967477,0.5182144595411936,0.5447955174997597,0.45539763586859844,0.36745538594416843
4764,0.18227096717841254,0.7249881434967477,0.5182144595411936,0.5447955174997597,0.45539763586859844,0.36745538594416843
4765,0.18227096717841254,0.7249881434967477,0.5182144595411936,0.5447955174997597,0.45539763586859844,0.36745538594416843
4766,0.18227096717841254,0.7249881434967477,0.5182144595411936,0.5447955174997597,0.45539763586859844,0.36745538594416843
4767,0.18227096717841254,0.7249881434967477,0.5182144595411936,0.5447955174997597,0.45539763586859844,0.36745538594416843
4768,0.18227096717841254,0.7249881434967477,0.5182144595411936,0.5447955174997597,0.45539763586859844,0.36745538594416843
4769,0.18227096717841254,0.7249881434967477,0.5182144595411936,0.5447955174997597,0.45539763586859844,0.36745538594416843
4770,0.18227096717841254,0.7249881434967477,0.5182144595411936,0.5447955174997597,0.45539763586859844,0.36745538594416843
4771,0.18227096717841254,0.7249881434967477,0.5182144595411936,0.5447955174997597,0.45539763586859844,0.36745538594416843
4772,0.18227096717841254,0.7249881434967477,0.5182144595411936,0.5447955174997597,0.45539763586859844,0.36745538594416843
4773,0.18227096717841254,0.7249881434967477,0.5182144595411936,0.5447955174997597,0.45539763586859844,0.36745538594416843
4774,0.18227096717841254,0.7249881434967477,0.5182144595411936,0.5447955174997597,0.45539763586859844,0.36745538594416843
4775,0.18227096717841254,0.7249881434967477,0.5182144595411936,0.5447955174997597,0.45539763586859844,0.36745538594416843
4776,0.1822859869302679,0.7250607389335418,0.5182783793138604,0.544817116548555,0.4554445232903157,0.36747286614892216
4777,0.1822859869302679,0.7250607389335418,0.5182783793138604,0.544817116548555,0.4554445232903157,0.36747286614892216
4778,0.1822859869302679,0.7250607389335418,0.5182783793138604,0.544817116548555,0.4554445232903157,0.36747286614892216
4779,0.1822859869302679,0.7250607389335418,0.5182783793138604,0.544817116548555,0.4554445232903157,0.36747286614892216
4780,0.1822859869302679,0.7250607389335418,0.5182783793138604,0.544817116548555,0.4554445232903157,0.36747286614892216
4781,0.1822859869302679,0.7250607389335418,0.5182783793138604,0.544817116548555,0.4554445232903157,0.36747286614892216
4782,0.1822859869302679,0.7250607389335418,0.5182783793138604,0.544817116548555,0.4554445232903157,0.36747286614892216
4783,0.1822859869302679,0.7250607389335418,0.5182783793138604,0.544817116548555,0.4554445232903157,0.36747286614892216
4784,0.1822859869302679,0.7250607389335418,0.5182783793138604,0.544817116548555,0.4554445232903157,0.36747286614892216
4785,0.1822859869302679,0.7250607389335418,0.5182783793138604,0.544817116548555,0.4554445232903157,0.36747286614892216
4786,0.1822859869302679,0.7250607389335418,0.5182783793138604,0.544817116548555,0.4554445232903157,0.36747286614892216
4787,0.1822859869302679,0.7250607389335418,0.5182783793138604,0.544817116548555,0.4554445232903157,0.36747286614892216
4788,0.1822859869302679,0.7250607389335418,0.5182783793138604,0.544817116548555,0.4554445232903157,0.36747286614892216
4789,0.1822859869302679,0.7250607389335418,0.5182783793138604,0.544817116548555,0.4554445232903157,0.36747286614892216
4790,0.1822859869302679,0.7250607389335418,0.5182783793138604,0.544817116548555,0.4554445232903157,0.36747286614892216
4791,0.1822859869302679,0.7250607389335418,0.5182783793138604,0.544817116548555,0.4554445232903157,0.36747286614892216
4792,0.1822859869302679,0.7250607389335418,0.5182783793138604,0.544817116548555,0.4554445232903157,0.36747286614892216
4793,0.1822859869302679,0.7250607389335418,0.5182783793138604,0.544817116548555,0.4554445232903157,0.36747286614892216
4794,0.1822859869302679,0.7250607389335418,0.5182783793138604,0.544817116548555,0.4554445232903157,0.36747286614892216
4795,0.1822859869302679,0.7250607389335418,0.5182783793138604,0.544817116548555,0.4554445232903157,0.36747286614892216
4796,0.1822859869302679,0.7250607389335418,0.5182783793138604,0.544817116548555,0.4554445232903157,0.36747286614892216
4797,0.1822859869302679,0.7250607389335418,0.5182783793138604,0.544817116548555,0.4554445232903157,0.36747286614892216
4798,0.1822859869302679,0.7250607389335418,0.5182783793138604,0.544817116548555,0.4554445232903157,0.36747286614892216
4799,0.1822859869302679,0.7250607389335418,0.5182783793138604,0.544817116548555,0.4554445232903157,0.36747286614892216
4800,0.18371225069764074,0.730663875691783,0.5235849857945345,0.5476404956493183,0.4601747924784776,0.3690654265849107
4801,0.18371225069764074,0.730663875691783,0.5235849857945345,0.5476404956493183,0.4601747924784776,0.3690654265849107
4802,0.18371225069764074,0.730663875691783,0.5235849857945345,0.5476404956493183,0.4601747924784776,0.3690654265849107
4803,0.18371225069764074,0.730663875691783,0.5235849857945345,0.5476404956493183,0.4601747924784776,0.3690654265849107
4804,0.18371225069764074,0.730663875691783,0.5235849857945345,0.5476404956493183,0.4601747924784776,0.3690654265849107
4805,0.18371225069764074,0.730663875691783,0.5235849857945345,0.5476404956493183,0.4601747924784776,0.3690654265849107
4806,0.18371225069764074,0.730663875691783,0.5235849857945345,0.5476404956493183,0.4601747924784776,0.3690654265849107
4807,0.18371225069764074,0.730663875691783,0.5235849857945345,0.5476404956493183,0.4601747924784776,0.3690654265849107
4808,0.18371225069764074,0.730663875691783,0.5235849857945345,0.5476404956493183,0.4601747924784776,0.3690654265849107
4809,0.18371225069764074,0.730663875691783,0.5235849857945345,0.5476404956493183,0.4601747924784776,0.3690654265849107
4810,0.18371225069764074,0.730663875691783,0.5235849857945345,0.5476404956493183,0.4601747924784776,0.3690654265849107
4811,0.18371225069764074,0.730663875691783,0.5235849857945345,0.5476404956493183,0.4601747924784776,0.3690654265849107
4812,0.18371225069764074,0.730663875691783,0.5235849857945345,0.5476404956493183,0.4601747924784776,0.3690654265849107
4813,0.18371225069764074,0.730663875691783,0.5235849857945345,0.5476404956493183,0.4601747924784776,0.3690654265849107
4814,0.18371225069764074,0.730663875691783,0.5235849857945345,0.5476404956493183,0.4601747924784776,0.3690654265849107
4815,0.18371225069764074,0.730663875691783,0.5235849857945345,0.5476404956493183,0.4601747924784776,0.3690654265849107
4816,0.18371225069764074,0.730663875691783,0.5235849857945345,0.5476404956493183,0.4601747924784776,0.3690654265849107
4817,0.18371225069764074,0.730663875691783,0.5235849857945345,0.5476404956493183,0.4601747924784776,0.3690654265849107
4818,0.18371225069764074,0.730663875691783,0.5235849857945345,0.5476404956493183,0.4601747924784776,0.3690654265849107
4819,0.18371225069764074,0.730663875691783,0.5235849857945345,0.5476404956493183,0.4601747924784776,0.3690654265849107
4820,0.18371225069764074,0.730663875691783,0.5235849857945345,0.5476404956493183,0.4601747924784776,0.3690654265849107
4821,0.18371225069764074,0.730663875691783,0.5235849857945345,0.5476404956493183,0.4601747924784776,0.3690654265849107
4822,0.18371225069764074,0.730663875691783,0.5235849857945345,0.5476404956493183,0.4601747924784776,0.3690654265849107
4823,0.18371225069764074,0.730663875691783,0.5235849857945345,0.5476404956493183,0.4601747924784776,0.3690654265849107
4824,0.1820381173234383,0.7250370869131285,0.5192487189037236,0.5449578631092947,0.45524880053095224,0.36739119962073064
4825,0.1820381173234383,0.7250370869131285,0.5192487189037236,0.5449578631092947,0.45524880053095224,0.36739119962073064
4826,0.1820381173234383,0.7250370869131285,0.5192487189037236,0.5449578631092947,0.45524880053095224,0.36739119962073064
4827,0.1820381173234383,0.7250370869131285,0.5192487189037236,0.5449578631092947,0.45524880053095224,0.36739119962073064
4828,0.1820381173234383,0.7250370869131285,0.5192487189037236,0.5449578631092947,0.45524880053095224,0.36739119962073064
4829,0.1820381173234383,0.7250370869131285,0.5192487189037236,0.5449578631092947,0.45524880053095224,0.36739119962073064
4830,0.1820381173234383,0.7250370869131285,0.5192487189037236,0.5449578631092947,0.45524880053095224,0.36739119962073064
4831,0.1820381173234383,0.7250370869131285,0.5192487189037236,0.5449578631092947,0.45524880053095224,0.36739119962073064
4832,0.1820381173234383,0.7250370869131285,0.5192487189037236,0.5449578631092947,0.45524880053095224,0.36739119962073064
4833,0.1820381173234383,0.7250370869131285,0.5192487189037236,0.5449578631092947,0.45524880053095224,0.36739119962073064
4834,0.1820381173234383,0.7250370869131285,0.5192487189037236,0.5449578631092947,0.45524880053095224,0.36739119962073064
4835,0.1820381173234383,0.7250370869131285,0.5192487189037236,0.5449578631092947,0.45524880053095224,0.36739119962073064
4836,0.1820381173234383,0.7250370869131285,0.5192487189037236,0.5449578631092947,0.45524880053095224,0.36739119962073064
4837,0.1820381173234383,0.7250370869131285,0.5192487189037236,0.5449578631092947,0.45524880053095224,0.36739119962073064
4838,0.1820381173234383,0.7250370869131285,0.5192487189037236,0.5449578631092947,0.45524880053095224,0.36739119962073064
4839,0.1820381173234383,0.7250370869131285,0.5192487189037236,0.5449578631092947,0.45524880053095224,0.36739119962073064
4840,0.1820381173234383,0.7250370869131285,0.5192487189037236,0.5449578631092947,0.45524880053095224,0.36739119962073064
4841,0.1820381173234383,0.7250370869131285,0.5192487189037236,0.5449578631092947,0.45524880053095224,0.36739119962073064
4842,0.1820381173234383,0.7250370869131285,0.5192487189037236,0.5449578631092947,0.45524880053095224,0.36739119962073064
4843,0.1820381173234383,0.7250370869131285,0.5192487189037236,0.5449578631092947,0.45524880053095224,0.36739119962073064
4844,0.1820381173234383,0.7250370869131285,0.5192487189037236,0.5449578631092947,0.45524880053095224,0.36739119962073064
4845,0.1820381173234383,0.7250370869131285,0.5192487189037236,0.5449578631092947,0.45524880053095224,0.36739119962073064
4846,0.1820381173234383,0.7250370869131285,0.5192487189037236,0.5449578631092947,0.45524880053095224,0.36739119962073064
4847,0.1820381173234383,0.7250370869131285,0.5192487189037236,0.5449578631092947,0.45524880053095224,0.36739119962073064
4848,0.17658747112626685,0.7229042388476891,0.5221288282207887,0.5365785823594921,0.44652188755035377,0.3621875364793599
4849,0.17658747112626685,0.7229042388476891,0.5221288282207887,0.5365785823594921,0.44652188755035377,0.3621875364793599
4850,0.17658747112626685,0.7229042388476891,0.5221288282207887,0.5365785823594921,0.44652188755035377,0.3621875364793599
4851,0.17658747112626685,0.7229042388476891,0.5221288282207887,0.5365785823594921,0.44652188755035377,0.3621875364793599
4852,0.17658747112626685,0.7229042388476891,0.5221288282207887,0.5365785823594921,0.44652188755035377,0.3621875364793599
4853,0.17658747112626685,0.7229042388476891,0.5221288282207887,0.5365785823594921,0.44652188755035377,0.3621875364793599
4854,0.17658747112626685,0.7229042388476891,0.5221288282207887,0.5365785823594921,0.44652188755035377,0.3621875364793599
4855,0.17658747112626685,0.7229042388476891,0.5221288282207887,0.5365785823594921,0.44652188755035377,0.3621875364793599
4856,0.17658747112626685,0.7229042388476891,0.5221288282207887,0.5365785823594921,0.44652188755035377,0.3621875364793599
4857,0.17658747112626685,0.7229042388476891,0.5221288282207887,0.5365785823594921,0.44652188755035377,0.3621875364793599
4858,0.17658747112626685,0.7229042388476891,0.5221288282207887,0.5365785823594921,0.44652188755035377,0.3621875364793599
4859,0.17658747112626685,0.7229042388476891,0.5221288282207887,0.5365785823594921,0.44652188755035377,0.3621875364793599
4860,0.17658747112626685,0.7229042388476891,0.5221288282207887,0.5365785823594921,0.44652188755035377,0.3621875364793599
4861,0.17658747112626685,0.7229042388476891,0.5221288282207887,0.5365785823594921,0.44652188755035377,0.3621875364793599
4862,0.17658747112626685,0.7229042388476891,0.5221288282207887,0.5365785823594921,0.44652188755035377,0.3621875364793599
4863,0.17658747112626685,0.7229042388476891,0.5221288282207887,0.5365785823594921,0.44652188755035377,0.3621875364793599
4864,0.17658747112626685,0.7229042388476891,0.5221288282207887,0.5365785823594921,0.44652188755035377,0.3621875364793599
4865,0.17658747112626685,0.7229042388476891,0.5221288282207887,0.5365785823594921,0.44652188755035377,0.3621875364793599
4866,0.17658747112626685,0.7229042388476891,0.5221288282207887,0.5365785823594921,0.44652188755035377,0.3621875364793599
4867,0.17658747112626685,0.7229042388476891,0.5221288282207887,0.5365785823594921,0.44652188755035377,0.3621875364793599
4868,0.17658747112626685,0.7229042388476891,0.5221288282207887,0.5365785823594921,0.44652188755035377,0.3621875364793599
4869,0.17658747112626685,0.7229042388476891,0.5221288282207887,0.5365785823594921,0.44652188755035377,0.3621875364793599
4870,0.17658747112626685,0.7229042388476891,0.5221288282207887,0.5365785823594921,0.44652188755035377,0.3621875364793599
4871,0.17658747112626685,0.7229042388476891,0.5221288282207887,0.5365785823594921,0.44652188755035377,0.3621875364793599
4872,0.17163320011377006,0.7155437374009166,0.5197873656996056,0.525855648146135,0.435770306663455,0.3557682353579325
4873,0.17163320011377006,0.7155437374009166,0.5197873656996056,0.525855648146135,0.435770306663455,0.3557682353579325
4874,0.17163320011377006,0.7155437374009166,0.5197873656996056,0.525855648146135,0.435770306663455,0.3557682353579325
4875,0.17163320011377006,0.7155437374009166,0.5197873656996056,0.525855648146135,0.435770306663455,0.3557682353579325
4876,0.17163320011377006,0.7155437374009166,0.5197873656996056,0.525855648146135,0.435770306663455,0.3557682353579325
4877,0.17163320011377006,0.7155437374009166,0.5197873656996056,0.525855648146135,0.435770306663455,0.3557682353579325
4878,0.17163320011377006,0.7155437374009166,0.5197873656996056,0.525855648146135,0.435770306663455,0.3557682353579325
4879,0.17163320011377006,0.7155437374009166,0.5197873656996056,0.525855648146135,0.435770306663455,0.3557682353579325
4880,0.17163320011377006,0.7155437374009166,0.5197873656996056,0.525855648146135,0.435770306663455,0.3557682353579325
4881,0.17163320011377006,0.7155437374009166,0.5197873656996056,0.525855648146135,0.435770306663455,0.3557682353579325
4882,0.17163320011377006,0.7155437374009166,0.5197873656996056,0.525855648146135,0.435770306663455,0.3557682353579325
4883,0.17163320011377006,0.7155437374009166,0.5197873656996056,0.525855648146135,0.435770306663455,0.3557682353579325
4884,0.17163320011377006,0.7155437374009166,0.5197873656996056,0.525855648146135,0.435770306663455,0.3557682353579325
4885,0.17163320011377006,0.7155437374009166,0.5197873656996056,0.525855648146135,0.435770306663455,0.3557682353579325
4886,0.17163320011377006,0.7155437374009166,0.5197873656996056,0.525855648146135,0.435770306663455,0.3557682353579325
4887,0.17163320011377006,0.7155437374009166,0.5197873656996056,0.525855648146135,0.435770306663455,0.3557682353579325
4888,0.17163320011377006,0.7155437374009166,0.5197873656996056,0.525855648146135,0.435770306663455,0.3557682353579325
4889,0.17163320011377006,0.7155437374009166,0.5197873656996056,0.525855648146135,0.435770306663455,0.3557682353579325
4890,0.17163320011377006,0.7155437374009166,0.5197873656996056,0.525855648146135,0.435770306663455,0.3557682353579325
4891,0.17163320011377006,0.7155437374009166,0.5197873656996056,0.525855648146135,0.435770306663455,0.3557682353579325
4892,0.17163320011377006,0.7155437374009166,0.5197873656996056,0.525855648146135,0.435770306663455,0.3557682353579325
4893,0.17163320011377006,0.7155437374009166,0.5197873656996056,0.525855648146135,0.435770306663455,0.3557682353579325
4894,0.17163320011377006,0.7155437374009166,0.5197873656996056,0.525855648146135,0.435770306663455,0.3557682353579325
4895,0.17163320011377006,0.7155437374009166,0.5197873656996056,0.525855648146135,0.435770306663455,0.3557682353579325
4896,0.1667445844396169,0.7109716798057416,0.5202094012346308,0.5163649381154916,0.4262969845890951,0.3500051123689656
4897,0.1667445844396169,0.7109716798057416,0.5202094012346308,0.5163649381154916,0.4262969845890951,0.3500051123689656
4898,0.1667445844396169,0.7109716798057416,0.5202094012346308,0.5163649381154916,0.4262969845890951,0.3500051123689656
4899,0.1667445844396169,0.7109716798057416,0.5202094012346308,0.5163649381154916,0.4262969845890951,0.3500051123689656
4900,0.1667445844396169,0.7109716798057416,0.5202094012346308,0.5163649381154916,0.4262969845890951,0.3500051123689656
4901,0.1667445844396169,0.7109716798057416,0.5202094012346308,0.5163649381154916,0.4262969845890951,0.3500051123689656
4902,0.1667445844396169,0.7109716798057416,0.5202094012346308,0.5163649381154916,0.4262969845890951,0.3500051123689656
4903,0.1667445844396169,0.7109716798057416,0.5202094012346308,0.5163649381154916,0.4262969845890951,0.3500051123689656
4904,0.1667445844396169,0.7109716798057416,0.5202094012346308,0.5163649381154916,0.4262969845890951,0.3500051123689656
4905,0.1667445844396169,0.7109716798057416,0.5202094012346308,0.5163649381154916,0.4262969845890951,0.3500051123689656
4906,0.1667445844396169,0.7109716798057416,0.5202094012346308,0.5163649381154916,0.4262969845890951,0.3500051123689656
4907,0.1667445844396169,0.7109716798057416,0.5202094012346308,0.5163649381154916,0.4262969845890951,0.3500051123689656
4908,0.1667445844396169,0.7109716798057416,0.5202094012346308,0.5163649381154916,0.4262969845890951,0.3500051123689656
4909,0.1667445844396169,0.7109716798057416,0.5202094012346308,0.5163649381154916,0.4262969845890951,0.3500051123689656
4910,0.1667445844396169,0.7109716798057416,0.5202094012346308,0.5163649381154916,0.4262969845890951,0.3500051123689656
4911,0.1667445844396169,0.7109716798057416,0.5202094012346308,0.5163649381154916,0.4262969845890951,0.3500051123689656
4912,0.1667445844396169,0.7109716798057416,0.5202094012346308,0.5163649381154916,0.4262969845890951,0.3500051123689656
4913,0.1667445844396169,0.7109716798057416,0.5202094012346308,0.5163649381154916,0.4262969845890951,0.3500051123689656
4914,0.1667445844396169,0.7109716798057416,0.5202094012346308,0.5163649381154916,0.4262969845890951,0.3500051123689656
4915,0.1667445844396169,0.7109716798057416,0.5202094012346308,0.5163649381154916,0.4262969845890951,0.3500051123689656
4916,0.1667445844396169,0.7109716798057416,0.5202094012346308,0.5163649381154916,0.4262969845890951,0.3500051123689656
4917,0.1667445844396169,0.7109716798057416,0.5202094012346308,0.5163649381154916,0.4262969845890951,0.3500051123689656
4918,0.1667445844396169,0.7109716798057416,0.5202094012346308,0.5163649381154916,0.4262969845890951,0.3500051123689656
4919,0.1667445844396169,0.7109716798057416,0.5202094012346308,0.5163649381154916,0.4262969845890951,0.3500051123689656
4920,0.16106419123733767,0.7020264696569464,0.5169845645588435,0.5049272909724468,0.4138672118429397,0.3430808024437264
4921,0.16106419123733767,0.7020264696569464,0.5169845645588435,0.5049272909724468,0.4138672118429397,0.3430808024437264
4922,0.16106419123733767,0.7020264696569464,0.5169845645588435,0.5049272909724468,0.4138672118429397,0.3430808024437264
4923,0.16106419123733767,0.7020264696569464,0.5169845645588435,0.5049272909724468,0.4138672118429397,0.3430808024437264
4924,0.16106419123733767,0.7020264696569464,0.5169845645588435,0.5049272909724468,0.4138672118429397,0.3430808024437264
4925,0.16106419123733767,0.7020264696569464,0.5169845645588435,0.5049272909724468,0.4138672118429397,0.3430808024437264
4926,0.16106419123733767,0.7020264696569464,0.5169845645588435,0.5049272909724468,0.4138672118429397,0.3430808024437264
4927,0.16106419123733767,0.7020264696569464,0.5169845645588435,0.5049272909724468,0.4138672118429397,0.3430808024437264
4928,0.16106419123733767,0.7020264696569464,0.5169845645588435,0.5049272909724468,0.4138672118429397,0.3430808024437264
4929,0.16106419123733767,0.7020264696569464,0.5169845645588435,0.5049272909724468,0.4138672118429397,0.3430808024437264
4930,0.16106419123733767,0.7020264696569464,0.5169845645588435,0.5049272909724468,0.4138672118429397,0.3430808024437264
4931,0.16106419123733767,0.7020264696569464,0.5169845645588435,0.5049272909724468,0.4138672118429397,0.3430808024437264
4932,0.16106419123733767,0.7020264696569464,0.5169845645588435,0.5049272909724468,0.4138672118429397,0.3430808024437264
4933,0.16106419123733767,0.7020264696569464,0.5169845645588435,0.5049272909724468,0.4138672118429397,0.3430808024437264
4934,0.16106419123733767,0.7020264696569464,0.5169845645588435,0.5049272909724468,0.4138672118429397,0.3430808024437264
4935,0.16106419123733767,0.7020264696569464,0.5169845645588435,0.5049272909724468,0.4138672118429397,0.3430808024437264
4936,0.16106419123733767,0.7020264696569464,0.5169845645588435,0.5049272909724468,0.4138672118429397,0.3430808024437264
4937,0.16106419123733767,0.7020264696569464,0.5169845645588435,0.5049272909724468,0.4138672118429397,0.3430808024437264
4938,0.16106419123733767,0.7020264696569464,0.5169845645588435,0.5049272909724468,0.4138672118429397,0.3430808024437264
4939,0.16106419123733767,0.7020264696569464,0.5169845645588435,0.5049272909724468,0.4138672118429397,0.3430808024437264
4940,0.16106419123733767,0.7020264696569464,0.5169845645588435,0.5049272909724468,0.4138672118429397,0.3430808024437264
4941,0.16106419123733767,0.7020264696569464,0.5169845645588435,0.5049272909724468,0.4138672118429397,0.3430808024437264
4942,0.16106419123733767,0.7020264696569464,0.5169845645588435,0.5049272909724468,0.4138672118429397,0.3430808024437264
4943,0.16106419123733767,0.7020264696569464,0.5169845645588435,0.5049272909724468,0.4138672118429397,0.3430808024437264
4944,0.15828062052137135,0.7048584881738554,0.5244413945160366,0.5002299980834254,0.4111741800449032,0.33999755726504116
4945,0.15828062052137135,0.7048584881738554,0.5244413945160366,0.5002299980834254,0.4111741800449032,0.33999755726504116
4946,0.15828062052137135,0.7048584881738554,0.5244413945160366,0.5002299980834254,0.4111741800449032,0.33999755726504116
4947,0.15828062052137135,0.7048584881738554,0.5244413945160366,0.5002299980834254,0.4111741800449032,0.33999755726504116
4948,0.15828062052137135,0.7048584881738554,0.5244413945160366,0.5002299980834254,0.4111741800449032,0.33999755726504116
4949,0.15828062052137135,0.7048584881738554,0.5244413945160366,0.5002299980834254,0.4111741800449032,0.33999755726504116
4950,0.15828062052137135,0.7048584881738554,0.5244413945160366,0.5002299980834254,0.4111741800449032,0.33999755726504116
4951,0.15828062052137135,0.7048584881738554,0.5244413945160366,0.5002299980834254,0.4111741800449032,0.33999755726504116
4952,0.15828062052137135,0.7048584881738554,0.5244413945160366,0.5002299980834254,0.4111741800449032,0.33999755726504116
4953,0.15828062052137135,0.7048584881738554,0.5244413945160366,0.5002299980834254,0.4111741800449032,0.33999755726504116
4954,0.15828062052137135,0.7048584881738554,0.5244413945160366,0.5002299980834254,0.4111741800449032,0.33999755726504116
4955,0.15828062052137135,0.7048584881738554,0.5244413945160366,0.5002299980834254,0.4111741800449032,0.33999755726504116
4956,0.15828062052137135,0.7048584881738554,0.5244413945160366,0.5002299980834254,0.4111741800449032,0.33999755726504116
4957,0.15828062052137135,0.7048584881738554,0.5244413945160366,0.5002299980834254,0.4111741800449032,0.33999755726504116
4958,0.15828062052137135,0.7048584881738554,0.5244413945160366,0.5002299980834254,0.4111741800449032,0.33999755726504116
4959,0.15828062052137135,0.7048584881738554,0.5244413945160366,0.5002299980834254,0.4111741800449032,0.33999755726504116
4960,0.15828062052137135,0.7048584881738554,0.5244413945160366,0.5002299980834254,0.4111741800449032,0.33999755726504116
4961,0.15828062052137135,0.7048584881738554,0.5244413945160366,0.5002299980834254,0.4111741800449032,0.33999755726504116
4962,0.15828062052137135,0.7048584881738554,0.5244413945160366,0.5002299980834254,0.4111741800449032,0.33999755726504116
4963,0.15828062052137135,0.7048584881738554,0.5244413945160366,0.5002299980834254,0.4111741800449032,0.33999755726504116
4964,0.15828062052137135,0.7048584881738554,0.5244413945160366,0.5002299980834254,0.4111741800449032,0.33999755726504116
4965,0.15828062052137135,0.7048584881738554,0.5244413945160366,0.5002299980834254,0.4111741800449032,0.33999755726504116
4966,0.15828062052137135,0.7048584881738554,0.5244413945160366,0.5002299980834254,0.4111741800449032,0.33999755726504116
4967,0.15828062052137135,0.7048584881738554,0.5244413945160366,0.5002299980834254,0.4111741800449032,0.33999755726504116
4968,0.1557438349211964,0.7115482125337498,0.5354597925634242,0.4974547413537944,0.4105912934196551,0.3379797248323875
4969,0.1557438349211964,0.7115482125337498,0.5354597925634242,0.4974547413537944,0.4105912934196551,0.3379797248323875
4970,0.1557438349211964,0.7115482125337498,0.5354597925634242,0.4974547413537944,0.4105912934196551,0.3379797248323875
4971,0.1557438349211964,0.7115482125337498,0.5354597925634242,0.4974547413537944,0.4105912934196551,0.3379797248323875
4972,0.1557438349211964,0.7115482125337498,0.5354597925634242,0.4974547413537944,0.4105912934196551,0.3379797248323875
4973,0.1557438349211964,0.7115482125337498,0.5354597925634242,0.4974547413537944,0.4105912934196551,0.3379797248323875
4974,0.1557438349211964,0.7115482125337498,0.5354597925634242,0.4974547413537944,0.4105912934196551,0.3379797248323875
4975,0.1557438349211964,0.7115482125337498,0.5354597925634242,0.4974547413537944,0.4105912934196551,0.3379797248323875
4976,0.1557438349211964,0.7115482125337498,0.5354597925634242,0.4974547413537944,0.4105912934196551,0.3379797248323875
4977,0.1557438349211964,0.7115482125337498,0.5354597925634242,0.4974547413537944,0.4105912934196551,0.3379797248323875
4978,0.1557438349211964,0.7115482125337498,0.5354597925634242,0.4974547413537944,0.4105912934196551,0.3379797248323875
4979,0.1557438349211964,0.7115482125337498,0.5354597925634242,0.4974547413537944,0.4105912934196551,0.3379797248323875
4980,0.1557438349211964,0.7115482125337498,0.5354597925634242,0.4974547413537944,0.4105912934196551,0.3379797248323875
4981,0.1557438349211964,0.7115482125337498,0.5354597925634242,0.4974547413537944,0.4105912934196551,0.3379797248323875
4982,0.1557438349211964,0.7115482125337498,0.5354597925634242,0.4974547413537944,0.4105912934196551,0.3379797248323875
4983,0.1557438349211964,0.7115482125337498,0.5354597925634242,0.4974547413537944,0.4105912934196551,0.3379797248323875
4984,0.1557438349211964,0.7115482125337498,0.5354597925634242,0.4974547413537944,0.4105912934196551,0.3379797248323875
4985,0.1557438349211964,0.7115482125337498,0.5354597925634242,0.4974547413537944,0.4105912934196551,0.3379797248323875
4986,0.1557438349211964,0.7115482125337498,0.5354597925634242,0.4974547413537944,0.4105912934196551,0.3379797248323875
4987,0.1557438349211964,0.7115482125337498,0.5354597925634242,0.4974547413537944,0.4105912934196551,0.3379797248323875
4988,0.1557438349211964,0.7115482125337498,0.5354597925634242,0.4974547413537944,0.4105912934196551,0.3379797248323875
4989,0.1557438349211964,0.7115482125337498,0.5354597925634242,0.4974547413537944,0.4105912934196551,0.3379797248323875
4990,0.1557438349211964,0.7115482125337498,0.5354597925634242,0.4974547413537944,0.4105912934196551,0.3379797248323875
4991,0.1557438349211964,0.7115482125337498,0.5354597925634242,0.4974547413537944,0.4105912934196551,0.3379797248323875
4992,0.15248412855940346,0.7136686603758923,0.5423732259138622,0.4916919122943624,0.4066930300349972,0.33435616574843435
4993,0.15248412855940346,0.7136686603758923,0.5423732259138622,0.4916919122943624,0.4066930300349972,0.33435616574843435
4994,0.15248412855940346,0.7136686603758923,0.5423732259138622,0.4916919122943624,0.4066930300349972,0.33435616574843435
4995,0.15248412855940346,0.7136686603758923,0.5423732259138622,0.4916919122943624,0.4066930300349972,0.33435616574843435
4996,0.15248412855940346,0.7136686603758923,0.5423732259138622,0.4916919122943624,0.4066930300349972,0.33435616574843435
4997,0.15248412855940346,0.7136686603758923,0.5423732259138622,0.4916919122943624,0.4066930300349972,0.33435616574843435
4998,0.15248412855940346,0.7136686603758923,0.5423732259138622,0.4916919122943624,0.4066930300349972,0.33435616574843435
4999,0.15248412855940346,0.7136686603758923,0.5423732259138622,0.4916919122943624,0.4066930300349972,0.33435616574843435
5000,0.15248412855940346,0.7136686603758923,0.5423732259138622,0.4916919122943624,0.4066930300349972,0.33435616574843435
5001,0.15248412855940346,0.7136686603758923,0.5423732259138622,0.4916919122943624,0.4066930300349972,0.33435616574843435
5002,0.15248412855940346,0.7136686603758923,0.5423732259138622,0.4916919122943624,0.4066930300349972,0.33435616574843435
5003,0.15248412855940346,0.7136686603758923,0.5423732259138622,0.4916919122943624,0.4066930300349972,0.33435616574843435
5004,0.15248412855940346,0.7136686603758923,0.5423732259138622,0.4916919122943624,0.4066930300349972,0.33435616574843435
5005,0.15248412855940346,0.7136686603758923,0.5423732259138622,0.4916919122943624,0.4066930300349972,0.33435616574843435
5006,0.15248412855940346,0.7136686603758923,0.5423732259138622,0.4916919122943624,0.4066930300349972,0.33435616574843435
5007,0.15248412855940346,0.7136686603758923,0.5423732259138622,0.4916919122943624,0.4066930300349972,0.33435616574843435
5008,0.15248412855940346,0.7136686603758923,0.5423732259138622,0.4916919122943624,0.4066930300349972,0.33435616574843435
5009,0.15248412855940346,0.7136686603758923,0.5423732259138622,0.4916919122943624,0.4066930300349972,0.33435616574843435
5010,0.15248412855940346,0.7136686603758923,0.5423732259138622,0.4916919122943624,0.4066930300349972,0.33435616574843435
5011,0.15248412855940346,0.7136686603758923,0.5423732259138622,0.4916919122943624,0.4066930300349972,0.33435616574843435
5012,0.15248412855940346,0.7136686603758923,0.5423732259138622,0.4916919122943624,0.4066930300349972,0.33435616574843435
5013,0.15248412855940346,0.7136686603758923,0.5423732259138622,0.4916919122943624,0.4066930300349972,0.33435616574843435
5014,0.15248412855940346,0.7136686603758923,0.5423732259138622,0.4916919122943624,0.4066930300349972,0.33435616574843435
5015,0.15248412855940346,0.7136686603758923,0.5423732259138622,0.4916919122943624,0.4066930300349972,0.33435616574843435
5016,0.14785988441421952,0.7083242137253842,0.5420787363924919,0.48184784689012633,0.397214668843346,0.32837970298877983
5017,0.14785988441421952,0.7083242137253842,0.5420787363924919,0.48184784689012633,0.397214668843346,0.32837970298877983
5018,0.14785988441421952,0.7083242137253842,0.5420787363924919,0.48184784689012633,0.397214668843346,0.32837970298877983
5019,0.14785988441421952,0.7083242137253842,0.5420787363924919,0.48184784689012633,0.397214668843346,0.32837970298877983
5020,0.14785988441421952,0.7083242137253842,0.5420787363924919,0.48184784689012633,0.397214668843346,0.32837970298877983
5021,0.14785988441421952,0.7083242137253842,0.5420787363924919,0.48184784689012633,0.397214668843346,0.32837970298877983
5022,0.14785988441421952,0.7083242137253842,0.5420787363924919,0.48184784689012633,0.397214668843346,0.32837970298877983
5023,0.14785988441421952,0.7083242137253842,0.5420787363924919,0.48184784689012633,0.397214668843346,0.32837970298877983
5024,0.14785988441421952,0.7083242137253842,0.5420787363924919,0.48184784689012633,0.397214668843346,0.32837970298877983
5025,0.14785988441421952,0.7083242137253842,0.5420787363924919,0.48184784689012633,0.397214668843346,0.32837970298877983
5026,0.14785988441421952,0.7083242137253842,0.5420787363924919,0.48184784689012633,0.397214668843346,0.32837970298877983
5027,0.14785988441421952,0.7083242137253842,0.5420787363924919,0.48184784689012633,0.397214668843346,0.32837970298877983
5028,0.14785988441421952,0.7083242137253842,0.5420787363924919,0.48184784689012633,0.397214668843346,0.32837970298877983
5029,0.14785988441421952,0.7083242137253842,0.5420787363924919,0.48184784689012633,0.397214668843346,0.32837970298877983
5030,0.14785988441421952,0.7083242137253842,0.5420787363924919,0.48184784689012633,0.397214668843346,0.32837970298877983
5031,0.14785988441421952,0.7083242137253842,0.5420787363924919,0.48184784689012633,0.397214668843346,0.32837970298877983
5032,0.14785988441421952,0.7083242137253842,0.5420787363924919,0.48184784689012633,0.397214668843346,0.32837970298877983
5033,0.14785988441421952,0.7083242137253842,0.5420787363924919,0.48184784689012633,0.397214668843346,0.32837970298877983
5034,0.14785988441421952,0.7083242137253842,0.5420787363924919,0.48184784689012633,0.397214668843346,0.32837970298877983
5035,0.14785988441421952,0.7083242137253842,0.5420787363924919,0.48184784689012633,0.397214668843346,0.32837970298877983
5036,0.14785988441421952,0.7083242137253842,0.5420787363924919,0.48184784689012633,0.397214668843346,0.32837970298877983
5037,0.14785988441421952,0.7083242137253842,0.5420787363924919,0.48184784689012633,0.397214668843346,0.32837970298877983
5038,0.14785988441421952,0.7083242137253842,0.5420787363924919,0.48184784689012633,0.397214668843346,0.32837970298877983
5039,0.14785988441421952,0.7083242137253842,0.5420787363924919,0.48184784689012633,0.397214668843346,0.32837970298877983
5040,0.14336507499445036,0.7021461037616761,0.5406397750192934,0.47173546480830447,0.38762818555728756,0.3223180313984191
5041,0.14336507499445036,0.7021461037616761,0.5406397750192934,0.47173546480830447,0.38762818555728756,0.3223180313984191
5042,0.14336507499445036,0.7021461037616761,0.5406397750192934,0.47173546480830447,0.38762818555728756,0.3223180313984191
5043,0.14336507499445036,0.7021461037616761,0.5406397750192934,0.47173546480830447,0.38762818555728756,0.3223180313984191
5044,0.14336507499445036,0.7021461037616761,0.5406397750192934,0.47173546480830447,0.38762818555728756,0.3223180313984191
5045,0.14336507499445036,0.7021461037616761,0.5406397750192934,0.47173546480830447,0.38762818555728756,0.3223180313984191
5046,0.14336507499445036,0.7021461037616761,0.5406397750192934,0.47173546480830447,0.38762818555728756,0.3223180313984191
5047,0.14336507499445036,0.7021461037616761,0.5406397750192934,0.47173546480830447,0.38762818555728756,0.3223180313984191
5048,0.14336507499445036,0.7021461037616761,0.5406397750192934,0.47173546480830447,0.38762818555728756,0.3223180313984191
5049,0.14336507499445036,0.7021461037616761,0.5406397750192934,0.47173546480830447,0.38762818555728756,0.3223180313984191
5050,0.14336507499445036,0.7021461037616761,0.5406397750192934,0.47173546480830447,0.38762818555728756,0.3223180313984191
5051,0.14336507499445036,0.7021461037616761,0.5406397750192934,0.47173546480830447,0.38762818555728756,0.3223180313984191
5052,0.14336507499445036,0.7021461037616761,0.5406397750192934,0.47173546480830447,0.38762818555728756,0.3223180313984191
5053,0.14336507499445036,0.7021461037616761,0.5406397750192934,0.47173546480830447,0.38762818555728756,0.3223180313984191
5054,0.14336507499445036,0.7021461037616761,0.5406397750192934,0.47173546480830447,0.38762818555728756,0.3223180313984191
5055,0.14336507499445036,0.7021461037616761,0.5406397750192934,0.47173546480830447,0.38762818555728756,0.3223180313984191
5056,0.14336507499445036,0.7021461037616761,0.5406397750192934,0.47173546480830447,0.38762818555728756,0.3223180313984191
5057,0.14336507499445036,0.7021461037616761,0.5406397750192934,0.47173546480830447,0.38762818555728756,0.3223180313984191
5058,0.14336507499445036,0.7021461037616761,0.5406397750192934,0.47173546480830447,0.38762818555728756,0.3223180313984191
5059,0.14336507499445036,0.7021461037616761,0.5406397750192934,0.47173546480830447,0.38762818555728756,0.3223180313984191
5060,0.14336507499445036,0.7021461037616761,0.5406397750192934,0.47173546480830447,0.38762818555728756,0.3223180313984191
5061,0.14336507499445036,0.7021461037616761,0.5406397750192934,0.47173546480830447,0.38762818555728756,0.3223180313984191
5062,0.14336507499445036,0.7021461037616761,0.5406397750192934,0.47173546480830447,0.38762818555728756,0.3223180313984191
5063,0.14336507499445036,0.7021461037616761,0.5406397750192934,0.47173546480830447,0.38762818555728756,0.3223180313984191
5064,0.13813343431575542,0.6935862117850388,0.5371868107812845,0.46046393295887444,0.37589650682091097,0.31560659918752143
5065,0.13813343431575542,0.6935862117850388,0.5371868107812845,0.46046393295887444,0.37589650682091097,0.31560659918752143
5066,0.13813343431575542,0.6935862117850388,0.5371868107812845,0.46046393295887444,0.37589650682091097,0.31560659918752143
5067,0.13813343431575542,0.6935862117850388,0.5371868107812845,0.46046393295887444,0.37589650682091097,0.31560659918752143
5068,0.13813343431575542,0.6935862117850388,0.5371868107812845,0.46046393295887444,0.37589650682091097,0.31560659918752143
5069,0.13813343431575542,0.6935862117850388,0.5371868107812845,0.46046393295887444,0.37589650682091097,0.31560659918752143
5070,0.13813343431575542,0.6935862117850388,0.5371868107812845,0.46046393295887444,0.37589650682091097,0.31560659918752143
5071,0.13813343431575542,0.6935862117850388,0.5371868107812845,0.46046393295887444,0.37589650682091097,0.31560659918752143
5072,0.13813343431575542,0.6935862117850388,0.5371868107812845,0.46046393295887444,0.37589650682091097,0.31560659918752143
5073,0.13813343431575542,0.6935862117850388,0.5371868107812845,0.46046393295887444,0.37589650682091097,0.31560659918752143
5074,0.13813343431575542,0.6935862117850388,0.5371868107812845,0.46046393295887444,0.37589650682091097,0.31560659918752143
5075,0.13813343431575542,0.6935862117850388,0.5371868107812845,0.46046393295887444,0.37589650682091097,0.31560659918752143
5076,0.13813343431575542,0.6935862117850388,0.5371868107812845,0.46046393295887444,0.37589650682091097,0.31560659918752143
5077,0.13813343431575542,0.6935862117850388,0.5371868107812845,0.46046393295887444,0.37589650682091097,0.31560659918752143
5078,0.13813343431575542,0.6935862117850388,0.5371868107812845,0.46046393295887444,0.37589650682091097,0.31560659918752143
5079,0.13813343431575542,0.6935862117850388,0.5371868107812845,0.46046393295887444,0.37589650682091097,0.31560659918752143
5080,0.13813343431575542,0.6935862117850388,0.5371868107812845,0.46046393295887444,0.37589650682091097,0.31560659918752143
5081,0.13813343431575542,0.6935862117850388,0.5371868107812845,0.46046393295887444,0.37589650682091097,0.31560659918752143
5082,0.13813343431575542,0.6935862117850388,0.5371868107812845,0.46046393295887444,0.37589650682091097,0.31560659918752143
5083,0.13813343431575542,0.6935862117850388,0.5371868107812845,0.46046393295887444,0.37589650682091097,0.31560659918752143
5084,0.13813343431575542,0.6935862117850388,0.5371868107812845,0.46046393295887444,0.37589650682091097,0.31560659918752143
5085,0.13813343431575542,0.6935862117850388,0.5371868107812845,0.46046393295887444,0.37589650682091097,0.31560659918752143
5086,0.13813343431575542,0.6935862117850388,0.5371868107812845,0.46046393295887444,0.37589650682091097,0.31560659918752143
5087,0.13813343431575542,0.6935862117850388,0.5371868107812845,0.46046393295887444,0.37589650682091097,0.31560659918752143
5088,0.13291239558824697,0.6901114930245494,0.5387448113669965,0.45144936660075413,0.3665448189767106,0.31009445859187945
5089,0.13291239558824697,0.6901114930245494,0.5387448113669965,0.45144936660075413,0.3665448189767106,0.31009445859187945
5090,0.13291239558824697,0.6901114930245494,0.5387448113669965,0.45144936660075413,0.3665448189767106,0.31009445859187945
5091,0.13291239558824697,0.6901114930245494,0.5387448113669965,0.45144936660075413,0.3665448189767106,0.31009445859187945
5092,0.13291239558824697,0.6901114930245494,0.5387448113669965,0.45144936660075413,0.3665448189767106,0.31009445859187945
5093,0.13291239558824697,0.6901114930245494,0.5387448113669965,0.45144936660075413,0.3665448189767106,0.31009445859187945
5094,0.13291239558824697,0.6901114930245494,0.5387448113669965,0.45144936660075413,0.3665448189767106,0.31009445859187945
5095,0.13291239558824697,0.6901114930245494,0.5387448113669965,0.45144936660075413,0.3665448189767106,0.31009445859187945
5096,0.13291239558824697,0.6901114930245494,0.5387448113669965,0.45144936660075413,0.3665448189767106,0.31009445859187945
5097,0.13291239558824697,0.6901114930245494,0.5387448113669965,0.45144936660075413,0.3665448189767106,0.31009445859187945
5098,0.13291239558824697,0.6901114930245494,0.5387448113669965,0.45144936660075413,0.3665448189767106,0.31009445859187945
5099,0.13291239558824697,0.6901114930245494,0.5387448113669965,0.45144936660075413,0.3665448189767106,0.31009445859187945
5100,0.13291239558824697,0.6901114930245494,0.5387448113669965,0.45144936660075413,0.3665448189767106,0.31009445859187945
5101,0.13291239558824697,0.6901114930245494,0.5387448113669965,0.45144936660075413,0.3665448189767106,0.31009445859187945
5102,0.13291239558824697,0.6901114930245494,0.5387448113669965,0.45144936660075413,0.3665448189767106,0.31009445859187945
5103,0.13291239558824697,0.6901114930245494,0.5387448113669965,0.45144936660075413,0.3665448189767106,0.31009445859187945
5104,0.13291239558824697,0.6901114930245494,0.5387448113669965,0.45144936660075413,0.3665448189767106,0.31009445859187945
5105,0.13291239558824697,0.6901114930245494,0.5387448113669965,0.45144936660075413,0.3665448189767106,0.31009445859187945
5106,0.13291239558824697,0.6901114930245494,0.5387448113669965,0.45144936660075413,0.3665448189767106,0.31009445859187945
5107,0.13291239558824697,0.6901114930245494,0.5387448113669965,0.45144936660075413,0.3665448189767106,0.31009445859187945
5108,0.13291239558824697,0.6901114930245494,0.5387448113669965,0.45144936660075413,0.3665448189767106,0.31009445859187945
5109,0.13291239558824697,0.6901114930245494,0.5387448113669965,0.45144936660075413,0.3665448189767106,0.31009445859187945
5110,0.13291239558824697,0.6901114930245494,0.5387448113669965,0.45144936660075413,0.3665448189767106,0.31009445859187945
5111,0.13291239558824697,0.6901114930245494,0.5387448113669965,0.45144936660075413,0.3665448189767106,0.31009445859187945
5112,0.1284056100150374,0.686159492380873,0.5396337638082285,0.4422023579705587,0.35778966403574813,0.3044560017196779
5113,0.1284056100150374,0.686159492380873,0.5396337638082285,0.4422023579705587,0.35778966403574813,0.3044560017196779
5114,0.1284056100150374,0.686159492380873,0.5396337638082285,0.4422023579705587,0.35778966403574813,0.3044560017196779
5115,0.1284056100150374,0.686159492380873,0.5396337638082285,0.4422023579705587,0.35778966403574813,0.3044560017196779
5116,0.1284056100150374,0.686159492380873,0.5396337638082285,0.4422023579705587,0.35778966403574813,0.3044560017196779
5117,0.1284056100150374,0.686159492380873,0.5396337638082285,0.4422023579705587,0.35778966403574813,0.3044560017196779
5118,0.1284056100150374,0.686159492380873,0.5396337638082285,0.4422023579705587,0.35778966403574813,0.3044560017196779
5119,0.1284056100150374,0.686159492380873,0.5396337638082285,0.4422023579705587,0.35778966403574813,0.3044560017196779
5120,0.1284056100150374,0.686159492380873,0.5396337638082285,0.4422023579705587,0.35778966403574813,0.3044560017196779
5121,0.1284056100150374,0.686159492380873,0.5396337638082285,0.4422023579705587,0.35778966403574813,0.3044560017196779
5122,0.1284056100150374,0.686159492380873,0.5396337638082285,0.4422023579705587,0.35778966403574813,0.3044560017196779
5123,0.1284056100150374,0.686159492380873,0.5396337638082285,0.4422023579705587,0.35778966403574813,0.3044560017196779
5124,0.1284056100150374,0.686159492380873,0.5396337638082285,0.4422023579705587,0.35778966403574813,0.3044560017196779
5125,0.1284056100150374,0.686159492380873,0.5396337638082285,0.4422023579705587,0.35778966403574813,0.3044560017196779
5126,0.1284056100150374,0.686159492380873,0.5396337638082285,0.4422023579705587,0.35778966403574813,0.3044560017196779
5127,0.1284056100150374,0.686159492380873,0.5396337638082285,0.4422023579705587,0.35778966403574813,0.3044560017196779
5128,0.1284056100150374,0.686159492380873,0.5396337638082285,0.4422023579705587,0.35778966403574813,0.3044560017196779
5129,0.1284056100150374,0.686159492380873,0.5396337638082285,0.4422023579705587,0.35778966403574813,0.3044560017196779
5130,0.1284056100150374,0.686159492380873,0.5396337638082285,0.4422023579705587,0.35778966403574813,0.3044560017196779
5131,0.1284056100150374,0.686159492380873,0.5396337638082285,0.4422023579705587,0.35778966403574813,0.3044560017196779
5132,0.1284056100150374,0.686159492380873,0.5396337638082285,0.4422023579705587,0.35778966403574813,0.3044560017196779
5133,0.1284056100150374,0.686159492380873,0.5396337638082285,0.4422023579705587,0.35778966403574813,0.3044560017196779
5134,0.1284056100150374,0.686159492380873,0.5396337638082285,0.4422023579705587,0.35778966403574813,0.3044560017196779
5135,0.1284056100150374,0.686159492380873,0.5396337638082285,0.4422023579705587,0.35778966403574813,0.3044560017196779
5136,0.12383956558471432,0.6825071560811172,0.5408209932860413,0.4331044831341573,0.34911565898555047,0.29891520651327413
5137,0.12383956558471432,0.6825071560811172,0.5408209932860413,0.4331044831341573,0.34911565898555047,0.29891520651327413
5138,0.12383956558471432,0.6825071560811172,0.5408209932860413,0.4331044831341573,0.34911565898555047,0.29891520651327413
5139,0.12383956558471432,0.6825071560811172,0.5408209932860413,0.4331044831341573,0.34911565898555047,0.29891520651327413
5140,0.12383956558471432,0.6825071560811172,0.5408209932860413,0.4331044831341573,0.34911565898555047,0.29891520651327413
5141,0.12383956558471432,0.6825071560811172,0.5408209932860413,0.4331044831341573,0.34911565898555047,0.29891520651327413
5142,0.12383956558471432,0.6825071560811172,0.5408209932860413,0.4331044831341573,0.34911565898555047,0.29891520651327413
5143,0.12383956558471432,0.6825071560811172,0.5408209932860413,0.4331044831341573,0.34911565898555047,0.29891520651327413
5144,0.12383956558471432,0.6825071560811172,0.5408209932860413,0.4331044831341573,0.34911565898555047,0.29891520651327413
5145,0.12383956558471432,0.6825071560811172,0.5408209932860413,0.4331044831341573,0.34911565898555047,0.29891520651327413
5146,0.12383956558471432,0.6825071560811172,0.5408209932860413,0.4331044831341573,0.34911565898555047,0.29891520651327413
5147,0.12383956558471432,0.6825071560811172,0.5408209932860413,0.4331044831341573,0.34911565898555047,0.29891520651327413
5148,0.12383956558471432,0.6825071560811172,0.5408209932860413,0.4331044831341573,0.34911565898555047,0.29891520651327413
5149,0.12383956558471432,0.6825071560811172,0.5408209932860413,0.4331044831341573,0.34911565898555047,0.29891520651327413
5150,0.12383956558471432,0.6825071560811172,0.5408209932860413,0.4331044831341573,0.34911565898555047,0.29891520651327413
5151,0.12383956558471432,0.6825071560811172,0.5408209932860413,0.4331044831341573,0.34911565898555047,0.29891520651327413
5152,0.12383956558471432,0.6825071560811172,0.5408209932860413,0.4331044831341573,0.34911565898555047,0.29891520651327413
5153,0.12383956558471432,0.6825071560811172,0.5408209932860413,0.4331044831341573,0.34911565898555047,0.29891520651327413
5154,0.12383956558471432,0.6825071560811172,0.5408209932860413,0.4331044831341573,0.34911565898555047,0.29891520651327413
5155,0.12383956558471432,0.6825071560811172,0.5408209932860413,0.4331044831341573,0.34911565898555047,0.29891520651327413
5156,0.12383956558471432,0.6825071560811172,0.5408209932860413,0.4331044831341573,0.34911565898555047,0.29891520651327413
5157,0.12383956558471432,0.6825071560811172,0.5408209932860413,0.4331044831341573,0.34911565898555047,0.29891520651327413
5158,0.12383956558471432,0.6825071560811172,0.5408209932860413,0.4331044831341573,0.34911565898555047,0.29891520651327413
5159,0.12383956558471432,0.6825071560811172,0.5408209932860413,0.4331044831341573,0.34911565898555047,0.29891520651327413
5160,0.12013286988886403,0.6792289849429918,0.5423709312595213,0.42474935228636806,0.3421481744021769,0.2938804730866447
5161,0.12013286988886403,0.6792289849429918,0.5423709312595213,0.42474935228636806,0.3421481744021769,0.2938804730866447
5162,0.12013286988886403,0.6792289849429918,0.5423709312595213,0.42474935228636806,0.3421481744021769,0.2938804730866447
5163,0.12013286988886403,0.6792289849429918,0.5423709312595213,0.42474935228636806,0.3421481744021769,0.2938804730866447
5164,0.12013286988886403,0.6792289849429918,0.5423709312595213,0.42474935228636806,0.3421481744021769,0.2938804730866447
5165,0.12013286988886403,0.6792289849429918,0.5423709312595213,0.42474935228636806,0.3421481744021769,0.2938804730866447
5166,0.12013286988886403,0.6792289849429918,0.5423709312595213,0.42474935228636806,0.3421481744021769,0.2938804730866447
5167,0.12013286988886403,0.6792289849429918,0.5423709312595213,0.42474935228636806,0.3421481744021769,0.2938804730866447
5168,0.12013286988886403,0.6792289849429918,0.5423709312595213,0.42474935228636806,0.3421481744021769,0.2938804730866447
5169,0.12013286988886403,0.6792289849429918,0.5423709312595213,0.42474935228636806,0.3421481744021769,0.2938804730866447
5170,0.12013286988886403,0.6792289849429918,0.5423709312595213,0.42474935228636806,0.3421481744021769,0.2938804730866447
5171,0.12013286988886403,0.6792289849429918,0.5423709312595213,0.42474935228636806,0.3421481744021769,0.2938804730866447
5172,0.12013286988886403,0.6792289849429918,0.5423709312595213,0.42474935228636806,0.3421481744021769,0.2938804730866447
5173,0.12013286988886403,0.6792289849429918,0.5423709312595213,0.42474935228636806,0.3421481744021769,0.2938804730866447
5174,0.12013286988886403,0.6792289849429918,0.5423709312595213,0.42474935228636806,0.3421481744021769,0.2938804730866447
5175,0.12013286988886403,0.6792289849429918,0.5423709312595213,0.42474935228636806,0.3421481744021769,0.2938804730866447
5176,0.12013286988886403,0.6792289849429918,0.5423709312595213,0.42474935228636806,0.3421481744021769,0.2938804730866447
5177,0.12013286988886403,0.6792289849429918,0.5423709312595213,0.42474935228636806,0.3421481744021769,0.2938804730866447
5178,0.12013286988886403,0.6792289849429918,0.5423709312595213,0.42474935228636806,0.3421481744021769,0.2938804730866447
5179,0.12013286988886403,0.6792289849429918,0.5423709312595213,0.42474935228636806,0.3421481744021769,0.2938804730866447
5180,0.12013286988886403,0.6792289849429918,0.5423709312595213,0.42474935228636806,0.3421481744021769,0.2938804730866447
5181,0.12013286988886403,0.6792289849429918,0.5423709312595213,0.42474935228636806,0.3421481744021769,0.2938804730866447
5182,0.12013286988886403,0.6792289849429918,0.5423709312595213,0.42474935228636806,0.3421481744021769,0.2938804730866447
5183,0.12013286988886403,0.6792289849429918,0.5423709312595213,0.42474935228636806,0.3421481744021769,0.2938804730866447
5184,0.11826386365240704,0.6900008493655947,0.5568826849697552,0.42459398265127674,0.344510343029199,0.2933337167629763
5185,0.11826386365240704,0.6900008493655947,0.5568826849697552,0.42459398265127674,0.344510343029199,0.2933337167629763
5186,0.11826386365240704,0.6900008493655947,0.5568826849697552,0.42459398265127674,0.344510343029199,0.2933337167629763
5187,0.11826386365240704,0.6900008493655947,0.5568826849697552,0.42459398265127674,0.344510343029199,0.2933337167629763
5188,0.11826386365240704,0.6900008493655947,0.5568826849697552,0.42459398265127674,0.344510343029199,0.2933337167629763
5189,0.11826386365240704,0.6900008493655947,0.5568826849697552,0.42459398265127674,0.344510343029199,0.2933337167629763
5190,0.11826386365240704,0.6900008493655947,0.5568826849697552,0.42459398265127674,0.344510343029199,0.2933337167629763
5191,0.11826386365240704,0.6900008493655947,0.5568826849697552,0.42459398265127674,0.344510343029199,0.2933337167629763
5192,0.11826386365240704,0.6900008493655947,0.5568826849697552,0.42459398265127674,0.344510343029199,0.2933337167629763
5193,0.11826386365240704,0.6900008493655947,0.5568826849697552,0.42459398265127674,0.344510343029199,0.2933337167629763
5194,0.11826386365240704,0.6900008493655947,0.5568826849697552,0.42459398265127674,0.344510343029199,0.2933337167629763
5195,0.11826386365240704,0.6900008493655947,0.5568826849697552,0.42459398265127674,0.344510343029199,0.2933337167629763
5196,0.11826386365240704,0.6900008493655947,0.5568826849697552,0.42459398265127674,0.344510343029199,0.2933337167629763
5197,0.11826386365240704,0.6900008493655947,0.5568826849697552,0.42459398265127674,0.344510343029199,0.2933337167629763
5198,0.11826386365240704,0.6900008493655947,0.5568826849697552,0.42459398265127674,0.344510343029199,0.2933337167629763
5199,0.11826386365240704,0.6900008493655947,0.5568826849697552,0.42459398265127674,0.344510343029199,0.2933337167629763
5200,0.11826386365240704,0.6900008493655947,0.5568826849697552,0.42459398265127674,0.344510343029199,0.2933337167629763
5201,0.11826386365240704,0.6900008493655947,0.5568826849697552,0.42459398265127674,0.344510343029199,0.2933337167629763
5202,0.11826386365240704,0.6900008493655947,0.5568826849697552,0.42459398265127674,0.344510343029199,0.2933337167629763
5203,0.11826386365240704,0.6900008493655947,0.5568826849697552,0.42459398265127674,0.344510343029199,0.2933337167629763
5204,0.11826386365240704,0.6900008493655947,0.5568826849697552,0.42459398265127674,0.344510343029199,0.2933337167629763
5205,0.11826386365240704,0.6900008493655947,0.5568826849697552,0.42459398265127674,0.344510343029199,0.2933337167629763
5206,0.11826386365240704,0.6900008493655947,0.5568826849697552,0.42459398265127674,0.344510343029199,0.2933337167629763
5207,0.11826386365240704,0.6900008493655947,0.5568826849697552,0.42459398265127674,0.344510343029199,0.2933337167629763
5208,0.11426507839302907,0.6863855682970703,0.5580167099530523,0.41575966677655246,0.3368763304524551,0.2879360430211971
5209,0.11426507839302907,0.6863855682970703,0.5580167099530523,0.41575966677655246,0.3368763304524551,0.2879360430211971
5210,0.11426507839302907,0.6863855682970703,0.5580167099530523,0.41575966677655246,0.3368763304524551,0.2879360430211971
5211,0.11426507839302907,0.6863855682970703,0.5580167099530523,0.41575966677655246,0.3368763304524551,0.2879360430211971
5212,0.11426507839302907,0.6863855682970703,0.5580167099530523,0.41575966677655246,0.3368763304524551,0.2879360430211971
5213,0.11426507839302907,0.6863855682970703,0.5580167099530523,0.41575966677655246,0.3368763304524551,0.2879360430211971
5214,0.11426507839302907,0.6863855682970703,0.5580167099530523,0.41575966677655246,0.3368763304524551,0.2879360430211971
5215,0.11426507839302907,0.6863855682970703,0.5580167099530523,0.41575966677655246,0.3368763304524551,0.2879360430211971
5216,0.11426507839302907,0.6863855682970703,0.5580167099530523,0.41575966677655246,0.3368763304524551,0.2879360430211971
5217,0.11426507839302907,0.6863855682970703,0.5580167099530523,0.41575966677655246,0.3368763304524551,0.2879360430211971
5218,0.11426507839302907,0.6863855682970703,0.5580167099530523,0.41575966677655246,0.3368763304524551,0.2879360430211971
5219,0.11426507839302907,0.6863855682970703,0.5580167099530523,0.41575966677655246,0.3368763304524551,0.2879360430211971
5220,0.11426507839302907,0.6863855682970703,0.5580167099530523,0.41575966677655246,0.3368763304524551,0.2879360430211971
5221,0.11426507839302907,0.6863855682970703,0.5580167099530523,0.41575966677655246,0.3368763304524551,0.2879360430211971
5222,0.11426507839302907,0.6863855682970703,0.5580167099530523,0.41575966677655246,0.3368763304524551,0.2879360430211971
5223,0.11426507839302907,0.6863855682970703,0.5580167099530523,0.41575966677655246,0.3368763304524551,0.2879360430211971
5224,0.11426507839302907,0.6863855682970703,0.5580167099530523,0.41575966677655246,0.3368763304524551,0.2879360430211971
5225,0.11426507839302907,0.6863855682970703,0.5580167099530523,0.41575966677655246,0.3368763304524551,0.2879360430211971
5226,0.11426507839302907,0.6863855682970703,0.5580167099530523,0.41575966677655246,0.3368763304524551,0.2879360430211971
5227,0.11426507839302907,0.6863855682970703,0.5580167099530523,0.41575966677655246,0.3368763304524551,0.2879360430211971
5228,0.11426507839302907,0.6863855682970703,0.5580167099530523,0.41575966677655246,0.3368763304524551,0.2879360430211971
5229,0.11426507839302907,0.6863855682970703,0.5580167099530523,0.41575966677655246,0.3368763304524551,0.2879360430211971
5230,0.11426507839302907,0.6863855682970703,0.5580167099530523,0.41575966677655246,0.3368763304524551,0.2879360430211971
5231,0.11426507839302907,0.6863855682970703,0.5580167099530523,0.41575966677655246,0.3368763304524551,0.2879360430211971
5232,0.11022785322812301,0.6816535897881116,0.5579913595468292,0.406524261562448,0.32873742648259213,0.28235269729706924
5233,0.11022785322812301,0.6816535897881116,0.5579913595468292,0.406524261562448,0.32873742648259213,0.28235269729706924
5234,0.11022785322812301,0.6816535897881116,0.5579913595468292,0.406524261562448,0.32873742648259213,0.28235269729706924
5235,0.11022785322812301,0.6816535897881116,0.5579913595468292,0.406524261562448,0.32873742648259213,0.28235269729706924
5236,0.11022785322812301,0.6816535897881116,0.5579913595468292,0.406524261562448,0.32873742648259213,0.28235269729706924
5237,0.11022785322812301,0.6816535897881116,0.5579913595468292,0.406524261562448,0.32873742648259213,0.28235269729706924
5238,0.11022785322812301,0.6816535897881116,0.5579913595468292,0.406524261562448,0.32873742648259213,0.28235269729706924
5239,0.11022785322812301,0.6816535897881116,0.5579913595468292,0.406524261562448,0.32873742648259213,0.28235269729706924
5240,0.11022785322812301,0.6816535897881116,0.5579913595468292,0.406524261562448,0.32873742648259213,0.28235269729706924
5241,0.11022785322812301,0.6816535897881116,0.5579913595468292,0.406524261562448,0.32873742648259213,0.28235269729706924
5242,0.11022785322812301,0.6816535897881116,0.5579913595468292,0.406524261562448,0.32873742648259213,0.28235269729706924
5243,0.11022785322812301,0.6816535897881116,0.5579913595468292,0.406524261562448,0.32873742648259213,0.28235269729706924
5244,0.11022785322812301,0.6816535897881116,0.5579913595468292,0.406524261562448,0.32873742648259213,0.28235269729706924
5245,0.11022785322812301,0.6816535897881116,0.5579913595468292,0.406524261562448,0.32873742648259213,0.28235269729706924
5246,0.11022785322812301,0.6816535897881116,0.5579913595468292,0.406524261562448,0.32873742648259213,0.28235269729706924
5247,0.11022785322812301,0.6816535897881116,0.5579913595468292,0.406524261562448,0.32873742648259213,0.28235269729706924
5248,0.11022785322812301,0.6816535897881116,0.5579913595468292,0.406524261562448,0.32873742648259213,0.28235269729706924
5249,0.11022785322812301,0.6816535897881116,0.5579913595468292,0.406524261562448,0.32873742648259213,0.28235269729706924
5250,0.11022785322812301,0.6816535897881116,0.5579913595468292,0.406524261562448,0.32873742648259213,0.28235269729706924
5251,0.11022785322812301,0.6816535897881116,0.5579913595468292,0.406524261562448,0.32873742648259213,0.28235269729706924
5252,0.11022785322812301,0.6816535897881116,0.5579913595468292,0.406524261562448,0.32873742648259213,0.28235269729706924
5253,0.11022785322812301,0.6816535897881116,0.5579913595468292,0.406524261562448,0.32873742648259213,0.28235269729706924
5254,0.11022785322812301,0.6816535897881116,0.5579913595468292,0.406524261562448,0.32873742648259213,0.28235269729706924
5255,0.11022785322812301,0.6816535897881116,0.5579913595468292,0.406524261562448,0.32873742648259213,0.28235269729706924
5256,0.10631498386141376,0.6798946183628249,0.5610348830647113,0.39852982988,0.32201542586081733,0.2773855563184191
5257,0.10631498386141376,0.6798946183628249,0.5610348830647113,0.39852982988,0.32201542586081733,0.2773855563184191
5258,0.10631498386141376,0.6798946183628249,0.5610348830647113,0.39852982988,0.32201542586081733,0.2773855563184191
5259,0.10631498386141376,0.6798946183628249,0.5610348830647113,0.39852982988,0.32201542586081733,0.2773855563184191
5260,0.10631498386141376,0.6798946183628249,0.5610348830647113,0.39852982988,0.32201542586081733,0.2773855563184191
5261,0.10631498386141376,0.6798946183628249,0.5610348830647113,0.39852982988,0.32201542586081733,0.2773855563184191
5262,0.10631498386141376,0.6798946183628249,0.5610348830647113,0.39852982988,0.32201542586081733,0.2773855563184191
5263,0.10631498386141376,0.6798946183628249,0.5610348830647113,0.39852982988,0.32201542586081733,0.2773855563184191
5264,0.10631498386141376,0.6798946183628249,0.5610348830647113,0.39852982988,0.32201542586081733,0.2773855563184191
5265,0.10631498386141376,0.6798946183628249,0.5610348830647113,0.39852982988,0.32201542586081733,0.2773855563184191
5266,0.10631498386141376,0.6798946183628249,0.5610348830647113,0.39852982988,0.32201542586081733,0.2773855563184191
5267,0.10631498386141376,0.6798946183628249,0.5610348830647113,0.39852982988,0.32201542586081733,0.2773855563184191
5268,0.10631498386141376,0.6798946183628249,0.5610348830647113,0.39852982988,0.32201542586081733,0.2773855563184191
5269,0.10631498386141376,0.6798946183628249,0.5610348830647113,0.39852982988,0.32201542586081733,0.2773855563184191
5270,0.10631498386141376,0.6798946183628249,0.5610348830647113,0.39852982988,0.32201542586081733,0.2773855563184191
5271,0.10631498386141376,0.6798946183628249,0.5610348830647113,0.39852982988,0.32201542586081733,0.2773855563184191
5272,0.10631498386141376,0.6798946183628249,0.5610348830647113,0.39852982988,0.32201542586081733,0.2773855563184191
5273,0.10631498386141376,0.6798946183628249,0.5610348830647113,0.39852982988,0.32201542586081733,0.2773855563184191
5274,0.10631498386141376,0.6798946183628249,0.5610348830647113,0.39852982988,0.32201542586081733,0.2773855563184191
5275,0.10631498386141376,0.6798946183628249,0.5610348830647113,0.39852982988,0.32201542586081733,0.2773855563184191
5276,0.10631498386141376,0.6798946183628249,0.5610348830647113,0.39852982988,0.32201542586081733,0.2773855563184191
5277,0.10631498386141376,0.6798946183628249,0.5610348830647113,0.39852982988,0.32201542586081733,0.2773855563184191
5278,0.10631498386141376,0.6798946183628249,0.5610348830647113,0.39852982988,0.32201542586081733,0.2773855563184191
5279,0.10631498386141376,0.6798946183628249,0.5610348830647113,0.39852982988,0.32201542586081733,0.2773855563184191
5280,0.1014567674763301,0.6762965531556948,0.5623707910420516,0.3894836843175998,0.31301392779463916,0.27187323001425756
5281,0.1014567674763301,0.6762965531556948,0.5623707910420516,0.3894836843175998,0.31301392779463916,0.27187323001425756
5282,0.1014567674763301,0.6762965531556948,0.5623707910420516,0.3894836843175998,0.31301392779463916,0.27187323001425756
5283,0.1014567674763301,0.6762965531556948,0.5623707910420516,0.3894836843175998,0.31301392779463916,0.27187323001425756
5284,0.1014567674763301,0.6762965531556948,0.5623707910420516,0.3894836843175998,0.31301392779463916,0.27187323001425756
5285,0.1014567674763301,0.6762965531556948,0.5623707910420516,0.3894836843175998,0.31301392779463916,0.27187323001425756
5286,0.1014567674763301,0.6762965531556948,0.5623707910420516,0.3894836843175998,0.31301392779463916,0.27187323001425756
5287,0.1014567674763301,0.6762965531556948,0.5623707910420516,0.3894836843175998,0.31301392779463916,0.27187323001425756
5288,0.1014567674763301,0.6762965531556948,0.5623707910420516,0.3894836843175998,0.31301392779463916,0.27187323001425756
5289,0.1014567674763301,0.6762965531556948,0.5623707910420516,0.3894836843175998,0.31301392779463916,0.27187323001425756
5290,0.1014567674763301,0.6762965531556948,0.5623707910420516,0.3894836843175998,0.31301392779463916,0.27187323001425756
5291,0.1014567674763301,0.6762965531556948,0.5623707910420516,0.3894836843175998,0.31301392779463916,0.27187323001425756
5292,0.1014567674763301,0.6762965531556948,0.5623707910420516,0.3894836843175998,0.31301392779463916,0.27187323001425756
5293,0.1014567674763301,0.6762965531556948,0.5623707910420516,0.3894836843175998,0.31301392779463916,0.27187323001425756
5294,0.1014567674763301,0.6762965531556948,0.5623707910420516,0.3894836843175998,0.31301392779463916,0.27187323001425756
5295,0.1014567674763301,0.6762965531556948,0.5623707910420516,0.3894836843175998,0.31301392779463916,0.27187323001425756
5296,0.1014567674763301,0.6762965531556948,0.5623707910420516,0.3894836843175998,0.31301392779463916,0.27187323001425756
5297,0.1014567674763301,0.6762965531556948,0.5623707910420516,0.3894836843175998,0.31301392779463916,0.27187323001425756
5298,0.1014567674763301,0.6762965531556948,0.5623707910420516,0.3894836843175998,0.31301392779463916,0.27187323001425756
5299,0.1014567674763301,0.6762965531556948,0.5623707910420516,0.3894836843175998,0.31301392779463916,0.27187323001425756
5300,0.1014567674763301,0.6762965531556948,0.5623707910420516,0.3894836843175998,0.31301392779463916,0.27187323001425756
5301,0.1014567674763301,0.6762965531556948,0.5623707910420516,0.3894836843175998,0.31301392779463916,0.27187323001425756
5302,0.1014567674763301,0.6762965531556948,0.5623707910420516,0.3894836843175998,0.31301392779463916,0.27187323001425756
5303,0.1014567674763301,0.6762965531556948,0.5623707910420516,0.3894836843175998,0.31301392779463916,0.27187323001425756
5304,0.09636732495941364,0.6725173786580928,0.5636250625223133,0.3803473072365699,0.30361675535777205,0.2663160983033621
5305,0.09636732495941364,0.6725173786580928,0.5636250625223133,0.3803473072365699,0.30361675535777205,0.2663160983033621
5306,0.09636732495941364,0.6725173786580928,0.5636250625223133,0.3803473072365699,0.30361675535777205,0.2663160983033621
5307,0.09636732495941364,0.6725173786580928,0.5636250625223133,0.3803473072365699,0.30361675535777205,0.2663160983033621
5308,0.09636732495941364,0.6725173786580928,0.5636250625223133,0.3803473072365699,0.30361675535777205,0.2663160983033621
5309,0.09636732495941364,0.6725173786580928,0.5636250625223133,0.3803473072365699,0.30361675535777205,0.2663160983033621
5310,0.09636732495941364,0.6725173786580928,0.5636250625223133,0.3803473072365699,0.30361675535777205,0.2663160983033621
5311,0.09636732495941364,0.6725173786580928,0.5636250625223133,0.3803473072365699,0.30361675535777205,0.2663160983033621
5312,0.09636732495941364,0.6725173786580928,0.5636250625223133,0.3803473072365699,0.30361675535777205,0.2663160983033621
5313,0.09636732495941364,0.6725173786580928,0.5636250625223133,0.3803473072365699,0.30361675535777205,0.2663160983033621
5314,0.09636732495941364,0.6725173786580928,0.5636250625223133,0.3803473072365699,0.30361675535777205,0.2663160983033621
5315,0.09636732495941364,0.6725173786580928,0.5636250625223133,0.3803473072365699,0.30361675535777205,0.2663160983033621
5316,0.09636732495941364,0.6725173786580928,0.5636250625223133,0.3803473072365699,0.30361675535777205,0.2663160983033621
5317,0.09636732495941364,0.6725173786580928,0.5636250625223133,0.3803473072365699,0.30361675535777205,0.2663160983033621
5318,0.09636732495941364,0.6725173786580928,0.5636250625223133,0.3803473072365699,0.30361675535777205,0.2663160983033621
5319,0.09636732495941364,0.6725173786580928,0.5636250625223133,0.3803473072365699,0.30361675535777205,0.2663160983033621
5320,0.09636732495941364,0.6725173786580928,0.5636250625223133,0.3803473072365699,0.30361675535777205,0.2663160983033621
5321,0.09636732495941364,0.6725173786580928,0.5636250625223133,0.3803473072365699,0.30361675535777205,0.2663160983033621
5322,0.09636732495941364,0.6725173786580928,0.5636250625223133,0.3803473072365699,0.30361675535777205,0.2663160983033621
5323,0.09636732495941364,0.6725173786580928,0.5636250625223133,0.3803473072365699,0.30361675535777205,0.2663160983033621
5324,0.09636732495941364,0.6725173786580928,0.5636250625223133,0.3803473072365699,0.30361675535777205,0.2663160983033621
5325,0.09636732495941364,0.6725173786580928,0.5636250625223133,0.3803473072365699,0.30361675535777205,0.2663160983033621
5326,0.09636732495941364,0.6725173786580928,0.5636250625223133,0.3803473072365699,0.30361675535777205,0.2663160983033621
5327,0.09636732495941364,0.6725173786580928,0.5636250625223133,0.3803473072365699,0.30361675535777205,0.2663160983033621
5328,0.09173607135687335,0.6758645666097958,0.5712896819005784,0.3745033846449756,0.2986870066760098,0.26253969295822144
5329,0.09173607135687335,0.6758645666097958,0.5712896819005784,0.3745033846449756,0.2986870066760098,0.26253969295822144
5330,0.09173607135687335,0.6758645666097958,0.5712896819005784,0.3745033846449756,0.2986870066760098,0.26253969295822144
5331,0.09173607135687335,0.6758645666097958,0.5712896819005784,0.3745033846449756,0.2986870066760098,0.26253969295822144
5332,0.09173607135687335,0.6758645666097958,0.5712896819005784,0.3745033846449756,0.2986870066760098,0.26253969295822144
5333,0.09173607135687335,0.6758645666097958,0.5712896819005784,0.3745033846449756,0.2986870066760098,0.26253969295822144
5334,0.09173607135687335,0.6758645666097958,0.5712896819005784,0.3745033846449756,0.2986870066760098,0.26253969295822144
5335,0.09173607135687335,0.6758645666097958,0.5712896819005784,0.3745033846449756,0.2986870066760098,0.26253969295822144
5336,0.09173607135687335,0.6758645666097958,0.5712896819005784,0.3745033846449756,0.2986870066760098,0.26253969295822144
5337,0.09173607135687335,0.6758645666097958,0.5712896819005784,0.3745033846449756,0.2986870066760098,0.26253969295822144
5338,0.09173607135687335,0.6758645666097958,0.5712896819005784,0.3745033846449756,0.2986870066760098,0.26253969295822144
5339,0.09173607135687335,0.6758645666097958,0.5712896819005784,0.3745033846449756,0.2986870066760098,0.26253969295822144
5340,0.09173607135687335,0.6758645666097958,0.5712896819005784,0.3745033846449756,0.2986870066760098,0.26253969295822144
5341,0.09173607135687335,0.6758645666097958,0.5712896819005784,0.3745033846449756,0.2986870066760098,0.26253969295822144
5342,0.09173607135687335,0.6758645666097958,0.5712896819005784,0.3745033846449756,0.2986870066760098,0.26253969295822144
5343,0.09173607135687335,0.6758645666097958,0.5712896819005784,0.3745033846449756,0.2986870066760098,0.26253969295822144
5344,0.09173607135687335,0.6758645666097958,0.5712896819005784,0.3745033846449756,0.2986870066760098,0.26253969295822144
5345,0.09173607135687335,0.6758645666097958,0.5712896819005784,0.3745033846449756,0.2986870066760098,0.26253969295822144
5346,0.09173607135687335,0.6758645666097958,0.5712896819005784,0.3745033846449756,0.2986870066760098,0.26253969295822144
5347,0.09173607135687335,0.6758645666097958,0.5712896819005784,0.3745033846449756,0.2986870066760098,0.26253969295822144
5348,0.09173607135687335,0.6758645666097958,0.5712896819005784,0.3745033846449756,0.2986870066760098,0.26253969295822144
5349,0.09173607135687335,0.6758645666097958,0.5712896819005784,0.3745033846449756,0.2986870066760098,0.26253969295822144
5350,0.09173607135687335,0.6758645666097958,0.5712896819005784,0.3745033846449756,0.2986870066760098,0.26253969295822144
5351,0.09173607135687335,0.6758645666097958,0.5712896819005784,0.3745033846449756,0.2986870066760098,0.26253969295822144
5352,0.09244906720193291,0.6891631979035315,0.5856398244854486,0.38007246986303006,0.30641542282595186,0.26558226484939057
5353,0.09244906720193291,0.6891631979035315,0.5856398244854486,0.38007246986303006,0.30641542282595186,0.26558226484939057
5354,0.09244906720193291,0.6891631979035315,0.5856398244854486,0.38007246986303006,0.30641542282595186,0.26558226484939057
5355,0.09244906720193291,0.6891631979035315,0.5856398244854486,0.38007246986303006,0.30641542282595186,0.26558226484939057
5356,0.09244906720193291,0.6891631979035315,0.5856398244854486,0.38007246986303006,0.30641542282595186,0.26558226484939057
5357,0.09244906720193291,0.6891631979035315,0.5856398244854486,0.38007246986303006,0.30641542282595186,0.26558226484939057
5358,0.09244906720193291,0.6891631979035315,0.5856398244854486,0.38007246986303006,0.30641542282595186,0.26558226484939057
5359,0.09244906720193291,0.6891631979035315,0.5856398244854486,0.38007246986303006,0.30641542282595186,0.26558226484939057
5360,0.09244906720193291,0.6891631979035315,0.5856398244854486,0.38007246986303006,0.30641542282595186,0.26558226484939057
5361,0.09244906720193291,0.6891631979035315,0.5856398244854486,0.38007246986303006,0.30641542282595186,0.26558226484939057
5362,0.09244906720193291,0.6891631979035315,0.5856398244854486,0.38007246986303006,0.30641542282595186,0.26558226484939057
5363,0.09244906720193291,0.6891631979035315,0.5856398244854486,0.38007246986303006,0.30641542282595186,0.26558226484939057
5364,0.09244906720193291,0.6891631979035315,0.5856398244854486,0.38007246986303006,0.30641542282595186,0.26558226484939057
5365,0.09244906720193291,0.6891631979035315,0.5856398244854486,0.38007246986303006,0.30641542282595186,0.26558226484939057
5366,0.09244906720193291,0.6891631979035315,0.5856398244854486,0.38007246986303006,0.30641542282595186,0.26558226484939057
5367,0.09244906720193291,0.6891631979035315,0.5856398244854486,0.38007246986303006,0.30641542282595186,0.26558226484939057
5368,0.09244906720193291,0.6891631979035315,0.5856398244854486,0.38007246986303006,0.30641542282595186,0.26558226484939057
5369,0.09244906720193291,0.6891631979035315,0.5856398244854486,0.38007246986303006,0.30641542282595186,0.26558226484939057
5370,0.09244906720193291,0.6891631979035315,0.5856398244854486,0.38007246986303006,0.30641542282595186,0.26558226484939057
5371,0.09244906720193291,0.6891631979035315,0.5856398244854486,0.38007246986303006,0.30641542282595186,0.26558226484939057
5372,0.09244906720193291,0.6891631979035315,0.5856398244854486,0.38007246986303006,0.30641542282595186,0.26558226484939057
5373,0.09244906720193291,0.6891631979035315,0.5856398244854486,0.38007246986303006,0.30641542282595186,0.26558226484939057
5374,0.09244906720193291,0.6891631979035315,0.5856398244854486,0.38007246986303006,0.30641542282595186,0.26558226484939057
5375,0.09244906720193291,0.6891631979035315,0.5856398244854486,0.38007246986303006,0.30641542282595186,0.26558226484939057
5376,0.09308358246131766,0.7053035710543619,0.6015016391832047,0.38737389508974807,0.31553292902248437,0.2694724077259468
5377,0.09308358246131766,0.7053035710543619,0.6015016391832047,0.38737389508974807,0.31553292902248437,0.2694724077259468
5378,0.09308358246131766,0.7053035710543619,0.6015016391832047,0.38737389508974807,0.31553292902248437,0.2694724077259468
5379,0.09308358246131766,0.7053035710543619,0.6015016391832047,0.38737389508974807,0.31553292902248437,0.2694724077259468
5380,0.09308358246131766,0.7053035710543619,0.6015016391832047,0.38737389508974807,0.31553292902248437,0.2694724077259468
5381,0.09308358246131766,0.7053035710543619,0.6015016391832047,0.38737389508974807,0.31553292902248437,0.2694724077259468
5382,0.09308358246131766,0.7053035710543619,0.6015016391832047,0.38737389508974807,0.31553292902248437,0.2694724077259468
5383,0.09308358246131766,0.7053035710543619,0.6015016391832047,0.38737389508974807,0.31553292902248437,0.2694724077259468
5384,0.09308358246131766,0.7053035710543619,0.6015016391832047,0.38737389508974807,0.31553292902248437,0.2694724077259468
5385,0.09308358246131766,0.7053035710543619,0.6015016391832047,0.38737389508974807,0.31553292902248437,0.2694724077259468
5386,0.09308358246131766,0.7053035710543619,0.6015016391832047,0.38737389508974807,0.31553292902248437,0.2694724077259468
5387,0.09308358246131766,0.7053035710543619,0.6015016391832047,0.38737389508974807,0.31553292902248437,0.2694724077259468
5388,0.09308358246131766,0.7053035710543619,0.6015016391832047,0.38737389508974807,0.31553292902248437,0.2694724077259468
5389,0.09308358246131766,0.7053035710543619,0.6015016391832047,0.38737389508974807,0.31553292902248437,0.2694724077259468
5390,0.09308358246131766,0.7053035710543619,0.6015016391832047,0.38737389508974807,0.31553292902248437,0.2694724077259468
5391,0.09308358246131766,0.7053035710543619,0.6015016391832047,0.38737389508974807,0.31553292902248437,0.2694724077259468
5392,0.09308358246131766,0.7053035710543619,0.6015016391832047,0.38737389508974807,0.31553292902248437,0.2694724077259468
5393,0.09308358246131766,0.7053035710543619,0.6015016391832047,0.38737389508974807,0.31553292902248437,0.2694724077259468
5394,0.09308358246131766,0.7053035710543619,0.6015016391832047,0.38737389508974807,0.31553292902248437,0.2694724077259468
5395,0.09308358246131766,0.7053035710543619,0.6015016391832047,0.38737389508974807,0.31553292902248437,0.2694724077259468
5396,0.09308358246131766,0.7053035710543619,0.6015016391832047,0.38737389508974807,0.31553292902248437,0.2694724077259468
5397,0.09308358246131766,0.7053035710543619,0.6015016391832047,0.38737389508974807,0.31553292902248437,0.2694724077259468
5398,0.09308358246131766,0.7053035710543619,0.6015016391832047,0.38737389508974807,0.31553292902248437,0.2694724077259468
5399,0.09308358246131766,0.7053035710543619,0.6015016391832047,0.38737389508974807,0.31553292902248437,0.2694724077259468
5400,0.09310651514137759,0.7061748423939056,0.602312036421384,0.3877854906632527,0.3159408166538185,0.2696995318565643
5401,0.09310651514137759,0.7061748423939056,0.602312036421384,0.3877854906632527,0.3159408166538185,0.2696995318565643
5402,0.09310651514137759,0.7061748423939056,0.602312036421384,0.3877854906632527,0.3159408166538185,0.2696995318565643
5403,0.09310651514137759,0.7061748423939056,0.602312036421384,0.3877854906632527,0.3159408166538185,0.2696995318565643
5404,0.09310651514137759,0.7061748423939056,0.602312036421384,0.3877854906632527,0.3159408166538185,0.2696995318565643
5405,0.09310651514137759,0.7061748423939056,0.602312036421384,0.3877854906632527,0.3159408166538185,0.2696995318565643
5406,0.09310651514137759,0.7061748423939056,0.602312036421384,0.3877854906632527,0.3159408166538185,0.2696995318565643
5407,0.09310651514137759,0.7061748423939056,0.602312036421384,0.3877854906632527,0.3159408166538185,0.2696995318565643
5408,0.09310651514137759,0.7061748423939056,0.602312036421384,0.3877854906632527,0.3159408166538185,0.2696995318565643
5409,0.09310651514137759,0.7061748423939056,0.602312036421384,0.3877854906632527,0.3159408166538185,0.2696995318565643
5410,0.09310651514137759,0.7061748423939056,0.602312036421384,0.3877854906632527,0.3159408166538185,0.2696995318565643
5411,0.09310651514137759,0.7061748423939056,0.602312036421384,0.3877854906632527,0.3159408166538185,0.2696995318565643
5412,0.09310651514137759,0.7061748423939056,0.602312036421384,0.3877854906632527,0.3159408166538185,0.2696995318565643
5413,0.09310651514137759,0.7061748423939056,0.602312036421384,0.3877854906632527,0.3159408166538185,0.2696995318565643
5414,0.09310651514137759,0.7061748423939056,0.602312036421384,0.3877854906632527,0.3159408166538185,0.2696995318565643
5415,0.09310651514137759,0.7061748423939056,0.602312036421384,0.3877854906632527,0.3159408166538185,0.2696995318565643
5416,0.09310651514137759,0.7061748423939056,0.602312036421384,0.3877854906632527,0.3159408166538185,0.2696995318565643
5417,0.09310651514137759,0.7061748423939056,0.602312036421384,0.3877854906632527,0.3159408166538185,0.2696995318565643
5418,0.09310651514137759,0.7061748423939056,0.602312036421384,0.3877854906632527,0.3159408166538185,0.2696995318565643
5419,0.09310651514137759,0.7061748423939056,0.602312036421384,0.3877854906632527,0.3159408166538185,0.2696995318565643
5420,0.09310651514137759,0.7061748423939056,0.602312036421384,0.3877854906632527,0.3159408166538185,0.2696995318565643
5421,0.09310651514137759,0.7061748423939056,0.602312036421384,0.3877854906632527,0.3159408166538185,0.2696995318565643
5422,0.09310651514137759,0.7061748423939056,0.602312036421384,0.3877854906632527,0.3159408166538185,0.2696995318565643
5423,0.09310651514137759,0.7061748423939056,0.602312036421384,0.3877854906632527,0.3159408166538185,0.2696995318565643
5424,0.09336697241529347,0.7148587513242851,0.6101982246428387,0.3917139842270698,0.3207011366791143,0.2718915582857438
5425,0.09336697241529347,0.7148587513242851,0.6101982246428387,0.3917139842270698,0.3207011366791143,0.2718915582857438
5426,0.09336697241529347,0.7148587513242851,0.6101982246428387,0.3917139842270698,0.3207011366791143,0.2718915582857438
5427,0.09336697241529347,0.7148587513242851,0.6101982246428387,0.3917139842270698,0.3207011366791143,0.2718915582857438
5428,0.09336697241529347,0.7148587513242851,0.6101982246428387,0.3917139842270698,0.3207011366791143,0.2718915582857438
5429,0.09336697241529347,0.7148587513242851,0.6101982246428387,0.3917139842270698,0.3207011366791143,0.2718915582857438
5430,0.09336697241529347,0.7148587513242851,0.6101982246428387,0.3917139842270698,0.3207011366791143,0.2718915582857438
5431,0.09336697241529347,0.7148587513242851,0.6101982246428387,0.3917139842270698,0.3207011366791143,0.2718915582857438
5432,0.09336697241529347,0.7148587513242851,0.6101982246428387,0.3917139842270698,0.3207011366791143,0.2718915582857438
5433,0.09336697241529347,0.7148587513242851,0.6101982246428387,0.3917139842270698,0.3207011366791143,0.2718915582857438
5434,0.09336697241529347,0.7148587513242851,0.6101982246428387,0.3917139842270698,0.3207011366791143,0.2718915582857438
5435,0.09336697241529347,0.7148587513242851,0.6101982246428387,0.3917139842270698,0.3207011366791143,0.2718915582857438
5436,0.09336697241529347,0.7148587513242851,0.6101982246428387,0.3917139842270698,0.3207011366791143,0.2718915582857438
5437,0.09336697241529347,0.7148587513242851,0.6101982246428387,0.3917139842270698,0.3207011366791143,0.2718915582857438
5438,0.09336697241529347,0.7148587513242851,0.6101982246428387,0.3917139842270698,0.3207011366791143,0.2718915582857438
5439,0.09336697241529347,0.7148587513242851,0.6101982246428387,0.3917139842270698,0.3207011366791143,0.2718915582857438
5440,0.09336697241529347,0.7148587513242851,0.6101982246428387,0.3917139842270698,0.3207011366791143,0.2718915582857438
5441,0.09336697241529347,0.7148587513242851,0.6101982246428387,0.3917139842270698,0.3207011366791143,0.2718915582857438
5442,0.09336697241529347,0.7148587513242851,0.6101982246428387,0.3917139842270698,0.3207011366791143,0.2718915582857438
5443,0.09336697241529347,0.7148587513242851,0.6101982246428387,0.3917139842270698,0.3207011366791143,0.2718915582857438
5444,0.09336697241529347,0.7148587513242851,0.6101982246428387,0.3917139842270698,0.3207011366791143,0.2718915582857438
5445,0.09336697241529347,0.7148587513242851,0.6101982246428387,0.3917139842270698,0.3207011366791143,0.2718915582857438
5446,0.09336697241529347,0.7148587513242851,0.6101982246428387,0.3917139842270698,0.3207011366791143,0.2718915582857438
5447,0.09336697241529347,0.7148587513242851,0.6101982246428387,0.3917139842270698,0.3207011366791143,0.2718915582857438
5448,0.09368451765212928,0.725167876672817,0.619691340761516,0.3964244919960644,0.32646411214878385,0.2744694645341598
5449,0.09368451765212928,0.725167876672817,0.619691340761516,0.3964244919960644,0.32646411214878385,0.2744694645341598
5450,0.09368451765212928,0.725167876672817,0.619691340761516,0.3964244919960644,0.32646411214878385,0.2744694645341598
5451,0.09368451765212928,0.725167876672817,0.619691340761516,0.3964244919960644,0.32646411214878385,0.2744694645341598
5452,0.09368451765212928,0.725167876672817,0.619691340761516,0.3964244919960644,0.32646411214878385,0.2744694645341598
5453,0.09368451765212928,0.725167876672817,0.619691340761516,0.3964244919960644,0.32646411214878385,0.2744694645341598
5454,0.09368451765212928,0.725167876672817,0.619691340761516,0.3964244919960644,0.32646411214878385,0.2744694645341598
5455,0.09368451765212928,0.725167876672817,0.619691340761516,0.3964244919960644,0.32646411214878385,0.2744694645341598
5456,0.09368451765212928,0.725167876672817,0.619691340761516,0.3964244919960644,0.32646411214878385,0.2744694645341598
5457,0.09368451765212928,0.725167876672817,0.619691340761516,0.3964244919960644,0.32646411214878385,0.2744694645341598
5458,0.09368451765212928,0.725167876672817,0.619691340761516,0.3964244919960644,0.32646411214878385,0.2744694645341598
5459,0.09368451765212928,0.725167876672817,0.619691340761516,0.3964244919960644,0.32646411214878385,0.2744694645341598
5460,0.09368451765212928,0.725167876672817,0.619691340761516,0.3964244919960644,0.32646411214878385,0.2744694645341598
5461,0.09368451765212928,0.725167876672817,0.619691340761516,0.3964244919960644,0.32646411214878385,0.2744694645341598
5462,0.09368451765212928,0.725167876672817,0.619691340761516,0.3964244919960644,0.32646411214878385,0.2744694645341598
5463,0.09368451765212928,0.725167876672817,0.619691340761516,0.3964244919960644,0.32646411214878385,0.2744694645341598
5464,0.09368451765212928,0.725167876672817,0.619691340761516,0.3964244919960644,0.32646411214878385,0.2744694645341598
5465,0.09368451765212928,0.725167876672817,0.619691340761516,0.3964244919960644,0.32646411214878385,0.2744694645341598
5466,0.09368451765212928,0.725167876672817,0.619691340761516,0.3964244919960644,0.32646411214878385,0.2744694645341598
5467,0.09368451765212928,0.725167876672817,0.619691340761516,0.3964244919960644,0.32646411214878385,0.2744694645341598
5468,0.09368451765212928,0.725167876672817,0.619691340761516,0.3964244919960644,0.32646411214878385,0.2744694645341598
5469,0.09368451765212928,0.725167876672817,0.619691340761516,0.3964244919960644,0.32646411214878385,0.2744694645341598
5470,0.09368451765212928,0.725167876672817,0.619691340761516,0.3964244919960644,0.32646411214878385,0.2744694645341598
5471,0.09368451765212928,0.725167876672817,0.619691340761516,0.3964244919960644,0.32646411214878385,0.2744694645341598
5472,0.09390784491637659,0.7323736353567302,0.6263047882551924,0.39975125644520654,0.33068851892225976,0.27626054350854035
5473,0.09390784491637659,0.7323736353567302,0.6263047882551924,0.39975125644520654,0.33068851892225976,0.27626054350854035
5474,0.09390784491637659,0.7323736353567302,0.6263047882551924,0.39975125644520654,0.33068851892225976,0.27626054350854035
5475,0.09390784491637659,0.7323736353567302,0.6263047882551924,0.39975125644520654,0.33068851892225976,0.27626054350854035
5476,0.09390784491637659,0.7323736353567302,0.6263047882551924,0.39975125644520654,0.33068851892225976,0.27626054350854035
5477,0.09390784491637659,0.7323736353567302,0.6263047882551924,0.39975125644520654,0.33068851892225976,0.27626054350854035
5478,0.09390784491637659,0.7323736353567302,0.6263047882551924,0.39975125644520654,0.33068851892225976,0.27626054350854035
5479,0.09390784491637659,0.7323736353567302,0.6263047882551924,0.39975125644520654,0.33068851892225976,0.27626054350854035
5480,0.09390784491637659,0.7323736353567302,0.6263047882551924,0.39975125644520654,0.33068851892225976,0.27626054350854035
5481,0.09390784491637659,0.7323736353567302,0.6263047882551924,0.39975125644520654,0.33068851892225976,0.27626054350854035
5482,0.09390784491637659,0.7323736353567302,0.6263047882551924,0.39975125644520654,0.33068851892225976,0.27626054350854035
5483,0.09390784491637659,0.7323736353567302,0.6263047882551924,0.39975125644520654,0.33068851892225976,0.27626054350854035
5484,0.09390784491637659,0.7323736353567302,0.6263047882551924,0.39975125644520654,0.33068851892225976,0.27626054350854035
5485,0.09390784491637659,0.7323736353567302,0.6263047882551924,0.39975125644520654,0.33068851892225976,0.27626054350854035
5486,0.09390784491637659,0.7323736353567302,0.6263047882551924,0.39975125644520654,0.33068851892225976,0.27626054350854035
5487,0.09390784491637659,0.7323736353567302,0.6263047882551924,0.39975125644520654,0.33068851892225976,0.27626054350854035
5488,0.09390784491637659,0.7323736353567302,0.6263047882551924,0.39975125644520654,0.33068851892225976,0.27626054350854035
5489,0.09390784491637659,0.7323736353567302,0.6263047882551924,0.39975125644520654,0.33068851892225976,0.27626054350854035
5490,0.09390784491637659,0.7323736353567302,0.6263047882551924,0.39975125644520654,0.33068851892225976,0.27626054350854035
5491,0.09390784491637659,0.7323736353567302,0.6263047882551924,0.39975125644520654,0.33068851892225976,0.27626054350854035
5492,0.09390784491637659,0.7323736353567302,0.6263047882551924,0.39975125644520654,0.33068851892225976,0.27626054350854035
5493,0.09390784491637659,0.7323736353567302,0.6263047882551924,0.39975125644520654,0.33068851892225976,0.27626054350854035
5494,0.09390784491637659,0.7323736353567302,0.6263047882551924,0.39975125644520654,0.33068851892225976,0.27626054350854035
5495,0.09390784491637659,0.7323736353567302,0.6263047882551924,0.39975125644520654,0.33068851892225976,0.27626054350854035
5496,0.09402546517928828,0.7364084636370744,0.6298954191534809,0.4015961477638276,0.3329301518494209,0.2772695165579273
5497,0.09402546517928828,0.7364084636370744,0.6298954191534809,0.4015961477638276,0.3329301518494209,0.2772695165579273
5498,0.09402546517928828,0.7364084636370744,0.6298954191534809,0.4015961477638276,0.3329301518494209,0.2772695165579273
5499,0.09402546517928828,0.7364084636370744,0.6298954191534809,0.4015961477638276,0.3329301518494209,0.2772695165579273
5500,0.09402546517928828,0.7364084636370744,0.6298954191534809,0.4015961477638276,0.3329301518494209,0.2772695165579273
5501,0.09402546517928828,0.7364084636370744,0.6298954191534809,0.4015961477638276,0.3329301518494209,0.2772695165579273
5502,0.09402546517928828,0.7364084636370744,0.6298954191534809,0.4015961477638276,0.3329301518494209,0.2772695165579273
5503,0.09402546517928828,0.7364084636370744,0.6298954191534809,0.4015961477638276,0.3329301518494209,0.2772695165579273
5504,0.09402546517928828,0.7364084636370744,0.6298954191534809,0.4015961477638276,0.3329301518494209,0.2772695165579273
5505,0.09402546517928828,0.7364084636370744,0.6298954191534809,0.4015961477638276,0.3329301518494209,0.2772695165579273
5506,0.09402546517928828,0.7364084636370744,0.6298954191534809,0.4015961477638276,0.3329301518494209,0.2772695165579273
5507,0.09402546517928828,0.7364084636370744,0.6298954191534809,0.4015961477638276,0.3329301518494209,0.2772695165579273
5508,0.09402546517928828,0.7364084636370744,0.6298954191534809,0.4015961477638276,0.3329301518494209,0.2772695165579273
5509,0.09402546517928828,0.7364084636370744,0.6298954191534809,0.4015961477638276,0.3329301518494209,0.2772695165579273
5510,0.09402546517928828,0.7364084636370744,0.6298954191534809,0.4015961477638276,0.3329301518494209,0.2772695165579273
5511,0.09402546517928828,0.7364084636370744,0.6298954191534809,0.4015961477638276,0.3329301518494209,0.2772695165579273
5512,0.09402546517928828,0.7364084636370744,0.6298954191534809,0.4015961477638276,0.3329301518494209,0.2772695165579273
5513,0.09402546517928828,0.7364084636370744,0.6298954191534809,0.4015961477638276,0.3329301518494209,0.2772695165579273
5514,0.09402546517928828,0.7364084636370744,0.6298954191534809,0.4015961477638276,0.3329301518494209,0.2772695165579273
5515,0.09402546517928828,0.7364084636370744,0.6298954191534809,0.4015961477638276,0.3329301518494209,0.2772695165579273
5516,0.09402546517928828,0.7364084636370744,0.6298954191534809,0.4015961477638276,0.3329301518494209,0.2772695165579273
5517,0.09402546517928828,0.7364084636370744,0.6298954191534809,0.4015961477638276,0.3329301518494209,0.2772695165579273
5518,0.09402546517928828,0.7364084636370744,0.6298954191534809,0.4015961477638276,0.3329301518494209,0.2772695165579273
5519,0.09402546517928828,0.7364084636370744,0.6298954191534809,0.4015961477638276,0.3329301518494209,0.2772695165579273
5520,0.09413478174868019,0.7398363872683298,0.6330874999919968,0.403138483957723,0.3346025029289346,0.2781599824831948
5521,0.09413478174868019,0.7398363872683298,0.6330874999919968,0.403138483957723,0.3346025029289346,0.2781599824831948
5522,0.09413478174868019,0.7398363872683298,0.6330874999919968,0.403138483957723,0.3346025029289346,0.2781599824831948
5523,0.09413478174868019,0.7398363872683298,0.6330874999919968,0.403138483957723,0.3346025029289346,0.2781599824831948
5524,0.09413478174868019,0.7398363872683298,0.6330874999919968,0.403138483957723,0.3346025029289346,0.2781599824831948
5525,0.09413478174868019,0.7398363872683298,0.6330874999919968,0.403138483957723,0.3346025029289346,0.2781599824831948
5526,0.09413478174868019,0.7398363872683298,0.6330874999919968,0.403138483957723,0.3346025029289346,0.2781599824831948
5527,0.09413478174868019,0.7398363872683298,0.6330874999919968,0.403138483957723,0.3346025029289346,0.2781599824831948
5528,0.09413478174868019,0.7398363872683298,0.6330874999919968,0.403138483957723,0.3346025029289346,0.2781599824831948
5529,0.09413478174868019,0.7398363872683298,0.6330874999919968,0.403138483957723,0.3346025029289346,0.2781599824831948
5530,0.09413478174868019,0.7398363872683298,0.6330874999919968,0.403138483957723,0.3346025029289346,0.2781599824831948
5531,0.09413478174868019,0.7398363872683298,0.6330874999919968,0.403138483957723,0.3346025029289346,0.2781599824831948
5532,0.09413478174868019,0.7398363872683298,0.6330874999919968,0.403138483957723,0.3346025029289346,0.2781599824831948
5533,0.09413478174868019,0.7398363872683298,0.6330874999919968,0.403138483957723,0.3346025029289346,0.2781599824831948
5534,0.09413478174868019,0.7398363872683298,0.6330874999919968,0.403138483957723,0.3346025029289346,0.2781599824831948
5535,0.09413478174868019,0.7398363872683298,0.6330874999919968,0.403138483957723,0.3346025029289346,0.2781599824831948
5536,0.09413478174868019,0.7398363872683298,0.6330874999919968,0.403138483957723,0.3346025029289346,0.2781599824831948
5537,0.09413478174868019,0.7398363872683298,0.6330874999919968,0.403138483957723,0.3346025029289346,0.2781599824831948
5538,0.09413478174868019,0.7398363872683298,0.6330874999919968,0.403138483957723,0.3346025029289346,0.2781599824831948
5539,0.09413478174868019,0.7398363872683298,0.6330874999919968,0.403138483957723,0.3346025029289346,0.2781599824831948
5540,0.09413478174868019,0.7398363872683298,0.6330874999919968,0.403138483957723,0.3346025029289346,0.2781599824831948
5541,0.09413478174868019,0.7398363872683298,0.6330874999919968,0.403138483957723,0.3346025029289346,0.2781599824831948
5542,0.09413478174868019,0.7398363872683298,0.6330874999919968,0.403138483957723,0.3346025029289346,0.2781599824831948
5543,0.09413478174868019,0.7398363872683298,0.6330874999919968,0.403138483957723,0.3346025029289346,0.2781599824831948
5544,0.09473797849049638,0.7555953434763573,0.6484514453611693,0.41021564924458187,0.343406023643752,0.2819267200459339
5545,0.09473797849049638,0.7555953434763573,0.6484514453611693,0.41021564924458187,0.343406023643752,0.2819267200459339
5546,0.09473797849049638,0.7555953434763573,0.6484514453611693,0.41021564924458187,0.343406023643752,0.2819267200459339
5547,0.09473797849049638,0.7555953434763573,0.6484514453611693,0.41021564924458187,0.343406023643752,0.2819267200459339
5548,0.09473797849049638,0.7555953434763573,0.6484514453611693,0.41021564924458187,0.343406023643752,0.2819267200459339
5549,0.09473797849049638,0.7555953434763573,0.6484514453611693,0.41021564924458187,0.343406023643752,0.2819267200459339
5550,0.09473797849049638,0.7555953434763573,0.6484514453611693,0.41021564924458187,0.343406023643752,0.2819267200459339
5551,0.09473797849049638,0.7555953434763573,0.6484514453611693,0.41021564924458187,0.343406023643752,0.2819267200459339
5552,0.09473797849049638,0.7555953434763573,0.6484514453611693,0.41021564924458187,0.343406023643752,0.2819267200459339
5553,0.09473797849049638,0.7555953434763573,0.6484514453611693,0.41021564924458187,0.343406023643752,0.2819267200459339
5554,0.09473797849049638,0.7555953434763573,0.6484514453611693,0.41021564924458187,0.343406023643752,0.2819267200459339
5555,0.09473797849049638,0.7555953434763573,0.6484514453611693,0.41021564924458187,0.343406023643752,0.2819267200459339
5556,0.09473797849049638,0.7555953434763573,0.6484514453611693,0.41021564924458187,0.343406023643752,0.2819267200459339
5557,0.09473797849049638,0.7555953434763573,0.6484514453611693,0.41021564924458187,0.343406023643752,0.2819267200459339
5558,0.09473797849049638,0.7555953434763573,0.6484514453611693,0.41021564924458187,0.343406023643752,0.2819267200459339
5559,0.09473797849049638,0.7555953434763573,0.6484514453611693,0.41021564924458187,0.343406023643752,0.2819267200459339
5560,0.09473797849049638,0.7555953434763573,0.6484514453611693,0.41021564924458187,0.343406023643752,0.2819267200459339
5561,0.09473797849049638,0.7555953434763573,0.6484514453611693,0.41021564924458187,0.343406023643752,0.2819267200459339
5562,0.09473797849049638,0.7555953434763573,0.6484514453611693,0.41021564924458187,0.343406023643752,0.2819267200459339
5563,0.09473797849049638,0.7555953434763573,0.6484514453611693,0.41021564924458187,0.343406023643752,0.2819267200459339
5564,0.09473797849049638,0.7555953434763573,0.6484514453611693,0.41021564924458187,0.343406023643752,0.2819267200459339
5565,0.09473797849049638,0.7555953434763573,0.6484514453611693,0.41021564924458187,0.343406023643752,0.2819267200459339
5566,0.09473797849049638,0.7555953434763573,0.6484514453611693,0.41021564924458187,0.343406023643752,0.2819267200459339
5567,0.09473797849049638,0.7555953434763573,0.6484514453611693,0.41021564924458187,0.343406023643752,0.2819267200459339
5568,0.09459962312354593,0.7527084473779478,0.6443606401621781,0.4100175632198855,0.34248403348590717,0.2812274142517938
5569,0.09459962312354593,0.7527084473779478,0.6443606401621781,0.4100175632198855,0.34248403348590717,0.2812274142517938
5570,0.09459962312354593,0.7527084473779478,0.6443606401621781,0.4100175632198855,0.34248403348590717,0.2812274142517938
5571,0.09459962312354593,0.7527084473779478,0.6443606401621781,0.4100175632198855,0.34248403348590717,0.2812274142517938
5572,0.09459962312354593,0.7527084473779478,0.6443606401621781,0.4100175632198855,0.34248403348590717,0.2812274142517938
5573,0.09459962312354593,0.7527084473779478,0.6443606401621781,0.4100175632198855,0.34248403348590717,0.2812274142517938
5574,0.09459962312354593,0.7527084473779478,0.6443606401621781,0.4100175632198855,0.34248403348590717,0.2812274142517938
5575,0.09459962312354593,0.7527084473779478,0.6443606401621781,0.4100175632198855,0.34248403348590717,0.2812274142517938
5576,0.09459962312354593,0.7527084473779478,0.6443606401621781,0.4100175632198855,0.34248403348590717,0.2812274142517938
5577,0.09459962312354593,0.7527084473779478,0.6443606401621781,0.4100175632198855,0.34248403348590717,0.2812274142517938
5578,0.09459962312354593,0.7527084473779478,0.6443606401621781,0.4100175632198855,0.34248403348590717,0.2812274142517938
5579,0.09459962312354593,0.7527084473779478,0.6443606401621781,0.4100175632198855,0.34248403348590717,0.2812274142517938
5580,0.09459962312354593,0.7527084473779478,0.6443606401621781,0.4100175632198855,0.34248403348590717,0.2812274142517938
5581,0.09459962312354593,0.7527084473779478,0.6443606401621781,0.4100175632198855,0.34248403348590717,0.2812274142517938
5582,0.09459962312354593,0.7527084473779478,0.6443606401621781,0.4100175632198855,0.34248403348590717,0.2812274142517938
5583,0.09459962312354593,0.7527084473779478,0.6443606401621781,0.4100175632198855,0.34248403348590717,0.2812274142517938
5584,0.09459962312354593,0.7527084473779478,0.6443606401621781,0.4100175632198855,0.34248403348590717,0.2812274142517938
5585,0.09459962312354593,0.7527084473779478,0.6443606401621781,0.4100175632198855,0.34248403348590717,0.2812274142517938
5586,0.09459962312354593,0.7527084473779478,0.6443606401621781,0.4100175632198855,0.34248403348590717,0.2812274142517938
5587,0.09459962312354593,0.7527084473779478,0.6443606401621781,0.4100175632198855,0.34248403348590717,0.2812274142517938
5588,0.09459962312354593,0.7527084473779478,0.6443606401621781,0.4100175632198855,0.34248403348590717,0.2812274142517938
5589,0.09459962312354593,0.7527084473779478,0.6443606401621781,0.4100175632198855,0.34248403348590717,0.2812274142517938
5590,0.09459962312354593,0.7527084473779478,0.6443606401621781,0.4100175632198855,0.34248403348590717,0.2812274142517938
5591,0.09459962312354593,0.7527084473779478,0.6443606401621781,0.4100175632198855,0.34248403348590717,0.2812274142517938
5592,0.09382500329570986,0.7363250418310311,0.6283828906014366,0.4031569824142851,0.3349299942423927,0.27675305883105467
5593,0.09382500329570986,0.7363250418310311,0.6283828906014366,0.4031569824142851,0.3349299942423927,0.27675305883105467
5594,0.09382500329570986,0.7363250418310311,0.6283828906014366,0.4031569824142851,0.3349299942423927,0.27675305883105467
5595,0.09382500329570986,0.7363250418310311,0.6283828906014366,0.4031569824142851,0.3349299942423927,0.27675305883105467
5596,0.09382500329570986,0.7363250418310311,0.6283828906014366,0.4031569824142851,0.3349299942423927,0.27675305883105467
5597,0.09382500329570986,0.7363250418310311,0.6283828906014366,0.4031569824142851,0.3349299942423927,0.27675305883105467
5598,0.09382500329570986,0.7363250418310311,0.6283828906014366,0.4031569824142851,0.3349299942423927,0.27675305883105467
5599,0.09382500329570986,0.7363250418310311,0.6283828906014366,0.4031569824142851,0.3349299942423927,0.27675305883105467
5600,0.09382500329570986,0.7363250418310311,0.6283828906014366,0.4031569824142851,0.3349299942423927,0.27675305883105467
5601,0.09382500329570986,0.7363250418310311,0.6283828906014366,0.4031569824142851,0.3349299942423927,0.27675305883105467
5602,0.09382500329570986,0.7363250418310311,0.6283828906014366,0.4031569824142851,0.3349299942423927,0.27675305883105467
5603,0.09382500329570986,0.7363250418310311,0.6283828906014366,0.4031569824142851,0.3349299942423927,0.27675305883105467
5604,0.09382500329570986,0.7363250418310311,0.6283828906014366,0.4031569824142851,0.3349299942423927,0.27675305883105467
5605,0.09382500329570986,0.7363250418310311,0.6283828906014366,0.4031569824142851,0.3349299942423927,0.27675305883105467
5606,0.09382500329570986,0.7363250418310311,0.6283828906014366,0.4031569824142851,0.3349299942423927,0.27675305883105467
5607,0.09382500329570986,0.7363250418310311,0.6283828906014366,0.4031569824142851,0.3349299942423927,0.27675305883105467
5608,0.09382500329570986,0.7363250418310311,0.6283828906014366,0.4031569824142851,0.3349299942423927,0.27675305883105467
5609,0.09382500329570986,0.7363250418310311,0.6283828906014366,0.4031569824142851,0.3349299942423927,0.27675305883105467
5610,0.09382500329570986,0.7363250418310311,0.6283828906014366,0.4031569824142851,0.3349299942423927,0.27675305883105467
5611,0.09382500329570986,0.7363250418310311,0.6283828906014366,0.4031569824142851,0.3349299942423927,0.27675305883105467
5612,0.09382500329570986,0.7363250418310311,0.6283828906014366,0.4031569824142851,0.3349299942423927,0.27675305883105467
5613,0.09382500329570986,0.7363250418310311,0.6283828906014366,0.4031569824142851,0.3349299942423927,0.27675305883105467
5614,0.09382500329570986,0.7363250418310311,0.6283828906014366,0.4031569824142851,0.3349299942423927,0.27675305883105467
5615,0.09382500329570986,0.7363250418310311,0.6283828906014366,0.4031569824142851,0.3349299942423927,0.27675305883105467
5616,0.09314192011412015,0.7227320533675569,0.6151068652249004,0.39746238599053035,0.3289609798893152,0.2729596920284691
5617,0.09314192011412015,0.7227320533675569,0.6151068652249004,0.39746238599053035,0.3289609798893152,0.2729596920284691
5618,0.09314192011412015,0.7227320533675569,0.6151068652249004,0.39746238599053035,0.3289609798893152,0.2729596920284691
5619,0.09314192011412015,0.7227320533675569,0.6151068652249004,0.39746238599053035,0.3289609798893152,0.2729596920284691
5620,0.09314192011412015,0.7227320533675569,0.6151068652249004,0.39746238599053035,0.3289609798893152,0.2729596920284691
5621,0.09314192011412015,0.7227320533675569,0.6151068652249004,0.39746238599053035,0.3289609798893152,0.2729596920284691
5622,0.09314192011412015,0.7227320533675569,0.6151068652249004,0.39746238599053035,0.3289609798893152,0.2729596920284691
5623,0.09314192011412015,0.7227320533675569,0.6151068652249004,0.39746238599053035,0.3289609798893152,0.2729596920284691
5624,0.09314192011412015,0.7227320533675569,0.6151068652249004,0.39746238599053035,0.3289609798893152,0.2729596920284691
5625,0.09314192011412015,0.7227320533675569,0.6151068652249004,0.39746238599053035,0.3289609798893152,0.2729596920284691
5626,0.09314192011412015,0.7227320533675569,0.6151068652249004,0.39746238599053035,0.3289609798893152,0.2729596920284691
5627,0.09314192011412015,0.7227320533675569,0.6151068652249004,0.39746238599053035,0.3289609798893152,0.2729596920284691
5628,0.09314192011412015,0.7227320533675569,0.6151068652249004,0.39746238599053035,0.3289609798893152,0.2729596920284691
5629,0.09314192011412015,0.7227320533675569,0.6151068652249004,0.39746238599053035,0.3289609798893152,0.2729596920284691
5630,0.09314192011412015,0.7227320533675569,0.6151068652249004,0.39746238599053035,0.3289609798893152,0.2729596920284691
5631,0.09314192011412015,0.7227320533675569,0.6151068652249004,0.39746238599053035,0.3289609798893152,0.2729596920284691
5632,0.09314192011412015,0.7227320533675569,0.6151068652249004,0.39746238599053035,0.3289609798893152,0.2729596920284691
5633,0.09314192011412015,0.7227320533675569,0.6151068652249004,0.39746238599053035,0.3289609798893152,0.2729596920284691
5634,0.09314192011412015,0.7227320533675569,0.6151068652249004,0.39746238599053035,0.3289609798893152,0.2729596920284691
5635,0.09314192011412015,0.7227320533675569,0.6151068652249004,0.39746238599053035,0.3289609798893152,0.2729596920284691
5636,0.09314192011412015,0.7227320533675569,0.6151068652249004,0.39746238599053035,0.3289609798893152,0.2729596920284691
5637,0.09314192011412015,0.7227320533675569,0.6151068652249004,0.39746238599053035,0.3289609798893152,0.2729596920284691
5638,0.09314192011412015,0.7227320533675569,0.6151068652249004,0.39746238599053035,0.3289609798893152,0.2729596920284691
5639,0.09314192011412015,0.7227320533675569,0.6151068652249004,0.39746238599053035,0.3289609798893152,0.2729596920284691
5640,0.09244613034610953,0.7088083248398327,0.6015278464386732,0.39167704146246124,0.32275996919282496,0.2690955488543174
5641,0.09244613034610953,0.7088083248398327,0.6015278464386732,0.39167704146246124,0.32275996919282496,0.2690955488543174
5642,0.09244613034610953,0.7088083248398327,0.6015278464386732,0.39167704146246124,0.32275996919282496,0.2690955488543174
5643,0.09244613034610953,0.7088083248398327,0.6015278464386732,0.39167704146246124,0.32275996919282496,0.2690955488543174
5644,0.09244613034610953,0.7088083248398327,0.6015278464386732,0.39167704146246124,0.32275996919282496,0.2690955488543174
5645,0.09244613034610953,0.7088083248398327,0.6015278464386732,0.39167704146246124,0.32275996919282496,0.2690955488543174
5646,0.09244613034610953,0.7088083248398327,0.6015278464386732,0.39167704146246124,0.32275996919282496,0.2690955488543174
5647,0.09244613034610953,0.7088083248398327,0.6015278464386732,0.39167704146246124,0.32275996919282496,0.2690955488543174
5648,0.09244613034610953,0.7088083248398327,0.6015278464386732,0.39167704146246124,0.32275996919282496,0.2690955488543174
5649,0.09244613034610953,0.7088083248398327,0.6015278464386732,0.39167704146246124,0.32275996919282496,0.2690955488543174
5650,0.09244613034610953,0.7088083248398327,0.6015278464386732,0.39167704146246124,0.32275996919282496,0.2690955488543174
5651,0.09244613034610953,0.7088083248398327,0.6015278464386732,0.39167704146246124,0.32275996919282496,0.2690955488543174
5652,0.09244613034610953,0.7088083248398327,0.6015278464386732,0.39167704146246124,0.32275996919282496,0.2690955488543174
5653,0.09244613034610953,0.7088083248398327,0.6015278464386732,0.39167704146246124,0.32275996919282496,0.2690955488543174
5654,0.09244613034610953,0.7088083248398327,0.6015278464386732,0.39167704146246124,0.32275996919282496,0.2690955488543174
5655,0.09244613034610953,0.7088083248398327,0.6015278464386732,0.39167704146246124,0.32275996919282496,0.2690955488543174
5656,0.09244613034610953,0.7088083248398327,0.6015278464386732,0.39167704146246124,0.32275996919282496,0.2690955488543174
5657,0.09244613034610953,0.7088083248398327,0.6015278464386732,0.39167704146246124,0.32275996919282496,0.2690955488543174
5658,0.09244613034610953,0.7088083248398327,0.6015278464386732,0.39167704146246124,0.32275996919282496,0.2690955488543174
5659,0.09244613034610953,0.7088083248398327,0.6015278464386732,0.39167704146246124,0.32275996919282496,0.2690955488543174
5660,0.09244613034610953,0.7088083248398327,0.6015278464386732,0.39167704146246124,0.32275996919282496,0.2690955488543174
5661,0.09244613034610953,0.7088083248398327,0.6015278464386732,0.39167704146246124,0.32275996919282496,0.2690955488543174
5662,0.09244613034610953,0.7088083248398327,0.6015278464386732,0.39167704146246124,0.32275996919282496,0.2690955488543174
5663,0.09244613034610953,0.7088083248398327,0.6015278464386732,0.39167704146246124,0.32275996919282496,0.2690955488543174
5664,0.09190609272645789,0.6983951797925699,0.5915090606133774,0.3872900191909459,0.31832146496381253,0.2659769927990022
5665,0.09190609272645789,0.6983951797925699,0.5915090606133774,0.3872900191909459,0.31832146496381253,0.2659769927990022
5666,0.09190609272645789,0.6983951797925699,0.5915090606133774,0.3872900191909459,0.31832146496381253,0.2659769927990022
5667,0.09190609272645789,0.6983951797925699,0.5915090606133774,0.3872900191909459,0.31832146496381253,0.2659769927990022
5668,0.09190609272645789,0.6983951797925699,0.5915090606133774,0.3872900191909459,0.31832146496381253,0.2659769927990022
5669,0.09190609272645789,0.6983951797925699,0.5915090606133774,0.3872900191909459,0.31832146496381253,0.2659769927990022
5670,0.09190609272645789,0.6983951797925699,0.5915090606133774,0.3872900191909459,0.31832146496381253,0.2659769927990022
5671,0.09190609272645789,0.6983951797925699,0.5915090606133774,0.3872900191909459,0.31832146496381253,0.2659769927990022
5672,0.09190609272645789,0.6983951797925699,0.5915090606133774,0.3872900191909459,0.31832146496381253,0.2659769927990022
5673,0.09190609272645789,0.6983951797925699,0.5915090606133774,0.3872900191909459,0.31832146496381253,0.2659769927990022
5674,0.09190609272645789,0.6983951797925699,0.5915090606133774,0.3872900191909459,0.31832146496381253,0.2659769927990022
5675,0.09190609272645789,0.6983951797925699,0.5915090606133774,0.3872900191909459,0.31832146496381253,0.2659769927990022
5676,0.09190609272645789,0.6983951797925699,0.5915090606133774,0.3872900191909459,0.31832146496381253,0.2659769927990022
5677,0.09190609272645789,0.6983951797925699,0.5915090606133774,0.3872900191909459,0.31832146496381253,0.2659769927990022
5678,0.09190609272645789,0.6983951797925699,0.5915090606133774,0.3872900191909459,0.31832146496381253,0.2659769927990022
5679,0.09190609272645789,0.6983951797925699,0.5915090606133774,0.3872900191909459,0.31832146496381253,0.2659769927990022
5680,0.09190609272645789,0.6983951797925699,0.5915090606133774,0.3872900191909459,0.31832146496381253,0.2659769927990022
5681,0.09190609272645789,0.6983951797925699,0.5915090606133774,0.3872900191909459,0.31832146496381253,0.2659769927990022
5682,0.09190609272645789,0.6983951797925699,0.5915090606133774,0.3872900191909459,0.31832146496381253,0.2659769927990022
5683,0.09190609272645789,0.6983951797925699,0.5915090606133774,0.3872900191909459,0.31832146496381253,0.2659769927990022
5684,0.09190609272645789,0.6983951797925699,0.5915090606133774,0.3872900191909459,0.31832146496381253,0.2659769927990022
5685,0.09190609272645789,0.6983951797925699,0.5915090606133774,0.3872900191909459,0.31832146496381253,0.2659769927990022
5686,0.09190609272645789,0.6983951797925699,0.5915090606133774,0.3872900191909459,0.31832146496381253,0.2659769927990022
5687,0.09190609272645789,0.6983951797925699,0.5915090606133774,0.3872900191909459,0.31832146496381253,0.2659769927990022
5688,0.09108765741950557,0.680652200767339,0.5744546473813336,0.37967367187633694,0.3101935267089315,0.2611517906168563
5689,0.09108765741950557,0.680652200767339,0.5744546473813336,0.37967367187633694,0.3101935267089315,0.2611517906168563
5690,0.09108765741950557,0.680652200767339,0.5744546473813336,0.37967367187633694,0.3101935267089315,0.2611517906168563
5691,0.09108765741950557,0.680652200767339,0.5744546473813336,0.37967367187633694,0.3101935267089315,0.2611517906168563
5692,0.09108765741950557,0.680652200767339,0.5744546473813336,0.37967367187633694,0.3101935267089315,0.2611517906168563
5693,0.09108765741950557,0.680652200767339,0.5744546473813336,0.37967367187633694,0.3101935267089315,0.2611517906168563
5694,0.09108765741950557,0.680652200767339,0.5744546473813336,0.37967367187633694,0.3101935267089315,0.2611517906168563
5695,0.09108765741950557,0.680652200767339,0.5744546473813336,0.37967367187633694,0.3101935267089315,0.2611517906168563
5696,0.09108765741950557,0.680652200767339,0.5744546473813336,0.37967367187633694,0.3101935267089315,0.2611517906168563
5697,0.09108765741950557,0.680652200767339,0.5744546473813336,0.37967367187633694,0.3101935267089315,0.2611517906168563
5698,0.09108765741950557,0.680652200767339,0.5744546473813336,0.37967367187633694,0.3101935267089315,0.2611517906168563
5699,0.09108765741950557,0.680652200767339,0.5744546473813336,0.37967367187633694,0.3101935267089315,0.2611517906168563
5700,0.09108765741950557,0.680652200767339,0.5744546473813336,0.37967367187633694,0.3101935267089315,0.2611517906168563
5701,0.09108765741950557,0.680652200767339,0.5744546473813336,0.37967367187633694,0.3101935267089315,0.2611517906168563
5702,0.09108765741950557,0.680652200767339,0.5744546473813336,0.37967367187633694,0.3101935267089315,0.2611517906168563
5703,0.09108765741950557,0.680652200767339,0.5744546473813336,0.37967367187633694,0.3101935267089315,0.2611517906168563
5704,0.09108765741950557,0.680652200767339,0.5744546473813336,0.37967367187633694,0.3101935267089315,0.2611517906168563
5705,0.09108765741950557,0.680652200767339,0.5744546473813336,0.37967367187633694,0.3101935267089315,0.2611517906168563
5706,0.09108765741950557,0.680652200767339,0.5744546473813336,0.37967367187633694,0.3101935267089315,0.2611517906168563
5707,0.09108765741950557,0.680652200767339,0.5744546473813336,0.37967367187633694,0.3101935267089315,0.2611517906168563
5708,0.09108765741950557,0.680652200767339,0.5744546473813336,0.37967367187633694,0.3101935267089315,0.2611517906168563
5709,0.09108765741950557,0.680652200767339,0.5744546473813336,0.37967367187633694,0.3101935267089315,0.2611517906168563
5710,0.09108765741950557,0.680652200767339,0.5744546473813336,0.37967367187633694,0.3101935267089315,0.2611517906168563
5711,0.09108765741950557,0.680652200767339,0.5744546473813336,0.37967367187633694,0.3101935267089315,0.2611517906168563
5712,0.09048264439116371,0.6691443511824157,0.5632423944078718,0.37485813050384525,0.30517943544517895,0.25783865520208743
5713,0.09048264439116371,0.6691443511824157,0.5632423944078718,0.37485813050384525,0.30517943544517895,0.25783865520208743
5714,0.09048264439116371,0.6691443511824157,0.5632423944078718,0.37485813050384525,0.30517943544517895,0.25783865520208743
5715,0.09048264439116371,0.6691443511824157,0.5632423944078718,0.37485813050384525,0.30517943544517895,0.25783865520208743
5716,0.09048264439116371,0.6691443511824157,0.5632423944078718,0.37485813050384525,0.30517943544517895,0.25783865520208743
5717,0.09048264439116371,0.6691443511824157,0.5632423944078718,0.37485813050384525,0.30517943544517895,0.25783865520208743
5718,0.09048264439116371,0.6691443511824157,0.5632423944078718,0.37485813050384525,0.30517943544517895,0.25783865520208743
5719,0.09048264439116371,0.6691443511824157,0.5632423944078718,0.37485813050384525,0.30517943544517895,0.25783865520208743
5720,0.09048264439116371,0.6691443511824157,0.5632423944078718,0.37485813050384525,0.30517943544517895,0.25783865520208743
5721,0.09048264439116371,0.6691443511824157,0.5632423944078718,0.37485813050384525,0.30517943544517895,0.25783865520208743
5722,0.09048264439116371,0.6691443511824157,0.5632423944078718,0.37485813050384525,0.30517943544517895,0.25783865520208743
5723,0.09048264439116371,0.6691443511824157,0.5632423944078718,0.37485813050384525,0.30517943544517895,0.25783865520208743
5724,0.09048264439116371,0.6691443511824157,0.5632423944078718,0.37485813050384525,0.30517943544517895,0.25783865520208743
5725,0.09048264439116371,0.6691443511824157,0.5632423944078718,0.37485813050384525,0.30517943544517895,0.25783865520208743
5726,0.09048264439116371,0.6691443511824157,0.5632423944078718,0.37485813050384525,0.30517943544517895,0.25783865520208743
5727,0.09048264439116371,0.6691443511824157,0.5632423944078718,0.37485813050384525,0.30517943544517895,0.25783865520208743
5728,0.09048264439116371,0.6691443511824157,0.5632423944078718,0.37485813050384525,0.30517943544517895,0.25783865520208743
5729,0.09048264439116371,0.6691443511824157,0.5632423944078718,0.37485813050384525,0.30517943544517895,0.25783865520208743
5730,0.09048264439116371,0.6691443511824157,0.5632423944078718,0.37485813050384525,0.30517943544517895,0.25783865520208743
5731,0.09048264439116371,0.6691443511824157,0.5632423944078718,0.37485813050384525,0.30517943544517895,0.25783865520208743
5732,0.09048264439116371,0.6691443511824157,0.5632423944078718,0.37485813050384525,0.30517943544517895,0.25783865520208743
5733,0.09048264439116371,0.6691443511824157,0.5632423944078718,0.37485813050384525,0.30517943544517895,0.25783865520208743
5734,0.09048264439116371,0.6691443511824157,0.5632423944078718,0.37485813050384525,0.30517943544517895,0.25783865520208743
5735,0.09048264439116371,0.6691443511824157,0.5632423944078718,0.37485813050384525,0.30517943544517895,0.25783865520208743
5736,0.08994763016196634,0.6585893242230082,0.5531103282790439,0.37040877761547303,0.30069088557471596,0.25469441467869913
5737,0.08994763016196634,0.6585893242230082,0.5531103282790439,0.37040877761547303,0.30069088557471596,0.25469441467869913
5738,0.08994763016196634,0.6585893242230082,0.5531103282790439,0.37040877761547303,0.30069088557471596,0.25469441467869913
5739,0.08994763016196634,0.6585893242230082,0.5531103282790439,0.37040877761547303,0.30069088557471596,0.25469441467869913
5740,0.08994763016196634,0.6585893242230082,0.5531103282790439,0.37040877761547303,0.30069088557471596,0.25469441467869913
5741,0.08994763016196634,0.6585893242230082,0.5531103282790439,0.37040877761547303,0.30069088557471596,0.25469441467869913
5742,0.08994763016196634,0.6585893242230082,0.5531103282790439,0.37040877761547303,0.30069088557471596,0.25469441467869913
5743,0.08994763016196634,0.6585893242230082,0.5531103282790439,0.37040877761547303,0.30069088557471596,0.25469441467869913
5744,0.08994763016196634,0.6585893242230082,0.5531103282790439,0.37040877761547303,0.30069088557471596,0.25469441467869913
5745,0.08994763016196634,0.6585893242230082,0.5531103282790439,0.37040877761547303,0.30069088557471596,0.25469441467869913
5746,0.08994763016196634,0.6585893242230082,0.5531103282790439,0.37040877761547303,0.30069088557471596,0.25469441467869913
5747,0.08994763016196634,0.6585893242230082,0.5531103282790439,0.37040877761547303,0.30069088557471596,0.25469441467869913
5748,0.08994763016196634,0.6585893242230082,0.5531103282790439,0.37040877761547303,0.30069088557471596,0.25469441467869913
5749,0.08994763016196634,0.6585893242230082,0.5531103282790439,0.37040877761547303,0.30069088557471596,0.25469441467869913
5750,0.08994763016196634,0.6585893242230082,0.5531103282790439,0.37040877761547303,0.30069088557471596,0.25469441467869913
5751,0.08994763016196634,0.6585893242230082,0.5531103282790439,0.37040877761547303,0.30069088557471596,0.25469441467869913
5752,0.08994763016196634,0.6585893242230082,0.5531103282790439,0.37040877761547303,0.30069088557471596,0.25469441467869913
5753,0.08994763016196634,0.6585893242230082,0.5531103282790439,0.37040877761547303,0.30069088557471596,0.25469441467869913
5754,0.08994763016196634,0.6585893242230082,0.5531103282790439,0.37040877761547303,0.30069088557471596,0.25469441467869913
5755,0.08994763016196634,0.6585893242230082,0.5531103282790439,0.37040877761547303,0.30069088557471596,0.25469441467869913
5756,0.08994763016196634,0.6585893242230082,0.5531103282790439,0.37040877761547303,0.30069088557471596,0.25469441467869913
5757,0.08994763016196634,0.6585893242230082,0.5531103282790439,0.37040877761547303,0.30069088557471596,0.25469441467869913
5758,0.08994763016196634,0.6585893242230082,0.5531103282790439,0.37040877761547303,0.30069088557471596,0.25469441467869913
5759,0.08994763016196634,0.6585893242230082,0.5531103282790439,0.37040877761547303,0.30069088557471596,0.25469441467869913
5760,0.08920351427904553,0.6435373556832197,0.5384493248988992,0.3636483773568562,0.2942080204299138,0.25038592301228785
5761,0.08920351427904553,0.6435373556832197,0.5384493248988992,0.3636483773568562,0.2942080204299138,0.25038592301228785
5762,0.08920351427904553,0.6435373556832197,0.5384493248988992,0.3636483773568562,0.2942080204299138,0.25038592301228785
5763,0.08920351427904553,0.6435373556832197,0.5384493248988992,0.3636483773568562,0.2942080204299138,0.25038592301228785
5764,0.08920351427904553,0.6435373556832197,0.5384493248988992,0.3636483773568562,0.2942080204299138,0.25038592301228785
5765,0.08920351427904553,0.6435373556832197,0.5384493248988992,0.3636483773568562,0.2942080204299138,0.25038592301228785
5766,0.08920351427904553,0.6435373556832197,0.5384493248988992,0.3636483773568562,0.2942080204299138,0.25038592301228785
5767,0.08920351427904553,0.6435373556832197,0.5384493248988992,0.3636483773568562,0.2942080204299138,0.25038592301228785
5768,0.08920351427904553,0.6435373556832197,0.5384493248988992,0.3636483773568562,0.2942080204299138,0.25038592301228785
5769,0.08920351427904553,0.6435373556832197,0.5384493248988992,0.3636483773568562,0.2942080204299138,0.25038592301228785
5770,0.08920351427904553,0.6435373556832197,0.5384493248988992,0.3636483773568562,0.2942080204299138,0.25038592301228785
5771,0.08920351427904553,0.6435373556832197,0.5384493248988992,0.3636483773568562,0.2942080204299138,0.25038592301228785
5772,0.08920351427904553,0.6435373556832197,0.5384493248988992,0.3636483773568562,0.2942080204299138,0.25038592301228785
5773,0.08920351427904553,0.6435373556832197,0.5384493248988992,0.3636483773568562,0.2942080204299138,0.25038592301228785
5774,0.08920351427904553,0.6435373556832197,0.5384493248988992,0.3636483773568562,0.2942080204299138,0.25038592301228785
5775,0.08920351427904553,0.6435373556832197,0.5384493248988992,0.3636483773568562,0.2942080204299138,0.25038592301228785
5776,0.08920351427904553,0.6435373556832197,0.5384493248988992,0.3636483773568562,0.2942080204299138,0.25038592301228785
5777,0.08920351427904553,0.6435373556832197,0.5384493248988992,0.3636483773568562,0.2942080204299138,0.25038592301228785
5778,0.08920351427904553,0.6435373556832197,0.5384493248988992,0.3636483773568562,0.2942080204299138,0.25038592301228785
5779,0.08920351427904553,0.6435373556832197,0.5384493248988992,0.3636483773568562,0.2942080204299138,0.25038592301228785
5780,0.08920351427904553,0.6435373556832197,0.5384493248988992,0.3636483773568562,0.2942080204299138,0.25038592301228785
5781,0.08920351427904553,0.6435373556832197,0.5384493248988992,0.3636483773568562,0.2942080204299138,0.25038592301228785
5782,0.08920351427904553,0.6435373556832197,0.5384493248988992,0.3636483773568562,0.2942080204299138,0.25038592301228785
5783,0.08920351427904553,0.6435373556832197,0.5384493248988992,0.3636483773568562,0.2942080204299138,0.25038592301228785
5784,0.08840473868322836,0.6267314072485325,0.5221833468325974,0.3562210345442021,0.28680851584803785,0.24574885897317733
5785,0.08840473868322836,0.6267314072485325,0.5221833468325974,0.3562210345442021,0.28680851584803785,0.24574885897317733
5786,0.08840473868322836,0.6267314072485325,0.5221833468325974,0.3562210345442021,0.28680851584803785,0.24574885897317733
5787,0.08840473868322836,0.6267314072485325,0.5221833468325974,0.3562210345442021,0.28680851584803785,0.24574885897317733
5788,0.08840473868322836,0.6267314072485325,0.5221833468325974,0.3562210345442021,0.28680851584803785,0.24574885897317733
5789,0.08840473868322836,0.6267314072485325,0.5221833468325974,0.3562210345442021,0.28680851584803785,0.24574885897317733
5790,0.08840473868322836,0.6267314072485325,0.5221833468325974,0.3562210345442021,0.28680851584803785,0.24574885897317733
5791,0.08840473868322836,0.6267314072485325,0.5221833468325974,0.3562210345442021,0.28680851584803785,0.24574885897317733
5792,0.08840473868322836,0.6267314072485325,0.5221833468325974,0.3562210345442021,0.28680851584803785,0.24574885897317733
5793,0.08840473868322836,0.6267314072485325,0.5221833468325974,0.3562210345442021,0.28680851584803785,0.24574885897317733
5794,0.08840473868322836,0.6267314072485325,0.5221833468325974,0.3562210345442021,0.28680851584803785,0.24574885897317733
5795,0.08840473868322836,0.6267314072485325,0.5221833468325974,0.3562210345442021,0.28680851584803785,0.24574885897317733
5796,0.08840473868322836,0.6267314072485325,0.5221833468325974,0.3562210345442021,0.28680851584803785,0.24574885897317733
5797,0.08840473868322836,0.6267314072485325,0.5221833468325974,0.3562210345442021,0.28680851584803785,0.24574885897317733
5798,0.08840473868322836,0.6267314072485325,0.5221833468325974,0.3562210345442021,0.28680851584803785,0.24574885897317733
5799,0.08840473868322836,0.6267314072485325,0.5221833468325974,0.3562210345442021,0.28680851584803785,0.24574885897317733
5800,0.08840473868322836,0.6267314072485325,0.5221833468325974,0.3562210345442021,0.28680851584803785,0.24574885897317733
5801,0.08840473868322836,0.6267314072485325,0.5221833468325974,0.3562210345442021,0.28680851584803785,0.24574885897317733
5802,0.08840473868322836,0.6267314072485325,0.5221833468325974,0.3562210345442021,0.28680851584803785,0.24574885897317733
5803,0.08840473868322836,0.6267314072485325,0.5221833468325974,0.3562210345442021,0.28680851584803785,0.24574885897317733
5804,0.08840473868322836,0.6267314072485325,0.5221833468325974,0.3562210345442021,0.28680851584803785,0.24574885897317733
5805,0.08840473868322836,0.6267314072485325,0.5221833468325974,0.3562210345442021,0.28680851584803785,0.24574885897317733
5806,0.08840473868322836,0.6267314072485325,0.5221833468325974,0.3562210345442021,0.28680851584803785,0.24574885897317733
5807,0.08840473868322836,0.6267314072485325,0.5221833468325974,0.3562210345442021,0.28680851584803785,0.24574885897317733
5808,0.08766209764712922,0.6113631852180307,0.5069983858605485,0.3498681169866886,0.2798105946375818,0.2415283637800447
5809,0.08766209764712922,0.6113631852180307,0.5069983858605485,0.3498681169866886,0.2798105946375818,0.2415283637800447
5810,0.08766209764712922,0.6113631852180307,0.5069983858605485,0.3498681169866886,0.2798105946375818,0.2415283637800447
5811,0.08766209764712922,0.6113631852180307,0.5069983858605485,0.3498681169866886,0.2798105946375818,0.2415283637800447
5812,0.08766209764712922,0.6113631852180307,0.5069983858605485,0.3498681169866886,0.2798105946375818,0.2415283637800447
5813,0.08766209764712922,0.6113631852180307,0.5069983858605485,0.3498681169866886,0.2798105946375818,0.2415283637800447
5814,0.08766209764712922,0.6113631852180307,0.5069983858605485,0.3498681169866886,0.2798105946375818,0.2415283637800447
5815,0.08766209764712922,0.6113631852180307,0.5069983858605485,0.3498681169866886,0.2798105946375818,0.2415283637800447
5816,0.08766209764712922,0.6113631852180307,0.5069983858605485,0.3498681169866886,0.2798105946375818,0.2415283637800447
5817,0.08766209764712922,0.6113631852180307,0.5069983858605485,0.3498681169866886,0.2798105946375818,0.2415283637800447
5818,0.08766209764712922,0.6113631852180307,0.5069983858605485,0.3498681169866886,0.2798105946375818,0.2415283637800447
5819,0.08766209764712922,0.6113631852180307,0.5069983858605485,0.3498681169866886,0.2798105946375818,0.2415283637800447
5820,0.08766209764712922,0.6113631852180307,0.5069983858605485,0.3498681169866886,0.2798105946375818,0.2415283637800447
5821,0.08766209764712922,0.6113631852180307,0.5069983858605485,0.3498681169866886,0.2798105946375818,0.2415283637800447
5822,0.08766209764712922,0.6113631852180307,0.5069983858605485,0.3498681169866886,0.2798105946375818,0.2415283637800447
5823,0.08766209764712922,0.6113631852180307,0.5069983858605485,0.3498681169866886,0.2798105946375818,0.2415283637800447
5824,0.08766209764712922,0.6113631852180307,0.5069983858605485,0.3498681169866886,0.2798105946375818,0.2415283637800447
5825,0.08766209764712922,0.6113631852180307,0.5069983858605485,0.3498681169866886,0.2798105946375818,0.2415283637800447
5826,0.08766209764712922,0.6113631852180307,0.5069983858605485,0.3498681169866886,0.2798105946375818,0.2415283637800447
5827,0.08766209764712922,0.6113631852180307,0.5069983858605485,0.3498681169866886,0.2798105946375818,0.2415283637800447
5828,0.08766209764712922,0.6113631852180307,0.5069983858605485,0.3498681169866886,0.2798105946375818,0.2415283637800447
5829,0.08766209764712922,0.6113631852180307,0.5069983858605485,0.3498681169866886,0.2798105946375818,0.2415283637800447
5830,0.08766209764712922,0.6113631852180307,0.5069983858605485,0.3498681169866886,0.2798105946375818,0.2415283637800447
5831,0.08766209764712922,0.6113631852180307,0.5069983858605485,0.3498681169866886,0.2798105946375818,0.2415283637800447
5832,0.08684226347815094,0.5921057499524848,0.4881759834690211,0.3418987279540009,0.2703021496263573,0.2363897891109615
5833,0.08684226347815094,0.5921057499524848,0.4881759834690211,0.3418987279540009,0.2703021496263573,0.2363897891109615
5834,0.08684226347815094,0.5921057499524848,0.4881759834690211,0.3418987279540009,0.2703021496263573,0.2363897891109615
5835,0.08684226347815094,0.5921057499524848,0.4881759834690211,0.3418987279540009,0.2703021496263573,0.2363897891109615
5836,0.08684226347815094,0.5921057499524848,0.4881759834690211,0.3418987279540009,0.2703021496263573,0.2363897891109615
5837,0.08684226347815094,0.5921057499524848,0.4881759834690211,0.3418987279540009,0.2703021496263573,0.2363897891109615
5838,0.08684226347815094,0.5921057499524848,0.4881759834690211,0.3418987279540009,0.2703021496263573,0.2363897891109615
5839,0.08684226347815094,0.5921057499524848,0.4881759834690211,0.3418987279540009,0.2703021496263573,0.2363897891109615
5840,0.08684226347815094,0.5921057499524848,0.4881759834690211,0.3418987279540009,0.2703021496263573,0.2363897891109615
5841,0.08684226347815094,0.5921057499524848,0.4881759834690211,0.3418987279540009,0.2703021496263573,0.2363897891109615
5842,0.08684226347815094,0.5921057499524848,0.4881759834690211,0.3418987279540009,0.2703021496263573,0.2363897891109615
5843,0.08684226347815094,0.5921057499524848,0.4881759834690211,0.3418987279540009,0.2703021496263573,0.2363897891109615
5844,0.08684226347815094,0.5921057499524848,0.4881759834690211,0.3418987279540009,0.2703021496263573,0.2363897891109615
5845,0.08684226347815094,0.5921057499524848,0.4881759834690211,0.3418987279540009,0.2703021496263573,0.2363897891109615
5846,0.08684226347815094,0.5921057499524848,0.4881759834690211,0.3418987279540009,0.2703021496263573,0.2363897891109615
5847,0.08684226347815094,0.5921057499524848,0.4881759834690211,0.3418987279540009,0.2703021496263573,0.2363897891109615
5848,0.08684226347815094,0.5921057499524848,0.4881759834690211,0.3418987279540009,0.2703021496263573,0.2363897891109615
5849,0.08684226347815094,0.5921057499524848,0.4881759834690211,0.3418987279540009,0.2703021496263573,0.2363897891109615
5850,0.08684226347815094,0.5921057499524848,0.4881759834690211,0.3418987279540009,0.2703021496263573,0.2363897891109615
5851,0.08684226347815094,0.5921057499524848,0.4881759834690211,0.3418987279540009,0.2703021496263573,0.2363897891109615
5852,0.08684226347815094,0.5921057499524848,0.4881759834690211,0.3418987279540009,0.2703021496263573,0.2363897891109615
5853,0.08684226347815094,0.5921057499524848,0.4881759834690211,0.3418987279540009,0.2703021496263573,0.2363897891109615
5854,0.08684226347815094,0.5921057499524848,0.4881759834690211,0.3418987279540009,0.2703021496263573,0.2363897891109615
5855,0.08684226347815094,0.5921057499524848,0.4881759834690211,0.3418987279540009,0.2703021496263573,0.2363897891109615
5856,0.08572286897196256,0.5680873274919123,0.4624077888804328,0.33263938658999354,0.25748454335757237,0.23073605680261786
5857,0.08572286897196256,0.5680873274919123,0.4624077888804328,0.33263938658999354,0.25748454335757237,0.23073605680261786
5858,0.08572286897196256,0.5680873274919123,0.4624077888804328,0.33263938658999354,0.25748454335757237,0.23073605680261786
5859,0.08572286897196256,0.5680873274919123,0.4624077888804328,0.33263938658999354,0.25748454335757237,0.23073605680261786
5860,0.08572286897196256,0.5680873274919123,0.4624077888804328,0.33263938658999354,0.25748454335757237,0.23073605680261786
5861,0.08572286897196256,0.5680873274919123,0.4624077888804328,0.33263938658999354,0.25748454335757237,0.23073605680261786
5862,0.08572286897196256,0.5680873274919123,0.4624077888804328,0.33263938658999354,0.25748454335757237,0.23073605680261786
5863,0.08572286897196256,0.5680873274919123,0.4624077888804328,0.33263938658999354,0.25748454335757237,0.23073605680261786
5864,0.08572286897196256,0.5680873274919123,0.4624077888804328,0.33263938658999354,0.25748454335757237,0.23073605680261786
5865,0.08572286897196256,0.5680873274919123,0.4624077888804328,0.33263938658999354,0.25748454335757237,0.23073605680261786
5866,0.08572286897196256,0.5680873274919123,0.4624077888804328,0.33263938658999354,0.25748454335757237,0.23073605680261786
5867,0.08572286897196256,0.5680873274919123,0.4624077888804328,0.33263938658999354,0.25748454335757237,0.23073605680261786
5868,0.08572286897196256,0.5680873274919123,0.4624077888804328,0.33263938658999354,0.25748454335757237,0.23073605680261786
5869,0.08572286897196256,0.5680873274919123,0.4624077888804328,0.33263938658999354,0.25748454335757237,0.23073605680261786
5870,0.08572286897196256,0.5680873274919123,0.4624077888804328,0.33263938658999354,0.25748454335757237,0.23073605680261786
5871,0.08572286897196256,0.5680873274919123,0.4624077888804328,0.33263938658999354,0.25748454335757237,0.23073605680261786
5872,0.08572286897196256,0.5680873274919123,0.4624077888804328,0.33263938658999354,0.25748454335757237,0.23073605680261786
5873,0.08572286897196256,0.5680873274919123,0.4624077888804328,0.33263938658999354,0.25748454335757237,0.23073605680261786
5874,0.08572286897196256,0.5680873274919123,0.4624077888804328,0.33263938658999354,0.25748454335757237,0.23073605680261786
5875,0.08572286897196256,0.5680873274919123,0.4624077888804328,0.33263938658999354,0.25748454335757237,0.23073605680261786
5876,0.08572286897196256,0.5680873274919123,0.4624077888804328,0.33263938658999354,0.25748454335757237,0.23073605680261786
5877,0.08572286897196256,0.5680873274919123,0.4624077888804328,0.33263938658999354,0.25748454335757237,0.23073605680261786
5878,0.08572286897196256,0.5680873274919123,0.4624077888804328,0.33263938658999354,0.25748454335757237,0.23073605680261786
5879,0.08572286897196256,0.5680873274919123,0.4624077888804328,0.33263938658999354,0.25748454335757237,0.23073605680261786
5880,0.08512106825423756,0.5546476403928802,0.44765967839048554,0.3277098140742772,0.2502697095309468,0.22738177090069722
5881,0.08512106825423756,0.5546476403928802,0.44765967839048554,0.3277098140742772,0.2502697095309468,0.22738177090069722
5882,0.08512106825423756,0.5546476403928802,0.44765967839048554,0.3277098140742772,0.2502697095309468,0.22738177090069722
5883,0.08512106825423756,0.5546476403928802,0.44765967839048554,0.3277098140742772,0.2502697095309468,0.22738177090069722
5884,0.08512106825423756,0.5546476403928802,0.44765967839048554,0.3277098140742772,0.2502697095309468,0.22738177090069722
5885,0.08512106825423756,0.5546476403928802,0.44765967839048554,0.3277098140742772,0.2502697095309468,0.22738177090069722
5886,0.08512106825423756,0.5546476403928802,0.44765967839048554,0.3277098140742772,0.2502697095309468,0.22738177090069722
5887,0.08512106825423756,0.5546476403928802,0.44765967839048554,0.3277098140742772,0.2502697095309468,0.22738177090069722
5888,0.08512106825423756,0.5546476403928802,0.44765967839048554,0.3277098140742772,0.2502697095309468,0.22738177090069722
5889,0.08512106825423756,0.5546476403928802,0.44765967839048554,0.3277098140742772,0.2502697095309468,0.22738177090069722
5890,0.08512106825423756,0.5546476403928802,0.44765967839048554,0.3277098140742772,0.2502697095309468,0.22738177090069722
5891,0.08512106825423756,0.5546476403928802,0.44765967839048554,0.3277098140742772,0.2502697095309468,0.22738177090069722
5892,0.08512106825423756,0.5546476403928802,0.44765967839048554,0.3277098140742772,0.2502697095309468,0.22738177090069722
5893,0.08512106825423756,0.5546476403928802,0.44765967839048554,0.3277098140742772,0.2502697095309468,0.22738177090069722
5894,0.08512106825423756,0.5546476403928802,0.44765967839048554,0.3277098140742772,0.2502697095309468,0.22738177090069722
5895,0.08512106825423756,0.5546476403928802,0.44765967839048554,0.3277098140742772,0.2502697095309468,0.22738177090069722
5896,0.08512106825423756,0.5546476403928802,0.44765967839048554,0.3277098140742772,0.2502697095309468,0.22738177090069722
5897,0.08512106825423756,0.5546476403928802,0.44765967839048554,0.3277098140742772,0.2502697095309468,0.22738177090069722
5898,0.08512106825423756,0.5546476403928802,0.44765967839048554,0.3277098140742772,0.2502697095309468,0.22738177090069722
5899,0.08512106825423756,0.5546476403928802,0.44765967839048554,0.3277098140742772,0.2502697095309468,0.22738177090069722
5900,0.08512106825423756,0.5546476403928802,0.44765967839048554,0.3277098140742772,0.2502697095309468,0.22738177090069722
5901,0.08512106825423756,0.5546476403928802,0.44765967839048554,0.3277098140742772,0.2502697095309468,0.22738177090069722
5902,0.08512106825423756,0.5546476403928802,0.44765967839048554,0.3277098140742772,0.2502697095309468,0.22738177090069722
5903,0.08512106825423756,0.5546476403928802,0.44765967839048554,0.3277098140742772,0.2502697095309468,0.22738177090069722
5904,0.08474899154763367,0.5462999476865202,0.43848481054356725,0.3250465157390169,0.24675796123217772,0.22522412530864222
5905,0.08474899154763367,0.5462999476865202,0.43848481054356725,0.3250465157390169,0.24675796123217772,0.22522412530864222
5906,0.08474899154763367,0.5462999476865202,0.43848481054356725,0.3250465157390169,0.24675796123217772,0.22522412530864222
5907,0.08474899154763367,0.5462999476865202,0.43848481054356725,0.3250465157390169,0.24675796123217772,0.22522412530864222
5908,0.08474899154763367,0.5462999476865202,0.43848481054356725,0.3250465157390169,0.24675796123217772,0.22522412530864222
5909,0.08474899154763367,0.5462999476865202,0.43848481054356725,0.3250465157390169,0.24675796123217772,0.22522412530864222
5910,0.08474899154763367,0.5462999476865202,0.43848481054356725,0.3250465157390169,0.24675796123217772,0.22522412530864222
5911,0.08474899154763367,0.5462999476865202,0.43848481054356725,0.3250465157390169,0.24675796123217772,0.22522412530864222
5912,0.08474899154763367,0.5462999476865202,0.43848481054356725,0.3250465157390169,0.24675796123217772,0.22522412530864222
5913,0.08474899154763367,0.5462999476865202,0.43848481054356725,0.3250465157390169,0.24675796123217772,0.22522412530864222
5914,0.08474899154763367,0.5462999476865202,0.43848481054356725,0.3250465157390169,0.24675796123217772,0.22522412530864222
5915,0.08474899154763367,0.5462999476865202,0.43848481054356725,0.3250465157390169,0.24675796123217772,0.22522412530864222
5916,0.08474899154763367,0.5462999476865202,0.43848481054356725,0.3250465157390169,0.24675796123217772,0.22522412530864222
5917,0.08474899154763367,0.5462999476865202,0.43848481054356725,0.3250465157390169,0.24675796123217772,0.22522412530864222
5918,0.08474899154763367,0.5462999476865202,0.43848481054356725,0.3250465157390169,0.24675796123217772,0.22522412530864222
5919,0.08474899154763367,0.5462999476865202,0.43848481054356725,0.3250465157390169,0.24675796123217772,0.22522412530864222
5920,0.08474899154763367,0.5462999476865202,0.43848481054356725,0.3250465157390169,0.24675796123217772,0.22522412530864222
5921,0.08474899154763367,0.5462999476865202,0.43848481054356725,0.3250465157390169,0.24675796123217772,0.22522412530864222
5922,0.08474899154763367,0.5462999476865202,0.43848481054356725,0.3250465157390169,0.24675796123217772,0.22522412530864222
5923,0.08474899154763367,0.5462999476865202,0.43848481054356725,0.3250465157390169,0.24675796123217772,0.22522412530864222
5924,0.08474899154763367,0.5462999476865202,0.43848481054356725,0.3250465157390169,0.24675796123217772,0.22522412530864222
5925,0.08474899154763367,0.5462999476865202,0.43848481054356725,0.3250465157390169,0.24675796123217772,0.22522412530864222
5926,0.08474899154763367,0.5462999476865202,0.43848481054356725,0.3250465157390169,0.24675796123217772,0.22522412530864222
5927,0.08474899154763367,0.5462999476865202,0.43848481054356725,0.3250465157390169,0.24675796123217772,0.22522412530864222
5928,0.08415223920363842,0.5309877133269751,0.42314490480960143,0.3191331692812489,0.23932627741566423,0.22125730862262927
5929,0.08415223920363842,0.5309877133269751,0.42314490480960143,0.3191331692812489,0.23932627741566423,0.22125730862262927
5930,0.08415223920363842,0.5309877133269751,0.42314490480960143,0.3191331692812489,0.23932627741566423,0.22125730862262927
5931,0.08415223920363842,0.5309877133269751,0.42314490480960143,0.3191331692812489,0.23932627741566423,0.22125730862262927
5932,0.08415223920363842,0.5309877133269751,0.42314490480960143,0.3191331692812489,0.23932627741566423,0.22125730862262927
5933,0.08415223920363842,0.5309877133269751,0.42314490480960143,0.3191331692812489,0.23932627741566423,0.22125730862262927
5934,0.08415223920363842,0.5309877133269751,0.42314490480960143,0.3191331692812489,0.23932627741566423,0.22125730862262927
5935,0.08415223920363842,0.5309877133269751,0.42314490480960143,0.3191331692812489,0.23932627741566423,0.22125730862262927
5936,0.08415223920363842,0.5309877133269751,0.42314490480960143,0.3191331692812489,0.23932627741566423,0.22125730862262927
5937,0.08415223920363842,0.5309877133269751,0.42314490480960143,0.3191331692812489,0.23932627741566423,0.22125730862262927
5938,0.08415223920363842,0.5309877133269751,0.42314490480960143,0.3191331692812489,0.23932627741566423,0.22125730862262927
5939,0.08415223920363842,0.5309877133269751,0.42314490480960143,0.3191331692812489,0.23932627741566423,0.22125730862262927
5940,0.08415223920363842,0.5309877133269751,0.42314490480960143,0.3191331692812489,0.23932627741566423,0.22125730862262927
5941,0.08415223920363842,0.5309877133269751,0.42314490480960143,0.3191331692812489,0.23932627741566423,0.22125730862262927
5942,0.08415223920363842,0.5309877133269751,0.42314490480960143,0.3191331692812489,0.23932627741566423,0.22125730862262927
5943,0.08415223920363842,0.5309877133269751,0.42314490480960143,0.3191331692812489,0.23932627741566423,0.22125730862262927
5944,0.08415223920363842,0.5309877133269751,0.42314490480960143,0.3191331692812489,0.23932627741566423,0.22125730862262927
5945,0.08415223920363842,0.5309877133269751,0.42314490480960143,0.3191331692812489,0.23932627741566423,0.22125730862262927
5946,0.08415223920363842,0.5309877133269751,0.42314490480960143,0.3191331692812489,0.23932627741566423,0.22125730862262927
5947,0.08415223920363842,0.5309877133269751,0.42314490480960143,0.3191331692812489,0.23932627741566423,0.22125730862262927
5948,0.08415223920363842,0.5309877133269751,0.42314490480960143,0.3191331692812489,0.23932627741566423,0.22125730862262927
5949,0.08415223920363842,0.5309877133269751,0.42314490480960143,0.3191331692812489,0.23932627741566423,0.22125730862262927
5950,0.08415223920363842,0.5309877133269751,0.42314490480960143,0.3191331692812489,0.23932627741566423,0.22125730862262927
5951,0.08415223920363842,0.5309877133269751,0.42314490480960143,0.3191331692812489,0.23932627741566423,0.22125730862262927
5952,0.08353093167112852,0.5146382363975208,0.40665299790173765,0.3127625875079657,0.23116898531430072,0.21707357603927527
5953,0.08353093167112852,0.5146382363975208,0.40665299790173765,0.3127625875079657,0.23116898531430072,0.21707357603927527
5954,0.08353093167112852,0.5146382363975208,0.40665299790173765,0.3127625875079657,0.23116898531430072,0.21707357603927527
5955,0.08353093167112852,0.5146382363975208,0.40665299790173765,0.3127625875079657,0.23116898531430072,0.21707357603927527
5956,0.08353093167112852,0.5146382363975208,0.40665299790173765,0.3127625875079657,0.23116898531430072,0.21707357603927527
5957,0.08353093167112852,0.5146382363975208,0.40665299790173765,0.3127625875079657,0.23116898531430072,0.21707357603927527
5958,0.08353093167112852,0.5146382363975208,0.40665299790173765,0.3127625875079657,0.23116898531430072,0.21707357603927527
5959,0.08353093167112852,0.5146382363975208,0.40665299790173765,0.3127625875079657,0.23116898531430072,0.21707357603927527
5960,0.08353093167112852,0.5146382363975208,0.40665299790173765,0.3127625875079657,0.23116898531430072,0.21707357603927527
5961,0.08353093167112852,0.5146382363975208,0.40665299790173765,0.3127625875079657,0.23116898531430072,0.21707357603927527
5962,0.08353093167112852,0.5146382363975208,0.40665299790173765,0.3127625875079657,0.23116898531430072,0.21707357603927527
5963,0.08353093167112852,0.5146382363975208,0.40665299790173765,0.3127625875079657,0.23116898531430072,0.21707357603927527
5964,0.08353093167112852,0.5146382363975208,0.40665299790173765,0.3127625875079657,0.23116898531430072,0.21707357603927527
5965,0.08353093167112852,0.5146382363975208,0.40665299790173765,0.3127625875079657,0.23116898531430072,0.21707357603927527
5966,0.08353093167112852,0.5146382363975208,0.40665299790173765,0.3127625875079657,0.23116898531430072,0.21707357603927527
5967,0.08353093167112852,0.5146382363975208,0.40665299790173765,0.3127625875079657,0.23116898531430072,0.21707357603927527
5968,0.08353093167112852,0.5146382363975208,0.40665299790173765,0.3127625875079657,0.23116898531430072,0.21707357603927527
5969,0.08353093167112852,0.5146382363975208,0.40665299790173765,0.3127625875079657,0.23116898531430072,0.21707357603927527
5970,0.08353093167112852,0.5146382363975208,0.40665299790173765,0.3127625875079657,0.23116898531430072,0.21707357603927527
5971,0.08353093167112852,0.5146382363975208,0.40665299790173765,0.3127625875079657,0.23116898531430072,0.21707357603927527
5972,0.08353093167112852,0.5146382363975208,0.40665299790173765,0.3127625875079657,0.23116898531430072,0.21707357603927527
5973,0.08353093167112852,0.5146382363975208,0.40665299790173765,0.3127625875079657,0.23116898531430072,0.21707357603927527
5974,0.08353093167112852,0.5146382363975208,0.40665299790173765,0.3127625875079657,0.23116898531430072,0.21707357603927527
5975,0.08353093167112852,0.5146382363975208,0.40665299790173765,0.3127625875079657,0.23116898531430072,0.21707357603927527
5976,0.0828557978734551,0.4972184207046042,0.38927627729441744,0.3058300941321025,0.22249368272663006,0.2125646867765303
5977,0.0828557978734551,0.4972184207046042,0.38927627729441744,0.3058300941321025,0.22249368272663006,0.2125646867765303
5978,0.0828557978734551,0.4972184207046042,0.38927627729441744,0.3058300941321025,0.22249368272663006,0.2125646867765303
5979,0.0828557978734551,0.4972184207046042,0.38927627729441744,0.3058300941321025,0.22249368272663006,0.2125646867765303
5980,0.0828557978734551,0.4972184207046042,0.38927627729441744,0.3058300941321025,0.22249368272663006,0.2125646867765303
5981,0.0828557978734551,0.4972184207046042,0.38927627729441744,0.3058300941321025,0.22249368272663006,0.2125646867765303
5982,0.0828557978734551,0.4972184207046042,0.38927627729441744,0.3058300941321025,0.22249368272663006,0.2125646867765303
5983,0.0828557978734551,0.4972184207046042,0.38927627729441744,0.3058300941321025,0.22249368272663006,0.2125646867765303
5984,0.0828557978734551,0.4972184207046042,0.38927627729441744,0.3058300941321025,0.22249368272663006,0.2125646867765303
5985,0.0828557978734551,0.4972184207046042,0.38927627729441744,0.3058300941321025,0.22249368272663006,0.2125646867765303
5986,0.0828557978734551,0.4972184207046042,0.38927627729441744,0.3058300941321025,0.22249368272663006,0.2125646867765303
5987,0.0828557978734551,0.4972184207046042,0.38927627729441744,0.3058300941321025,0.22249368272663006,0.2125646867765303
5988,0.0828557978734551,0.4972184207046042,0.38927627729441744,0.3058300941321025,0.22249368272663006,0.2125646867765303
5989,0.0828557978734551,0.4972184207046042,0.38927627729441744,0.3058300941321025,0.22249368272663006,0.2125646867765303
5990,0.0828557978734551,0.4972184207046042,0.38927627729441744,0.3058300941321025,0.22249368272663006,0.2125646867765303
5991,0.0828557978734551,0.4972184207046042,0.38927627729441744,0.3058300941321025,0.22249368272663006,0.2125646867765303
5992,0.0828557978734551,0.4972184207046042,0.38927627729441744,0.3058300941321025,0.22249368272663006,0.2125646867765303
5993,0.0828557978734551,0.4972184207046042,0.38927627729441744,0.3058300941321025,0.22249368272663006,0.2125646867765303
5994,0.0828557978734551,0.4972184207046042,0.38927627729441744,0.3058300941321025,0.22249368272663006,0.2125646867765303
5995,0.0828557978734551,0.4972184207046042,0.38927627729441744,0.3058300941321025,0.22249368272663006,0.2125646867765303
5996,0.0828557978734551,0.4972184207046042,0.38927627729441744,0.3058300941321025,0.22249368272663006,0.2125646867765303
5997,0.0828557978734551,0.4972184207046042,0.38927627729441744,0.3058300941321025,0.22249368272663006,0.2125646867765303
5998,0.0828557978734551,0.4972184207046042,0.38927627729441744,0.3058300941321025,0.22249368272663006,0.2125646867765303
5999,0.0828557978734551,0.4972184207046042,0.38927627729441744,0.3058300941321025,0.22249368272663006,0.2125646867765303
6000,0.08251521960802694,0.4885136048303782,0.37981851670522676,0.30311880614085523,0.21851298007579523,0.21049976094202638
6001,0.08251521960802694,0.4885136048303782,0.37981851670522676,0.30311880614085523,0.21851298007579523,0.21049976094202638
6002,0.08251521960802694,0.4885136048303782,0.37981851670522676,0.30311880614085523,0.21851298007579523,0.21049976094202638
6003,0.08251521960802694,0.4885136048303782,0.37981851670522676,0.30311880614085523,0.21851298007579523,0.21049976094202638
6004,0.08251521960802694,0.4885136048303782,0.37981851670522676,0.30311880614085523,0.21851298007579523,0.21049976094202638
6005,0.08251521960802694,0.4885136048303782,0.37981851670522676,0.30311880614085523,0.21851298007579523,0.21049976094202638
6006,0.08251521960802694,0.4885136048303782,0.37981851670522676,0.30311880614085523,0.21851298007579523,0.21049976094202638
6007,0.08251521960802694,0.4885136048303782,0.37981851670522676,0.30311880614085523,0.21851298007579523,0.21049976094202638
6008,0.08251521960802694,0.4885136048303782,0.37981851670522676,0.30311880614085523,0.21851298007579523,0.21049976094202638
6009,0.08251521960802694,0.4885136048303782,0.37981851670522676,0.30311880614085523,0.21851298007579523,0.21049976094202638
6010,0.08251521960802694,0.4885136048303782,0.37981851670522676,0.30311880614085523,0.21851298007579523,0.21049976094202638
6011,0.08251521960802694,0.4885136048303782,0.37981851670522676,0.30311880614085523,0.21851298007579523,0.21049976094202638
6012,0.08251521960802694,0.4885136048303782,0.37981851670522676,0.30311880614085523,0.21851298007579523,0.21049976094202638
6013,0.08251521960802694,0.4885136048303782,0.37981851670522676,0.30311880614085523,0.21851298007579523,0.21049976094202638
6014,0.08251521960802694,0.4885136048303782,0.37981851670522676,0.30311880614085523,0.21851298007579523,0.21049976094202638
6015,0.08251521960802694,0.4885136048303782,0.37981851670522676,0.30311880614085523,0.21851298007579523,0.21049976094202638
6016,0.08251521960802694,0.4885136048303782,0.37981851670522676,0.30311880614085523,0.21851298007579523,0.21049976094202638
6017,0.08251521960802694,0.4885136048303782,0.37981851670522676,0.30311880614085523,0.21851298007579523,0.21049976094202638
6018,0.08251521960802694,0.4885136048303782,0.37981851670522676,0.30311880614085523,0.21851298007579523,0.21049976094202638
6019,0.08251521960802694,0.4885136048303782,0.37981851670522676,0.30311880614085523,0.21851298007579523,0.21049976094202638
6020,0.08251521960802694,0.4885136048303782,0.37981851670522676,0.30311880614085523,0.21851298007579523,0.21049976094202638
6021,0.08251521960802694,0.4885136048303782,0.37981851670522676,0.30311880614085523,0.21851298007579523,0.21049976094202638
6022,0.08251521960802694,0.4885136048303782,0.37981851670522676,0.30311880614085523,0.21851298007579523,0.21049976094202638
6023,0.08251521960802694,0.4885136048303782,0.37981851670522676,0.30311880614085523,0.21851298007579523,0.21049976094202638
6024,0.0821456829175717,0.4799281862291122,0.3703179952916369,0.3003421693730137,0.2148228653038883,0.20829640045475847
6025,0.0821456829175717,0.4799281862291122,0.3703179952916369,0.3003421693730137,0.2148228653038883,0.20829640045475847
6026,0.0821456829175717,0.4799281862291122,0.3703179952916369,0.3003421693730137,0.2148228653038883,0.20829640045475847
6027,0.0821456829175717,0.4799281862291122,0.3703179952916369,0.3003421693730137,0.2148228653038883,0.20829640045475847
6028,0.0821456829175717,0.4799281862291122,0.3703179952916369,0.3003421693730137,0.2148228653038883,0.20829640045475847
6029,0.0821456829175717,0.4799281862291122,0.3703179952916369,0.3003421693730137,0.2148228653038883,0.20829640045475847
6030,0.0821456829175717,0.4799281862291122,0.3703179952916369,0.3003421693730137,0.2148228653038883,0.20829640045475847
6031,0.0821456829175717,0.4799281862291122,0.3703179952916369,0.3003421693730137,0.2148228653038883,0.20829640045475847
6032,0.0821456829175717,0.4799281862291122,0.3703179952916369,0.3003421693730137,0.2148228653038883,0.20829640045475847
6033,0.0821456829175717,0.4799281862291122,0.3703179952916369,0.3003421693730137,0.2148228653038883,0.20829640045475847
6034,0.0821456829175717,0.4799281862291122,0.3703179952916369,0.3003421693730137,0.2148228653038883,0.20829640045475847
6035,0.0821456829175717,0.4799281862291122,0.3703179952916369,0.3003421693730137,0.2148228653038883,0.20829640045475847
6036,0.0821456829175717,0.4799281862291122,0.3703179952916369,0.3003421693730137,0.2148228653038883,0.20829640045475847
6037,0.0821456829175717,0.4799281862291122,0.3703179952916369,0.3003421693730137,0.2148228653038883,0.20829640045475847
6038,0.0821456829175717,0.4799281862291122,0.3703179952916369,0.3003421693730137,0.2148228653038883,0.20829640045475847
6039,0.0821456829175717,0.4799281862291122,0.3703179952916369,0.3003421693730137,0.2148228653038883,0.20829640045475847
6040,0.0821456829175717,0.4799281862291122,0.3703179952916369,0.3003421693730137,0.2148228653038883,0.20829640045475847
6041,0.0821456829175717,0.4799281862291122,0.3703179952916369,0.3003421693730137,0.2148228653038883,0.20829640045475847
6042,0.0821456829175717,0.4799281862291122,0.3703179952916369,0.3003421693730137,0.2148228653038883,0.20829640045475847
6043,0.0821456829175717,0.4799281862291122,0.3703179952916369,0.3003421693730137,0.2148228653038883,0.20829640045475847
6044,0.0821456829175717,0.4799281862291122,0.3703179952916369,0.3003421693730137,0.2148228653038883,0.20829640045475847
6045,0.0821456829175717,0.4799281862291122,0.3703179952916369,0.3003421693730137,0.2148228653038883,0.20829640045475847
6046,0.0821456829175717,0.4799281862291122,0.3703179952916369,0.3003421693730137,0.2148228653038883,0.20829640045475847
6047,0.0821456829175717,0.4799281862291122,0.3703179952916369,0.3003421693730137,0.2148228653038883,0.20829640045475847
6048,0.08152757747806706,0.4647299504976042,0.35430064362146707,0.29465154223244483,0.20684990453619326,0.20462155707988225
6049,0.08152757747806706,0.4647299504976042,0.35430064362146707,0.29465154223244483,0.20684990453619326,0.20462155707988225
6050,0.08152757747806706,0.4647299504976042,0.35430064362146707,0.29465154223244483,0.20684990453619326,0.20462155707988225
6051,0.08152757747806706,0.4647299504976042,0.35430064362146707,0.29465154223244483,0.20684990453619326,0.20462155707988225
6052,0.08152757747806706,0.4647299504976042,0.35430064362146707,0.29465154223244483,0.20684990453619326,0.20462155707988225
6053,0.08152757747806706,0.4647299504976042,0.35430064362146707,0.29465154223244483,0.20684990453619326,0.20462155707988225
6054,0.08152757747806706,0.4647299504976042,0.35430064362146707,0.29465154223244483,0.20684990453619326,0.20462155707988225
6055,0.08152757747806706,0.4647299504976042,0.35430064362146707,0.29465154223244483,0.20684990453619326,0.20462155707988225
6056,0.08152757747806706,0.4647299504976042,0.35430064362146707,0.29465154223244483,0.20684990453619326,0.20462155707988225
6057,0.08152757747806706,0.4647299504976042,0.35430064362146707,0.29465154223244483,0.20684990453619326,0.20462155707988225
6058,0.08152757747806706,0.4647299504976042,0.35430064362146707,0.29465154223244483,0.20684990453619326,0.20462155707988225
6059,0.08152757747806706,0.4647299504976042,0.35430064362146707,0.29465154223244483,0.20684990453619326,0.20462155707988225
6060,0.08152757747806706,0.4647299504976042,0.35430064362146707,0.29465154223244483,0.20684990453619326,0.20462155707988225
6061,0.08152757747806706,0.4647299504976042,0.35430064362146707,0.29465154223244483,0.20684990453619326,0.20462155707988225
6062,0.08152757747806706,0.4647299504976042,0.35430064362146707,0.29465154223244483,0.20684990453619326,0.20462155707988225
6063,0.08152757747806706,0.4647299504976042,0.35430064362146707,0.29465154223244483,0.20684990453619326,0.20462155707988225
6064,0.08152757747806706,0.4647299504976042,0.35430064362146707,0.29465154223244483,0.20684990453619326,0.20462155707988225
6065,0.08152757747806706,0.4647299504976042,0.35430064362146707,0.29465154223244483,0.20684990453619326,0.20462155707988225
6066,0.08152757747806706,0.4647299504976042,0.35430064362146707,0.29465154223244483,0.20684990453619326,0.20462155707988225
6067,0.08152757747806706,0.4647299504976042,0.35430064362146707,0.29465154223244483,0.20684990453619326,0.20462155707988225
6068,0.08152757747806706,0.4647299504976042,0.35430064362146707,0.29465154223244483,0.20684990453619326,0.20462155707988225
6069,0.08152757747806706,0.4647299504976042,0.35430064362146707,0.29465154223244483,0.20684990453619326,0.20462155707988225
6070,0.08152757747806706,0.4647299504976042,0.35430064362146707,0.29465154223244483,0.20684990453619326,0.20462155707988225
6071,0.08152757747806706,0.4647299504976042,0.35430064362146707,0.29465154223244483,0.20684990453619326,0.20462155707988225
6072,0.08179166413341164,0.47342983580578596,0.36196372781596575,0.29854146717900504,0.21122097686565103,0.20658311592896342
6073,0.08179166413341164,0.47342983580578596,0.36196372781596575,0.29854146717900504,0.21122097686565103,0.20658311592896342
6074,0.08179166413341164,0.47342983580578596,0.36196372781596575,0.29854146717900504,0.21122097686565103,0.20658311592896342
6075,0.08179166413341164,0.47342983580578596,0.36196372781596575,0.29854146717900504,0.21122097686565103,0.20658311592896342
6076,0.08179166413341164,0.47342983580578596,0.36196372781596575,0.29854146717900504,0.21122097686565103,0.20658311592896342
6077,0.08179166413341164,0.47342983580578596,0.36196372781596575,0.29854146717900504,0.21122097686565103,0.20658311592896342
6078,0.08179166413341164,0.47342983580578596,0.36196372781596575,0.29854146717900504,0.21122097686565103,0.20658311592896342
6079,0.08179166413341164,0.47342983580578596,0.36196372781596575,0.29854146717900504,0.21122097686565103,0.20658311592896342
6080,0.08179166413341164,0.47342983580578596,0.36196372781596575,0.29854146717900504,0.21122097686565103,0.20658311592896342
6081,0.08179166413341164,0.47342983580578596,0.36196372781596575,0.29854146717900504,0.21122097686565103,0.20658311592896342
6082,0.08179166413341164,0.47342983580578596,0.36196372781596575,0.29854146717900504,0.21122097686565103,0.20658311592896342
6083,0.08179166413341164,0.47342983580578596,0.36196372781596575,0.29854146717900504,0.21122097686565103,0.20658311592896342
6084,0.08179166413341164,0.47342983580578596,0.36196372781596575,0.29854146717900504,0.21122097686565103,0.20658311592896342
6085,0.08179166413341164,0.47342983580578596,0.36196372781596575,0.29854146717900504,0.21122097686565103,0.20658311592896342
6086,0.08179166413341164,0.47342983580578596,0.36196372781596575,0.29854146717900504,0.21122097686565103,0.20658311592896342
6087,0.08179166413341164,0.47342983580578596,0.36196372781596575,0.29854146717900504,0.21122097686565103,0.20658311592896342
6088,0.08179166413341164,0.47342983580578596,0.36196372781596575,0.29854146717900504,0.21122097686565103,0.20658311592896342
6089,0.08179166413341164,0.47342983580578596,0.36196372781596575,0.29854146717900504,0.21122097686565103,0.20658311592896342
6090,0.08179166413341164,0.47342983580578596,0.36196372781596575,0.29854146717900504,0.21122097686565103,0.20658311592896342
6091,0.08179166413341164,0.47342983580578596,0.36196372781596575,0.29854146717900504,0.21122097686565103,0.20658311592896342
6092,0.08179166413341164,0.47342983580578596,0.36196372781596575,0.29854146717900504,0.21122097686565103,0.20658311592896342
6093,0.08179166413341164,0.47342983580578596,0.36196372781596575,0.29854146717900504,0.21122097686565103,0.20658311592896342
6094,0.08179166413341164,0.47342983580578596,0.36196372781596575,0.29854146717900504,0.21122097686565103,0.20658311592896342
6095,0.08179166413341164,0.47342983580578596,0.36196372781596575,0.29854146717900504,0.21122097686565103,0.20658311592896342
6096,0.08240436300980354,0.4874050711035312,0.3741015474567411,0.305478347069517,0.2181004488712139,0.21032985871409546
6097,0.08240436300980354,0.4874050711035312,0.3741015474567411,0.305478347069517,0.2181004488712139,0.21032985871409546
6098,0.08240436300980354,0.4874050711035312,0.3741015474567411,0.305478347069517,0.2181004488712139,0.21032985871409546
6099,0.08240436300980354,0.4874050711035312,0.3741015474567411,0.305478347069517,0.2181004488712139,0.21032985871409546
6100,0.08240436300980354,0.4874050711035312,0.3741015474567411,0.305478347069517,0.2181004488712139,0.21032985871409546
6101,0.08240436300980354,0.4874050711035312,0.3741015474567411,0.305478347069517,0.2181004488712139,0.21032985871409546
6102,0.08240436300980354,0.4874050711035312,0.3741015474567411,0.305478347069517,0.2181004488712139,0.21032985871409546
6103,0.08240436300980354,0.4874050711035312,0.3741015474567411,0.305478347069517,0.2181004488712139,0.21032985871409546
6104,0.08240436300980354,0.4874050711035312,0.3741015474567411,0.305478347069517,0.2181004488712139,0.21032985871409546
6105,0.08240436300980354,0.4874050711035312,0.3741015474567411,0.305478347069517,0.2181004488712139,0.21032985871409546
6106,0.08240436300980354,0.4874050711035312,0.3741015474567411,0.305478347069517,0.2181004488712139,0.21032985871409546
6107,0.08240436300980354,0.4874050711035312,0.3741015474567411,0.305478347069517,0.2181004488712139,0.21032985871409546
6108,0.08240436300980354,0.4874050711035312,0.3741015474567411,0.305478347069517,0.2181004488712139,0.21032985871409546
6109,0.08240436300980354,0.4874050711035312,0.3741015474567411,0.305478347069517,0.2181004488712139,0.21032985871409546
6110,0.08240436300980354,0.4874050711035312,0.3741015474567411,0.305478347069517,0.2181004488712139,0.21032985871409546
6111,0.08240436300980354,0.4874050711035312,0.3741015474567411,0.305478347069517,0.2181004488712139,0.21032985871409546
6112,0.08240436300980354,0.4874050711035312,0.3741015474567411,0.305478347069517,0.2181004488712139,0.21032985871409546
6113,0.08240436300980354,0.4874050711035312,0.3741015474567411,0.305478347069517,0.2181004488712139,0.21032985871409546
6114,0.08240436300980354,0.4874050711035312,0.3741015474567411,0.305478347069517,0.2181004488712139,0.21032985871409546
6115,0.08240436300980354,0.4874050711035312,0.3741015474567411,0.305478347069517,0.2181004488712139,0.21032985871409546
6116,0.08240436300980354,0.4874050711035312,0.3741015474567411,0.305478347069517,0.2181004488712139,0.21032985871409546
6117,0.08240436300980354,0.4874050711035312,0.3741015474567411,0.305478347069517,0.2181004488712139,0.21032985871409546
6118,0.08240436300980354,0.4874050711035312,0.3741015474567411,0.305478347069517,0.2181004488712139,0.21032985871409546
6119,0.08240436300980354,0.4874050711035312,0.3741015474567411,0.305478347069517,0.2181004488712139,0.21032985871409546
6120,0.08307520312709303,0.5032879865703445,0.38774814173723376,0.3133419721895172,0.22581830126767974,0.21458782359692
6121,0.08307520312709303,0.5032879865703445,0.38774814173723376,0.3133419721895172,0.22581830126767974,0.21458782359692
6122,0.08307520312709303,0.5032879865703445,0.38774814173723376,0.3133419721895172,0.22581830126767974,0.21458782359692
6123,0.08307520312709303,0.5032879865703445,0.38774814173723376,0.3133419721895172,0.22581830126767974,0.21458782359692
6124,0.08307520312709303,0.5032879865703445,0.38774814173723376,0.3133419721895172,0.22581830126767974,0.21458782359692
6125,0.08307520312709303,0.5032879865703445,0.38774814173723376,0.3133419721895172,0.22581830126767974,0.21458782359692
6126,0.08307520312709303,0.5032879865703445,0.38774814173723376,0.3133419721895172,0.22581830126767974,0.21458782359692
6127,0.08307520312709303,0.5032879865703445,0.38774814173723376,0.3133419721895172,0.22581830126767974,0.21458782359692
6128,0.08307520312709303,0.5032879865703445,0.38774814173723376,0.3133419721895172,0.22581830126767974,0.21458782359692
6129,0.08307520312709303,0.5032879865703445,0.38774814173723376,0.3133419721895172,0.22581830126767974,0.21458782359692
6130,0.08307520312709303,0.5032879865703445,0.38774814173723376,0.3133419721895172,0.22581830126767974,0.21458782359692
6131,0.08307520312709303,0.5032879865703445,0.38774814173723376,0.3133419721895172,0.22581830126767974,0.21458782359692
6132,0.08307520312709303,0.5032879865703445,0.38774814173723376,0.3133419721895172,0.22581830126767974,0.21458782359692
6133,0.08307520312709303,0.5032879865703445,0.38774814173723376,0.3133419721895172,0.22581830126767974,0.21458782359692
6134,0.08307520312709303,0.5032879865703445,0.38774814173723376,0.3133419721895172,0.22581830126767974,0.21458782359692
6135,0.08307520312709303,0.5032879865703445,0.38774814173723376,0.3133419721895172,0.22581830126767974,0.21458782359692
6136,0.08307520312709303,0.5032879865703445,0.38774814173723376,0.3133419721895172,0.22581830126767974,0.21458782359692
6137,0.08307520312709303,0.5032879865703445,0.38774814173723376,0.3133419721895172,0.22581830126767974,0.21458782359692
6138,0.08307520312709303,0.5032879865703445,0.38774814173723376,0.3133419721895172,0.22581830126767974,0.21458782359692
6139,0.08307520312709303,0.5032879865703445,0.38774814173723376,0.3133419721895172,0.22581830126767974,0.21458782359692
6140,0.08307520312709303,0.5032879865703445,0.38774814173723376,0.3133419721895172,0.22581830126767974,0.21458782359692
6141,0.08307520312709303,0.5032879865703445,0.38774814173723376,0.3133419721895172,0.22581830126767974,0.21458782359692
6142,0.08307520312709303,0.5032879865703445,0.38774814173723376,0.3133419721895172,0.22581830126767974,0.21458782359692
6143,0.08307520312709303,0.5032879865703445,0.38774814173723376,0.3133419721895172,0.22581830126767974,0.21458782359692
6144,0.08341900371644252,0.509663304315024,0.3930235363795685,0.3168050119456753,0.22889312909908824,0.216475125998309
6145,0.08341900371644252,0.509663304315024,0.3930235363795685,0.3168050119456753,0.22889312909908824,0.216475125998309
6146,0.08341900371644252,0.509663304315024,0.3930235363795685,0.3168050119456753,0.22889312909908824,0.216475125998309
6147,0.08341900371644252,0.509663304315024,0.3930235363795685,0.3168050119456753,0.22889312909908824,0.216475125998309
6148,0.08341900371644252,0.509663304315024,0.3930235363795685,0.3168050119456753,0.22889312909908824,0.216475125998309
6149,0.08341900371644252,0.509663304315024,0.3930235363795685,0.3168050119456753,0.22889312909908824,0.216475125998309
6150,0.08341900371644252,0.509663304315024,0.3930235363795685,0.3168050119456753,0.22889312909908824,0.216475125998309
6151,0.08341900371644252,0.509663304315024,0.3930235363795685,0.3168050119456753,0.22889312909908824,0.216475125998309
6152,0.08341900371644252,0.509663304315024,0.3930235363795685,0.3168050119456753,0.22889312909908824,0.216475125998309
6153,0.08341900371644252,0.509663304315024,0.3930235363795685,0.3168050119456753,0.22889312909908824,0.216475125998309
6154,0.08341900371644252,0.509663304315024,0.3930235363795685,0.3168050119456753,0.22889312909908824,0.216475125998309
6155,0.08341900371644252,0.509663304315024,0.3930235363795685,0.3168050119456753,0.22889312909908824,0.216475125998309
6156,0.08341900371644252,0.509663304315024,0.3930235363795685,0.3168050119456753,0.22889312909908824,0.216475125998309
6157,0.08341900371644252,0.509663304315024,0.3930235363795685,0.3168050119456753,0.22889312909908824,0.216475125998309
6158,0.08341900371644252,0.509663304315024,0.3930235363795685,0.3168050119456753,0.22889312909908824,0.216475125998309
6159,0.08341900371644252,0.509663304315024,0.3930235363795685,0.3168050119456753,0.22889312909908824,0.216475125998309
6160,0.08341900371644252,0.509663304315024,0.3930235363795685,0.3168050119456753,0.22889312909908824,0.216475125998309
6161,0.08341900371644252,0.509663304315024,0.3930235363795685,0.3168050119456753,0.22889312909908824,0.216475125998309
6162,0.08341900371644252,0.509663304315024,0.3930235363795685,0.3168050119456753,0.22889312909908824,0.216475125998309
6163,0.08341900371644252,0.509663304315024,0.3930235363795685,0.3168050119456753,0.22889312909908824,0.216475125998309
6164,0.08341900371644252,0.509663304315024,0.3930235363795685,0.3168050119456753,0.22889312909908824,0.216475125998309
6165,0.08341900371644252,0.509663304315024,0.3930235363795685,0.3168050119456753,0.22889312909908824,0.216475125998309
6166,0.08341900371644252,0.509663304315024,0.3930235363795685,0.3168050119456753,0.22889312909908824,0.216475125998309
6167,0.08341900371644252,0.509663304315024,0.3930235363795685,0.3168050119456753,0.22889312909908824,0.216475125998309
6168,0.0839580113505845,0.5208944458321657,0.4027162028100853,0.3227007873663194,0.23431042095547513,0.21974056575218878
6169,0.0839580113505845,0.5208944458321657,0.4027162028100853,0.3227007873663194,0.23431042095547513,0.21974056575218878
6170,0.0839580113505845,0.5208944458321657,0.4027162028100853,0.3227007873663194,0.23431042095547513,0.21974056575218878
6171,0.0839580113505845,0.5208944458321657,0.4027162028100853,0.3227007873663194,0.23431042095547513,0.21974056575218878
6172,0.0839580113505845,0.5208944458321657,0.4027162028100853,0.3227007873663194,0.23431042095547513,0.21974056575218878
6173,0.0839580113505845,0.5208944458321657,0.4027162028100853,0.3227007873663194,0.23431042095547513,0.21974056575218878
6174,0.0839580113505845,0.5208944458321657,0.4027162028100853,0.3227007873663194,0.23431042095547513,0.21974056575218878
6175,0.0839580113505845,0.5208944458321657,0.4027162028100853,0.3227007873663194,0.23431042095547513,0.21974056575218878
6176,0.0839580113505845,0.5208944458321657,0.4027162028100853,0.3227007873663194,0.23431042095547513,0.21974056575218878
6177,0.0839580113505845,0.5208944458321657,0.4027162028100853,0.3227007873663194,0.23431042095547513,0.21974056575218878
6178,0.0839580113505845,0.5208944458321657,0.4027162028100853,0.3227007873663194,0.23431042095547513,0.21974056575218878
6179,0.0839580113505845,0.5208944458321657,0.4027162028100853,0.3227007873663194,0.23431042095547513,0.21974056575218878
6180,0.0839580113505845,0.5208944458321657,0.4027162028100853,0.3227007873663194,0.23431042095547513,0.21974056575218878
6181,0.0839580113505845,0.5208944458321657,0.4027162028100853,0.3227007873663194,0.23431042095547513,0.21974056575218878
6182,0.0839580113505845,0.5208944458321657,0.4027162028100853,0.3227007873663194,0.23431042095547513,0.21974056575218878
6183,0.0839580113505845,0.5208944458321657,0.4027162028100853,0.3227007873663194,0.23431042095547513,0.21974056575218878
6184,0.0839580113505845,0.5208944458321657,0.4027162028100853,0.3227007873663194,0.23431042095547513,0.21974056575218878
6185,0.0839580113505845,0.5208944458321657,0.4027162028100853,0.3227007873663194,0.23431042095547513,0.21974056575218878
6186,0.0839580113505845,0.5208944458321657,0.4027162028100853,0.3227007873663194,0.23431042095547513,0.21974056575218878
6187,0.0839580113505845,0.5208944458321657,0.4027162028100853,0.3227007873663194,0.23431042095547513,0.21974056575218878
6188,0.0839580113505845,0.5208944458321657,0.4027162028100853,0.3227007873663194,0.23431042095547513,0.21974056575218878
6189,0.0839580113505845,0.5208944458321657,0.4027162028100853,0.3227007873663194,0.23431042095547513,0.21974056575218878
6190,0.0839580113505845,0.5208944458321657,0.4027162028100853,0.3227007873663194,0.23431042095547513,0.21974056575218878
6191,0.0839580113505845,0.5208944458321657,0.4027162028100853,0.3227007873663194,0.23431042095547513,0.21974056575218878
6192,0.08450162189730304,0.5320752717749627,0.4122859367343689,0.32857590349125004,0.23962324132528098,0.22298157318645903
6193,0.08450162189730304,0.5320752717749627,0.4122859367343689,0.32857590349125004,0.23962324132528098,0.22298157318645903
6194,0.08450162189730304,0.5320752717749627,0.4122859367343689,0.32857590349125004,0.23962324132528098,0.22298157318645903
6195,0.08450162189730304,0.5320752717749627,0.4122859367343689,0.32857590349125004,0.23962324132528098,0.22298157318645903
6196,0.08450162189730304,0.5320752717749627,0.4122859367343689,0.32857590349125004,0.23962324132528098,0.22298157318645903
6197,0.08450162189730304,0.5320752717749627,0.4122859367343689,0.32857590349125004,0.23962324132528098,0.22298157318645903
6198,0.08450162189730304,0.5320752717749627,0.4122859367343689,0.32857590349125004,0.23962324132528098,0.22298157318645903
6199,0.08450162189730304,0.5320752717749627,0.4122859367343689,0.32857590349125004,0.23962324132528098,0.22298157318645903
6200,0.08450162189730304,0.5320752717749627,0.4122859367343689,0.32857590349125004,0.23962324132528098,0.22298157318645903
6201,0.08450162189730304,0.5320752717749627,0.4122859367343689,0.32857590349125004,0.23962324132528098,0.22298157318645903
6202,0.08450162189730304,0.5320752717749627,0.4122859367343689,0.32857590349125004,0.23962324132528098,0.22298157318645903
6203,0.08450162189730304,0.5320752717749627,0.4122859367343689,0.32857590349125004,0.23962324132528098,0.22298157318645903
6204,0.08450162189730304,0.5320752717749627,0.4122859367343689,0.32857590349125004,0.23962324132528098,0.22298157318645903
6205,0.08450162189730304,0.5320752717749627,0.4122859367343689,0.32857590349125004,0.23962324132528098,0.22298157318645903
6206,0.08450162189730304,0.5320752717749627,0.4122859367343689,0.32857590349125004,0.23962324132528098,0.22298157318645903
6207,0.08450162189730304,0.5320752717749627,0.4122859367343689,0.32857590349125004,0.23962324132528098,0.22298157318645903
6208,0.08450162189730304,0.5320752717749627,0.4122859367343689,0.32857590349125004,0.23962324132528098,0.22298157318645903
6209,0.08450162189730304,0.5320752717749627,0.4122859367343689,0.32857590349125004,0.23962324132528098,0.22298157318645903
6210,0.08450162189730304,0.5320752717749627,0.4122859367343689,0.32857590349125004,0.23962324132528098,0.22298157318645903
6211,0.08450162189730304,0.5320752717749627,0.4122859367343689,0.32857590349125004,0.23962324132528098,0.22298157318645903
6212,0.08450162189730304,0.5320752717749627,0.4122859367343689,0.32857590349125004,0.23962324132528098,0.22298157318645903
6213,0.08450162189730304,0.5320752717749627,0.4122859367343689,0.32857590349125004,0.23962324132528098,0.22298157318645903
6214,0.08450162189730304,0.5320752717749627,0.4122859367343689,0.32857590349125004,0.23962324132528098,0.22298157318645903
6215,0.08450162189730304,0.5320752717749627,0.4122859367343689,0.32857590349125004,0.23962324132528098,0.22298157318645903
6216,0.08511883618803234,0.5458444358667113,0.42421712203887335,0.33558744900531595,0.24628884744428312,0.22674136093551656
6217,0.08511883618803234,0.5458444358667113,0.42421712203887335,0.33558744900531595,0.24628884744428312,0.22674136093551656
6218,0.08511883618803234,0.5458444358667113,0.42421712203887335,0.33558744900531595,0.24628884744428312,0.22674136093551656
6219,0.08511883618803234,0.5458444358667113,0.42421712203887335,0.33558744900531595,0.24628884744428312,0.22674136093551656
6220,0.08511883618803234,0.5458444358667113,0.42421712203887335,0.33558744900531595,0.24628884744428312,0.22674136093551656
6221,0.08511883618803234,0.5458444358667113,0.42421712203887335,0.33558744900531595,0.24628884744428312,0.22674136093551656
6222,0.08511883618803234,0.5458444358667113,0.42421712203887335,0.33558744900531595,0.24628884744428312,0.22674136093551656
6223,0.08511883618803234,0.5458444358667113,0.42421712203887335,0.33558744900531595,0.24628884744428312,0.22674136093551656
6224,0.08511883618803234,0.5458444358667113,0.42421712203887335,0.33558744900531595,0.24628884744428312,0.22674136093551656
6225,0.08511883618803234,0.5458444358667113,0.42421712203887335,0.33558744900531595,0.24628884744428312,0.22674136093551656
6226,0.08511883618803234,0.5458444358667113,0.42421712203887335,0.33558744900531595,0.24628884744428312,0.22674136093551656
6227,0.08511883618803234,0.5458444358667113,0.42421712203887335,0.33558744900531595,0.24628884744428312,0.22674136093551656
6228,0.08511883618803234,0.5458444358667113,0.42421712203887335,0.33558744900531595,0.24628884744428312,0.22674136093551656
6229,0.08511883618803234,0.5458444358667113,0.42421712203887335,0.33558744900531595,0.24628884744428312,0.22674136093551656
6230,0.08511883618803234,0.5458444358667113,0.42421712203887335,0.33558744900531595,0.24628884744428312,0.22674136093551656
6231,0.08511883618803234,0.5458444358667113,0.42421712203887335,0.33558744900531595,0.24628884744428312,0.22674136093551656
6232,0.08511883618803234,0.5458444358667113,0.42421712203887335,0.33558744900531595,0.24628884744428312,0.22674136093551656
6233,0.08511883618803234,0.5458444358667113,0.42421712203887335,0.33558744900531595,0.24628884744428312,0.22674136093551656
6234,0.08511883618803234,0.5458444358667113,0.42421712203887335,0.33558744900531595,0.24628884744428312,0.22674136093551656
6235,0.08511883618803234,0.5458444358667113,0.42421712203887335,0.33558744900531595,0.24628884744428312,0.22674136093551656
6236,0.08511883618803234,0.5458444358667113,0.42421712203887335,0.33558744900531595,0.24628884744428312,0.22674136093551656
6237,0.08511883618803234,0.5458444358667113,0.42421712203887335,0.33558744900531595,0.24628884744428312,0.22674136093551656
6238,0.08511883618803234,0.5458444358667113,0.42421712203887335,0.33558744900531595,0.24628884744428312,0.22674136093551656
6239,0.08511883618803234,0.5458444358667113,0.42421712203887335,0.33558744900531595,0.24628884744428312,0.22674136093551656
6240,0.08565834179276977,0.5569546882008584,0.4337600879698627,0.34140004407766233,0.2515943317378117,0.22997257009983638
6241,0.08565834179276977,0.5569546882008584,0.4337600879698627,0.34140004407766233,0.2515943317378117,0.22997257009983638
6242,0.08565834179276977,0.5569546882008584,0.4337600879698627,0.34140004407766233,0.2515943317378117,0.22997257009983638
6243,0.08565834179276977,0.5569546882008584,0.4337600879698627,0.34140004407766233,0.2515943317378117,0.22997257009983638
6244,0.08565834179276977,0.5569546882008584,0.4337600879698627,0.34140004407766233,0.2515943317378117,0.22997257009983638
6245,0.08565834179276977,0.5569546882008584,0.4337600879698627,0.34140004407766233,0.2515943317378117,0.22997257009983638
6246,0.08565834179276977,0.5569546882008584,0.4337600879698627,0.34140004407766233,0.2515943317378117,0.22997257009983638
6247,0.08565834179276977,0.5569546882008584,0.4337600879698627,0.34140004407766233,0.2515943317378117,0.22997257009983638
6248,0.08565834179276977,0.5569546882008584,0.4337600879698627,0.34140004407766233,0.2515943317378117,0.22997257009983638
6249,0.08565834179276977,0.5569546882008584,0.4337600879698627,0.34140004407766233,0.2515943317378117,0.22997257009983638
6250,0.08565834179276977,0.5569546882008584,0.4337600879698627,0.34140004407766233,0.2515943317378117,0.22997257009983638
6251,0.08565834179276977,0.5569546882008584,0.4337600879698627,0.34140004407766233,0.2515943317378117,0.22997257009983638
6252,0.08565834179276977,0.5569546882008584,0.4337600879698627,0.34140004407766233,0.2515943317378117,0.22997257009983638
6253,0.08565834179276977,0.5569546882008584,0.4337600879698627,0.34140004407766233,0.2515943317378117,0.22997257009983638
6254,0.08565834179276977,0.5569546882008584,0.4337600879698627,0.34140004407766233,0.2515943317378117,0.22997257009983638
6255,0.08565834179276977,0.5569546882008584,0.4337600879698627,0.34140004407766233,0.2515943317378117,0.22997257009983638
6256,0.08565834179276977,0.5569546882008584,0.4337600879698627,0.34140004407766233,0.2515943317378117,0.22997257009983638
6257,0.08565834179276977,0.5569546882008584,0.4337600879698627,0.34140004407766233,0.2515943317378117,0.22997257009983638
6258,0.08565834179276977,0.5569546882008584,0.4337600879698627,0.34140004407766233,0.2515943317378117,0.22997257009983638
6259,0.08565834179276977,0.5569546882008584,0.4337600879698627,0.34140004407766233,0.2515943317378117,0.22997257009983638
6260,0.08565834179276977,0.5569546882008584,0.4337600879698627,0.34140004407766233,0.2515943317378117,0.22997257009983638
6261,0.08565834179276977,0.5569546882008584,0.4337600879698627,0.34140004407766233,0.2515943317378117,0.22997257009983638
6262,0.08565834179276977,0.5569546882008584,0.4337600879698627,0.34140004407766233,0.2515943317378117,0.22997257009983638
6263,0.08565834179276977,0.5569546882008584,0.4337600879698627,0.34140004407766233,0.2515943317378117,0.22997257009983638
6264,0.0864120609363026,0.5749717567142324,0.4493914235950391,0.3506200476114678,0.2601586571875852,0.23490409977570784
6265,0.0864120609363026,0.5749717567142324,0.4493914235950391,0.3506200476114678,0.2601586571875852,0.23490409977570784
6266,0.0864120609363026,0.5749717567142324,0.4493914235950391,0.3506200476114678,0.2601586571875852,0.23490409977570784
6267,0.0864120609363026,0.5749717567142324,0.4493914235950391,0.3506200476114678,0.2601586571875852,0.23490409977570784
6268,0.0864120609363026,0.5749717567142324,0.4493914235950391,0.3506200476114678,0.2601586571875852,0.23490409977570784
6269,0.0864120609363026,0.5749717567142324,0.4493914235950391,0.3506200476114678,0.2601586571875852,0.23490409977570784
6270,0.0864120609363026,0.5749717567142324,0.4493914235950391,0.3506200476114678,0.2601586571875852,0.23490409977570784
6271,0.0864120609363026,0.5749717567142324,0.4493914235950391,0.3506200476114678,0.2601586571875852,0.23490409977570784
6272,0.0864120609363026,0.5749717567142324,0.4493914235950391,0.3506200476114678,0.2601586571875852,0.23490409977570784
6273,0.0864120609363026,0.5749717567142324,0.4493914235950391,0.3506200476114678,0.2601586571875852,0.23490409977570784
6274,0.0864120609363026,0.5749717567142324,0.4493914235950391,0.3506200476114678,0.2601586571875852,0.23490409977570784
6275,0.0864120609363026,0.5749717567142324,0.4493914235950391,0.3506200476114678,0.2601586571875852,0.23490409977570784
6276,0.0864120609363026,0.5749717567142324,0.4493914235950391,0.3506200476114678,0.2601586571875852,0.23490409977570784
6277,0.0864120609363026,0.5749717567142324,0.4493914235950391,0.3506200476114678,0.2601586571875852,0.23490409977570784
6278,0.0864120609363026,0.5749717567142324,0.4493914235950391,0.3506200476114678,0.2601586571875852,0.23490409977570784
6279,0.0864120609363026,0.5749717567142324,0.4493914235950391,0.3506200476114678,0.2601586571875852,0.23490409977570784
6280,0.0864120609363026,0.5749717567142324,0.4493914235950391,0.3506200476114678,0.2601586571875852,0.23490409977570784
6281,0.0864120609363026,0.5749717567142324,0.4493914235950391,0.3506200476114678,0.2601586571875852,0.23490409977570784
6282,0.0864120609363026,0.5749717567142324,0.4493914235950391,0.3506200476114678,0.2601586571875852,0.23490409977570784
6283,0.0864120609363026,0.5749717567142324,0.4493914235950391,0.3506200476114678,0.2601586571875852,0.23490409977570784
6284,0.0864120609363026,0.5749717567142324,0.4493914235950391,0.3506200476114678,0.2601586571875852,0.23490409977570784
6285,0.0864120609363026,0.5749717567142324,0.4493914235950391,0.3506200476114678,0.2601586571875852,0.23490409977570784
6286,0.0864120609363026,0.5749717567142324,0.4493914235950391,0.3506200476114678,0.2601586571875852,0.23490409977570784
6287,0.0864120609363026,0.5749717567142324,0.4493914235950391,0.3506200476114678,0.2601586571875852,0.23490409977570784
6288,0.08700191800689822,0.5874582951174534,0.4601980804728161,0.3573318285775808,0.26603940451668695,0.23851322571018216
6289,0.08700191800689822,0.5874582951174534,0.4601980804728161,0.3573318285775808,0.26603940451668695,0.23851322571018216
6290,0.08700191800689822,0.5874582951174534,0.4601980804728161,0.3573318285775808,0.26603940451668695,0.23851322571018216
6291,0.08700191800689822,0.5874582951174534,0.4601980804728161,0.3573318285775808,0.26603940451668695,0.23851322571018216
6292,0.08700191800689822,0.5874582951174534,0.4601980804728161,0.3573318285775808,0.26603940451668695,0.23851322571018216
6293,0.08700191800689822,0.5874582951174534,0.4601980804728161,0.3573318285775808,0.26603940451668695,0.23851322571018216
6294,0.08700191800689822,0.5874582951174534,0.4601980804728161,0.3573318285775808,0.26603940451668695,0.23851322571018216
6295,0.08700191800689822,0.5874582951174534,0.4601980804728161,0.3573318285775808,0.26603940451668695,0.23851322571018216
6296,0.08700191800689822,0.5874582951174534,0.4601980804728161,0.3573318285775808,0.26603940451668695,0.23851322571018216
6297,0.08700191800689822,0.5874582951174534,0.4601980804728161,0.3573318285775808,0.26603940451668695,0.23851322571018216
6298,0.08700191800689822,0.5874582951174534,0.4601980804728161,0.3573318285775808,0.26603940451668695,0.23851322571018216
6299,0.08700191800689822,0.5874582951174534,0.4601980804728161,0.3573318285775808,0.26603940451668695,0.23851322571018216
6300,0.08700191800689822,0.5874582951174534,0.4601980804728161,0.3573318285775808,0.26603940451668695,0.23851322571018216
6301,0.08700191800689822,0.5874582951174534,0.4601980804728161,0.3573318285775808,0.26603940451668695,0.23851322571018216
6302,0.08700191800689822,0.5874582951174534,0.4601980804728161,0.3573318285775808,0.26603940451668695,0.23851322571018216
6303,0.08700191800689822,0.5874582951174534,0.4601980804728161,0.3573318285775808,0.26603940451668695,0.23851322571018216
6304,0.08700191800689822,0.5874582951174534,0.4601980804728161,0.3573318285775808,0.26603940451668695,0.23851322571018216
6305,0.08700191800689822,0.5874582951174534,0.4601980804728161,0.3573318285775808,0.26603940451668695,0.23851322571018216
6306,0.08700191800689822,0.5874582951174534,0.4601980804728161,0.3573318285775808,0.26603940451668695,0.23851322571018216
6307,0.08700191800689822,0.5874582951174534,0.4601980804728161,0.3573318285775808,0.26603940451668695,0.23851322571018216
6308,0.08700191800689822,0.5874582951174534,0.4601980804728161,0.3573318285775808,0.26603940451668695,0.23851322571018216
6309,0.08700191800689822,0.5874582951174534,0.4601980804728161,0.3573318285775808,0.26603940451668695,0.23851322571018216
6310,0.08700191800689822,0.5874582951174534,0.4601980804728161,0.3573318285775808,0.26603940451668695,0.23851322571018216
6311,0.08700191800689822,0.5874582951174534,0.4601980804728161,0.3573318285775808,0.26603940451668695,0.23851322571018216
6312,0.09023682896478787,0.5863152925045617,0.457892086752763,0.357837170708726,0.2664820142808312,0.23981295889874743
6313,0.09023682896478787,0.5863152925045617,0.457892086752763,0.357837170708726,0.2664820142808312,0.23981295889874743
6314,0.09023682896478787,0.5863152925045617,0.457892086752763,0.357837170708726,0.2664820142808312,0.23981295889874743
6315,0.09023682896478787,0.5863152925045617,0.457892086752763,0.357837170708726,0.2664820142808312,0.23981295889874743
6316,0.09023682896478787,0.5863152925045617,0.457892086752763,0.357837170708726,0.2664820142808312,0.23981295889874743
6317,0.09023682896478787,0.5863152925045617,0.457892086752763,0.357837170708726,0.2664820142808312,0.23981295889874743
6318,0.09023682896478787,0.5863152925045617,0.457892086752763,0.357837170708726,0.2664820142808312,0.23981295889874743
6319,0.09023682896478787,0.5863152925045617,0.457892086752763,0.357837170708726,0.2664820142808312,0.23981295889874743
6320,0.09023682896478787,0.5863152925045617,0.457892086752763,0.357837170708726,0.2664820142808312,0.23981295889874743
6321,0.09023682896478787,0.5863152925045617,0.457892086752763,0.357837170708726,0.2664820142808312,0.23981295889874743
6322,0.09023682896478787,0.5863152925045617,0.457892086752763,0.357837170708726,0.2664820142808312,0.23981295889874743
6323,0.09023682896478787,0.5863152925045617,0.457892086752763,0.357837170708726,0.2664820142808312,0.23981295889874743
6324,0.09023682896478787,0.5863152925045617,0.457892086752763,0.357837170708726,0.2664820142808312,0.23981295889874743
6325,0.09023682896478787,0.5863152925045617,0.457892086752763,0.357837170708726,0.2664820142808312,0.23981295889874743
6326,0.09023682896478787,0.5863152925045617,0.457892086752763,0.357837170708726,0.2664820142808312,0.23981295889874743
6327,0.09023682896478787,0.5863152925045617,0.457892086752763,0.357837170708726,0.2664820142808312,0.23981295889874743
6328,0.09023682896478787,0.5863152925045617,0.457892086752763,0.357837170708726,0.2664820142808312,0.23981295889874743
6329,0.09023682896478787,0.5863152925045617,0.457892086752763,0.357837170708726,0.2664820142808312,0.23981295889874743
6330,0.09023682896478787,0.5863152925045617,0.457892086752763,0.357837170708726,0.2664820142808312,0.23981295889874743
6331,0.09023682896478787,0.5863152925045617,0.457892086752763,0.357837170708726,0.2664820142808312,0.23981295889874743
6332,0.09023682896478787,0.5863152925045617,0.457892086752763,0.357837170708726,0.2664820142808312,0.23981295889874743
6333,0.09023682896478787,0.5863152925045617,0.457892086752763,0.357837170708726,0.2664820142808312,0.23981295889874743
6334,0.09023682896478787,0.5863152925045617,0.457892086752763,0.357837170708726,0.2664820142808312,0.23981295889874743
6335,0.09023682896478787,0.5863152925045617,0.457892086752763,0.357837170708726,0.2664820142808312,0.23981295889874743
6336,0.09439751089346156,0.5855723202041,0.4557513490102252,0.35892741536034206,0.2674005929140861,0.2418143954508718
6337,0.09439751089346156,0.5855723202041,0.4557513490102252,0.35892741536034206,0.2674005929140861,0.2418143954508718
6338,0.09439751089346156,0.5855723202041,0.4557513490102252,0.35892741536034206,0.2674005929140861,0.2418143954508718
6339,0.09439751089346156,0.5855723202041,0.4557513490102252,0.35892741536034206,0.2674005929140861,0.2418143954508718
6340,0.09439751089346156,0.5855723202041,0.4557513490102252,0.35892741536034206,0.2674005929140861,0.2418143954508718
6341,0.09439751089346156,0.5855723202041,0.4557513490102252,0.35892741536034206,0.2674005929140861,0.2418143954508718
6342,0.09439751089346156,0.5855723202041,0.4557513490102252,0.35892741536034206,0.2674005929140861,0.2418143954508718
6343,0.09439751089346156,0.5855723202041,0.4557513490102252,0.35892741536034206,0.2674005929140861,0.2418143954508718
6344,0.09439751089346156,0.5855723202041,0.4557513490102252,0.35892741536034206,0.2674005929140861,0.2418143954508718
6345,0.09439751089346156,0.5855723202041,0.4557513490102252,0.35892741536034206,0.2674005929140861,0.2418143954508718
6346,0.09439751089346156,0.5855723202041,0.4557513490102252,0.35892741536034206,0.2674005929140861,0.2418143954508718
6347,0.09439751089346156,0.5855723202041,0.4557513490102252,0.35892741536034206,0.2674005929140861,0.2418143954508718
6348,0.09439751089346156,0.5855723202041,0.4557513490102252,0.35892741536034206,0.2674005929140861,0.2418143954508718
6349,0.09439751089346156,0.5855723202041,0.4557513490102252,0.35892741536034206,0.2674005929140861,0.2418143954508718
6350,0.09439751089346156,0.5855723202041,0.4557513490102252,0.35892741536034206,0.2674005929140861,0.2418143954508718
6351,0.09439751089346156,0.5855723202041,0.4557513490102252,0.35892741536034206,0.2674005929140861,0.2418143954508718
6352,0.09439751089346156,0.5855723202041,0.4557513490102252,0.35892741536034206,0.2674005929140861,0.2418143954508718
6353,0.09439751089346156,0.5855723202041,0.4557513490102252,0.35892741536034206,0.2674005929140861,0.2418143954508718
6354,0.09439751089346156,0.5855723202041,0.4557513490102252,0.35892741536034206,0.2674005929140861,0.2418143954508718
6355,0.09439751089346156,0.5855723202041,0.4557513490102252,0.35892741536034206,0.2674005929140861,0.2418143954508718
6356,0.09439751089346156,0.5855723202041,0.4557513490102252,0.35892741536034206,0.2674005929140861,0.2418143954508718
6357,0.09439751089346156,0.5855723202041,0.4557513490102252,0.35892741536034206,0.2674005929140861,0.2418143954508718
6358,0.09439751089346156,0.5855723202041,0.4557513490102252,0.35892741536034206,0.2674005929140861,0.2418143954508718
6359,0.09439751089346156,0.5855723202041,0.4557513490102252,0.35892741536034206,0.2674005929140861,0.2418143954508718
6360,0.09840547905363388,0.5796203125478101,0.44919351902958016,0.35735888839527136,0.2658735623309319,0.24223751671081073
6361,0.09840547905363388,0.5796203125478101,0.44919351902958016,0.35735888839527136,0.2658735623309319,0.24223751671081073
6362,0.09840547905363388,0.5796203125478101,0.44919351902958016,0.35735888839527136,0.2658735623309319,0.24223751671081073
6363,0.09840547905363388,0.5796203125478101,0.44919351902958016,0.35735888839527136,0.2658735623309319,0.24223751671081073
6364,0.09840547905363388,0.5796203125478101,0.44919351902958016,0.35735888839527136,0.2658735623309319,0.24223751671081073
6365,0.09840547905363388,0.5796203125478101,0.44919351902958016,0.35735888839527136,0.2658735623309319,0.24223751671081073
6366,0.09840547905363388,0.5796203125478101,0.44919351902958016,0.35735888839527136,0.2658735623309319,0.24223751671081073
6367,0.09840547905363388,0.5796203125478101,0.44919351902958016,0.35735888839527136,0.2658735623309319,0.24223751671081073
6368,0.09840547905363388,0.5796203125478101,0.44919351902958016,0.35735888839527136,0.2658735623309319,0.24223751671081073
6369,0.09840547905363388,0.5796203125478101,0.44919351902958016,0.35735888839527136,0.2658735623309319,0.24223751671081073
6370,0.09840547905363388,0.5796203125478101,0.44919351902958016,0.35735888839527136,0.2658735623309319,0.24223751671081073
6371,0.09840547905363388,0.5796203125478101,0.44919351902958016,0.35735888839527136,0.2658735623309319,0.24223751671081073
6372,0.09840547905363388,0.5796203125478101,0.44919351902958016,0.35735888839527136,0.2658735623309319,0.24223751671081073
6373,0.09840547905363388,0.5796203125478101,0.44919351902958016,0.35735888839527136,0.2658735623309319,0.24223751671081073
6374,0.09840547905363388,0.5796203125478101,0.44919351902958016,0.35735888839527136,0.2658735623309319,0.24223751671081073
6375,0.09840547905363388,0.5796203125478101,0.44919351902958016,0.35735888839527136,0.2658735623309319,0.24223751671081073
6376,0.09840547905363388,0.5796203125478101,0.44919351902958016,0.35735888839527136,0.2658735623309319,0.24223751671081073
6377,0.09840547905363388,0.5796203125478101,0.44919351902958016,0.35735888839527136,0.2658735623309319,0.24223751671081073
6378,0.09840547905363388,0.5796203125478101,0.44919351902958016,0.35735888839527136,0.2658735623309319,0.24223751671081073
6379,0.09840547905363388,0.5796203125478101,0.44919351902958016,0.35735888839527136,0.2658735623309319,0.24223751671081073
6380,0.09840547905363388,0.5796203125478101,0.44919351902958016,0.35735888839527136,0.2658735623309319,0.24223751671081073
6381,0.09840547905363388,0.5796203125478101,0.44919351902958016,0.35735888839527136,0.2658735623309319,0.24223751671081073
6382,0.09840547905363388,0.5796203125478101,0.44919351902958016,0.35735888839527136,0.2658735623309319,0.24223751671081073
6383,0.09840547905363388,0.5796203125478101,0.44919351902958016,0.35735888839527136,0.2658735623309319,0.24223751671081073
6384,0.10126806096779084,0.5658484602067825,0.4357711890241165,0.35172573513449673,0.2601128959663196,0.2402764668110237
6385,0.10126806096779084,0.5658484602067825,0.4357711890241165,0.35172573513449673,0.2601128959663196,0.2402764668110237
6386,0.10126806096779084,0.5658484602067825,0.4357711890241165,0.35172573513449673,0.2601128959663196,0.2402764668110237
6387,0.10126806096779084,0.5658484602067825,0.4357711890241165,0.35172573513449673,0.2601128959663196,0.2402764668110237
6388,0.10126806096779084,0.5658484602067825,0.4357711890241165,0.35172573513449673,0.2601128959663196,0.2402764668110237
6389,0.10126806096779084,0.5658484602067825,0.4357711890241165,0.35172573513449673,0.2601128959663196,0.2402764668110237
6390,0.10126806096779084,0.5658484602067825,0.4357711890241165,0.35172573513449673,0.2601128959663196,0.2402764668110237
6391,0.10126806096779084,0.5658484602067825,0.4357711890241165,0.35172573513449673,0.2601128959663196,0.2402764668110237
6392,0.10126806096779084,0.5658484602067825,0.4357711890241165,0.35172573513449673,0.2601128959663196,0.2402764668110237
6393,0.10126806096779084,0.5658484602067825,0.4357711890241165,0.35172573513449673,0.2601128959663196,0.2402764668110237
6394,0.10126806096779084,0.5658484602067825,0.4357711890241165,0.35172573513449673,0.2601128959663196,0.2402764668110237
6395,0.10126806096779084,0.5658484602067825,0.4357711890241165,0.35172573513449673,0.2601128959663196,0.2402764668110237
6396,0.10126806096779084,0.5658484602067825,0.4357711890241165,0.35172573513449673,0.2601128959663196,0.2402764668110237
6397,0.10126806096779084,0.5658484602067825,0.4357711890241165,0.35172573513449673,0.2601128959663196,0.2402764668110237
6398,0.10126806096779084,0.5658484602067825,0.4357711890241165,0.35172573513449673,0.2601128959663196,0.2402764668110237
6399,0.10126806096779084,0.5658484602067825,0.4357711890241165,0.35172573513449673,0.2601128959663196,0.2402764668110237
6400,0.10126806096779084,0.5658484602067825,0.4357711890241165,0.35172573513449673,0.2601128959663196,0.2402764668110237
6401,0.10126806096779084,0.5658484602067825,0.4357711890241165,0.35172573513449673,0.2601128959663196,0.2402764668110237
6402,0.10126806096779084,0.5658484602067825,0.4357711890241165,0.35172573513449673,0.2601128959663196,0.2402764668110237
6403,0.10126806096779084,0.5658484602067825,0.4357711890241165,0.35172573513449673,0.2601128959663196,0.2402764668110237
6404,0.10126806096779084,0.5658484602067825,0.4357711890241165,0.35172573513449673,0.2601128959663196,0.2402764668110237
6405,0.10126806096779084,0.5658484602067825,0.4357711890241165,0.35172573513449673,0.2601128959663196,0.2402764668110237
6406,0.10126806096779084,0.5658484602067825,0.4357711890241165,0.35172573513449673,0.2601128959663196,0.2402764668110237
6407,0.10126806096779084,0.5658484602067825,0.4357711890241165,0.35172573513449673,0.2601128959663196,0.2402764668110237
6408,0.10526475203877,0.5612762228373355,0.4304070309449058,0.35079292572713366,0.2591650398425111,0.2411051765247464
6409,0.10526475203877,0.5612762228373355,0.4304070309449058,0.35079292572713366,0.2591650398425111,0.2411051765247464
6410,0.10526475203877,0.5612762228373355,0.4304070309449058,0.35079292572713366,0.2591650398425111,0.2411051765247464
6411,0.10526475203877,0.5612762228373355,0.4304070309449058,0.35079292572713366,0.2591650398425111,0.2411051765247464
6412,0.10526475203877,0.5612762228373355,0.4304070309449058,0.35079292572713366,0.2591650398425111,0.2411051765247464
6413,0.10526475203877,0.5612762228373355,0.4304070309449058,0.35079292572713366,0.2591650398425111,0.2411051765247464
6414,0.10526475203877,0.5612762228373355,0.4304070309449058,0.35079292572713366,0.2591650398425111,0.2411051765247464
6415,0.10526475203877,0.5612762228373355,0.4304070309449058,0.35079292572713366,0.2591650398425111,0.2411051765247464
6416,0.10526475203877,0.5612762228373355,0.4304070309449058,0.35079292572713366,0.2591650398425111,0.2411051765247464
6417,0.10526475203877,0.5612762228373355,0.4304070309449058,0.35079292572713366,0.2591650398425111,0.2411051765247464
6418,0.10526475203877,0.5612762228373355,0.4304070309449058,0.35079292572713366,0.2591650398425111,0.2411051765247464
6419,0.10526475203877,0.5612762228373355,0.4304070309449058,0.35079292572713366,0.2591650398425111,0.2411051765247464
6420,0.10526475203877,0.5612762228373355,0.4304070309449058,0.35079292572713366,0.2591650398425111,0.2411051765247464
6421,0.10526475203877,0.5612762228373355,0.4304070309449058,0.35079292572713366,0.2591650398425111,0.2411051765247464
6422,0.10526475203877,0.5612762228373355,0.4304070309449058,0.35079292572713366,0.2591650398425111,0.2411051765247464
6423,0.10526475203877,0.5612762228373355,0.4304070309449058,0.35079292572713366,0.2591650398425111,0.2411051765247464
6424,0.10526475203877,0.5612762228373355,0.4304070309449058,0.35079292572713366,0.2591650398425111,0.2411051765247464
6425,0.10526475203877,0.5612762228373355,0.4304070309449058,0.35079292572713366,0.2591650398425111,0.2411051765247464
6426,0.10526475203877,0.5612762228373355,0.4304070309449058,0.35079292572713366,0.2591650398425111,0.2411051765247464
6427,0.10526475203877,0.5612762228373355,0.4304070309449058,0.35079292572713366,0.2591650398425111,0.2411051765247464
6428,0.10526475203877,0.5612762228373355,0.4304070309449058,0.35079292572713366,0.2591650398425111,0.2411051765247464
6429,0.10526475203877,0.5612762228373355,0.4304070309449058,0.35079292572713366,0.2591650398425111,0.2411051765247464
6430,0.10526475203877,0.5612762228373355,0.4304070309449058,0.35079292572713366,0.2591650398425111,0.2411051765247464
6431,0.10526475203877,0.5612762228373355,0.4304070309449058,0.35079292572713366,0.2591650398425111,0.2411051765247464
6432,0.10853874693070688,0.5558364936075704,0.42440921768783485,0.3491408694806825,0.2575200747559776,0.24133434668657905
6433,0.10853874693070688,0.5558364936075704,0.42440921768783485,0.3491408694806825,0.2575200747559776,0.24133434668657905
6434,0.10853874693070688,0.5558364936075704,0.42440921768783485,0.3491408694806825,0.2575200747559776,0.24133434668657905
6435,0.10853874693070688,0.5558364936075704,0.42440921768783485,0.3491408694806825,0.2575200747559776,0.24133434668657905
6436,0.10853874693070688,0.5558364936075704,0.42440921768783485,0.3491408694806825,0.2575200747559776,0.24133434668657905
6437,0.10853874693070688,0.5558364936075704,0.42440921768783485,0.3491408694806825,0.2575200747559776,0.24133434668657905
6438,0.10853874693070688,0.5558364936075704,0.42440921768783485,0.3491408694806825,0.2575200747559776,0.24133434668657905
6439,0.10853874693070688,0.5558364936075704,0.42440921768783485,0.3491408694806825,0.2575200747559776,0.24133434668657905
6440,0.10853874693070688,0.5558364936075704,0.42440921768783485,0.3491408694806825,0.2575200747559776,0.24133434668657905
6441,0.10853874693070688,0.5558364936075704,0.42440921768783485,0.3491408694806825,0.2575200747559776,0.24133434668657905
6442,0.10853874693070688,0.5558364936075704,0.42440921768783485,0.3491408694806825,0.2575200747559776,0.24133434668657905
6443,0.10853874693070688,0.5558364936075704,0.42440921768783485,0.3491408694806825,0.2575200747559776,0.24133434668657905
6444,0.10853874693070688,0.5558364936075704,0.42440921768783485,0.3491408694806825,0.2575200747559776,0.24133434668657905
6445,0.10853874693070688,0.5558364936075704,0.42440921768783485,0.3491408694806825,0.2575200747559776,0.24133434668657905
6446,0.10853874693070688,0.5558364936075704,0.42440921768783485,0.3491408694806825,0.2575200747559776,0.24133434668657905
6447,0.10853874693070688,0.5558364936075704,0.42440921768783485,0.3491408694806825,0.2575200747559776,0.24133434668657905
6448,0.10853874693070688,0.5558364936075704,0.42440921768783485,0.3491408694806825,0.2575200747559776,0.24133434668657905
6449,0.10853874693070688,0.5558364936075704,0.42440921768783485,0.3491408694806825,0.2575200747559776,0.24133434668657905
6450,0.10853874693070688,0.5558364936075704,0.42440921768783485,0.3491408694806825,0.2575200747559776,0.24133434668657905
6451,0.10853874693070688,0.5558364936075704,0.42440921768783485,0.3491408694806825,0.2575200747559776,0.24133434668657905
6452,0.10853874693070688,0.5558364936075704,0.42440921768783485,0.3491408694806825,0.2575200747559776,0.24133434668657905
6453,0.10853874693070688,0.5558364936075704,0.42440921768783485,0.3491408694806825,0.2575200747559776,0.24133434668657905
6454,0.10853874693070688,0.5558364936075704,0.42440921768783485,0.3491408694806825,0.2575200747559776,0.24133434668657905
6455,0.10853874693070688,0.5558364936075704,0.42440921768783485,0.3491408694806825,0.2575200747559776,0.24133434668657905
6456,0.11198390095763376,0.5501240828886035,0.418182465963792,0.34740721889816645,0.25579583524433225,0.2415689264931882
6457,0.11198390095763376,0.5501240828886035,0.418182465963792,0.34740721889816645,0.25579583524433225,0.2415689264931882
6458,0.11198390095763376,0.5501240828886035,0.418182465963792,0.34740721889816645,0.25579583524433225,0.2415689264931882
6459,0.11198390095763376,0.5501240828886035,0.418182465963792,0.34740721889816645,0.25579583524433225,0.2415689264931882
6460,0.11198390095763376,0.5501240828886035,0.418182465963792,0.34740721889816645,0.25579583524433225,0.2415689264931882
6461,0.11198390095763376,0.5501240828886035,0.418182465963792,0.34740721889816645,0.25579583524433225,0.2415689264931882
6462,0.11198390095763376,0.5501240828886035,0.418182465963792,0.34740721889816645,0.25579583524433225,0.2415689264931882
6463,0.11198390095763376,0.5501240828886035,0.418182465963792,0.34740721889816645,0.25579583524433225,0.2415689264931882
6464,0.11198390095763376,0.5501240828886035,0.418182465963792,0.34740721889816645,0.25579583524433225,0.2415689264931882
6465,0.11198390095763376,0.5501240828886035,0.418182465963792,0.34740721889816645,0.25579583524433225,0.2415689264931882
6466,0.11198390095763376,0.5501240828886035,0.418182465963792,0.34740721889816645,0.25579583524433225,0.2415689264931882
6467,0.11198390095763376,0.5501240828886035,0.418182465963792,0.34740721889816645,0.25579583524433225,0.2415689264931882
6468,0.11198390095763376,0.5501240828886035,0.418182465963792,0.34740721889816645,0.25579583524433225,0.2415689264931882
6469,0.11198390095763376,0.5501240828886035,0.418182465963792,0.34740721889816645,0.25579583524433225,0.2415689264931882
6470,0.11198390095763376,0.5501240828886035,0.418182465963792,0.34740721889816645,0.25579583524433225,0.2415689264931882
6471,0.11198390095763376,0.5501240828886035,0.418182465963792,0.34740721889816645,0.25579583524433225,0.2415689264931882
6472,0.11198390095763376,0.5501240828886035,0.418182465963792,0.34740721889816645,0.25579583524433225,0.2415689264931882
6473,0.11198390095763376,0.5501240828886035,0.418182465963792,0.34740721889816645,0.25579583524433225,0.2415689264931882
6474,0.11198390095763376,0.5501240828886035,0.418182465963792,0.34740721889816645,0.25579583524433225,0.2415689264931882
6475,0.11198390095763376,0.5501240828886035,0.418182465963792,0.34740721889816645,0.25579583524433225,0.2415689264931882
6476,0.11198390095763376,0.5501240828886035,0.418182465963792,0.34740721889816645,0.25579583524433225,0.2415689264931882
6477,0.11198390095763376,0.5501240828886035,0.418182465963792,0.34740721889816645,0.25579583524433225,0.2415689264931882
6478,0.11198390095763376,0.5501240828886035,0.418182465963792,0.34740721889816645,0.25579583524433225,0.2415689264931882
6479,0.11198390095763376,0.5501240828886035,0.418182465963792,0.34740721889816645,0.25579583524433225,0.2415689264931882
6480,0.11729073465923819,0.5498554041294742,0.41610948920556196,0.3491179842023839,0.25765876382457004,0.24392132017102933
6481,0.11729073465923819,0.5498554041294742,0.41610948920556196,0.3491179842023839,0.25765876382457004,0.24392132017102933
6482,0.11729073465923819,0.5498554041294742,0.41610948920556196,0.3491179842023839,0.25765876382457004,0.24392132017102933
6483,0.11729073465923819,0.5498554041294742,0.41610948920556196,0.3491179842023839,0.25765876382457004,0.24392132017102933
6484,0.11729073465923819,0.5498554041294742,0.41610948920556196,0.3491179842023839,0.25765876382457004,0.24392132017102933
6485,0.11729073465923819,0.5498554041294742,0.41610948920556196,0.3491179842023839,0.25765876382457004,0.24392132017102933
6486,0.11729073465923819,0.5498554041294742,0.41610948920556196,0.3491179842023839,0.25765876382457004,0.24392132017102933
6487,0.11729073465923819,0.5498554041294742,0.41610948920556196,0.3491179842023839,0.25765876382457004,0.24392132017102933
6488,0.11729073465923819,0.5498554041294742,0.41610948920556196,0.3491179842023839,0.25765876382457004,0.24392132017102933
6489,0.11729073465923819,0.5498554041294742,0.41610948920556196,0.3491179842023839,0.25765876382457004,0.24392132017102933
6490,0.11729073465923819,0.5498554041294742,0.41610948920556196,0.3491179842023839,0.25765876382457004,0.24392132017102933
6491,0.11729073465923819,0.5498554041294742,0.41610948920556196,0.3491179842023839,0.25765876382457004,0.24392132017102933
6492,0.11729073465923819,0.5498554041294742,0.41610948920556196,0.3491179842023839,0.25765876382457004,0.24392132017102933
6493,0.11729073465923819,0.5498554041294742,0.41610948920556196,0.3491179842023839,0.25765876382457004,0.24392132017102933
6494,0.11729073465923819,0.5498554041294742,0.41610948920556196,0.3491179842023839,0.25765876382457004,0.24392132017102933
6495,0.11729073465923819,0.5498554041294742,0.41610948920556196,0.3491179842023839,0.25765876382457004,0.24392132017102933
6496,0.11729073465923819,0.5498554041294742,0.41610948920556196,0.3491179842023839,0.25765876382457004,0.24392132017102933
6497,0.11729073465923819,0.5498554041294742,0.41610948920556196,0.3491179842023839,0.25765876382457004,0.24392132017102933
6498,0.11729073465923819,0.5498554041294742,0.41610948920556196,0.3491179842023839,0.25765876382457004,0.24392132017102933
6499,0.11729073465923819,0.5498554041294742,0.41610948920556196,0.3491179842023839,0.25765876382457004,0.24392132017102933
6500,0.11729073465923819,0.5498554041294742,0.41610948920556196,0.3491179842023839,0.25765876382457004,0.24392132017102933
6501,0.11729073465923819,0.5498554041294742,0.41610948920556196,0.3491179842023839,0.25765876382457004,0.24392132017102933
6502,0.11729073465923819,0.5498554041294742,0.41610948920556196,0.3491179842023839,0.25765876382457004,0.24392132017102933
6503,0.11729073465923819,0.5498554041294742,0.41610948920556196,0.3491179842023839,0.25765876382457004,0.24392132017102933
6504,0.12102093796727674,0.5419884562822539,0.4079044687956348,0.3465096438641675,0.2550628989108534,0.24369104685800982
6505,0.12102093796727674,0.5419884562822539,0.4079044687956348,0.3465096438641675,0.2550628989108534,0.24369104685800982
6506,0.12102093796727674,0.5419884562822539,0.4079044687956348,0.3465096438641675,0.2550628989108534,0.24369104685800982
6507,0.12102093796727674,0.5419884562822539,0.4079044687956348,0.3465096438641675,0.2550628989108534,0.24369104685800982
6508,0.12102093796727674,0.5419884562822539,0.4079044687956348,0.3465096438641675,0.2550628989108534,0.24369104685800982
6509,0.12102093796727674,0.5419884562822539,0.4079044687956348,0.3465096438641675,0.2550628989108534,0.24369104685800982
6510,0.12102093796727674,0.5419884562822539,0.4079044687956348,0.3465096438641675,0.2550628989108534,0.24369104685800982
6511,0.12102093796727674,0.5419884562822539,0.4079044687956348,0.3465096438641675,0.2550628989108534,0.24369104685800982
6512,0.12102093796727674,0.5419884562822539,0.4079044687956348,0.3465096438641675,0.2550628989108534,0.24369104685800982
6513,0.12102093796727674,0.5419884562822539,0.4079044687956348,0.3465096438641675,0.2550628989108534,0.24369104685800982
6514,0.12102093796727674,0.5419884562822539,0.4079044687956348,0.3465096438641675,0.2550628989108534,0.24369104685800982
6515,0.12102093796727674,0.5419884562822539,0.4079044687956348,0.3465096438641675,0.2550628989108534,0.24369104685800982
6516,0.12102093796727674,0.5419884562822539,0.4079044687956348,0.3465096438641675,0.2550628989108534,0.24369104685800982
6517,0.12102093796727674,0.5419884562822539,0.4079044687956348,0.3465096438641675,0.2550628989108534,0.24369104685800982
6518,0.12102093796727674,0.5419884562822539,0.4079044687956348,0.3465096438641675,0.2550628989108534,0.24369104685800982
6519,0.12102093796727674,0.5419884562822539,0.4079044687956348,0.3465096438641675,0.2550628989108534,0.24369104685800982
6520,0.12102093796727674,0.5419884562822539,0.4079044687956348,0.3465096438641675,0.2550628989108534,0.24369104685800982
6521,0.12102093796727674,0.5419884562822539,0.4079044687956348,0.3465096438641675,0.2550628989108534,0.24369104685800982
6522,0.12102093796727674,0.5419884562822539,0.4079044687956348,0.3465096438641675,0.2550628989108534,0.24369104685800982
6523,0.12102093796727674,0.5419884562822539,0.4079044687956348,0.3465096438641675,0.2550628989108534,0.24369104685800982
6524,0.12102093796727674,0.5419884562822539,0.4079044687956348,0.3465096438641675,0.2550628989108534,0.24369104685800982
6525,0.12102093796727674,0.5419884562822539,0.4079044687956348,0.3465096438641675,0.2550628989108534,0.24369104685800982
6526,0.12102093796727674,0.5419884562822539,0.4079044687956348,0.3465096438641675,0.2550628989108534,0.24369104685800982
6527,0.12102093796727674,0.5419884562822539,0.4079044687956348,0.3465096438641675,0.2550628989108534,0.24369104685800982
6528,0.12562756184546606,0.5385308281442406,0.40327641895036676,0.34648017017027866,0.25508642902572354,0.2449877158637235
6529,0.12562756184546606,0.5385308281442406,0.40327641895036676,0.34648017017027866,0.25508642902572354,0.2449877158637235
6530,0.12562756184546606,0.5385308281442406,0.40327641895036676,0.34648017017027866,0.25508642902572354,0.2449877158637235
6531,0.12562756184546606,0.5385308281442406,0.40327641895036676,0.34648017017027866,0.25508642902572354,0.2449877158637235
6532,0.12562756184546606,0.5385308281442406,0.40327641895036676,0.34648017017027866,0.25508642902572354,0.2449877158637235
6533,0.12562756184546606,0.5385308281442406,0.40327641895036676,0.34648017017027866,0.25508642902572354,0.2449877158637235
6534,0.12562756184546606,0.5385308281442406,0.40327641895036676,0.34648017017027866,0.25508642902572354,0.2449877158637235
6535,0.12562756184546606,0.5385308281442406,0.40327641895036676,0.34648017017027866,0.25508642902572354,0.2449877158637235
6536,0.12562756184546606,0.5385308281442406,0.40327641895036676,0.34648017017027866,0.25508642902572354,0.2449877158637235
6537,0.12562756184546606,0.5385308281442406,0.40327641895036676,0.34648017017027866,0.25508642902572354,0.2449877158637235
6538,0.12562756184546606,0.5385308281442406,0.40327641895036676,0.34648017017027866,0.25508642902572354,0.2449877158637235
6539,0.12562756184546606,0.5385308281442406,0.40327641895036676,0.34648017017027866,0.25508642902572354,0.2449877158637235
6540,0.12562756184546606,0.5385308281442406,0.40327641895036676,0.34648017017027866,0.25508642902572354,0.2449877158637235
6541,0.12562756184546606,0.5385308281442406,0.40327641895036676,0.34648017017027866,0.25508642902572354,0.2449877158637235
6542,0.12562756184546606,0.5385308281442406,0.40327641895036676,0.34648017017027866,0.25508642902572354,0.2449877158637235
6543,0.12562756184546606,0.5385308281442406,0.40327641895036676,0.34648017017027866,0.25508642902572354,0.2449877158637235
6544,0.12562756184546606,0.5385308281442406,0.40327641895036676,0.34648017017027866,0.25508642902572354,0.2449877158637235
6545,0.12562756184546606,0.5385308281442406,0.40327641895036676,0.34648017017027866,0.25508642902572354,0.2449877158637235
6546,0.12562756184546606,0.5385308281442406,0.40327641895036676,0.34648017017027866,0.25508642902572354,0.2449877158637235
6547,0.12562756184546606,0.5385308281442406,0.40327641895036676,0.34648017017027866,0.25508642902572354,0.2449877158637235
6548,0.12562756184546606,0.5385308281442406,0.40327641895036676,0.34648017017027866,0.25508642902572354,0.2449877158637235
6549,0.12562756184546606,0.5385308281442406,0.40327641895036676,0.34648017017027866,0.25508642902572354,0.2449877158637235
6550,0.12562756184546606,0.5385308281442406,0.40327641895036676,0.34648017017027866,0.25508642902572354,0.2449877158637235
6551,0.12562756184546606,0.5385308281442406,0.40327641895036676,0.34648017017027866,0.25508642902572354,0.2449877158637235
6552,0.13130798347655795,0.5341191932412473,0.39736342251886864,0.3463469065391283,0.25515518883622124,0.24630487156344902
6553,0.13130798347655795,0.5341191932412473,0.39736342251886864,0.3463469065391283,0.25515518883622124,0.24630487156344902
6554,0.13130798347655795,0.5341191932412473,0.39736342251886864,0.3463469065391283,0.25515518883622124,0.24630487156344902
6555,0.13130798347655795,0.5341191932412473,0.39736342251886864,0.3463469065391283,0.25515518883622124,0.24630487156344902
6556,0.13130798347655795,0.5341191932412473,0.39736342251886864,0.3463469065391283,0.25515518883622124,0.24630487156344902
6557,0.13130798347655795,0.5341191932412473,0.39736342251886864,0.3463469065391283,0.25515518883622124,0.24630487156344902
6558,0.13130798347655795,0.5341191932412473,0.39736342251886864,0.3463469065391283,0.25515518883622124,0.24630487156344902
6559,0.13130798347655795,0.5341191932412473,0.39736342251886864,0.3463469065391283,0.25515518883622124,0.24630487156344902
6560,0.13130798347655795,0.5341191932412473,0.39736342251886864,0.3463469065391283,0.25515518883622124,0.24630487156344902
6561,0.13130798347655795,0.5341191932412473,0.39736342251886864,0.3463469065391283,0.25515518883622124,0.24630487156344902
6562,0.13130798347655795,0.5341191932412473,0.39736342251886864,0.3463469065391283,0.25515518883622124,0.24630487156344902
6563,0.13130798347655795,0.5341191932412473,0.39736342251886864,0.3463469065391283,0.25515518883622124,0.24630487156344902
6564,0.13130798347655795,0.5341191932412473,0.39736342251886864,0.3463469065391283,0.25515518883622124,0.24630487156344902
6565,0.13130798347655795,0.5341191932412473,0.39736342251886864,0.3463469065391283,0.25515518883622124,0.24630487156344902
6566,0.13130798347655795,0.5341191932412473,0.39736342251886864,0.3463469065391283,0.25515518883622124,0.24630487156344902
6567,0.13130798347655795,0.5341191932412473,0.39736342251886864,0.3463469065391283,0.25515518883622124,0.24630487156344902
6568,0.13130798347655795,0.5341191932412473,0.39736342251886864,0.3463469065391283,0.25515518883622124,0.24630487156344902
6569,0.13130798347655795,0.5341191932412473,0.39736342251886864,0.3463469065391283,0.25515518883622124,0.24630487156344902
6570,0.13130798347655795,0.5341191932412473,0.39736342251886864,0.3463469065391283,0.25515518883622124,0.24630487156344902
6571,0.13130798347655795,0.5341191932412473,0.39736342251886864,0.3463469065391283,0.25515518883622124,0.24630487156344902
6572,0.13130798347655795,0.5341191932412473,0.39736342251886864,0.3463469065391283,0.25515518883622124,0.24630487156344902
6573,0.13130798347655795,0.5341191932412473,0.39736342251886864,0.3463469065391283,0.25515518883622124,0.24630487156344902
6574,0.13130798347655795,0.5341191932412473,0.39736342251886864,0.3463469065391283,0.25515518883622124,0.24630487156344902
6575,0.13130798347655795,0.5341191932412473,0.39736342251886864,0.3463469065391283,0.25515518883622124,0.24630487156344902
6576,0.13495238101392296,0.5194570721769279,0.3832096385998376,0.3408580979259739,0.24921777619401228,0.24468011774027199
6577,0.13495238101392296,0.5194570721769279,0.3832096385998376,0.3408580979259739,0.24921777619401228,0.24468011774027199
6578,0.13495238101392296,0.5194570721769279,0.3832096385998376,0.3408580979259739,0.24921777619401228,0.24468011774027199
6579,0.13495238101392296,0.5194570721769279,0.3832096385998376,0.3408580979259739,0.24921777619401228,0.24468011774027199
6580,0.13495238101392296,0.5194570721769279,0.3832096385998376,0.3408580979259739,0.24921777619401228,0.24468011774027199
6581,0.13495238101392296,0.5194570721769279,0.3832096385998376,0.3408580979259739,0.24921777619401228,0.24468011774027199
6582,0.13495238101392296,0.5194570721769279,0.3832096385998376,0.3408580979259739,0.24921777619401228,0.24468011774027199
6583,0.13495238101392296,0.5194570721769279,0.3832096385998376,0.3408580979259739,0.24921777619401228,0.24468011774027199
6584,0.13495238101392296,0.5194570721769279,0.3832096385998376,0.3408580979259739,0.24921777619401228,0.24468011774027199
6585,0.13495238101392296,0.5194570721769279,0.3832096385998376,0.3408580979259739,0.24921777619401228,0.24468011774027199
6586,0.13495238101392296,0.5194570721769279,0.3832096385998376,0.3408580979259739,0.24921777619401228,0.24468011774027199
6587,0.13495238101392296,0.5194570721769279,0.3832096385998376,0.3408580979259739,0.24921777619401228,0.24468011774027199
6588,0.13495238101392296,0.5194570721769279,0.3832096385998376,0.3408580979259739,0.24921777619401228,0.24468011774027199
6589,0.13495238101392296,0.5194570721769279,0.3832096385998376,0.3408580979259739,0.24921777619401228,0.24468011774027199
6590,0.13495238101392296,0.5194570721769279,0.3832096385998376,0.3408580979259739,0.24921777619401228,0.24468011774027199
6591,0.13495238101392296,0.5194570721769279,0.3832096385998376,0.3408580979259739,0.24921777619401228,0.24468011774027199
6592,0.13495238101392296,0.5194570721769279,0.3832096385998376,0.3408580979259739,0.24921777619401228,0.24468011774027199
6593,0.13495238101392296,0.5194570721769279,0.3832096385998376,0.3408580979259739,0.24921777619401228,0.24468011774027199
6594,0.13495238101392296,0.5194570721769279,0.3832096385998376,0.3408580979259739,0.24921777619401228,0.24468011774027199
6595,0.13495238101392296,0.5194570721769279,0.3832096385998376,0.3408580979259739,0.24921777619401228,0.24468011774027199
6596,0.13495238101392296,0.5194570721769279,0.3832096385998376,0.3408580979259739,0.24921777619401228,0.24468011774027199
6597,0.13495238101392296,0.5194570721769279,0.3832096385998376,0.3408580979259739,0.24921777619401228,0.24468011774027199
6598,0.13495238101392296,0.5194570721769279,0.3832096385998376,0.3408580979259739,0.24921777619401228,0.24468011774027199
6599,0.13495238101392296,0.5194570721769279,0.3832096385998376,0.3408580979259739,0.24921777619401228,0.24468011774027199
6600,0.13905550805843353,0.5081824059285055,0.37155416772488375,0.33709975233827927,0.2451357875504259,0.24405390013111847
6601,0.13905550805843353,0.5081824059285055,0.37155416772488375,0.33709975233827927,0.2451357875504259,0.24405390013111847
6602,0.13905550805843353,0.5081824059285055,0.37155416772488375,0.33709975233827927,0.2451357875504259,0.24405390013111847
6603,0.13905550805843353,0.5081824059285055,0.37155416772488375,0.33709975233827927,0.2451357875504259,0.24405390013111847
6604,0.13905550805843353,0.5081824059285055,0.37155416772488375,0.33709975233827927,0.2451357875504259,0.24405390013111847
6605,0.13905550805843353,0.5081824059285055,0.37155416772488375,0.33709975233827927,0.2451357875504259,0.24405390013111847
6606,0.13905550805843353,0.5081824059285055,0.37155416772488375,0.33709975233827927,0.2451357875504259,0.24405390013111847
6607,0.13905550805843353,0.5081824059285055,0.37155416772488375,0.33709975233827927,0.2451357875504259,0.24405390013111847
6608,0.13905550805843353,0.5081824059285055,0.37155416772488375,0.33709975233827927,0.2451357875504259,0.24405390013111847
6609,0.13905550805843353,0.5081824059285055,0.37155416772488375,0.33709975233827927,0.2451357875504259,0.24405390013111847
6610,0.13905550805843353,0.5081824059285055,0.37155416772488375,0.33709975233827927,0.2451357875504259,0.24405390013111847
6611,0.13905550805843353,0.5081824059285055,0.37155416772488375,0.33709975233827927,0.2451357875504259,0.24405390013111847
6612,0.13905550805843353,0.5081824059285055,0.37155416772488375,0.33709975233827927,0.2451357875504259,0.24405390013111847
6613,0.13905550805843353,0.5081824059285055,0.37155416772488375,0.33709975233827927,0.2451357875504259,0.24405390013111847
6614,0.13905550805843353,0.5081824059285055,0.37155416772488375,0.33709975233827927,0.2451357875504259,0.24405390013111847
6615,0.13905550805843353,0.5081824059285055,0.37155416772488375,0.33709975233827927,0.2451357875504259,0.24405390013111847
6616,0.13905550805843353,0.5081824059285055,0.37155416772488375,0.33709975233827927,0.2451357875504259,0.24405390013111847
6617,0.13905550805843353,0.5081824059285055,0.37155416772488375,0.33709975233827927,0.2451357875504259,0.24405390013111847
6618,0.13905550805843353,0.5081824059285055,0.37155416772488375,0.33709975233827927,0.2451357875504259,0.24405390013111847
6619,0.13905550805843353,0.5081824059285055,0.37155416772488375,0.33709975233827927,0.2451357875504259,0.24405390013111847
6620,0.13905550805843353,0.5081824059285055,0.37155416772488375,0.33709975233827927,0.2451357875504259,0.24405390013111847
6621,0.13905550805843353,0.5081824059285055,0.37155416772488375,0.33709975233827927,0.2451357875504259,0.24405390013111847
6622,0.13905550805843353,0.5081824059285055,0.37155416772488375,0.33709975233827927,0.2451357875504259,0.24405390013111847
6623,0.13905550805843353,0.5081824059285055,0.37155416772488375,0.33709975233827927,0.2451357875504259,0.24405390013111847
6624,0.14331406462699442,0.49611498641966706,0.35921430329593856,0.33316101743111853,0.24083162806622704,0.24329190182155522
6625,0.14331406462699442,0.49611498641966706,0.35921430329593856,0.33316101743111853,0.24083162806622704,0.24329190182155522
6626,0.14331406462699442,0.49611498641966706,0.35921430329593856,0.33316101743111853,0.24083162806622704,0.24329190182155522
6627,0.14331406462699442,0.49611498641966706,0.35921430329593856,0.33316101743111853,0.24083162806622704,0.24329190182155522
6628,0.14331406462699442,0.49611498641966706,0.35921430329593856,0.33316101743111853,0.24083162806622704,0.24329190182155522
6629,0.14331406462699442,0.49611498641966706,0.35921430329593856,0.33316101743111853,0.24083162806622704,0.24329190182155522
6630,0.14331406462699442,0.49611498641966706,0.35921430329593856,0.33316101743111853,0.24083162806622704,0.24329190182155522
6631,0.14331406462699442,0.49611498641966706,0.35921430329593856,0.33316101743111853,0.24083162806622704,0.24329190182155522
6632,0.14331406462699442,0.49611498641966706,0.35921430329593856,0.33316101743111853,0.24083162806622704,0.24329190182155522
6633,0.14331406462699442,0.49611498641966706,0.35921430329593856,0.33316101743111853,0.24083162806622704,0.24329190182155522
6634,0.14331406462699442,0.49611498641966706,0.35921430329593856,0.33316101743111853,0.24083162806622704,0.24329190182155522
6635,0.14331406462699442,0.49611498641966706,0.35921430329593856,0.33316101743111853,0.24083162806622704,0.24329190182155522
6636,0.14331406462699442,0.49611498641966706,0.35921430329593856,0.33316101743111853,0.24083162806622704,0.24329190182155522
6637,0.14331406462699442,0.49611498641966706,0.35921430329593856,0.33316101743111853,0.24083162806622704,0.24329190182155522
6638,0.14331406462699442,0.49611498641966706,0.35921430329593856,0.33316101743111853,0.24083162806622704,0.24329190182155522
6639,0.14331406462699442,0.49611498641966706,0.35921430329593856,0.33316101743111853,0.24083162806622704,0.24329190182155522
6640,0.14331406462699442,0.49611498641966706,0.35921430329593856,0.33316101743111853,0.24083162806622704,0.24329190182155522
6641,0.14331406462699442,0.49611498641966706,0.35921430329593856,0.33316101743111853,0.24083162806622704,0.24329190182155522
6642,0.14331406462699442,0.49611498641966706,0.35921430329593856,0.33316101743111853,0.24083162806622704,0.24329190182155522
6643,0.14331406462699442,0.49611498641966706,0.35921430329593856,0.33316101743111853,0.24083162806622704,0.24329190182155522
6644,0.14331406462699442,0.49611498641966706,0.35921430329593856,0.33316101743111853,0.24083162806622704,0.24329190182155522
6645,0.14331406462699442,0.49611498641966706,0.35921430329593856,0.33316101743111853,0.24083162806622704,0.24329190182155522
6646,0.14331406462699442,0.49611498641966706,0.35921430329593856,0.33316101743111853,0.24083162806622704,0.24329190182155522
6647,0.14331406462699442,0.49611498641966706,0.35921430329593856,0.33316101743111853,0.24083162806622704,0.24329190182155522
6648,0.14979177097812688,0.4977015488108853,0.3587544781003898,0.33612512583488413,0.24416881055102532,0.2464488294461463
6649,0.14979177097812688,0.4977015488108853,0.3587544781003898,0.33612512583488413,0.24416881055102532,0.2464488294461463
6650,0.14979177097812688,0.4977015488108853,0.3587544781003898,0.33612512583488413,0.24416881055102532,0.2464488294461463
6651,0.14979177097812688,0.4977015488108853,0.3587544781003898,0.33612512583488413,0.24416881055102532,0.2464488294461463
6652,0.14979177097812688,0.4977015488108853,0.3587544781003898,0.33612512583488413,0.24416881055102532,0.2464488294461463
6653,0.14979177097812688,0.4977015488108853,0.3587544781003898,0.33612512583488413,0.24416881055102532,0.2464488294461463
6654,0.14979177097812688,0.4977015488108853,0.3587544781003898,0.33612512583488413,0.24416881055102532,0.2464488294461463
6655,0.14979177097812688,0.4977015488108853,0.3587544781003898,0.33612512583488413,0.24416881055102532,0.2464488294461463
6656,0.14979177097812688,0.4977015488108853,0.3587544781003898,0.33612512583488413,0.24416881055102532,0.2464488294461463
6657,0.14979177097812688,0.4977015488108853,0.3587544781003898,0.33612512583488413,0.24416881055102532,0.2464488294461463
6658,0.14979177097812688,0.4977015488108853,0.3587544781003898,0.33612512583488413,0.24416881055102532,0.2464488294461463
6659,0.14979177097812688,0.4977015488108853,0.3587544781003898,0.33612512583488413,0.24416881055102532,0.2464488294461463
6660,0.14979177097812688,0.4977015488108853,0.3587544781003898,0.33612512583488413,0.24416881055102532,0.2464488294461463
6661,0.14979177097812688,0.4977015488108853,0.3587544781003898,0.33612512583488413,0.24416881055102532,0.2464488294461463
6662,0.14979177097812688,0.4977015488108853,0.3587544781003898,0.33612512583488413,0.24416881055102532,0.2464488294461463
6663,0.14979177097812688,0.4977015488108853,0.3587544781003898,0.33612512583488413,0.24416881055102532,0.2464488294461463
6664,0.14979177097812688,0.4977015488108853,0.3587544781003898,0.33612512583488413,0.24416881055102532,0.2464488294461463
6665,0.14979177097812688,0.4977015488108853,0.3587544781003898,0.33612512583488413,0.24416881055102532,0.2464488294461463
6666,0.14979177097812688,0.4977015488108853,0.3587544781003898,0.33612512583488413,0.24416881055102532,0.2464488294461463
6667,0.14979177097812688,0.4977015488108853,0.3587544781003898,0.33612512583488413,0.24416881055102532,0.2464488294461463
6668,0.14979177097812688,0.4977015488108853,0.3587544781003898,0.33612512583488413,0.24416881055102532,0.2464488294461463
6669,0.14979177097812688,0.4977015488108853,0.3587544781003898,0.33612512583488413,0.24416881055102532,0.2464488294461463
6670,0.14979177097812688,0.4977015488108853,0.3587544781003898,0.33612512583488413,0.24416881055102532,0.2464488294461463
6671,0.14979177097812688,0.4977015488108853,0.3587544781003898,0.33612512583488413,0.24416881055102532,0.2464488294461463
6672,0.15371213717694956,0.4891496317978699,0.34958564805724485,0.3332960608876639,0.24128780720551102,0.24624273013101927
6673,0.15371213717694956,0.4891496317978699,0.34958564805724485,0.3332960608876639,0.24128780720551102,0.24624273013101927
6674,0.15371213717694956,0.4891496317978699,0.34958564805724485,0.3332960608876639,0.24128780720551102,0.24624273013101927
6675,0.15371213717694956,0.4891496317978699,0.34958564805724485,0.3332960608876639,0.24128780720551102,0.24624273013101927
6676,0.15371213717694956,0.4891496317978699,0.34958564805724485,0.3332960608876639,0.24128780720551102,0.24624273013101927
6677,0.15371213717694956,0.4891496317978699,0.34958564805724485,0.3332960608876639,0.24128780720551102,0.24624273013101927
6678,0.15371213717694956,0.4891496317978699,0.34958564805724485,0.3332960608876639,0.24128780720551102,0.24624273013101927
6679,0.15371213717694956,0.4891496317978699,0.34958564805724485,0.3332960608876639,0.24128780720551102,0.24624273013101927
6680,0.15371213717694956,0.4891496317978699,0.34958564805724485,0.3332960608876639,0.24128780720551102,0.24624273013101927
6681,0.15371213717694956,0.4891496317978699,0.34958564805724485,0.3332960608876639,0.24128780720551102,0.24624273013101927
6682,0.15371213717694956,0.4891496317978699,0.34958564805724485,0.3332960608876639,0.24128780720551102,0.24624273013101927
6683,0.15371213717694956,0.4891496317978699,0.34958564805724485,0.3332960608876639,0.24128780720551102,0.24624273013101927
6684,0.15371213717694956,0.4891496317978699,0.34958564805724485,0.3332960608876639,0.24128780720551102,0.24624273013101927
6685,0.15371213717694956,0.4891496317978699,0.34958564805724485,0.3332960608876639,0.24128780720551102,0.24624273013101927
6686,0.15371213717694956,0.4891496317978699,0.34958564805724485,0.3332960608876639,0.24128780720551102,0.24624273013101927
6687,0.15371213717694956,0.4891496317978699,0.34958564805724485,0.3332960608876639,0.24128780720551102,0.24624273013101927
6688,0.15371213717694956,0.4891496317978699,0.34958564805724485,0.3332960608876639,0.24128780720551102,0.24624273013101927
6689,0.15371213717694956,0.4891496317978699,0.34958564805724485,0.3332960608876639,0.24128780720551102,0.24624273013101927
6690,0.15371213717694956,0.4891496317978699,0.34958564805724485,0.3332960608876639,0.24128780720551102,0.24624273013101927
6691,0.15371213717694956,0.4891496317978699,0.34958564805724485,0.3332960608876639,0.24128780720551102,0.24624273013101927
6692,0.15371213717694956,0.4891496317978699,0.34958564805724485,0.3332960608876639,0.24128780720551102,0.24624273013101927
6693,0.15371213717694956,0.4891496317978699,0.34958564805724485,0.3332960608876639,0.24128780720551102,0.24624273013101927
6694,0.15371213717694956,0.4891496317978699,0.34958564805724485,0.3332960608876639,0.24128780720551102,0.24624273013101927
6695,0.15371213717694956,0.4891496317978699,0.34958564805724485,0.3332960608876639,0.24128780720551102,0.24624273013101927
6696,0.15839635139678457,0.48296520798305825,0.3422900889540492,0.3320248419052077,0.24008426558980958,0.24682799465109406
6697,0.15839635139678457,0.48296520798305825,0.3422900889540492,0.3320248419052077,0.24008426558980958,0.24682799465109406
6698,0.15839635139678457,0.48296520798305825,0.3422900889540492,0.3320248419052077,0.24008426558980958,0.24682799465109406
6699,0.15839635139678457,0.48296520798305825,0.3422900889540492,0.3320248419052077,0.24008426558980958,0.24682799465109406
6700,0.15839635139678457,0.48296520798305825,0.3422900889540492,0.3320248419052077,0.24008426558980958,0.24682799465109406
6701,0.15839635139678457,0.48296520798305825,0.3422900889540492,0.3320248419052077,0.24008426558980958,0.24682799465109406
6702,0.15839635139678457,0.48296520798305825,0.3422900889540492,0.3320248419052077,0.24008426558980958,0.24682799465109406
6703,0.15839635139678457,0.48296520798305825,0.3422900889540492,0.3320248419052077,0.24008426558980958,0.24682799465109406
6704,0.15839635139678457,0.48296520798305825,0.3422900889540492,0.3320248419052077,0.24008426558980958,0.24682799465109406
6705,0.15839635139678457,0.48296520798305825,0.3422900889540492,0.3320248419052077,0.24008426558980958,0.24682799465109406
6706,0.15839635139678457,0.48296520798305825,0.3422900889540492,0.3320248419052077,0.24008426558980958,0.24682799465109406
6707,0.15839635139678457,0.48296520798305825,0.3422900889540492,0.3320248419052077,0.24008426558980958,0.24682799465109406
6708,0.15839635139678457,0.48296520798305825,0.3422900889540492,0.3320248419052077,0.24008426558980958,0.24682799465109406
6709,0.15839635139678457,0.48296520798305825,0.3422900889540492,0.3320248419052077,0.24008426558980958,0.24682799465109406
6710,0.15839635139678457,0.48296520798305825,0.3422900889540492,0.3320248419052077,0.24008426558980958,0.24682799465109406
6711,0.15839635139678457,0.48296520798305825,0.3422900889540492,0.3320248419052077,0.24008426558980958,0.24682799465109406
6712,0.15839635139678457,0.48296520798305825,0.3422900889540492,0.3320248419052077,0.24008426558980958,0.24682799465109406
6713,0.15839635139678457,0.48296520798305825,0.3422900889540492,0.3320248419052077,0.24008426558980958,0.24682799465109406
6714,0.15839635139678457,0.48296520798305825,0.3422900889540492,0.3320248419052077,0.24008426558980958,0.24682799465109406
6715,0.15839635139678457,0.48296520798305825,0.3422900889540492,0.3320248419052077,0.24008426558980958,0.24682799465109406
6716,0.15839635139678457,0.48296520798305825,0.3422900889540492,0.3320248419052077,0.24008426558980958,0.24682799465109406
6717,0.15839635139678457,0.48296520798305825,0.3422900889540492,0.3320248419052077,0.24008426558980958,0.24682799465109406
6718,0.15839635139678457,0.48296520798305825,0.3422900889540492,0.3320248419052077,0.24008426558980958,0.24682799465109406
6719,0.15839635139678457,0.48296520798305825,0.3422900889540492,0.3320248419052077,0.24008426558980958,0.24682799465109406
6720,0.16248516322502152,0.47243070807575765,0.3312192224904778,0.32852230196593807,0.2363823904897058,0.24635052871455676
6721,0.16248516322502152,0.47243070807575765,0.3312192224904778,0.32852230196593807,0.2363823904897058,0.24635052871455676
6722,0.16248516322502152,0.47243070807575765,0.3312192224904778,0.32852230196593807,0.2363823904897058,0.24635052871455676
6723,0.16248516322502152,0.47243070807575765,0.3312192224904778,0.32852230196593807,0.2363823904897058,0.24635052871455676
6724,0.16248516322502152,0.47243070807575765,0.3312192224904778,0.32852230196593807,0.2363823904897058,0.24635052871455676
6725,0.16248516322502152,0.47243070807575765,0.3312192224904778,0.32852230196593807,0.2363823904897058,0.24635052871455676
6726,0.16248516322502152,0.47243070807575765,0.3312192224904778,0.32852230196593807,0.2363823904897058,0.24635052871455676
6727,0.16248516322502152,0.47243070807575765,0.3312192224904778,0.32852230196593807,0.2363823904897058,0.24635052871455676
6728,0.16248516322502152,0.47243070807575765,0.3312192224904778,0.32852230196593807,0.2363823904897058,0.24635052871455676
6729,0.16248516322502152,0.47243070807575765,0.3312192224904778,0.32852230196593807,0.2363823904897058,0.24635052871455676
6730,0.16248516322502152,0.47243070807575765,0.3312192224904778,0.32852230196593807,0.2363823904897058,0.24635052871455676
6731,0.16248516322502152,0.47243070807575765,0.3312192224904778,0.32852230196593807,0.2363823904897058,0.24635052871455676
6732,0.16248516322502152,0.47243070807575765,0.3312192224904778,0.32852230196593807,0.2363823904897058,0.24635052871455676
6733,0.16248516322502152,0.47243070807575765,0.3312192224904778,0.32852230196593807,0.2363823904897058,0.24635052871455676
6734,0.16248516322502152,0.47243070807575765,0.3312192224904778,0.32852230196593807,0.2363823904897058,0.24635052871455676
6735,0.16248516322502152,0.47243070807575765,0.3312192224904778,0.32852230196593807,0.2363823904897058,0.24635052871455676
6736,0.16248516322502152,0.47243070807575765,0.3312192224904778,0.32852230196593807,0.2363823904897058,0.24635052871455676
6737,0.16248516322502152,0.47243070807575765,0.3312192224904778,0.32852230196593807,0.2363823904897058,0.24635052871455676
6738,0.16248516322502152,0.47243070807575765,0.3312192224904778,0.32852230196593807,0.2363823904897058,0.24635052871455676
6739,0.16248516322502152,0.47243070807575765,0.3312192224904778,0.32852230196593807,0.2363823904897058,0.24635052871455676
6740,0.16248516322502152,0.47243070807575765,0.3312192224904778,0.32852230196593807,0.2363823904897058,0.24635052871455676
6741,0.16248516322502152,0.47243070807575765,0.3312192224904778,0.32852230196593807,0.2363823904897058,0.24635052871455676
6742,0.16248516322502152,0.47243070807575765,0.3312192224904778,0.32852230196593807,0.2363823904897058,0.24635052871455676
6743,0.16248516322502152,0.47243070807575765,0.3312192224904778,0.32852230196593807,0.2363823904897058,0.24635052871455676
6744,0.16678599953354364,0.4651612275625629,0.3230596363534393,0.326578196789215,0.23442330319758783,0.24658205893048749
6745,0.16678599953354364,0.4651612275625629,0.3230596363534393,0.326578196789215,0.23442330319758783,0.24658205893048749
6746,0.16678599953354364,0.4651612275625629,0.3230596363534393,0.326578196789215,0.23442330319758783,0.24658205893048749
6747,0.16678599953354364,0.4651612275625629,0.3230596363534393,0.326578196789215,0.23442330319758783,0.24658205893048749
6748,0.16678599953354364,0.4651612275625629,0.3230596363534393,0.326578196789215,0.23442330319758783,0.24658205893048749
6749,0.16678599953354364,0.4651612275625629,0.3230596363534393,0.326578196789215,0.23442330319758783,0.24658205893048749
6750,0.16678599953354364,0.4651612275625629,0.3230596363534393,0.326578196789215,0.23442330319758783,0.24658205893048749
6751,0.16678599953354364,0.4651612275625629,0.3230596363534393,0.326578196789215,0.23442330319758783,0.24658205893048749
6752,0.16678599953354364,0.4651612275625629,0.3230596363534393,0.326578196789215,0.23442330319758783,0.24658205893048749
6753,0.16678599953354364,0.4651612275625629,0.3230596363534393,0.326578196789215,0.23442330319758783,0.24658205893048749
6754,0.16678599953354364,0.4651612275625629,0.3230596363534393,0.326578196789215,0.23442330319758783,0.24658205893048749
6755,0.16678599953354364,0.4651612275625629,0.3230596363534393,0.326578196789215,0.23442330319758783,0.24658205893048749
6756,0.16678599953354364,0.4651612275625629,0.3230596363534393,0.326578196789215,0.23442330319758783,0.24658205893048749
6757,0.16678599953354364,0.4651612275625629,0.3230596363534393,0.326578196789215,0.23442330319758783,0.24658205893048749
6758,0.16678599953354364,0.4651612275625629,0.3230596363534393,0.326578196789215,0.23442330319758783,0.24658205893048749
6759,0.16678599953354364,0.4651612275625629,0.3230596363534393,0.326578196789215,0.23442330319758783,0.24658205893048749
6760,0.16678599953354364,0.4651612275625629,0.3230596363534393,0.326578196789215,0.23442330319758783,0.24658205893048749
6761,0.16678599953354364,0.4651612275625629,0.3230596363534393,0.326578196789215,0.23442330319758783,0.24658205893048749
6762,0.16678599953354364,0.4651612275625629,0.3230596363534393,0.326578196789215,0.23442330319758783,0.24658205893048749
6763,0.16678599953354364,0.4651612275625629,0.3230596363534393,0.326578196789215,0.23442330319758783,0.24658205893048749
6764,0.16678599953354364,0.4651612275625629,0.3230596363534393,0.326578196789215,0.23442330319758783,0.24658205893048749
6765,0.16678599953354364,0.4651612275625629,0.3230596363534393,0.326578196789215,0.23442330319758783,0.24658205893048749
6766,0.16678599953354364,0.4651612275625629,0.3230596363534393,0.326578196789215,0.23442330319758783,0.24658205893048749
6767,0.16678599953354364,0.4651612275625629,0.3230596363534393,0.326578196789215,0.23442330319758783,0.24658205893048749
6768,0.17173566384514008,0.45448364741302294,0.311854555096806,0.32348468094061344,0.23115412611803107,0.246321973011824
6769,0.17173566384514008,0.45448364741302294,0.311854555096806,0.32348468094061344,0.23115412611803107,0.246321973011824
6770,0.17173566384514008,0.45448364741302294,0.311854555096806,0.32348468094061344,0.23115412611803107,0.246321973011824
6771,0.17173566384514008,0.45448364741302294,0.311854555096806,0.32348468094061344,0.23115412611803107,0.246321973011824
6772,0.17173566384514008,0.45448364741302294,0.311854555096806,0.32348468094061344,0.23115412611803107,0.246321973011824
6773,0.17173566384514008,0.45448364741302294,0.311854555096806,0.32348468094061344,0.23115412611803107,0.246321973011824
6774,0.17173566384514008,0.45448364741302294,0.311854555096806,0.32348468094061344,0.23115412611803107,0.246321973011824
6775,0.17173566384514008,0.45448364741302294,0.311854555096806,0.32348468094061344,0.23115412611803107,0.246321973011824
6776,0.17173566384514008,0.45448364741302294,0.311854555096806,0.32348468094061344,0.23115412611803107,0.246321973011824
6777,0.17173566384514008,0.45448364741302294,0.311854555096806,0.32348468094061344,0.23115412611803107,0.246321973011824
6778,0.17173566384514008,0.45448364741302294,0.311854555096806,0.32348468094061344,0.23115412611803107,0.246321973011824
6779,0.17173566384514008,0.45448364741302294,0.311854555096806,0.32348468094061344,0.23115412611803107,0.246321973011824
6780,0.17173566384514008,0.45448364741302294,0.311854555096806,0.32348468094061344,0.23115412611803107,0.246321973011824
6781,0.17173566384514008,0.45448364741302294,0.311854555096806,0.32348468094061344,0.23115412611803107,0.246321973011824
6782,0.17173566384514008,0.45448364741302294,0.311854555096806,0.32348468094061344,0.23115412611803107,0.246321973011824
6783,0.17173566384514008,0.45448364741302294,0.311854555096806,0.32348468094061344,0.23115412611803107,0.246321973011824
6784,0.17173566384514008,0.45448364741302294,0.311854555096806,0.32348468094061344,0.23115412611803107,0.246321973011824
6785,0.17173566384514008,0.45448364741302294,0.311854555096806,0.32348468094061344,0.23115412611803107,0.246321973011824
6786,0.17173566384514008,0.45448364741302294,0.311854555096806,0.32348468094061344,0.23115412611803107,0.246321973011824
6787,0.17173566384514008,0.45448364741302294,0.311854555096806,0.32348468094061344,0.23115412611803107,0.246321973011824
6788,0.17173566384514008,0.45448364741302294,0.311854555096806,0.32348468094061344,0.23115412611803107,0.246321973011824
6789,0.17173566384514008,0.45448364741302294,0.311854555096806,0.32348468094061344,0.23115412611803107,0.246321973011824
6790,0.17173566384514008,0.45448364741302294,0.311854555096806,0.32348468094061344,0.23115412611803107,0.246321973011824
6791,0.17173566384514008,0.45448364741302294,0.311854555096806,0.32348468094061344,0.23115412611803107,0.246321973011824
6792,0.17773592911559255,0.4509175461100678,0.3067695106916097,0.3238432038662844,0.23177389423345615,0.24794532797255253
6793,0.17773592911559255,0.4509175461100678,0.3067695106916097,0.3238432038662844,0.23177389423345615,0.24794532797255253
6794,0.17773592911559255,0.4509175461100678,0.3067695106916097,0.3238432038662844,0.23177389423345615,0.24794532797255253
6795,0.17773592911559255,0.4509175461100678,0.3067695106916097,0.3238432038662844,0.23177389423345615,0.24794532797255253
6796,0.17773592911559255,0.4509175461100678,0.3067695106916097,0.3238432038662844,0.23177389423345615,0.24794532797255253
6797,0.17773592911559255,0.4509175461100678,0.3067695106916097,0.3238432038662844,0.23177389423345615,0.24794532797255253
6798,0.17773592911559255,0.4509175461100678,0.3067695106916097,0.3238432038662844,0.23177389423345615,0.24794532797255253
6799,0.17773592911559255,0.4509175461100678,0.3067695106916097,0.3238432038662844,0.23177389423345615,0.24794532797255253
6800,0.17773592911559255,0.4509175461100678,0.3067695106916097,0.3238432038662844,0.23177389423345615,0.24794532797255253
6801,0.17773592911559255,0.4509175461100678,0.3067695106916097,0.3238432038662844,0.23177389423345615,0.24794532797255253
6802,0.17773592911559255,0.4509175461100678,0.3067695106916097,0.3238432038662844,0.23177389423345615,0.24794532797255253
6803,0.17773592911559255,0.4509175461100678,0.3067695106916097,0.3238432038662844,0.23177389423345615,0.24794532797255253
6804,0.17773592911559255,0.4509175461100678,0.3067695106916097,0.3238432038662844,0.23177389423345615,0.24794532797255253
6805,0.17773592911559255,0.4509175461100678,0.3067695106916097,0.3238432038662844,0.23177389423345615,0.24794532797255253
6806,0.17773592911559255,0.4509175461100678,0.3067695106916097,0.3238432038662844,0.23177389423345615,0.24794532797255253
6807,0.17773592911559255,0.4509175461100678,0.3067695106916097,0.3238432038662844,0.23177389423345615,0.24794532797255253
6808,0.17773592911559255,0.4509175461100678,0.3067695106916097,0.3238432038662844,0.23177389423345615,0.24794532797255253
6809,0.17773592911559255,0.4509175461100678,0.3067695106916097,0.3238432038662844,0.23177389423345615,0.24794532797255253
6810,0.17773592911559255,0.4509175461100678,0.3067695106916097,0.3238432038662844,0.23177389423345615,0.24794532797255253
6811,0.17773592911559255,0.4509175461100678,0.3067695106916097,0.3238432038662844,0.23177389423345615,0.24794532797255253
6812,0.17773592911559255,0.4509175461100678,0.3067695106916097,0.3238432038662844,0.23177389423345615,0.24794532797255253
6813,0.17773592911559255,0.4509175461100678,0.3067695106916097,0.3238432038662844,0.23177389423345615,0.24794532797255253
6814,0.17773592911559255,0.4509175461100678,0.3067695106916097,0.3238432038662844,0.23177389423345615,0.24794532797255253
6815,0.17773592911559255,0.4509175461100678,0.3067695106916097,0.3238432038662844,0.23177389423345615,0.24794532797255253
6816,0.184247673442105,0.4651351173504028,0.31884614314542364,0.3328237670311923,0.2417531079297972,0.2535177072403117
6817,0.184247673442105,0.4651351173504028,0.31884614314542364,0.3328237670311923,0.2417531079297972,0.2535177072403117
6818,0.184247673442105,0.4651351173504028,0.31884614314542364,0.3328237670311923,0.2417531079297972,0.2535177072403117
6819,0.184247673442105,0.4651351173504028,0.31884614314542364,0.3328237670311923,0.2417531079297972,0.2535177072403117
6820,0.184247673442105,0.4651351173504028,0.31884614314542364,0.3328237670311923,0.2417531079297972,0.2535177072403117
6821,0.184247673442105,0.4651351173504028,0.31884614314542364,0.3328237670311923,0.2417531079297972,0.2535177072403117
6822,0.184247673442105,0.4651351173504028,0.31884614314542364,0.3328237670311923,0.2417531079297972,0.2535177072403117
6823,0.184247673442105,0.4651351173504028,0.31884614314542364,0.3328237670311923,0.2417531079297972,0.2535177072403117
6824,0.184247673442105,0.4651351173504028,0.31884614314542364,0.3328237670311923,0.2417531079297972,0.2535177072403117
6825,0.184247673442105,0.4651351173504028,0.31884614314542364,0.3328237670311923,0.2417531079297972,0.2535177072403117
6826,0.184247673442105,0.4651351173504028,0.31884614314542364,0.3328237670311923,0.2417531079297972,0.2535177072403117
6827,0.184247673442105,0.4651351173504028,0.31884614314542364,0.3328237670311923,0.2417531079297972,0.2535177072403117
6828,0.184247673442105,0.4651351173504028,0.31884614314542364,0.3328237670311923,0.2417531079297972,0.2535177072403117
6829,0.184247673442105,0.4651351173504028,0.31884614314542364,0.3328237670311923,0.2417531079297972,0.2535177072403117
6830,0.184247673442105,0.4651351173504028,0.31884614314542364,0.3328237670311923,0.2417531079297972,0.2535177072403117
6831,0.184247673442105,0.4651351173504028,0.31884614314542364,0.3328237670311923,0.2417531079297972,0.2535177072403117
6832,0.184247673442105,0.4651351173504028,0.31884614314542364,0.3328237670311923,0.2417531079297972,0.2535177072403117
6833,0.184247673442105,0.4651351173504028,0.31884614314542364,0.3328237670311923,0.2417531079297972,0.2535177072403117
6834,0.184247673442105,0.4651351173504028,0.31884614314542364,0.3328237670311923,0.2417531079297972,0.2535177072403117
6835,0.184247673442105,0.4651351173504028,0.31884614314542364,0.3328237670311923,0.2417531079297972,0.2535177072403117
6836,0.184247673442105,0.4651351173504028,0.31884614314542364,0.3328237670311923,0.2417531079297972,0.2535177072403117
6837,0.184247673442105,0.4651351173504028,0.31884614314542364,0.3328237670311923,0.2417531079297972,0.2535177072403117
6838,0.184247673442105,0.4651351173504028,0.31884614314542364,0.3328237670311923,0.2417531079297972,0.2535177072403117
6839,0.184247673442105,0.4651351173504028,0.31884614314542364,0.3328237670311923,0.2417531079297972,0.2535177072403117
6840,0.18780691392154433,0.47331246959302203,0.32548891151347964,0.33796991157851886,0.24757597274531593,0.2566067280466671
6841,0.18780691392154433,0.47331246959302203,0.32548891151347964,0.33796991157851886,0.24757597274531593,0.2566067280466671
6842,0.18780691392154433,0.47331246959302203,0.32548891151347964,0.33796991157851886,0.24757597274531593,0.2566067280466671
6843,0.18780691392154433,0.47331246959302203,0.32548891151347964,0.33796991157851886,0.24757597274531593,0.2566067280466671
6844,0.18780691392154433,0.47331246959302203,0.32548891151347964,0.33796991157851886,0.24757597274531593,0.2566067280466671
6845,0.18780691392154433,0.47331246959302203,0.32548891151347964,0.33796991157851886,0.24757597274531593,0.2566067280466671
6846,0.18780691392154433,0.47331246959302203,0.32548891151347964,0.33796991157851886,0.24757597274531593,0.2566067280466671
6847,0.18780691392154433,0.47331246959302203,0.32548891151347964,0.33796991157851886,0.24757597274531593,0.2566067280466671
6848,0.18780691392154433,0.47331246959302203,0.32548891151347964,0.33796991157851886,0.24757597274531593,0.2566067280466671
6849,0.18780691392154433,0.47331246959302203,0.32548891151347964,0.33796991157851886,0.24757597274531593,0.2566067280466671
6850,0.18780691392154433,0.47331246959302203,0.32548891151347964,0.33796991157851886,0.24757597274531593,0.2566067280466671
6851,0.18780691392154433,0.47331246959302203,0.32548891151347964,0.33796991157851886,0.24757597274531593,0.2566067280466671
6852,0.18780691392154433,0.47331246959302203,0.32548891151347964,0.33796991157851886,0.24757597274531593,0.2566067280466671
6853,0.18780691392154433,0.47331246959302203,0.32548891151347964,0.33796991157851886,0.24757597274531593,0.2566067280466671
6854,0.18780691392154433,0.47331246959302203,0.32548891151347964,0.33796991157851886,0.24757597274531593,0.2566067280466671
6855,0.18780691392154433,0.47331246959302203,0.32548891151347964,0.33796991157851886,0.24757597274531593,0.2566067280466671
6856,0.18780691392154433,0.47331246959302203,0.32548891151347964,0.33796991157851886,0.24757597274531593,0.2566067280466671
6857,0.18780691392154433,0.47331246959302203,0.32548891151347964,0.33796991157851886,0.24757597274531593,0.2566067280466671
6858,0.18780691392154433,0.47331246959302203,0.32548891151347964,0.33796991157851886,0.24757597274531593,0.2566067280466671
6859,0.18780691392154433,0.47331246959302203,0.32548891151347964,0.33796991157851886,0.24757597274531593,0.2566067280466671
6860,0.18780691392154433,0.47331246959302203,0.32548891151347964,0.33796991157851886,0.24757597274531593,0.2566067280466671
6861,0.18780691392154433,0.47331246959302203,0.32548891151347964,0.33796991157851886,0.24757597274531593,0.2566067280466671
6862,0.18780691392154433,0.47331246959302203,0.32548891151347964,0.33796991157851886,0.24757597274531593,0.2566067280466671
6863,0.18780691392154433,0.47331246959302203,0.32548891151347964,0.33796991157851886,0.24757597274531593,0.2566067280466671
6864,0.18855617837723782,0.47523115218587536,0.3269108427764657,0.339296683917573,0.2489949660751191,0.25729608533800324
6865,0.18855617837723782,0.47523115218587536,0.3269108427764657,0.339296683917573,0.2489949660751191,0.25729608533800324
6866,0.18855617837723782,0.47523115218587536,0.3269108427764657,0.339296683917573,0.2489949660751191,0.25729608533800324
6867,0.18855617837723782,0.47523115218587536,0.3269108427764657,0.339296683917573,0.2489949660751191,0.25729608533800324
6868,0.18855617837723782,0.47523115218587536,0.3269108427764657,0.339296683917573,0.2489949660751191,0.25729608533800324
6869,0.18855617837723782,0.47523115218587536,0.3269108427764657,0.339296683917573,0.2489949660751191,0.25729608533800324
6870,0.18855617837723782,0.47523115218587536,0.3269108427764657,0.339296683917573,0.2489949660751191,0.25729608533800324
6871,0.18855617837723782,0.47523115218587536,0.3269108427764657,0.339296683917573,0.2489949660751191,0.25729608533800324
6872,0.18855617837723782,0.47523115218587536,0.3269108427764657,0.339296683917573,0.2489949660751191,0.25729608533800324
6873,0.18855617837723782,0.47523115218587536,0.3269108427764657,0.339296683917573,0.2489949660751191,0.25729608533800324
6874,0.18855617837723782,0.47523115218587536,0.3269108427764657,0.339296683917573,0.2489949660751191,0.25729608533800324
6875,0.18855617837723782,0.47523115218587536,0.3269108427764657,0.339296683917573,0.2489949660751191,0.25729608533800324
6876,0.18855617837723782,0.47523115218587536,0.3269108427764657,0.339296683917573,0.2489949660751191,0.25729608533800324
6877,0.18855617837723782,0.47523115218587536,0.3269108427764657,0.339296683917573,0.2489949660751191,0.25729608533800324
6878,0.18855617837723782,0.47523115218587536,0.3269108427764657,0.339296683917573,0.2489949660751191,0.25729608533800324
6879,0.18855617837723782,0.47523115218587536,0.3269108427764657,0.339296683917573,0.2489949660751191,0.25729608533800324
6880,0.18855617837723782,0.47523115218587536,0.3269108427764657,0.339296683917573,0.2489949660751191,0.25729608533800324
6881,0.18855617837723782,0.47523115218587536,0.3269108427764657,0.339296683917573,0.2489949660751191,0.25729608533800324
6882,0.18855617837723782,0.47523115218587536,0.3269108427764657,0.339296683917573,0.2489949660751191,0.25729608533800324
6883,0.18855617837723782,0.47523115218587536,0.3269108427764657,0.339296683917573,0.2489949660751191,0.25729608533800324
6884,0.18855617837723782,0.47523115218587536,0.3269108427764657,0.339296683917573,0.2489949660751191,0.25729608533800324
6885,0.18855617837723782,0.47523115218587536,0.3269108427764657,0.339296683917573,0.2489949660751191,0.25729608533800324
6886,0.18855617837723782,0.47523115218587536,0.3269108427764657,0.339296683917573,0.2489949660751191,0.25729608533800324
6887,0.18855617837723782,0.47523115218587536,0.3269108427764657,0.339296683917573,0.2489949660751191,0.25729608533800324
6888,0.18978796513328935,0.4782407506755563,0.32908166188404664,0.3413506684998382,0.25092623314256546,0.2587368274387298
6889,0.18978796513328935,0.4782407506755563,0.32908166188404664,0.3413506684998382,0.25092623314256546,0.2587368274387298
6890,0.18978796513328935,0.4782407506755563,0.32908166188404664,0.3413506684998382,0.25092623314256546,0.2587368274387298
6891,0.18978796513328935,0.4782407506755563,0.32908166188404664,0.3413506684998382,0.25092623314256546,0.2587368274387298
6892,0.18978796513328935,0.4782407506755563,0.32908166188404664,0.3413506684998382,0.25092623314256546,0.2587368274387298
6893,0.18978796513328935,0.4782407506755563,0.32908166188404664,0.3413506684998382,0.25092623314256546,0.2587368274387298
6894,0.18978796513328935,0.4782407506755563,0.32908166188404664,0.3413506684998382,0.25092623314256546,0.2587368274387298
6895,0.18978796513328935,0.4782407506755563,0.32908166188404664,0.3413506684998382,0.25092623314256546,0.2587368274387298
6896,0.18978796513328935,0.4782407506755563,0.32908166188404664,0.3413506684998382,0.25092623314256546,0.2587368274387298
6897,0.18978796513328935,0.4782407506755563,0.32908166188404664,0.3413506684998382,0.25092623314256546,0.2587368274387298
6898,0.18978796513328935,0.4782407506755563,0.32908166188404664,0.3413506684998382,0.25092623314256546,0.2587368274387298
6899,0.18978796513328935,0.4782407506755563,0.32908166188404664,0.3413506684998382,0.25092623314256546,0.2587368274387298
6900,0.18978796513328935,0.4782407506755563,0.32908166188404664,0.3413506684998382,0.25092623314256546,0.2587368274387298
6901,0.18978796513328935,0.4782407506755563,0.32908166188404664,0.3413506684998382,0.25092623314256546,0.2587368274387298
6902,0.18978796513328935,0.4782407506755563,0.32908166188404664,0.3413506684998382,0.25092623314256546,0.2587368274387298
6903,0.18978796513328935,0.4782407506755563,0.32908166188404664,0.3413506684998382,0.25092623314256546,0.2587368274387298
6904,0.18978796513328935,0.4782407506755563,0.32908166188404664,0.3413506684998382,0.25092623314256546,0.2587368274387298
6905,0.18978796513328935,0.4782407506755563,0.32908166188404664,0.3413506684998382,0.25092623314256546,0.2587368274387298
6906,0.18978796513328935,0.4782407506755563,0.32908166188404664,0.3413506684998382,0.25092623314256546,0.2587368274387298
6907,0.18978796513328935,0.4782407506755563,0.32908166188404664,0.3413506684998382,0.25092623314256546,0.2587368274387298
6908,0.18978796513328935,0.4782407506755563,0.32908166188404664,0.3413506684998382,0.25092623314256546,0.2587368274387298
6909,0.18978796513328935,0.4782407506755563,0.32908166188404664,0.3413506684998382,0.25092623314256546,0.2587368274387298
6910,0.18978796513328935,0.4782407506755563,0.32908166188404664,0.3413506684998382,0.25092623314256546,0.2587368274387298
6911,0.18978796513328935,0.4782407506755563,0.32908166188404664,0.3413506684998382,0.25092623314256546,0.2587368274387298
6912,0.1905293168402029,0.48011196308678844,0.33039932786168064,0.34262411391292,0.25230470889113826,0.2594693282443534
6913,0.1905293168402029,0.48011196308678844,0.33039932786168064,0.34262411391292,0.25230470889113826,0.2594693282443534
6914,0.1905293168402029,0.48011196308678844,0.33039932786168064,0.34262411391292,0.25230470889113826,0.2594693282443534
6915,0.1905293168402029,0.48011196308678844,0.33039932786168064,0.34262411391292,0.25230470889113826,0.2594693282443534
6916,0.1905293168402029,0.48011196308678844,0.33039932786168064,0.34262411391292,0.25230470889113826,0.2594693282443534
6917,0.1905293168402029,0.48011196308678844,0.33039932786168064,0.34262411391292,0.25230470889113826,0.2594693282443534
6918,0.1905293168402029,0.48011196308678844,0.33039932786168064,0.34262411391292,0.25230470889113826,0.2594693282443534
6919,0.1905293168402029,0.48011196308678844,0.33039932786168064,0.34262411391292,0.25230470889113826,0.2594693282443534
6920,0.1905293168402029,0.48011196308678844,0.33039932786168064,0.34262411391292,0.25230470889113826,0.2594693282443534
6921,0.1905293168402029,0.48011196308678844,0.33039932786168064,0.34262411391292,0.25230470889113826,0.2594693282443534
6922,0.1905293168402029,0.48011196308678844,0.33039932786168064,0.34262411391292,0.25230470889113826,0.2594693282443534
6923,0.1905293168402029,0.48011196308678844,0.33039932786168064,0.34262411391292,0.25230470889113826,0.2594693282443534
6924,0.1905293168402029,0.48011196308678844,0.33039932786168064,0.34262411391292,0.25230470889113826,0.2594693282443534
6925,0.1905293168402029,0.48011196308678844,0.33039932786168064,0.34262411391292,0.25230470889113826,0.2594693282443534
6926,0.1905293168402029,0.48011196308678844,0.33039932786168064,0.34262411391292,0.25230470889113826,0.2594693282443534
6927,0.1905293168402029,0.48011196308678844,0.33039932786168064,0.34262411391292,0.25230470889113826,0.2594693282443534
6928,0.1905293168402029,0.48011196308678844,0.33039932786168064,0.34262411391292,0.25230470889113826,0.2594693282443534
6929,0.1905293168402029,0.48011196308678844,0.33039932786168064,0.34262411391292,0.25230470889113826,0.2594693282443534
6930,0.1905293168402029,0.48011196308678844,0.33039932786168064,0.34262411391292,0.25230470889113826,0.2594693282443534
6931,0.1905293168402029,0.48011196308678844,0.33039932786168064,0.34262411391292,0.25230470889113826,0.2594693282443534
6932,0.1905293168402029,0.48011196308678844,0.33039932786168064,0.34262411391292,0.25230470889113826,0.2594693282443534
6933,0.1905293168402029,0.48011196308678844,0.33039932786168064,0.34262411391292,0.25230470889113826,0.2594693282443534
6934,0.1905293168402029,0.48011196308678844,0.33039932786168064,0.34262411391292,0.25230470889113826,0.2594693282443534
6935,0.1905293168402029,0.48011196308678844,0.33039932786168064,0.34262411391292,0.25230470889113826,0.2594693282443534
6936,0.19282874526664093,0.4857236380604599,0.33461899994800587,0.34628089380620874,0.25610282464386724,0.261781236813072
6937,0.19282874526664093,0.4857236380604599,0.33461899994800587,0.34628089380620874,0.25610282464386724,0.261781236813072
6938,0.19282874526664093,0.4857236380604599,0.33461899994800587,0.34628089380620874,0.25610282464386724,0.261781236813072
6939,0.19282874526664093,0.4857236380604599,0.33461899994800587,0.34628089380620874,0.25610282464386724,0.261781236813072
6940,0.19282874526664093,0.4857236380604599,0.33461899994800587,0.34628089380620874,0.25610282464386724,0.261781236813072
6941,0.19282874526664093,0.4857236380604599,0.33461899994800587,0.34628089380620874,0.25610282464386724,0.261781236813072
6942,0.19282874526664093,0.4857236380604599,0.33461899994800587,0.34628089380620874,0.25610282464386724,0.261781236813072
6943,0.19282874526664093,0.4857236380604599,0.33461899994800587,0.34628089380620874,0.25610282464386724,0.261781236813072
6944,0.19282874526664093,0.4857236380604599,0.33461899994800587,0.34628089380620874,0.25610282464386724,0.261781236813072
6945,0.19282874526664093,0.4857236380604599,0.33461899994800587,0.34628089380620874,0.25610282464386724,0.261781236813072
6946,0.19282874526664093,0.4857236380604599,0.33461899994800587,0.34628089380620874,0.25610282464386724,0.261781236813072
6947,0.19282874526664093,0.4857236380604599,0.33461899994800587,0.34628089380620874,0.25610282464386724,0.261781236813072
6948,0.19282874526664093,0.4857236380604599,0.33461899994800587,0.34628089380620874,0.25610282464386724,0.261781236813072
6949,0.19282874526664093,0.4857236380604599,0.33461899994800587,0.34628089380620874,0.25610282464386724,0.261781236813072
6950,0.19282874526664093,0.4857236380604599,0.33461899994800587,0.34628089380620874,0.25610282464386724,0.261781236813072
6951,0.19282874526664093,0.4857236380604599,0.33461899994800587,0.34628089380620874,0.25610282464386724,0.261781236813072
6952,0.19282874526664093,0.4857236380604599,0.33461899994800587,0.34628089380620874,0.25610282464386724,0.261781236813072
6953,0.19282874526664093,0.4857236380604599,0.33461899994800587,0.34628089380620874,0.25610282464386724,0.261781236813072
6954,0.19282874526664093,0.4857236380604599,0.33461899994800587,0.34628089380620874,0.25610282464386724,0.261781236813072
6955,0.19282874526664093,0.4857236380604599,0.33461899994800587,0.34628089380620874,0.25610282464386724,0.261781236813072
6956,0.19282874526664093,0.4857236380604599,0.33461899994800587,0.34628089380620874,0.25610282464386724,0.261781236813072
6957,0.19282874526664093,0.4857236380604599,0.33461899994800587,0.34628089380620874,0.25610282464386724,0.261781236813072
6958,0.19282874526664093,0.4857236380604599,0.33461899994800587,0.34628089380620874,0.25610282464386724,0.261781236813072
6959,0.19282874526664093,0.4857236380604599,0.33461899994800587,0.34628089380620874,0.25610282464386724,0.261781236813072
6960,0.19653974851339198,0.494409224506593,0.3415339967073519,0.35180485413589224,0.26219978225858576,0.26521543221362226
6961,0.19653974851339198,0.494409224506593,0.3415339967073519,0.35180485413589224,0.26219978225858576,0.26521543221362226
6962,0.19653974851339198,0.494409224506593,0.3415339967073519,0.35180485413589224,0.26219978225858576,0.26521543221362226
6963,0.19653974851339198,0.494409224506593,0.3415339967073519,0.35180485413589224,0.26219978225858576,0.26521543221362226
6964,0.19653974851339198,0.494409224506593,0.3415339967073519,0.35180485413589224,0.26219978225858576,0.26521543221362226
6965,0.19653974851339198,0.494409224506593,0.3415339967073519,0.35180485413589224,0.26219978225858576,0.26521543221362226
6966,0.19653974851339198,0.494409224506593,0.3415339967073519,0.35180485413589224,0.26219978225858576,0.26521543221362226
6967,0.19653974851339198,0.494409224506593,0.3415339967073519,0.35180485413589224,0.26219978225858576,0.26521543221362226
6968,0.19653974851339198,0.494409224506593,0.3415339967073519,0.35180485413589224,0.26219978225858576,0.26521543221362226
6969,0.19653974851339198,0.494409224506593,0.3415339967073519,0.35180485413589224,0.26219978225858576,0.26521543221362226
6970,0.19653974851339198,0.494409224506593,0.3415339967073519,0.35180485413589224,0.26219978225858576,0.26521543221362226
6971,0.19653974851339198,0.494409224506593,0.3415339967073519,0.35180485413589224,0.26219978225858576,0.26521543221362226
6972,0.19653974851339198,0.494409224506593,0.3415339967073519,0.35180485413589224,0.26219978225858576,0.26521543221362226
6973,0.19653974851339198,0.494409224506593,0.3415339967073519,0.35180485413589224,0.26219978225858576,0.26521543221362226
6974,0.19653974851339198,0.494409224506593,0.3415339967073519,0.35180485413589224,0.26219978225858576,0.26521543221362226
6975,0.19653974851339198,0.494409224506593,0.3415339967073519,0.35180485413589224,0.26219978225858576,0.26521543221362226
6976,0.19653974851339198,0.494409224506593,0.3415339967073519,0.35180485413589224,0.26219978225858576,0.26521543221362226
6977,0.19653974851339198,0.494409224506593,0.3415339967073519,0.35180485413589224,0.26219978225858576,0.26521543221362226
6978,0.19653974851339198,0.494409224506593,0.3415339967073519,0.35180485413589224,0.26219978225858576,0.26521543221362226
6979,0.19653974851339198,0.494409224506593,0.3415339967073519,0.35180485413589224,0.26219978225858576,0.26521543221362226
6980,0.19653974851339198,0.494409224506593,0.3415339967073519,0.35180485413589224,0.26219978225858576,0.26521543221362226
6981,0.19653974851339198,0.494409224506593,0.3415339967073519,0.35180485413589224,0.26219978225858576,0.26521543221362226
6982,0.19653974851339198,0.494409224506593,0.3415339967073519,0.35180485413589224,0.26219978225858576,0.26521543221362226
6983,0.19653974851339198,0.494409224506593,0.3415339967073519,0.35180485413589224,0.26219978225858576,0.26521543221362226
6984,0.19871464741367614,0.49915616550510933,0.3455675144959031,0.354759175464771,0.2655797205394372,0.2670299235364463
6985,0.19871464741367614,0.49915616550510933,0.3455675144959031,0.354759175464771,0.2655797205394372,0.2670299235364463
6986,0.19871464741367614,0.49915616550510933,0.3455675144959031,0.354759175464771,0.2655797205394372,0.2670299235364463
6987,0.19871464741367614,0.49915616550510933,0.3455675144959031,0.354759175464771,0.2655797205394372,0.2670299235364463
6988,0.19871464741367614,0.49915616550510933,0.3455675144959031,0.354759175464771,0.2655797205394372,0.2670299235364463
6989,0.19871464741367614,0.49915616550510933,0.3455675144959031,0.354759175464771,0.2655797205394372,0.2670299235364463
6990,0.19871464741367614,0.49915616550510933,0.3455675144959031,0.354759175464771,0.2655797205394372,0.2670299235364463
6991,0.19871464741367614,0.49915616550510933,0.3455675144959031,0.354759175464771,0.2655797205394372,0.2670299235364463
6992,0.19871464741367614,0.49915616550510933,0.3455675144959031,0.354759175464771,0.2655797205394372,0.2670299235364463
6993,0.19871464741367614,0.49915616550510933,0.3455675144959031,0.354759175464771,0.2655797205394372,0.2670299235364463
6994,0.19871464741367614,0.49915616550510933,0.3455675144959031,0.354759175464771,0.2655797205394372,0.2670299235364463
6995,0.19871464741367614,0.49915616550510933,0.3455675144959031,0.354759175464771,0.2655797205394372,0.2670299235364463
6996,0.19871464741367614,0.49915616550510933,0.3455675144959031,0.354759175464771,0.2655797205394372,0.2670299235364463
6997,0.19871464741367614,0.49915616550510933,0.3455675144959031,0.354759175464771,0.2655797205394372,0.2670299235364463
6998,0.19871464741367614,0.49915616550510933,0.3455675144959031,0.354759175464771,0.2655797205394372,0.2670299235364463
6999,0.19871464741367614,0.49915616550510933,0.3455675144959031,0.354759175464771,0.2655797205394372,0.2670299235364463
7000,0.19871464741367614,0.49915616550510933,0.3455675144959031,0.354759175464771,0.2655797205394372,0.2670299235364463
7001,0.19871464741367614,0.49915616550510933,0.3455675144959031,0.354759175464771,0.2655797205394372,0.2670299235364463
7002,0.19871464741367614,0.49915616550510933,0.3455675144959031,0.354759175464771,0.2655797205394372,0.2670299235364463
7003,0.19871464741367614,0.49915616550510933,0.3455675144959031,0.354759175464771,0.2655797205394372,0.2670299235364463
7004,0.19871464741367614,0.49915616550510933,0.3455675144959031,0.354759175464771,0.2655797205394372,0.2670299235364463
7005,0.19871464741367614,0.49915616550510933,0.3455675144959031,0.354759175464771,0.2655797205394372,0.2670299235364463
7006,0.19871464741367614,0.49915616550510933,0.3455675144959031,0.354759175464771,0.2655797205394372,0.2670299235364463
7007,0.19871464741367614,0.49915616550510933,0.3455675144959031,0.354759175464771,0.2655797205394372,0.2670299235364463
7008,0.20195878532791764,0.5067266337132098,0.3516352789275608,0.3595595329111482,0.2709479857611402,0.2699087572146049
7009,0.20195878532791764,0.5067266337132098,0.3516352789275608,0.3595595329111482,0.2709479857611402,0.2699087572146049
7010,0.20195878532791764,0.5067266337132098,0.3516352789275608,0.3595595329111482,0.2709479857611402,0.2699087572146049
7011,0.20195878532791764,0.5067266337132098,0.3516352789275608,0.3595595329111482,0.2709479857611402,0.2699087572146049
7012,0.20195878532791764,0.5067266337132098,0.3516352789275608,0.3595595329111482,0.2709479857611402,0.2699087572146049
7013,0.20195878532791764,0.5067266337132098,0.3516352789275608,0.3595595329111482,0.2709479857611402,0.2699087572146049
7014,0.20195878532791764,0.5067266337132098,0.3516352789275608,0.3595595329111482,0.2709479857611402,0.2699087572146049
7015,0.20195878532791764,0.5067266337132098,0.3516352789275608,0.3595595329111482,0.2709479857611402,0.2699087572146049
7016,0.20195878532791764,0.5067266337132098,0.3516352789275608,0.3595595329111482,0.2709479857611402,0.2699087572146049
7017,0.20195878532791764,0.5067266337132098,0.3516352789275608,0.3595595329111482,0.2709479857611402,0.2699087572146049
7018,0.20195878532791764,0.5067266337132098,0.3516352789275608,0.3595595329111482,0.2709479857611402,0.2699087572146049
7019,0.20195878532791764,0.5067266337132098,0.3516352789275608,0.3595595329111482,0.2709479857611402,0.2699087572146049
7020,0.20195878532791764,0.5067266337132098,0.3516352789275608,0.3595595329111482,0.2709479857611402,0.2699087572146049
7021,0.20195878532791764,0.5067266337132098,0.3516352789275608,0.3595595329111482,0.2709479857611402,0.2699087572146049
7022,0.20195878532791764,0.5067266337132098,0.3516352789275608,0.3595595329111482,0.2709479857611402,0.2699087572146049
7023,0.20195878532791764,0.5067266337132098,0.3516352789275608,0.3595595329111482,0.2709479857611402,0.2699087572146049
7024,0.20195878532791764,0.5067266337132098,0.3516352789275608,0.3595595329111482,0.2709479857611402,0.2699087572146049
7025,0.20195878532791764,0.5067266337132098,0.3516352789275608,0.3595595329111482,0.2709479857611402,0.2699087572146049
7026,0.20195878532791764,0.5067266337132098,0.3516352789275608,0.3595595329111482,0.2709479857611402,0.2699087572146049
7027,0.20195878532791764,0.5067266337132098,0.3516352789275608,0.3595595329111482,0.2709479857611402,0.2699087572146049
7028,0.20195878532791764,0.5067266337132098,0.3516352789275608,0.3595595329111482,0.2709479857611402,0.2699087572146049
7029,0.20195878532791764,0.5067266337132098,0.3516352789275608,0.3595595329111482,0.2709479857611402,0.2699087572146049
7030,0.20195878532791764,0.5067266337132098,0.3516352789275608,0.3595595329111482,0.2709479857611402,0.2699087572146049
7031,0.20195878532791764,0.5067266337132098,0.3516352789275608,0.3595595329111482,0.2709479857611402,0.2699087572146049
7032,0.19926304278026294,0.5248138915107804,0.36422754289289033,0.37282314428327895,0.27413820534909333,0.28114449542441095
7033,0.19926304278026294,0.5248138915107804,0.36422754289289033,0.37282314428327895,0.27413820534909333,0.28114449542441095
7034,0.19926304278026294,0.5248138915107804,0.36422754289289033,0.37282314428327895,0.27413820534909333,0.28114449542441095
7035,0.19926304278026294,0.5248138915107804,0.36422754289289033,0.37282314428327895,0.27413820534909333,0.28114449542441095
7036,0.19926304278026294,0.5248138915107804,0.36422754289289033,0.37282314428327895,0.27413820534909333,0.28114449542441095
7037,0.19926304278026294,0.5248138915107804,0.36422754289289033,0.37282314428327895,0.27413820534909333,0.28114449542441095
7038,0.19926304278026294,0.5248138915107804,0.36422754289289033,0.37282314428327895,0.27413820534909333,0.28114449542441095
7039,0.19926304278026294,0.5248138915107804,0.36422754289289033,0.37282314428327895,0.27413820534909333,0.28114449542441095
7040,0.19926304278026294,0.5248138915107804,0.36422754289289033,0.37282314428327895,0.27413820534909333,0.28114449542441095
7041,0.19926304278026294,0.5248138915107804,0.36422754289289033,0.37282314428327895,0.27413820534909333,0.28114449542441095
7042,0.19926304278026294,0.5248138915107804,0.36422754289289033,0.37282314428327895,0.27413820534909333,0.28114449542441095
7043,0.19926304278026294,0.5248138915107804,0.36422754289289033,0.37282314428327895,0.27413820534909333,0.28114449542441095
7044,0.19926304278026294,0.5248138915107804,0.36422754289289033,0.37282314428327895,0.27413820534909333,0.28114449542441095
7045,0.19926304278026294,0.5248138915107804,0.36422754289289033,0.37282314428327895,0.27413820534909333,0.28114449542441095
7046,0.19926304278026294,0.5248138915107804,0.36422754289289033,0.37282314428327895,0.27413820534909333,0.28114449542441095
7047,0.19926304278026294,0.5248138915107804,0.36422754289289033,0.37282314428327895,0.27413820534909333,0.28114449542441095
7048,0.19926304278026294,0.5248138915107804,0.36422754289289033,0.37282314428327895,0.27413820534909333,0.28114449542441095
7049,0.19926304278026294,0.5248138915107804,0.36422754289289033,0.37282314428327895,0.27413820534909333,0.28114449542441095
7050,0.19926304278026294,0.5248138915107804,0.36422754289289033,0.37282314428327895,0.27413820534909333,0.28114449542441095
7051,0.19926304278026294,0.5248138915107804,0.36422754289289033,0.37282314428327895,0.27413820534909333,0.28114449542441095
7052,0.19926304278026294,0.5248138915107804,0.36422754289289033,0.37282314428327895,0.27413820534909333,0.28114449542441095
7053,0.19926304278026294,0.5248138915107804,0.36422754289289033,0.37282314428327895,0.27413820534909333,0.28114449542441095
7054,0.19926304278026294,0.5248138915107804,0.36422754289289033,0.37282314428327895,0.27413820534909333,0.28114449542441095
7055,0.19926304278026294,0.5248138915107804,0.36422754289289033,0.37282314428327895,0.27413820534909333,0.28114449542441095
7056,0.1948382541719195,0.5354476272311433,0.37053262335263765,0.3820229261943149,0.27320617863451857,0.2895067499148369
7057,0.1948382541719195,0.5354476272311433,0.37053262335263765,0.3820229261943149,0.27320617863451857,0.2895067499148369
7058,0.1948382541719195,0.5354476272311433,0.37053262335263765,0.3820229261943149,0.27320617863451857,0.2895067499148369
7059,0.1948382541719195,0.5354476272311433,0.37053262335263765,0.3820229261943149,0.27320617863451857,0.2895067499148369
7060,0.1948382541719195,0.5354476272311433,0.37053262335263765,0.3820229261943149,0.27320617863451857,0.2895067499148369
7061,0.1948382541719195,0.5354476272311433,0.37053262335263765,0.3820229261943149,0.27320617863451857,0.2895067499148369
7062,0.1948382541719195,0.5354476272311433,0.37053262335263765,0.3820229261943149,0.27320617863451857,0.2895067499148369
7063,0.1948382541719195,0.5354476272311433,0.37053262335263765,0.3820229261943149,0.27320617863451857,0.2895067499148369
7064,0.1948382541719195,0.5354476272311433,0.37053262335263765,0.3820229261943149,0.27320617863451857,0.2895067499148369
7065,0.1948382541719195,0.5354476272311433,0.37053262335263765,0.3820229261943149,0.27320617863451857,0.2895067499148369
7066,0.1948382541719195,0.5354476272311433,0.37053262335263765,0.3820229261943149,0.27320617863451857,0.2895067499148369
7067,0.1948382541719195,0.5354476272311433,0.37053262335263765,0.3820229261943149,0.27320617863451857,0.2895067499148369
7068,0.1948382541719195,0.5354476272311433,0.37053262335263765,0.3820229261943149,0.27320617863451857,0.2895067499148369
7069,0.1948382541719195,0.5354476272311433,0.37053262335263765,0.3820229261943149,0.27320617863451857,0.2895067499148369
7070,0.1948382541719195,0.5354476272311433,0.37053262335263765,0.3820229261943149,0.27320617863451857,0.2895067499148369
7071,0.1948382541719195,0.5354476272311433,0.37053262335263765,0.3820229261943149,0.27320617863451857,0.2895067499148369
7072,0.1948382541719195,0.5354476272311433,0.37053262335263765,0.3820229261943149,0.27320617863451857,0.2895067499148369
7073,0.1948382541719195,0.5354476272311433,0.37053262335263765,0.3820229261943149,0.27320617863451857,0.2895067499148369
7074,0.1948382541719195,0.5354476272311433,0.37053262335263765,0.3820229261943149,0.27320617863451857,0.2895067499148369
7075,0.1948382541719195,0.5354476272311433,0.37053262335263765,0.3820229261943149,0.27320617863451857,0.2895067499148369
7076,0.1948382541719195,0.5354476272311433,0.37053262335263765,0.3820229261943149,0.27320617863451857,0.2895067499148369
7077,0.1948382541719195,0.5354476272311433,0.37053262335263765,0.3820229261943149,0.27320617863451857,0.2895067499148369
7078,0.1948382541719195,0.5354476272311433,0.37053262335263765,0.3820229261943149,0.27320617863451857,0.2895067499148369
7079,0.1948382541719195,0.5354476272311433,0.37053262335263765,0.3820229261943149,0.27320617863451857,0.2895067499148369
7080,0.19257089612734313,0.5530433858963234,0.3825281191357095,0.3953353751724156,0.276588258087069,0.300526784686548
7081,0.19257089612734313,0.5530433858963234,0.3825281191357095,0.3953353751724156,0.276588258087069,0.300526784686548
7082,0.19257089612734313,0.5530433858963234,0.3825281191357095,0.3953353751724156,0.276588258087069,0.300526784686548
7083,0.19257089612734313,0.5530433858963234,0.3825281191357095,0.3953353751724156,0.276588258087069,0.300526784686548
7084,0.19257089612734313,0.5530433858963234,0.3825281191357095,0.3953353751724156,0.276588258087069,0.300526784686548
7085,0.19257089612734313,0.5530433858963234,0.3825281191357095,0.3953353751724156,0.276588258087069,0.300526784686548
7086,0.19257089612734313,0.5530433858963234,0.3825281191357095,0.3953353751724156,0.276588258087069,0.300526784686548
7087,0.19257089612734313,0.5530433858963234,0.3825281191357095,0.3953353751724156,0.276588258087069,0.300526784686548
7088,0.19257089612734313,0.5530433858963234,0.3825281191357095,0.3953353751724156,0.276588258087069,0.300526784686548
7089,0.19257089612734313,0.5530433858963234,0.3825281191357095,0.3953353751724156,0.276588258087069,0.300526784686548
7090,0.19257089612734313,0.5530433858963234,0.3825281191357095,0.3953353751724156,0.276588258087069,0.300526784686548
7091,0.19257089612734313,0.5530433858963234,0.3825281191357095,0.3953353751724156,0.276588258087069,0.300526784686548
7092,0.19257089612734313,0.5530433858963234,0.3825281191357095,0.3953353751724156,0.276588258087069,0.300526784686548
7093,0.19257089612734313,0.5530433858963234,0.3825281191357095,0.3953353751724156,0.276588258087069,0.300526784686548
7094,0.19257089612734313,0.5530433858963234,0.3825281191357095,0.3953353751724156,0.276588258087069,0.300526784686548
7095,0.19257089612734313,0.5530433858963234,0.3825281191357095,0.3953353751724156,0.276588258087069,0.300526784686548
7096,0.19257089612734313,0.5530433858963234,0.3825281191357095,0.3953353751724156,0.276588258087069,0.300526784686548
7097,0.19257089612734313,0.5530433858963234,0.3825281191357095,0.3953353751724156,0.276588258087069,0.300526784686548
7098,0.19257089612734313,0.5530433858963234,0.3825281191357095,0.3953353751724156,0.276588258087069,0.300526784686548
7099,0.19257089612734313,0.5530433858963234,0.3825281191357095,0.3953353751724156,0.276588258087069,0.300526784686548
7100,0.19257089612734313,0.5530433858963234,0.3825281191357095,0.3953353751724156,0.276588258087069,0.300526784686548
7101,0.19257089612734313,0.5530433858963234,0.3825281191357095,0.3953353751724156,0.276588258087069,0.300526784686548
7102,0.19257089612734313,0.5530433858963234,0.3825281191357095,0.3953353751724156,0.276588258087069,0.300526784686548
7103,0.19257089612734313,0.5530433858963234,0.3825281191357095,0.3953353751724156,0.276588258087069,0.300526784686548
7104,0.19000289889108127,0.5704616530309715,0.39454276152212747,0.4083707186520639,0.27964469052366925,0.31144697903628743
7105,0.19000289889108127,0.5704616530309715,0.39454276152212747,0.4083707186520639,0.27964469052366925,0.31144697903628743
7106,0.19000289889108127,0.5704616530309715,0.39454276152212747,0.4083707186520639,0.27964469052366925,0.31144697903628743
7107,0.19000289889108127,0.5704616530309715,0.39454276152212747,0.4083707186520639,0.27964469052366925,0.31144697903628743
7108,0.19000289889108127,0.5704616530309715,0.39454276152212747,0.4083707186520639,0.27964469052366925,0.31144697903628743
7109,0.19000289889108127,0.5704616530309715,0.39454276152212747,0.4083707186520639,0.27964469052366925,0.31144697903628743
7110,0.19000289889108127,0.5704616530309715,0.39454276152212747,0.4083707186520639,0.27964469052366925,0.31144697903628743
7111,0.19000289889108127,0.5704616530309715,0.39454276152212747,0.4083707186520639,0.27964469052366925,0.31144697903628743
7112,0.19000289889108127,0.5704616530309715,0.39454276152212747,0.4083707186520639,0.27964469052366925,0.31144697903628743
7113,0.19000289889108127,0.5704616530309715,0.39454276152212747,0.4083707186520639,0.27964469052366925,0.31144697903628743
7114,0.19000289889108127,0.5704616530309715,0.39454276152212747,0.4083707186520639,0.27964469052366925,0.31144697903628743
7115,0.19000289889108127,0.5704616530309715,0.39454276152212747,0.4083707186520639,0.27964469052366925,0.31144697903628743
7116,0.19000289889108127,0.5704616530309715,0.39454276152212747,0.4083707186520639,0.27964469052366925,0.31144697903628743
7117,0.19000289889108127,0.5704616530309715,0.39454276152212747,0.4083707186520639,0.27964469052366925,0.31144697903628743
7118,0.19000289889108127,0.5704616530309715,0.39454276152212747,0.4083707186520639,0.27964469052366925,0.31144697903628743
7119,0.19000289889108127,0.5704616530309715,0.39454276152212747,0.4083707186520639,0.27964469052366925,0.31144697903628743
7120,0.19000289889108127,0.5704616530309715,0.39454276152212747,0.4083707186520639,0.27964469052366925,0.31144697903628743
7121,0.19000289889108127,0.5704616530309715,0.39454276152212747,0.4083707186520639,0.27964469052366925,0.31144697903628743
7122,0.19000289889108127,0.5704616530309715,0.39454276152212747,0.4083707186520639,0.27964469052366925,0.31144697903628743
7123,0.19000289889108127,0.5704616530309715,0.39454276152212747,0.4083707186520639,0.27964469052366925,0.31144697903628743
7124,0.19000289889108127,0.5704616530309715,0.39454276152212747,0.4083707186520639,0.27964469052366925,0.31144697903628743
7125,0.19000289889108127,0.5704616530309715,0.39454276152212747,0.4083707186520639,0.27964469052366925,0.31144697903628743
7126,0.19000289889108127,0.5704616530309715,0.39454276152212747,0.4083707186520639,0.27964469052366925,0.31144697903628743
7127,0.19000289889108127,0.5704616530309715,0.39454276152212747,0.4083707186520639,0.27964469052366925,0.31144697903628743
7128,0.18689683195707263,0.5843805786966252,0.40360348515266314,0.4195244083746443,0.280913407789739,0.3209904539565463
7129,0.18689683195707263,0.5843805786966252,0.40360348515266314,0.4195244083746443,0.280913407789739,0.3209904539565463
7130,0.18689683195707263,0.5843805786966252,0.40360348515266314,0.4195244083746443,0.280913407789739,0.3209904539565463
7131,0.18689683195707263,0.5843805786966252,0.40360348515266314,0.4195244083746443,0.280913407789739,0.3209904539565463
7132,0.18689683195707263,0.5843805786966252,0.40360348515266314,0.4195244083746443,0.280913407789739,0.3209904539565463
7133,0.18689683195707263,0.5843805786966252,0.40360348515266314,0.4195244083746443,0.280913407789739,0.3209904539565463
7134,0.18689683195707263,0.5843805786966252,0.40360348515266314,0.4195244083746443,0.280913407789739,0.3209904539565463
7135,0.18689683195707263,0.5843805786966252,0.40360348515266314,0.4195244083746443,0.280913407789739,0.3209904539565463
7136,0.18689683195707263,0.5843805786966252,0.40360348515266314,0.4195244083746443,0.280913407789739,0.3209904539565463
7137,0.18689683195707263,0.5843805786966252,0.40360348515266314,0.4195244083746443,0.280913407789739,0.3209904539565463
7138,0.18689683195707263,0.5843805786966252,0.40360348515266314,0.4195244083746443,0.280913407789739,0.3209904539565463
7139,0.18689683195707263,0.5843805786966252,0.40360348515266314,0.4195244083746443,0.280913407789739,0.3209904539565463
7140,0.18689683195707263,0.5843805786966252,0.40360348515266314,0.4195244083746443,0.280913407789739,0.3209904539565463
7141,0.18689683195707263,0.5843805786966252,0.40360348515266314,0.4195244083746443,0.280913407789739,0.3209904539565463
7142,0.18689683195707263,0.5843805786966252,0.40360348515266314,0.4195244083746443,0.280913407789739,0.3209904539565463
7143,0.18689683195707263,0.5843805786966252,0.40360348515266314,0.4195244083746443,0.280913407789739,0.3209904539565463
7144,0.18689683195707263,0.5843805786966252,0.40360348515266314,0.4195244083746443,0.280913407789739,0.3209904539565463
7145,0.18689683195707263,0.5843805786966252,0.40360348515266314,0.4195244083746443,0.280913407789739,0.3209904539565463
7146,0.18689683195707263,0.5843805786966252,0.40360348515266314,0.4195244083746443,0.280913407789739,0.3209904539565463
7147,0.18689683195707263,0.5843805786966252,0.40360348515266314,0.4195244083746443,0.280913407789739,0.3209904539565463
7148,0.18689683195707263,0.5843805786966252,0.40360348515266314,0.4195244083746443,0.280913407789739,0.3209904539565463
7149,0.18689683195707263,0.5843805786966252,0.40360348515266314,0.4195244083746443,0.280913407789739,0.3209904539565463
7150,0.18689683195707263,0.5843805786966252,0.40360348515266314,0.4195244083746443,0.280913407789739,0.3209904539565463
7151,0.18689683195707263,0.5843805786966252,0.40360348515266314,0.4195244083746443,0.280913407789739,0.3209904539565463
7152,0.1823637178092916,0.5981313927416495,0.412548376161567,0.4301424968928849,0.2811090845928893,0.33059811505775455
7153,0.1823637178092916,0.5981313927416495,0.412548376161567,0.4301424968928849,0.2811090845928893,0.33059811505775455
7154,0.1823637178092916,0.5981313927416495,0.412548376161567,0.4301424968928849,0.2811090845928893,0.33059811505775455
7155,0.1823637178092916,0.5981313927416495,0.412548376161567,0.4301424968928849,0.2811090845928893,0.33059811505775455
7156,0.1823637178092916,0.5981313927416495,0.412548376161567,0.4301424968928849,0.2811090845928893,0.33059811505775455
7157,0.1823637178092916,0.5981313927416495,0.412548376161567,0.4301424968928849,0.2811090845928893,0.33059811505775455
7158,0.1823637178092916,0.5981313927416495,0.412548376161567,0.4301424968928849,0.2811090845928893,0.33059811505775455
7159,0.1823637178092916,0.5981313927416495,0.412548376161567,0.4301424968928849,0.2811090845928893,0.33059811505775455
7160,0.1823637178092916,0.5981313927416495,0.412548376161567,0.4301424968928849,0.2811090845928893,0.33059811505775455
7161,0.1823637178092916,0.5981313927416495,0.412548376161567,0.4301424968928849,0.2811090845928893,0.33059811505775455
7162,0.1823637178092916,0.5981313927416495,0.412548376161567,0.4301424968928849,0.2811090845928893,0.33059811505775455
7163,0.1823637178092916,0.5981313927416495,0.412548376161567,0.4301424968928849,0.2811090845928893,0.33059811505775455
7164,0.1823637178092916,0.5981313927416495,0.412548376161567,0.4301424968928849,0.2811090845928893,0.33059811505775455
7165,0.1823637178092916,0.5981313927416495,0.412548376161567,0.4301424968928849,0.2811090845928893,0.33059811505775455
7166,0.1823637178092916,0.5981313927416495,0.412548376161567,0.4301424968928849,0.2811090845928893,0.33059811505775455
7167,0.1823637178092916,0.5981313927416495,0.412548376161567,0.4301424968928849,0.2811090845928893,0.33059811505775455
7168,0.1823637178092916,0.5981313927416495,0.412548376161567,0.4301424968928849,0.2811090845928893,0.33059811505775455
7169,0.1823637178092916,0.5981313927416495,0.412548376161567,0.4301424968928849,0.2811090845928893,0.33059811505775455
7170,0.1823637178092916,0.5981313927416495,0.412548376161567,0.4301424968928849,0.2811090845928893,0.33059811505775455
7171,0.1823637178092916,0.5981313927416495,0.412548376161567,0.4301424968928849,0.2811090845928893,0.33059811505775455
7172,0.1823637178092916,0.5981313927416495,0.412548376161567,0.4301424968928849,0.2811090845928893,0.33059811505775455
7173,0.1823637178092916,0.5981313927416495,0.412548376161567,0.4301424968928849,0.2811090845928893,0.33059811505775455
7174,0.1823637178092916,0.5981313927416495,0.412548376161567,0.4301424968928849,0.2811090845928893,0.33059811505775455
7175,0.1823637178092916,0.5981313927416495,0.412548376161567,0.4301424968928849,0.2811090845928893,0.33059811505775455
7176,0.1804436419266696,0.6201985281674508,0.4280766493190587,0.4456793060058579,0.28660020700275146,0.3434173638063959
7177,0.1804436419266696,0.6201985281674508,0.4280766493190587,0.4456793060058579,0.28660020700275146,0.3434173638063959
7178,0.1804436419266696,0.6201985281674508,0.4280766493190587,0.4456793060058579,0.28660020700275146,0.3434173638063959
7179,0.1804436419266696,0.6201985281674508,0.4280766493190587,0.4456793060058579,0.28660020700275146,0.3434173638063959
7180,0.1804436419266696,0.6201985281674508,0.4280766493190587,0.4456793060058579,0.28660020700275146,0.3434173638063959
7181,0.1804436419266696,0.6201985281674508,0.4280766493190587,0.4456793060058579,0.28660020700275146,0.3434173638063959
7182,0.1804436419266696,0.6201985281674508,0.4280766493190587,0.4456793060058579,0.28660020700275146,0.3434173638063959
7183,0.1804436419266696,0.6201985281674508,0.4280766493190587,0.4456793060058579,0.28660020700275146,0.3434173638063959
7184,0.1804436419266696,0.6201985281674508,0.4280766493190587,0.4456793060058579,0.28660020700275146,0.3434173638063959
7185,0.1804436419266696,0.6201985281674508,0.4280766493190587,0.4456793060058579,0.28660020700275146,0.3434173638063959
7186,0.1804436419266696,0.6201985281674508,0.4280766493190587,0.4456793060058579,0.28660020700275146,0.3434173638063959
7187,0.1804436419266696,0.6201985281674508,0.4280766493190587,0.4456793060058579,0.28660020700275146,0.3434173638063959
7188,0.1804436419266696,0.6201985281674508,0.4280766493190587,0.4456793060058579,0.28660020700275146,0.3434173638063959
7189,0.1804436419266696,0.6201985281674508,0.4280766493190587,0.4456793060058579,0.28660020700275146,0.3434173638063959
7190,0.1804436419266696,0.6201985281674508,0.4280766493190587,0.4456793060058579,0.28660020700275146,0.3434173638063959
7191,0.1804436419266696,0.6201985281674508,0.4280766493190587,0.4456793060058579,0.28660020700275146,0.3434173638063959
7192,0.1804436419266696,0.6201985281674508,0.4280766493190587,0.4456793060058579,0.28660020700275146,0.3434173638063959
7193,0.1804436419266696,0.6201985281674508,0.4280766493190587,0.4456793060058579,0.28660020700275146,0.3434173638063959
7194,0.1804436419266696,0.6201985281674508,0.4280766493190587,0.4456793060058579,0.28660020700275146,0.3434173638063959
7195,0.1804436419266696,0.6201985281674508,0.4280766493190587,0.4456793060058579,0.28660020700275146,0.3434173638063959
7196,0.1804436419266696,0.6201985281674508,0.4280766493190587,0.4456793060058579,0.28660020700275146,0.3434173638063959
7197,0.1804436419266696,0.6201985281674508,0.4280766493190587,0.4456793060058579,0.28660020700275146,0.3434173638063959
7198,0.1804436419266696,0.6201985281674508,0.4280766493190587,0.4456793060058579,0.28660020700275146,0.3434173638063959
7199,0.1804436419266696,0.6201985281674508,0.4280766493190587,0.4456793060058579,0.28660020700275146,0.3434173638063959
7200,0.17729663504383472,0.6354384577852635,0.4384046300363716,0.4574456740655502,0.2883188400279763,0.35354439966364687
7201,0.17729663504383472,0.6354384577852635,0.4384046300363716,0.4574456740655502,0.2883188400279763,0.35354439966364687
7202,0.17729663504383472,0.6354384577852635,0.4384046300363716,0.4574456740655502,0.2883188400279763,0.35354439966364687
7203,0.17729663504383472,0.6354384577852635,0.4384046300363716,0.4574456740655502,0.2883188400279763,0.35354439966364687
7204,0.17729663504383472,0.6354384577852635,0.4384046300363716,0.4574456740655502,0.2883188400279763,0.35354439966364687
7205,0.17729663504383472,0.6354384577852635,0.4384046300363716,0.4574456740655502,0.2883188400279763,0.35354439966364687
7206,0.17729663504383472,0.6354384577852635,0.4384046300363716,0.4574456740655502,0.2883188400279763,0.35354439966364687
7207,0.17729663504383472,0.6354384577852635,0.4384046300363716,0.4574456740655502,0.2883188400279763,0.35354439966364687
7208,0.17729663504383472,0.6354384577852635,0.4384046300363716,0.4574456740655502,0.2883188400279763,0.35354439966364687
7209,0.17729663504383472,0.6354384577852635,0.4384046300363716,0.4574456740655502,0.2883188400279763,0.35354439966364687
7210,0.17729663504383472,0.6354384577852635,0.4384046300363716,0.4574456740655502,0.2883188400279763,0.35354439966364687
7211,0.17729663504383472,0.6354384577852635,0.4384046300363716,0.4574456740655502,0.2883188400279763,0.35354439966364687
7212,0.17729663504383472,0.6354384577852635,0.4384046300363716,0.4574456740655502,0.2883188400279763,0.35354439966364687
7213,0.17729663504383472,0.6354384577852635,0.4384046300363716,0.4574456740655502,0.2883188400279763,0.35354439966364687
7214,0.17729663504383472,0.6354384577852635,0.4384046300363716,0.4574456740655502,0.2883188400279763,0.35354439966364687
7215,0.17729663504383472,0.6354384577852635,0.4384046300363716,0.4574456740655502,0.2883188400279763,0.35354439966364687
7216,0.17729663504383472,0.6354384577852635,0.4384046300363716,0.4574456740655502,0.2883188400279763,0.35354439966364687
7217,0.17729663504383472,0.6354384577852635,0.4384046300363716,0.4574456740655502,0.2883188400279763,0.35354439966364687
7218,0.17729663504383472,0.6354384577852635,0.4384046300363716,0.4574456740655502,0.2883188400279763,0.35354439966364687
7219,0.17729663504383472,0.6354384577852635,0.4384046300363716,0.4574456740655502,0.2883188400279763,0.35354439966364687
7220,0.17729663504383472,0.6354384577852635,0.4384046300363716,0.4574456740655502,0.2883188400279763,0.35354439966364687
7221,0.17729663504383472,0.6354384577852635,0.4384046300363716,0.4574456740655502,0.2883188400279763,0.35354439966364687
7222,0.17729663504383472,0.6354384577852635,0.4384046300363716,0.4574456740655502,0.2883188400279763,0.35354439966364687
7223,0.17729663504383472,0.6354384577852635,0.4384046300363716,0.4574456740655502,0.2883188400279763,0.35354439966364687
7224,0.17386980883301906,0.6450812265691735,0.4433505857501127,0.46588235695472435,0.2876387512008402,0.36107202291153667
7225,0.17386980883301906,0.6450812265691735,0.4433505857501127,0.46588235695472435,0.2876387512008402,0.36107202291153667
7226,0.17386980883301906,0.6450812265691735,0.4433505857501127,0.46588235695472435,0.2876387512008402,0.36107202291153667
7227,0.17386980883301906,0.6450812265691735,0.4433505857501127,0.46588235695472435,0.2876387512008402,0.36107202291153667
7228,0.17386980883301906,0.6450812265691735,0.4433505857501127,0.46588235695472435,0.2876387512008402,0.36107202291153667
7229,0.17386980883301906,0.6450812265691735,0.4433505857501127,0.46588235695472435,0.2876387512008402,0.36107202291153667
7230,0.17386980883301906,0.6450812265691735,0.4433505857501127,0.46588235695472435,0.2876387512008402,0.36107202291153667
7231,0.17386980883301906,0.6450812265691735,0.4433505857501127,0.46588235695472435,0.2876387512008402,0.36107202291153667
7232,0.17386980883301906,0.6450812265691735,0.4433505857501127,0.46588235695472435,0.2876387512008402,0.36107202291153667
7233,0.17386980883301906,0.6450812265691735,0.4433505857501127,0.46588235695472435,0.2876387512008402,0.36107202291153667
7234,0.17386980883301906,0.6450812265691735,0.4433505857501127,0.46588235695472435,0.2876387512008402,0.36107202291153667
7235,0.17386980883301906,0.6450812265691735,0.4433505857501127,0.46588235695472435,0.2876387512008402,0.36107202291153667
7236,0.17386980883301906,0.6450812265691735,0.4433505857501127,0.46588235695472435,0.2876387512008402,0.36107202291153667
7237,0.17386980883301906,0.6450812265691735,0.4433505857501127,0.46588235695472435,0.2876387512008402,0.36107202291153667
7238,0.17386980883301906,0.6450812265691735,0.4433505857501127,0.46588235695472435,0.2876387512008402,0.36107202291153667
7239,0.17386980883301906,0.6450812265691735,0.4433505857501127,0.46588235695472435,0.2876387512008402,0.36107202291153667
7240,0.17386980883301906,0.6450812265691735,0.4433505857501127,0.46588235695472435,0.2876387512008402,0.36107202291153667
7241,0.17386980883301906,0.6450812265691735,0.4433505857501127,0.46588235695472435,0.2876387512008402,0.36107202291153667
7242,0.17386980883301906,0.6450812265691735,0.4433505857501127,0.46588235695472435,0.2876387512008402,0.36107202291153667
7243,0.17386980883301906,0.6450812265691735,0.4433505857501127,0.46588235695472435,0.2876387512008402,0.36107202291153667
7244,0.17386980883301906,0.6450812265691735,0.4433505857501127,0.46588235695472435,0.2876387512008402,0.36107202291153667
7245,0.17386980883301906,0.6450812265691735,0.4433505857501127,0.46588235695472435,0.2876387512008402,0.36107202291153667
7246,0.17386980883301906,0.6450812265691735,0.4433505857501127,0.46588235695472435,0.2876387512008402,0.36107202291153667
7247,0.17386980883301906,0.6450812265691735,0.4433505857501127,0.46588235695472435,0.2876387512008402,0.36107202291153667
7248,0.1703362277952369,0.6546825924893602,0.44823035180635196,0.4742438490783331,0.2867988167656585,0.3686075020876652
7249,0.1703362277952369,0.6546825924893602,0.44823035180635196,0.4742438490783331,0.2867988167656585,0.3686075020876652
7250,0.1703362277952369,0.6546825924893602,0.44823035180635196,0.4742438490783331,0.2867988167656585,0.3686075020876652
7251,0.1703362277952369,0.6546825924893602,0.44823035180635196,0.4742438490783331,0.2867988167656585,0.3686075020876652
7252,0.1703362277952369,0.6546825924893602,0.44823035180635196,0.4742438490783331,0.2867988167656585,0.3686075020876652
7253,0.1703362277952369,0.6546825924893602,0.44823035180635196,0.4742438490783331,0.2867988167656585,0.3686075020876652
7254,0.1703362277952369,0.6546825924893602,0.44823035180635196,0.4742438490783331,0.2867988167656585,0.3686075020876652
7255,0.1703362277952369,0.6546825924893602,0.44823035180635196,0.4742438490783331,0.2867988167656585,0.3686075020876652
7256,0.1703362277952369,0.6546825924893602,0.44823035180635196,0.4742438490783331,0.2867988167656585,0.3686075020876652
7257,0.1703362277952369,0.6546825924893602,0.44823035180635196,0.4742438490783331,0.2867988167656585,0.3686075020876652
7258,0.1703362277952369,0.6546825924893602,0.44823035180635196,0.4742438490783331,0.2867988167656585,0.3686075020876652
7259,0.1703362277952369,0.6546825924893602,0.44823035180635196,0.4742438490783331,0.2867988167656585,0.3686075020876652
7260,0.1703362277952369,0.6546825924893602,0.44823035180635196,0.4742438490783331,0.2867988167656585,0.3686075020876652
7261,0.1703362277952369,0.6546825924893602,0.44823035180635196,0.4742438490783331,0.2867988167656585,0.3686075020876652
7262,0.1703362277952369,0.6546825924893602,0.44823035180635196,0.4742438490783331,0.2867988167656585,0.3686075020876652
7263,0.1703362277952369,0.6546825924893602,0.44823035180635196,0.4742438490783331,0.2867988167656585,0.3686075020876652
7264,0.1703362277952369,0.6546825924893602,0.44823035180635196,0.4742438490783331,0.2867988167656585,0.3686075020876652
7265,0.1703362277952369,0.6546825924893602,0.44823035180635196,0.4742438490783331,0.2867988167656585,0.3686075020876652
7266,0.1703362277952369,0.6546825924893602,0.44823035180635196,0.4742438490783331,0.2867988167656585,0.3686075020876652
7267,0.1703362277952369,0.6546825924893602,0.44823035180635196,0.4742438490783331,0.2867988167656585,0.3686075020876652
7268,0.1703362277952369,0.6546825924893602,0.44823035180635196,0.4742438490783331,0.2867988167656585,0.3686075020876652
7269,0.1703362277952369,0.6546825924893602,0.44823035180635196,0.4742438490783331,0.2867988167656585,0.3686075020876652
7270,0.1703362277952369,0.6546825924893602,0.44823035180635196,0.4742438490783331,0.2867988167656585,0.3686075020876652
7271,0.1703362277952369,0.6546825924893602,0.44823035180635196,0.4742438490783331,0.2867988167656585,0.3686075020876652
7272,0.1661583723681147,0.6638468819371167,0.45283833617284946,0.482446944570865,0.285320040579991,0.37621635202013864
7273,0.1661583723681147,0.6638468819371167,0.45283833617284946,0.482446944570865,0.285320040579991,0.37621635202013864
7274,0.1661583723681147,0.6638468819371167,0.45283833617284946,0.482446944570865,0.285320040579991,0.37621635202013864
7275,0.1661583723681147,0.6638468819371167,0.45283833617284946,0.482446944570865,0.285320040579991,0.37621635202013864
7276,0.1661583723681147,0.6638468819371167,0.45283833617284946,0.482446944570865,0.285320040579991,0.37621635202013864
7277,0.1661583723681147,0.6638468819371167,0.45283833617284946,0.482446944570865,0.285320040579991,0.37621635202013864
7278,0.1661583723681147,0.6638468819371167,0.45283833617284946,0.482446944570865,0.285320040579991,0.37621635202013864
7279,0.1661583723681147,0.6638468819371167,0.45283833617284946,0.482446944570865,0.285320040579991,0.37621635202013864
7280,0.1661583723681147,0.6638468819371167,0.45283833617284946,0.482446944570865,0.285320040579991,0.37621635202013864
7281,0.1661583723681147,0.6638468819371167,0.45283833617284946,0.482446944570865,0.285320040579991,0.37621635202013864
7282,0.1661583723681147,0.6638468819371167,0.45283833617284946,0.482446944570865,0.285320040579991,0.37621635202013864
7283,0.1661583723681147,0.6638468819371167,0.45283833617284946,0.482446944570865,0.285320040579991,0.37621635202013864
7284,0.1661583723681147,0.6638468819371167,0.45283833617284946,0.482446944570865,0.285320040579991,0.37621635202013864
7285,0.1661583723681147,0.6638468819371167,0.45283833617284946,0.482446944570865,0.285320040579991,0.37621635202013864
7286,0.1661583723681147,0.6638468819371167,0.45283833617284946,0.482446944570865,0.285320040579991,0.37621635202013864
7287,0.1661583723681147,0.6638468819371167,0.45283833617284946,0.482446944570865,0.285320040579991,0.37621635202013864
7288,0.1661583723681147,0.6638468819371167,0.45283833617284946,0.482446944570865,0.285320040579991,0.37621635202013864
7289,0.1661583723681147,0.6638468819371167,0.45283833617284946,0.482446944570865,0.285320040579991,0.37621635202013864
7290,0.1661583723681147,0.6638468819371167,0.45283833617284946,0.482446944570865,0.285320040579991,0.37621635202013864
7291,0.1661583723681147,0.6638468819371167,0.45283833617284946,0.482446944570865,0.285320040579991,0.37621635202013864
7292,0.1661583723681147,0.6638468819371167,0.45283833617284946,0.482446944570865,0.285320040579991,0.37621635202013864
7293,0.1661583723681147,0.6638468819371167,0.45283833617284946,0.482446944570865,0.285320040579991,0.37621635202013864
7294,0.1661583723681147,0.6638468819371167,0.45283833617284946,0.482446944570865,0.285320040579991,0.37621635202013864
7295,0.1661583723681147,0.6638468819371167,0.45283833617284946,0.482446944570865,0.285320040579991,0.37621635202013864
7296,0.1609251940754939,0.669548850244155,0.45442168341875405,0.488415468168343,0.2817644609886913,0.38233337886944957
7297,0.1609251940754939,0.669548850244155,0.45442168341875405,0.488415468168343,0.2817644609886913,0.38233337886944957
7298,0.1609251940754939,0.669548850244155,0.45442168341875405,0.488415468168343,0.2817644609886913,0.38233337886944957
7299,0.1609251940754939,0.669548850244155,0.45442168341875405,0.488415468168343,0.2817644609886913,0.38233337886944957
7300,0.1609251940754939,0.669548850244155,0.45442168341875405,0.488415468168343,0.2817644609886913,0.38233337886944957
7301,0.1609251940754939,0.669548850244155,0.45442168341875405,0.488415468168343,0.2817644609886913,0.38233337886944957
7302,0.1609251940754939,0.669548850244155,0.45442168341875405,0.488415468168343,0.2817644609886913,0.38233337886944957
7303,0.1609251940754939,0.669548850244155,0.45442168341875405,0.488415468168343,0.2817644609886913,0.38233337886944957
7304,0.1609251940754939,0.669548850244155,0.45442168341875405,0.488415468168343,0.2817644609886913,0.38233337886944957
7305,0.1609251940754939,0.669548850244155,0.45442168341875405,0.488415468168343,0.2817644609886913,0.38233337886944957
7306,0.1609251940754939,0.669548850244155,0.45442168341875405,0.488415468168343,0.2817644609886913,0.38233337886944957
7307,0.1609251940754939,0.669548850244155,0.45442168341875405,0.488415468168343,0.2817644609886913,0.38233337886944957
7308,0.1609251940754939,0.669548850244155,0.45442168341875405,0.488415468168343,0.2817644609886913,0.38233337886944957
7309,0.1609251940754939,0.669548850244155,0.45442168341875405,0.488415468168343,0.2817644609886913,0.38233337886944957
7310,0.1609251940754939,0.669548850244155,0.45442168341875405,0.488415468168343,0.2817644609886913,0.38233337886944957
7311,0.1609251940754939,0.669548850244155,0.45442168341875405,0.488415468168343,0.2817644609886913,0.38233337886944957
7312,0.1609251940754939,0.669548850244155,0.45442168341875405,0.488415468168343,0.2817644609886913,0.38233337886944957
7313,0.1609251940754939,0.669548850244155,0.45442168341875405,0.488415468168343,0.2817644609886913,0.38233337886944957
7314,0.1609251940754939,0.669548850244155,0.45442168341875405,0.488415468168343,0.2817644609886913,0.38233337886944957
7315,0.1609251940754939,0.669548850244155,0.45442168341875405,0.488415468168343,0.2817644609886913,0.38233337886944957
7316,0.1609251940754939,0.669548850244155,0.45442168341875405,0.488415468168343,0.2817644609886913,0.38233337886944957
7317,0.1609251940754939,0.669548850244155,0.45442168341875405,0.488415468168343,0.2817644609886913,0.38233337886944957
7318,0.1609251940754939,0.669548850244155,0.45442168341875405,0.488415468168343,0.2817644609886913,0.38233337886944957
7319,0.1609251940754939,0.669548850244155,0.45442168341875405,0.488415468168343,0.2817644609886913,0.38233337886944957
7320,0.15334879032274576,0.6766463721826628,0.4572612957053907,0.4951472217660226,0.27724724003951384,0.38955574283546407
7321,0.15334879032274576,0.6766463721826628,0.4572612957053907,0.4951472217660226,0.27724724003951384,0.38955574283546407
7322,0.15334879032274576,0.6766463721826628,0.4572612957053907,0.4951472217660226,0.27724724003951384,0.38955574283546407
7323,0.15334879032274576,0.6766463721826628,0.4572612957053907,0.4951472217660226,0.27724724003951384,0.38955574283546407
7324,0.15334879032274576,0.6766463721826628,0.4572612957053907,0.4951472217660226,0.27724724003951384,0.38955574283546407
7325,0.15334879032274576,0.6766463721826628,0.4572612957053907,0.4951472217660226,0.27724724003951384,0.38955574283546407
7326,0.15334879032274576,0.6766463721826628,0.4572612957053907,0.4951472217660226,0.27724724003951384,0.38955574283546407
7327,0.15334879032274576,0.6766463721826628,0.4572612957053907,0.4951472217660226,0.27724724003951384,0.38955574283546407
7328,0.15334879032274576,0.6766463721826628,0.4572612957053907,0.4951472217660226,0.27724724003951384,0.38955574283546407
7329,0.15334879032274576,0.6766463721826628,0.4572612957053907,0.4951472217660226,0.27724724003951384,0.38955574283546407
7330,0.15334879032274576,0.6766463721826628,0.4572612957053907,0.4951472217660226,0.27724724003951384,0.38955574283546407
7331,0.15334879032274576,0.6766463721826628,0.4572612957053907,0.4951472217660226,0.27724724003951384,0.38955574283546407
7332,0.15334879032274576,0.6766463721826628,0.4572612957053907,0.4951472217660226,0.27724724003951384,0.38955574283546407
7333,0.15334879032274576,0.6766463721826628,0.4572612957053907,0.4951472217660226,0.27724724003951384,0.38955574283546407
7334,0.15334879032274576,0.6766463721826628,0.4572612957053907,0.4951472217660226,0.27724724003951384,0.38955574283546407
7335,0.15334879032274576,0.6766463721826628,0.4572612957053907,0.4951472217660226,0.27724724003951384,0.38955574283546407
7336,0.15334879032274576,0.6766463721826628,0.4572612957053907,0.4951472217660226,0.27724724003951384,0.38955574283546407
7337,0.15334879032274576,0.6766463721826628,0.4572612957053907,0.4951472217660226,0.27724724003951384,0.38955574283546407
7338,0.15334879032274576,0.6766463721826628,0.4572612957053907,0.4951472217660226,0.27724724003951384,0.38955574283546407
7339,0.15334879032274576,0.6766463721826628,0.4572612957053907,0.4951472217660226,0.27724724003951384,0.38955574283546407
7340,0.15334879032274576,0.6766463721826628,0.4572612957053907,0.4951472217660226,0.27724724003951384,0.38955574283546407
7341,0.15334879032274576,0.6766463721826628,0.4572612957053907,0.4951472217660226,0.27724724003951384,0.38955574283546407
7342,0.15334879032274576,0.6766463721826628,0.4572612957053907,0.4951472217660226,0.27724724003951384,0.38955574283546407
7343,0.15334879032274576,0.6766463721826628,0.4572612957053907,0.4951472217660226,0.27724724003951384,0.38955574283546407
7344,0.1472661099380268,0.6835313479254405,0.4602607584721809,0.5020131448557458,0.273615439036441,0.39648460649399625
7345,0.1472661099380268,0.6835313479254405,0.4602607584721809,0.5020131448557458,0.273615439036441,0.39648460649399625
7346,0.1472661099380268,0.6835313479254405,0.4602607584721809,0.5020131448557458,0.273615439036441,0.39648460649399625
7347,0.1472661099380268,0.6835313479254405,0.4602607584721809,0.5020131448557458,0.273615439036441,0.39648460649399625
7348,0.1472661099380268,0.6835313479254405,0.4602607584721809,0.5020131448557458,0.273615439036441,0.39648460649399625
7349,0.1472661099380268,0.6835313479254405,0.4602607584721809,0.5020131448557458,0.273615439036441,0.39648460649399625
7350,0.1472661099380268,0.6835313479254405,0.4602607584721809,0.5020131448557458,0.273615439036441,0.39648460649399625
7351,0.1472661099380268,0.6835313479254405,0.4602607584721809,0.5020131448557458,0.273615439036441,0.39648460649399625
7352,0.1472661099380268,0.6835313479254405,0.4602607584721809,0.5020131448557458,0.273615439036441,0.39648460649399625
7353,0.1472661099380268,0.6835313479254405,0.4602607584721809,0.5020131448557458,0.273615439036441,0.39648460649399625
7354,0.1472661099380268,0.6835313479254405,0.4602607584721809,0.5020131448557458,0.273615439036441,0.39648460649399625
7355,0.1472661099380268,0.6835313479254405,0.4602607584721809,0.5020131448557458,0.273615439036441,0.39648460649399625
7356,0.1472661099380268,0.6835313479254405,0.4602607584721809,0.5020131448557458,0.273615439036441,0.39648460649399625
7357,0.1472661099380268,0.6835313479254405,0.4602607584721809,0.5020131448557458,0.273615439036441,0.39648460649399625
7358,0.1472661099380268,0.6835313479254405,0.4602607584721809,0.5020131448557458,0.273615439036441,0.39648460649399625
7359,0.1472661099380268,0.6835313479254405,0.4602607584721809,0.5020131448557458,0.273615439036441,0.39648460649399625
7360,0.1472661099380268,0.6835313479254405,0.4602607584721809,0.5020131448557458,0.273615439036441,0.39648460649399625
7361,0.1472661099380268,0.6835313479254405,0.4602607584721809,0.5020131448557458,0.273615439036441,0.39648460649399625
7362,0.1472661099380268,0.6835313479254405,0.4602607584721809,0.5020131448557458,0.273615439036441,0.39648460649399625
7363,0.1472661099380268,0.6835313479254405,0.4602607584721809,0.5020131448557458,0.273615439036441,0.39648460649399625
7364,0.1472661099380268,0.6835313479254405,0.4602607584721809,0.5020131448557458,0.273615439036441,0.39648460649399625
7365,0.1472661099380268,0.6835313479254405,0.4602607584721809,0.5020131448557458,0.273615439036441,0.39648460649399625
7366,0.1472661099380268,0.6835313479254405,0.4602607584721809,0.5020131448557458,0.273615439036441,0.39648460649399625
7367,0.1472661099380268,0.6835313479254405,0.4602607584721809,0.5020131448557458,0.273615439036441,0.39648460649399625
7368,0.1433938466425719,0.6925477182538261,0.4647108169779062,0.5100477905918562,0.2722640709228273,0.4038780203600551
7369,0.1433938466425719,0.6925477182538261,0.4647108169779062,0.5100477905918562,0.2722640709228273,0.4038780203600551
7370,0.1433938466425719,0.6925477182538261,0.4647108169779062,0.5100477905918562,0.2722640709228273,0.4038780203600551
7371,0.1433938466425719,0.6925477182538261,0.4647108169779062,0.5100477905918562,0.2722640709228273,0.4038780203600551
7372,0.1433938466425719,0.6925477182538261,0.4647108169779062,0.5100477905918562,0.2722640709228273,0.4038780203600551
7373,0.1433938466425719,0.6925477182538261,0.4647108169779062,0.5100477905918562,0.2722640709228273,0.4038780203600551
7374,0.1433938466425719,0.6925477182538261,0.4647108169779062,0.5100477905918562,0.2722640709228273,0.4038780203600551
7375,0.1433938466425719,0.6925477182538261,0.4647108169779062,0.5100477905918562,0.2722640709228273,0.4038780203600551
7376,0.1433938466425719,0.6925477182538261,0.4647108169779062,0.5100477905918562,0.2722640709228273,0.4038780203600551
7377,0.1433938466425719,0.6925477182538261,0.4647108169779062,0.5100477905918562,0.2722640709228273,0.4038780203600551
7378,0.1433938466425719,0.6925477182538261,0.4647108169779062,0.5100477905918562,0.2722640709228273,0.4038780203600551
7379,0.1433938466425719,0.6925477182538261,0.4647108169779062,0.5100477905918562,0.2722640709228273,0.4038780203600551
7380,0.1433938466425719,0.6925477182538261,0.4647108169779062,0.5100477905918562,0.2722640709228273,0.4038780203600551
7381,0.1433938466425719,0.6925477182538261,0.4647108169779062,0.5100477905918562,0.2722640709228273,0.4038780203600551
7382,0.1433938466425719,0.6925477182538261,0.4647108169779062,0.5100477905918562,0.2722640709228273,0.4038780203600551
7383,0.1433938466425719,0.6925477182538261,0.4647108169779062,0.5100477905918562,0.2722640709228273,0.4038780203600551
7384,0.1433938466425719,0.6925477182538261,0.4647108169779062,0.5100477905918562,0.2722640709228273,0.4038780203600551
7385,0.1433938466425719,0.6925477182538261,0.4647108169779062,0.5100477905918562,0.2722640709228273,0.4038780203600551
7386,0.1433938466425719,0.6925477182538261,0.4647108169779062,0.5100477905918562,0.2722640709228273,0.4038780203600551
7387,0.1433938466425719,0.6925477182538261,0.4647108169779062,0.5100477905918562,0.2722640709228273,0.4038780203600551
7388,0.1433938466425719,0.6925477182538261,0.4647108169779062,0.5100477905918562,0.2722640709228273,0.4038780203600551
7389,0.1433938466425719,0.6925477182538261,0.4647108169779062,0.5100477905918562,0.2722640709228273,0.4038780203600551
7390,0.1433938466425719,0.6925477182538261,0.4647108169779062,0.5100477905918562,0.2722640709228273,0.4038780203600551
7391,0.1433938466425719,0.6925477182538261,0.4647108169779062,0.5100477905918562,0.2722640709228273,0.4038780203600551
7392,0.13984465021877976,0.7007948435559789,0.46848373325982146,0.5174364186974717,0.2709666271886331,0.41079191429040746
7393,0.13984465021877976,0.7007948435559789,0.46848373325982146,0.5174364186974717,0.2709666271886331,0.41079191429040746
7394,0.13984465021877976,0.7007948435559789,0.46848373325982146,0.5174364186974717,0.2709666271886331,0.41079191429040746
7395,0.13984465021877976,0.7007948435559789,0.46848373325982146,0.5174364186974717,0.2709666271886331,0.41079191429040746
7396,0.13984465021877976,0.7007948435559789,0.46848373325982146,0.5174364186974717,0.2709666271886331,0.41079191429040746
7397,0.13984465021877976,0.7007948435559789,0.46848373325982146,0.5174364186974717,0.2709666271886331,0.41079191429040746
7398,0.13984465021877976,0.7007948435559789,0.46848373325982146,0.5174364186974717,0.2709666271886331,0.41079191429040746
7399,0.13984465021877976,0.7007948435559789,0.46848373325982146,0.5174364186974717,0.2709666271886331,0.41079191429040746
7400,0.13984465021877976,0.7007948435559789,0.46848373325982146,0.5174364186974717,0.2709666271886331,0.41079191429040746
7401,0.13984465021877976,0.7007948435559789,0.46848373325982146,0.5174364186974717,0.2709666271886331,0.41079191429040746
7402,0.13984465021877976,0.7007948435559789,0.46848373325982146,0.5174364186974717,0.2709666271886331,0.41079191429040746
7403,0.13984465021877976,0.7007948435559789,0.46848373325982146,0.5174364186974717,0.2709666271886331,0.41079191429040746
7404,0.13984465021877976,0.7007948435559789,0.46848373325982146,0.5174364186974717,0.2709666271886331,0.41079191429040746
7405,0.13984465021877976,0.7007948435559789,0.46848373325982146,0.5174364186974717,0.2709666271886331,0.41079191429040746
7406,0.13984465021877976,0.7007948435559789,0.46848373325982146,0.5174364186974717,0.2709666271886331,0.41079191429040746
7407,0.13984465021877976,0.7007948435559789,0.46848373325982146,0.5174364186974717,0.2709666271886331,0.41079191429040746
7408,0.13984465021877976,0.7007948435559789,0.46848373325982146,0.5174364186974717,0.2709666271886331,0.41079191429040746
7409,0.13984465021877976,0.7007948435559789,0.46848373325982146,0.5174364186974717,0.2709666271886331,0.41079191429040746
7410,0.13984465021877976,0.7007948435559789,0.46848373325982146,0.5174364186974717,0.2709666271886331,0.41079191429040746
7411,0.13984465021877976,0.7007948435559789,0.46848373325982146,0.5174364186974717,0.2709666271886331,0.41079191429040746
7412,0.13984465021877976,0.7007948435559789,0.46848373325982146,0.5174364186974717,0.2709666271886331,0.41079191429040746
7413,0.13984465021877976,0.7007948435559789,0.46848373325982146,0.5174364186974717,0.2709666271886331,0.41079191429040746
7414,0.13984465021877976,0.7007948435559789,0.46848373325982146,0.5174364186974717,0.2709666271886331,0.41079191429040746
7415,0.13984465021877976,0.7007948435559789,0.46848373325982146,0.5174364186974717,0.2709666271886331,0.41079191429040746
7416,0.13607249959693782,0.7100464836220527,0.47310662308996343,0.5256474040584403,0.2697869476704828,0.4182711614231107
7417,0.13607249959693782,0.7100464836220527,0.47310662308996343,0.5256474040584403,0.2697869476704828,0.4182711614231107
7418,0.13607249959693782,0.7100464836220527,0.47310662308996343,0.5256474040584403,0.2697869476704828,0.4182711614231107
7419,0.13607249959693782,0.7100464836220527,0.47310662308996343,0.5256474040584403,0.2697869476704828,0.4182711614231107
7420,0.13607249959693782,0.7100464836220527,0.47310662308996343,0.5256474040584403,0.2697869476704828,0.4182711614231107
7421,0.13607249959693782,0.7100464836220527,0.47310662308996343,0.5256474040584403,0.2697869476704828,0.4182711614231107
7422,0.13607249959693782,0.7100464836220527,0.47310662308996343,0.5256474040584403,0.2697869476704828,0.4182711614231107
7423,0.13607249959693782,0.7100464836220527,0.47310662308996343,0.5256474040584403,0.2697869476704828,0.4182711614231107
7424,0.13607249959693782,0.7100464836220527,0.47310662308996343,0.5256474040584403,0.2697869476704828,0.4182711614231107
7425,0.13607249959693782,0.7100464836220527,0.47310662308996343,0.5256474040584403,0.2697869476704828,0.4182711614231107
7426,0.13607249959693782,0.7100464836220527,0.47310662308996343,0.5256474040584403,0.2697869476704828,0.4182711614231107
7427,0.13607249959693782,0.7100464836220527,0.47310662308996343,0.5256474040584403,0.2697869476704828,0.4182711614231107
7428,0.13607249959693782,0.7100464836220527,0.47310662308996343,0.5256474040584403,0.2697869476704828,0.4182711614231107
7429,0.13607249959693782,0.7100464836220527,0.47310662308996343,0.5256474040584403,0.2697869476704828,0.4182711614231107
7430,0.13607249959693782,0.7100464836220527,0.47310662308996343,0.5256474040584403,0.2697869476704828,0.4182711614231107
7431,0.13607249959693782,0.7100464836220527,0.47310662308996343,0.5256474040584403,0.2697869476704828,0.4182711614231107
7432,0.13607249959693782,0.7100464836220527,0.47310662308996343,0.5256474040584403,0.2697869476704828,0.4182711614231107
7433,0.13607249959693782,0.7100464836220527,0.47310662308996343,0.5256474040584403,0.2697869476704828,0.4182711614231107
7434,0.13607249959693782,0.7100464836220527,0.47310662308996343,0.5256474040584403,0.2697869476704828,0.4182711614231107
7435,0.13607249959693782,0.7100464836220527,0.47310662308996343,0.5256474040584403,0.2697869476704828,0.4182711614231107
7436,0.13607249959693782,0.7100464836220527,0.47310662308996343,0.5256474040584403,0.2697869476704828,0.4182711614231107
7437,0.13607249959693782,0.7100464836220527,0.47310662308996343,0.5256474040584403,0.2697869476704828,0.4182711614231107
7438,0.13607249959693782,0.7100464836220527,0.47310662308996343,0.5256474040584403,0.2697869476704828,0.4182711614231107
7439,0.13607249959693782,0.7100464836220527,0.47310662308996343,0.5256474040584403,0.2697869476704828,0.4182711614231107
7440,0.13232400562988794,0.7243978143484613,0.48267954616324976,0.536819498165214,0.2707782658875637,0.4281027315733428
7441,0.13232400562988794,0.7243978143484613,0.48267954616324976,0.536819498165214,0.2707782658875637,0.4281027315733428
7442,0.13232400562988794,0.7243978143484613,0.48267954616324976,0.536819498165214,0.2707782658875637,0.4281027315733428
7443,0.13232400562988794,0.7243978143484613,0.48267954616324976,0.536819498165214,0.2707782658875637,0.4281027315733428
7444,0.13232400562988794,0.7243978143484613,0.48267954616324976,0.536819498165214,0.2707782658875637,0.4281027315733428
7445,0.13232400562988794,0.7243978143484613,0.48267954616324976,0.536819498165214,0.2707782658875637,0.4281027315733428
7446,0.13232400562988794,0.7243978143484613,0.48267954616324976,0.536819498165214,0.2707782658875637,0.4281027315733428
7447,0.13232400562988794,0.7243978143484613,0.48267954616324976,0.536819498165214,0.2707782658875637,0.4281027315733428
7448,0.13232400562988794,0.7243978143484613,0.48267954616324976,0.536819498165214,0.2707782658875637,0.4281027315733428
7449,0.13232400562988794,0.7243978143484613,0.48267954616324976,0.536819498165214,0.2707782658875637,0.4281027315733428
7450,0.13232400562988794,0.7243978143484613,0.48267954616324976,0.536819498165214,0.2707782658875637,0.4281027315733428
7451,0.13232400562988794,0.7243978143484613,0.48267954616324976,0.536819498165214,0.2707782658875637,0.4281027315733428
7452,0.13232400562988794,0.7243978143484613,0.48267954616324976,0.536819498165214,0.2707782658875637,0.4281027315733428
7453,0.13232400562988794,0.7243978143484613,0.48267954616324976,0.536819498165214,0.2707782658875637,0.4281027315733428
7454,0.13232400562988794,0.7243978143484613,0.48267954616324976,0.536819498165214,0.2707782658875637,0.4281027315733428
7455,0.13232400562988794,0.7243978143484613,0.48267954616324976,0.536819498165214,0.2707782658875637,0.4281027315733428
7456,0.13232400562988794,0.7243978143484613,0.48267954616324976,0.536819498165214,0.2707782658875637,0.4281027315733428
7457,0.13232400562988794,0.7243978143484613,0.48267954616324976,0.536819498165214,0.2707782658875637,0.4281027315733428
7458,0.13232400562988794,0.7243978143484613,0.48267954616324976,0.536819498165214,0.2707782658875637,0.4281027315733428
7459,0.13232400562988794,0.7243978143484613,0.48267954616324976,0.536819498165214,0.2707782658875637,0.4281027315733428
7460,0.13232400562988794,0.7243978143484613,0.48267954616324976,0.536819498165214,0.2707782658875637,0.4281027315733428
7461,0.13232400562988794,0.7243978143484613,0.48267954616324976,0.536819498165214,0.2707782658875637,0.4281027315733428
7462,0.13232400562988794,0.7243978143484613,0.48267954616324976,0.536819498165214,0.2707782658875637,0.4281027315733428
7463,0.13232400562988794,0.7243978143484613,0.48267954616324976,0.536819498165214,0.2707782658875637,0.4281027315733428
7464,0.12680060145236813,0.7338117284499187,0.4880566281473308,0.5451144583857389,0.2685357522437047,0.4360185689548864
7465,0.12680060145236813,0.7338117284499187,0.4880566281473308,0.5451144583857389,0.2685357522437047,0.4360185689548864
7466,0.12680060145236813,0.7338117284499187,0.4880566281473308,0.5451144583857389,0.2685357522437047,0.4360185689548864
7467,0.12680060145236813,0.7338117284499187,0.4880566281473308,0.5451144583857389,0.2685357522437047,0.4360185689548864
7468,0.12680060145236813,0.7338117284499187,0.4880566281473308,0.5451144583857389,0.2685357522437047,0.4360185689548864
7469,0.12680060145236813,0.7338117284499187,0.4880566281473308,0.5451144583857389,0.2685357522437047,0.4360185689548864
7470,0.12680060145236813,0.7338117284499187,0.4880566281473308,0.5451144583857389,0.2685357522437047,0.4360185689548864
7471,0.12680060145236813,0.7338117284499187,0.4880566281473308,0.5451144583857389,0.2685357522437047,0.4360185689548864
7472,0.12680060145236813,0.7338117284499187,0.4880566281473308,0.5451144583857389,0.2685357522437047,0.4360185689548864
7473,0.12680060145236813,0.7338117284499187,0.4880566281473308,0.5451144583857389,0.2685357522437047,0.4360185689548864
7474,0.12680060145236813,0.7338117284499187,0.4880566281473308,0.5451144583857389,0.2685357522437047,0.4360185689548864
7475,0.12680060145236813,0.7338117284499187,0.4880566281473308,0.5451144583857389,0.2685357522437047,0.4360185689548864
7476,0.12680060145236813,0.7338117284499187,0.4880566281473308,0.5451144583857389,0.2685357522437047,0.4360185689548864
7477,0.12680060145236813,0.7338117284499187,0.4880566281473308,0.5451144583857389,0.2685357522437047,0.4360185689548864
7478,0.12680060145236813,0.7338117284499187,0.4880566281473308,0.5451144583857389,0.2685357522437047,0.4360185689548864
7479,0.12680060145236813,0.7338117284499187,0.4880566281473308,0.5451144583857389,0.2685357522437047,0.4360185689548864
7480,0.12680060145236813,0.7338117284499187,0.4880566281473308,0.5451144583857389,0.2685357522437047,0.4360185689548864
7481,0.12680060145236813,0.7338117284499187,0.4880566281473308,0.5451144583857389,0.2685357522437047,0.4360185689548864
7482,0.12680060145236813,0.7338117284499187,0.4880566281473308,0.5451144583857389,0.2685357522437047,0.4360185689548864
7483,0.12680060145236813,0.7338117284499187,0.4880566281473308,0.5451144583857389,0.2685357522437047,0.4360185689548864
7484,0.12680060145236813,0.7338117284499187,0.4880566281473308,0.5451144583857389,0.2685357522437047,0.4360185689548864
7485,0.12680060145236813,0.7338117284499187,0.4880566281473308,0.5451144583857389,0.2685357522437047,0.4360185689548864
7486,0.12680060145236813,0.7338117284499187,0.4880566281473308,0.5451144583857389,0.2685357522437047,0.4360185689548864
7487,0.12680060145236813,0.7338117284499187,0.4880566281473308,0.5451144583857389,0.2685357522437047,0.4360185689548864
7488,0.12100173437476519,0.742652334153444,0.49290083630161896,0.5530251426826022,0.2658511950929805,0.4437370872235329
7489,0.12100173437476519,0.742652334153444,0.49290083630161896,0.5530251426826022,0.2658511950929805,0.4437370872235329
7490,0.12100173437476519,0.742652334153444,0.49290083630161896,0.5530251426826022,0.2658511950929805,0.4437370872235329
7491,0.12100173437476519,0.742652334153444,0.49290083630161896,0.5530251426826022,0.2658511950929805,0.4437370872235329
7492,0.12100173437476519,0.742652334153444,0.49290083630161896,0.5530251426826022,0.2658511950929805,0.4437370872235329
7493,0.12100173437476519,0.742652334153444,0.49290083630161896,0.5530251426826022,0.2658511950929805,0.4437370872235329
7494,0.12100173437476519,0.742652334153444,0.49290083630161896,0.5530251426826022,0.2658511950929805,0.4437370872235329
7495,0.12100173437476519,0.742652334153444,0.49290083630161896,0.5530251426826022,0.2658511950929805,0.4437370872235329
7496,0.12100173437476519,0.742652334153444,0.49290083630161896,0.5530251426826022,0.2658511950929805,0.4437370872235329
7497,0.12100173437476519,0.742652334153444,0.49290083630161896,0.5530251426826022,0.2658511950929805,0.4437370872235329
7498,0.12100173437476519,0.742652334153444,0.49290083630161896,0.5530251426826022,0.2658511950929805,0.4437370872235329
7499,0.12100173437476519,0.742652334153444,0.49290083630161896,0.5530251426826022,0.2658511950929805,0.4437370872235329
7500,0.12100173437476519,0.742652334153444,0.49290083630161896,0.5530251426826022,0.2658511950929805,0.4437370872235329
7501,0.12100173437476519,0.742652334153444,0.49290083630161896,0.5530251426826022,0.2658511950929805,0.4437370872235329
7502,0.12100173437476519,0.742652334153444,0.49290083630161896,0.5530251426826022,0.2658511950929805,0.4437370872235329
7503,0.12100173437476519,0.742652334153444,0.49290083630161896,0.5530251426826022,0.2658511950929805,0.4437370872235329
7504,0.12100173437476519,0.742652334153444,0.49290083630161896,0.5530251426826022,0.2658511950929805,0.4437370872235329
7505,0.12100173437476519,0.742652334153444,0.49290083630161896,0.5530251426826022,0.2658511950929805,0.4437370872235329
7506,0.12100173437476519,0.742652334153444,0.49290083630161896,0.5530251426826022,0.2658511950929805,0.4437370872235329
7507,0.12100173437476519,0.742652334153444,0.49290083630161896,0.5530251426826022,0.2658511950929805,0.4437370872235329
7508,0.12100173437476519,0.742652334153444,0.49290083630161896,0.5530251426826022,0.2658511950929805,0.4437370872235329
7509,0.12100173437476519,0.742652334153444,0.49290083630161896,0.5530251426826022,0.2658511950929805,0.4437370872235329
7510,0.12100173437476519,0.742652334153444,0.49290083630161896,0.5530251426826022,0.2658511950929805,0.4437370872235329
7511,0.12100173437476519,0.742652334153444,0.49290083630161896,0.5530251426826022,0.2658511950929805,0.4437370872235329
7512,0.11594877133816889,0.7565038647679657,0.5019075011858841,0.5635393677763344,0.2657398253892859,0.45342903576634525
7513,0.11594877133816889,0.7565038647679657,0.5019075011858841,0.5635393677763344,0.2657398253892859,0.45342903576634525
7514,0.11594877133816889,0.7565038647679657,0.5019075011858841,0.5635393677763344,0.2657398253892859,0.45342903576634525
7515,0.11594877133816889,0.7565038647679657,0.5019075011858841,0.5635393677763344,0.2657398253892859,0.45342903576634525
7516,0.11594877133816889,0.7565038647679657,0.5019075011858841,0.5635393677763344,0.2657398253892859,0.45342903576634525
7517,0.11594877133816889,0.7565038647679657,0.5019075011858841,0.5635393677763344,0.2657398253892859,0.45342903576634525
7518,0.11594877133816889,0.7565038647679657,0.5019075011858841,0.5635393677763344,0.2657398253892859,0.45342903576634525
7519,0.11594877133816889,0.7565038647679657,0.5019075011858841,0.5635393677763344,0.2657398253892859,0.45342903576634525
7520,0.11594877133816889,0.7565038647679657,0.5019075011858841,0.5635393677763344,0.2657398253892859,0.45342903576634525
7521,0.11594877133816889,0.7565038647679657,0.5019075011858841,0.5635393677763344,0.2657398253892859,0.45342903576634525
7522,0.11594877133816889,0.7565038647679657,0.5019075011858841,0.5635393677763344,0.2657398253892859,0.45342903576634525
7523,0.11594877133816889,0.7565038647679657,0.5019075011858841,0.5635393677763344,0.2657398253892859,0.45342903576634525
7524,0.11594877133816889,0.7565038647679657,0.5019075011858841,0.5635393677763344,0.2657398253892859,0.45342903576634525
7525,0.11594877133816889,0.7565038647679657,0.5019075011858841,0.5635393677763344,0.2657398253892859,0.45342903576634525
7526,0.11594877133816889,0.7565038647679657,0.5019075011858841,0.5635393677763344,0.2657398253892859,0.45342903576634525
7527,0.11594877133816889,0.7565038647679657,0.5019075011858841,0.5635393677763344,0.2657398253892859,0.45342903576634525
7528,0.11594877133816889,0.7565038647679657,0.5019075011858841,0.5635393677763344,0.2657398253892859,0.45342903576634525
7529,0.11594877133816889,0.7565038647679657,0.5019075011858841,0.5635393677763344,0.2657398253892859,0.45342903576634525
7530,0.11594877133816889,0.7565038647679657,0.5019075011858841,0.5635393677763344,0.2657398253892859,0.45342903576634525
7531,0.11594877133816889,0.7565038647679657,0.5019075011858841,0.5635393677763344,0.2657398253892859,0.45342903576634525
7532,0.11594877133816889,0.7565038647679657,0.5019075011858841,0.5635393677763344,0.2657398253892859,0.45342903576634525
7533,0.11594877133816889,0.7565038647679657,0.5019075011858841,0.5635393677763344,0.2657398253892859,0.45342903576634525
7534,0.11594877133816889,0.7565038647679657,0.5019075011858841,0.5635393677763344,0.2657398253892859,0.45342903576634525
7535,0.11594877133816889,0.7565038647679657,0.5019075011858841,0.5635393677763344,0.2657398253892859,0.45342903576634525
7536,0.11629318008120197,0.7603441155975895,0.5047977446547055,0.5654239595805374,0.2676587387139774,0.45502468171418453
7537,0.11629318008120197,0.7603441155975895,0.5047977446547055,0.5654239595805374,0.2676587387139774,0.45502468171418453
7538,0.11629318008120197,0.7603441155975895,0.5047977446547055,0.5654239595805374,0.2676587387139774,0.45502468171418453
7539,0.11629318008120197,0.7603441155975895,0.5047977446547055,0.5654239595805374,0.2676587387139774,0.45502468171418453
7540,0.11629318008120197,0.7603441155975895,0.5047977446547055,0.5654239595805374,0.2676587387139774,0.45502468171418453
7541,0.11629318008120197,0.7603441155975895,0.5047977446547055,0.5654239595805374,0.2676587387139774,0.45502468171418453
7542,0.11629318008120197,0.7603441155975895,0.5047977446547055,0.5654239595805374,0.2676587387139774,0.45502468171418453
7543,0.11629318008120197,0.7603441155975895,0.5047977446547055,0.5654239595805374,0.2676587387139774,0.45502468171418453
7544,0.11629318008120197,0.7603441155975895,0.5047977446547055,0.5654239595805374,0.2676587387139774,0.45502468171418453
7545,0.11629318008120197,0.7603441155975895,0.5047977446547055,0.5654239595805374,0.2676587387139774,0.45502468171418453
7546,0.11629318008120197,0.7603441155975895,0.5047977446547055,0.5654239595805374,0.2676587387139774,0.45502468171418453
7547,0.11629318008120197,0.7603441155975895,0.5047977446547055,0.5654239595805374,0.2676587387139774,0.45502468171418453
7548,0.11629318008120197,0.7603441155975895,0.5047977446547055,0.5654239595805374,0.2676587387139774,0.45502468171418453
7549,0.11629318008120197,0.7603441155975895,0.5047977446547055,0.5654239595805374,0.2676587387139774,0.45502468171418453
7550,0.11629318008120197,0.7603441155975895,0.5047977446547055,0.5654239595805374,0.2676587387139774,0.45502468171418453
7551,0.11629318008120197,0.7603441155975895,0.5047977446547055,0.5654239595805374,0.2676587387139774,0.45502468171418453
7552,0.11629318008120197,0.7603441155975895,0.5047977446547055,0.5654239595805374,0.2676587387139774,0.45502468171418453
7553,0.11629318008120197,0.7603441155975895,0.5047977446547055,0.5654239595805374,0.2676587387139774,0.45502468171418453
7554,0.11629318008120197,0.7603441155975895,0.5047977446547055,0.5654239595805374,0.2676587387139774,0.45502468171418453
7555,0.11629318008120197,0.7603441155975895,0.5047977446547055,0.5654239595805374,0.2676587387139774,0.45502468171418453
7556,0.11629318008120197,0.7603441155975895,0.5047977446547055,0.5654239595805374,0.2676587387139774,0.45502468171418453
7557,0.11629318008120197,0.7603441155975895,0.5047977446547055,0.5654239595805374,0.2676587387139774,0.45502468171418453
7558,0.11629318008120197,0.7603441155975895,0.5047977446547055,0.5654239595805374,0.2676587387139774,0.45502468171418453
7559,0.11629318008120197,0.7603441155975895,0.5047977446547055,0.5654239595805374,0.2676587387139774,0.45502468171418453
7560,0.11606792962681994,0.7584836348553757,0.5028239395521149,0.564231780214397,0.26671150874970695,0.4541966922612553
7561,0.11606792962681994,0.7584836348553757,0.5028239395521149,0.564231780214397,0.26671150874970695,0.4541966922612553
7562,0.11606792962681994,0.7584836348553757,0.5028239395521149,0.564231780214397,0.26671150874970695,0.4541966922612553
7563,0.11606792962681994,0.7584836348553757,0.5028239395521149,0.564231780214397,0.26671150874970695,0.4541966922612553
7564,0.11606792962681994,0.7584836348553757,0.5028239395521149,0.564231780214397,0.26671150874970695,0.4541966922612553
7565,0.11606792962681994,0.7584836348553757,0.5028239395521149,0.564231780214397,0.26671150874970695,0.4541966922612553
7566,0.11606792962681994,0.7584836348553757,0.5028239395521149,0.564231780214397,0.26671150874970695,0.4541966922612553
7567,0.11606792962681994,0.7584836348553757,0.5028239395521149,0.564231780214397,0.26671150874970695,0.4541966922612553
7568,0.11606792962681994,0.7584836348553757,0.5028239395521149,0.564231780214397,0.26671150874970695,0.4541966922612553
7569,0.11606792962681994,0.7584836348553757,0.5028239395521149,0.564231780214397,0.26671150874970695,0.4541966922612553
7570,0.11606792962681994,0.7584836348553757,0.5028239395521149,0.564231780214397,0.26671150874970695,0.4541966922612553
7571,0.11606792962681994,0.7584836348553757,0.5028239395521149,0.564231780214397,0.26671150874970695,0.4541966922612553
7572,0.11606792962681994,0.7584836348553757,0.5028239395521149,0.564231780214397,0.26671150874970695,0.4541966922612553
7573,0.11606792962681994,0.7584836348553757,0.5028239395521149,0.564231780214397,0.26671150874970695,0.4541966922612553
7574,0.11606792962681994,0.7584836348553757,0.5028239395521149,0.564231780214397,0.26671150874970695,0.4541966922612553
7575,0.11606792962681994,0.7584836348553757,0.5028239395521149,0.564231780214397,0.26671150874970695,0.4541966922612553
7576,0.11606792962681994,0.7584836348553757,0.5028239395521149,0.564231780214397,0.26671150874970695,0.4541966922612553
7577,0.11606792962681994,0.7584836348553757,0.5028239395521149,0.564231780214397,0.26671150874970695,0.4541966922612553
7578,0.11606792962681994,0.7584836348553757,0.5028239395521149,0.564231780214397,0.26671150874970695,0.4541966922612553
7579,0.11606792962681994,0.7584836348553757,0.5028239395521149,0.564231780214397,0.26671150874970695,0.4541966922612553
7580,0.11606792962681994,0.7584836348553757,0.5028239395521149,0.564231780214397,0.26671150874970695,0.4541966922612553
7581,0.11606792962681994,0.7584836348553757,0.5028239395521149,0.564231780214397,0.26671150874970695,0.4541966922612553
7582,0.11606792962681994,0.7584836348553757,0.5028239395521149,0.564231780214397,0.26671150874970695,0.4541966922612553
7583,0.11606792962681994,0.7584836348553757,0.5028239395521149,0.564231780214397,0.26671150874970695,0.4541966922612553
7584,0.11528353581039251,0.7516944901029451,0.4964932705343266,0.5601458784061552,0.26336792182131924,0.4512359559101324
7585,0.11528353581039251,0.7516944901029451,0.4964932705343266,0.5601458784061552,0.26336792182131924,0.4512359559101324
7586,0.11528353581039251,0.7516944901029451,0.4964932705343266,0.5601458784061552,0.26336792182131924,0.4512359559101324
7587,0.11528353581039251,0.7516944901029451,0.4964932705343266,0.5601458784061552,0.26336792182131924,0.4512359559101324
7588,0.11528353581039251,0.7516944901029451,0.4964932705343266,0.5601458784061552,0.26336792182131924,0.4512359559101324
7589,0.11528353581039251,0.7516944901029451,0.4964932705343266,0.5601458784061552,0.26336792182131924,0.4512359559101324
7590,0.11528353581039251,0.7516944901029451,0.4964932705343266,0.5601458784061552,0.26336792182131924,0.4512359559101324
7591,0.11528353581039251,0.7516944901029451,0.4964932705343266,0.5601458784061552,0.26336792182131924,0.4512359559101324
7592,0.11528353581039251,0.7516944901029451,0.4964932705343266,0.5601458784061552,0.26336792182131924,0.4512359559101324
7593,0.11528353581039251,0.7516944901029451,0.4964932705343266,0.5601458784061552,0.26336792182131924,0.4512359559101324
7594,0.11528353581039251,0.7516944901029451,0.4964932705343266,0.5601458784061552,0.26336792182131924,0.4512359559101324
7595,0.11528353581039251,0.7516944901029451,0.4964932705343266,0.5601458784061552,0.26336792182131924,0.4512359559101324
7596,0.11528353581039251,0.7516944901029451,0.4964932705343266,0.5601458784061552,0.26336792182131924,0.4512359559101324
7597,0.11528353581039251,0.7516944901029451,0.4964932705343266,0.5601458784061552,0.26336792182131924,0.4512359559101324
7598,0.11528353581039251,0.7516944901029451,0.4964932705343266,0.5601458784061552,0.26336792182131924,0.4512359559101324
7599,0.11528353581039251,0.7516944901029451,0.4964932705343266,0.5601458784061552,0.26336792182131924,0.4512359559101324
7600,0.11528353581039251,0.7516944901029451,0.4964932705343266,0.5601458784061552,0.26336792182131924,0.4512359559101324
7601,0.11528353581039251,0.7516944901029451,0.4964932705343266,0.5601458784061552,0.26336792182131924,0.4512359559101324
7602,0.11528353581039251,0.7516944901029451,0.4964932705343266,0.5601458784061552,0.26336792182131924,0.4512359559101324
7603,0.11528353581039251,0.7516944901029451,0.4964932705343266,0.5601458784061552,0.26336792182131924,0.4512359559101324
7604,0.11528353581039251,0.7516944901029451,0.4964932705343266,0.5601458784061552,0.26336792182131924,0.4512359559101324
7605,0.11528353581039251,0.7516944901029451,0.4964932705343266,0.5601458784061552,0.26336792182131924,0.4512359559101324
7606,0.11528353581039251,0.7516944901029451,0.4964932705343266,0.5601458784061552,0.26336792182131924,0.4512359559101324
7607,0.11528353581039251,0.7516944901029451,0.4964932705343266,0.5601458784061552,0.26336792182131924,0.4512359559101324
7608,0.11436234669970514,0.7434086970201347,0.48899348661583025,0.5551367208589434,0.2593555306502115,0.4476305881578553
7609,0.11436234669970514,0.7434086970201347,0.48899348661583025,0.5551367208589434,0.2593555306502115,0.4476305881578553
7610,0.11436234669970514,0.7434086970201347,0.48899348661583025,0.5551367208589434,0.2593555306502115,0.4476305881578553
7611,0.11436234669970514,0.7434086970201347,0.48899348661583025,0.5551367208589434,0.2593555306502115,0.4476305881578553
7612,0.11436234669970514,0.7434086970201347,0.48899348661583025,0.5551367208589434,0.2593555306502115,0.4476305881578553
7613,0.11436234669970514,0.7434086970201347,0.48899348661583025,0.5551367208589434,0.2593555306502115,0.4476305881578553
7614,0.11436234669970514,0.7434086970201347,0.48899348661583025,0.5551367208589434,0.2593555306502115,0.4476305881578553
7615,0.11436234669970514,0.7434086970201347,0.48899348661583025,0.5551367208589434,0.2593555306502115,0.4476305881578553
7616,0.11436234669970514,0.7434086970201347,0.48899348661583025,0.5551367208589434,0.2593555306502115,0.4476305881578553
7617,0.11436234669970514,0.7434086970201347,0.48899348661583025,0.5551367208589434,0.2593555306502115,0.4476305881578553
7618,0.11436234669970514,0.7434086970201347,0.48899348661583025,0.5551367208589434,0.2593555306502115,0.4476305881578553
7619,0.11436234669970514,0.7434086970201347,0.48899348661583025,0.5551367208589434,0.2593555306502115,0.4476305881578553
7620,0.11436234669970514,0.7434086970201347,0.48899348661583025,0.5551367208589434,0.2593555306502115,0.4476305881578553
7621,0.11436234669970514,0.7434086970201347,0.48899348661583025,0.5551367208589434,0.2593555306502115,0.4476305881578553
7622,0.11436234669970514,0.7434086970201347,0.48899348661583025,0.5551367208589434,0.2593555306502115,0.4476305881578553
7623,0.11436234669970514,0.7434086970201347,0.48899348661583025,0.5551367208589434,0.2593555306502115,0.4476305881578553
7624,0.11436234669970514,0.7434086970201347,0.48899348661583025,0.5551367208589434,0.2593555306502115,0.4476305881578553
7625,0.11436234669970514,0.7434086970201347,0.48899348661583025,0.5551367208589434,0.2593555306502115,0.4476305881578553
7626,0.11436234669970514,0.7434086970201347,0.48899348661583025,0.5551367208589434,0.2593555306502115,0.4476305881578553
7627,0.11436234669970514,0.7434086970201347,0.48899348661583025,0.5551367208589434,0.2593555306502115,0.4476305881578553
7628,0.11436234669970514,0.7434086970201347,0.48899348661583025,0.5551367208589434,0.2593555306502115,0.4476305881578553
7629,0.11436234669970514,0.7434086970201347,0.48899348661583025,0.5551367208589434,0.2593555306502115,0.4476305881578553
7630,0.11436234669970514,0.7434086970201347,0.48899348661583025,0.5551367208589434,0.2593555306502115,0.4476305881578553
7631,0.11436234669970514,0.7434086970201347,0.48899348661583025,0.5551367208589434,0.2593555306502115,0.4476305881578553
7632,0.11413689824776575,0.7416140789747034,0.48707190872379935,0.5540053426902106,0.2584594937578462,0.4468668908611771
7633,0.11413689824776575,0.7416140789747034,0.48707190872379935,0.5540053426902106,0.2584594937578462,0.4468668908611771
7634,0.11413689824776575,0.7416140789747034,0.48707190872379935,0.5540053426902106,0.2584594937578462,0.4468668908611771
7635,0.11413689824776575,0.7416140789747034,0.48707190872379935,0.5540053426902106,0.2584594937578462,0.4468668908611771
7636,0.11413689824776575,0.7416140789747034,0.48707190872379935,0.5540053426902106,0.2584594937578462,0.4468668908611771
7637,0.11413689824776575,0.7416140789747034,0.48707190872379935,0.5540053426902106,0.2584594937578462,0.4468668908611771
7638,0.11413689824776575,0.7416140789747034,0.48707190872379935,0.5540053426902106,0.2584594937578462,0.4468668908611771
7639,0.11413689824776575,0.7416140789747034,0.48707190872379935,0.5540053426902106,0.2584594937578462,0.4468668908611771
7640,0.11413689824776575,0.7416140789747034,0.48707190872379935,0.5540053426902106,0.2584594937578462,0.4468668908611771
7641,0.11413689824776575,0.7416140789747034,0.48707190872379935,0.5540053426902106,0.2584594937578462,0.4468668908611771
7642,0.11413689824776575,0.7416140789747034,0.48707190872379935,0.5540053426902106,0.2584594937578462,0.4468668908611771
7643,0.11413689824776575,0.7416140789747034,0.48707190872379935,0.5540053426902106,0.2584594937578462,0.4468668908611771
7644,0.11413689824776575,0.7416140789747034,0.48707190872379935,0.5540053426902106,0.2584594937578462,0.4468668908611771
7645,0.11413689824776575,0.7416140789747034,0.48707190872379935,0.5540053426902106,0.2584594937578462,0.4468668908611771
7646,0.11413689824776575,0.7416140789747034,0.48707190872379935,0.5540053426902106,0.2584594937578462,0.4468668908611771
7647,0.11413689824776575,0.7416140789747034,0.48707190872379935,0.5540053426902106,0.2584594937578462,0.4468668908611771
7648,0.11413689824776575,0.7416140789747034,0.48707190872379935,0.5540053426902106,0.2584594937578462,0.4468668908611771
7649,0.11413689824776575,0.7416140789747034,0.48707190872379935,0.5540053426902106,0.2584594937578462,0.4468668908611771
7650,0.11413689824776575,0.7416140789747034,0.48707190872379935,0.5540053426902106,0.2584594937578462,0.4468668908611771
7651,0.11413689824776575,0.7416140789747034,0.48707190872379935,0.5540053426902106,0.2584594937578462,0.4468668908611771
7652,0.11413689824776575,0.7416140789747034,0.48707190872379935,0.5540053426902106,0.2584594937578462,0.4468668908611771
7653,0.11413689824776575,0.7416140789747034,0.48707190872379935,0.5540053426902106,0.2584594937578462,0.4468668908611771
7654,0.11413689824776575,0.7416140789747034,0.48707190872379935,0.5540053426902106,0.2584594937578462,0.4468668908611771
7655,0.11413689824776575,0.7416140789747034,0.48707190872379935,0.5540053426902106,0.2584594937578462,0.4468668908611771
7656,0.11377504653611858,0.7383123961664104,0.4843097496953122,0.5523446015025444,0.2568840592033541,0.44555034651901654
7657,0.11377504653611858,0.7383123961664104,0.4843097496953122,0.5523446015025444,0.2568840592033541,0.44555034651901654
7658,0.11377504653611858,0.7383123961664104,0.4843097496953122,0.5523446015025444,0.2568840592033541,0.44555034651901654
7659,0.11377504653611858,0.7383123961664104,0.4843097496953122,0.5523446015025444,0.2568840592033541,0.44555034651901654
7660,0.11377504653611858,0.7383123961664104,0.4843097496953122,0.5523446015025444,0.2568840592033541,0.44555034651901654
7661,0.11377504653611858,0.7383123961664104,0.4843097496953122,0.5523446015025444,0.2568840592033541,0.44555034651901654
7662,0.11377504653611858,0.7383123961664104,0.4843097496953122,0.5523446015025444,0.2568840592033541,0.44555034651901654
7663,0.11377504653611858,0.7383123961664104,0.4843097496953122,0.5523446015025444,0.2568840592033541,0.44555034651901654
7664,0.11377504653611858,0.7383123961664104,0.4843097496953122,0.5523446015025444,0.2568840592033541,0.44555034651901654
7665,0.11377504653611858,0.7383123961664104,0.4843097496953122,0.5523446015025444,0.2568840592033541,0.44555034651901654
7666,0.11377504653611858,0.7383123961664104,0.4843097496953122,0.5523446015025444,0.2568840592033541,0.44555034651901654
7667,0.11377504653611858,0.7383123961664104,0.4843097496953122,0.5523446015025444,0.2568840592033541,0.44555034651901654
7668,0.11377504653611858,0.7383123961664104,0.4843097496953122,0.5523446015025444,0.2568840592033541,0.44555034651901654
7669,0.11377504653611858,0.7383123961664104,0.4843097496953122,0.5523446015025444,0.2568840592033541,0.44555034651901654
7670,0.11377504653611858,0.7383123961664104,0.4843097496953122,0.5523446015025444,0.2568840592033541,0.44555034651901654
7671,0.11377504653611858,0.7383123961664104,0.4843097496953122,0.5523446015025444,0.2568840592033541,0.44555034651901654
7672,0.11377504653611858,0.7383123961664104,0.4843097496953122,0.5523446015025444,0.2568840592033541,0.44555034651901654
7673,0.11377504653611858,0.7383123961664104,0.4843097496953122,0.5523446015025444,0.2568840592033541,0.44555034651901654
7674,0.11377504653611858,0.7383123961664104,0.4843097496953122,0.5523446015025444,0.2568840592033541,0.44555034651901654
7675,0.11377504653611858,0.7383123961664104,0.4843097496953122,0.5523446015025444,0.2568840592033541,0.44555034651901654
7676,0.11377504653611858,0.7383123961664104,0.4843097496953122,0.5523446015025444,0.2568840592033541,0.44555034651901654
7677,0.11377504653611858,0.7383123961664104,0.4843097496953122,0.5523446015025444,0.2568840592033541,0.44555034651901654
7678,0.11377504653611858,0.7383123961664104,0.4843097496953122,0.5523446015025444,0.2568840592033541,0.44555034651901654
7679,0.11377504653611858,0.7383123961664104,0.4843097496953122,0.5523446015025444,0.2568840592033541,0.44555034651901654
7680,0.11292444693046048,0.7302460691555669,0.47747584316490155,0.5482034745292158,0.2530067536122681,0.4422563451260865
7681,0.11292444693046048,0.7302460691555669,0.47747584316490155,0.5482034745292158,0.2530067536122681,0.4422563451260865
7682,0.11292444693046048,0.7302460691555669,0.47747584316490155,0.5482034745292158,0.2530067536122681,0.4422563451260865
7683,0.11292444693046048,0.7302460691555669,0.47747584316490155,0.5482034745292158,0.2530067536122681,0.4422563451260865
7684,0.11292444693046048,0.7302460691555669,0.47747584316490155,0.5482034745292158,0.2530067536122681,0.4422563451260865
7685,0.11292444693046048,0.7302460691555669,0.47747584316490155,0.5482034745292158,0.2530067536122681,0.4422563451260865
7686,0.11292444693046048,0.7302460691555669,0.47747584316490155,0.5482034745292158,0.2530067536122681,0.4422563451260865
7687,0.11292444693046048,0.7302460691555669,0.47747584316490155,0.5482034745292158,0.2530067536122681,0.4422563451260865
7688,0.11292444693046048,0.7302460691555669,0.47747584316490155,0.5482034745292158,0.2530067536122681,0.4422563451260865
7689,0.11292444693046048,0.7302460691555669,0.47747584316490155,0.5482034745292158,0.2530067536122681,0.4422563451260865
7690,0.11292444693046048,0.7302460691555669,0.47747584316490155,0.5482034745292158,0.2530067536122681,0.4422563451260865
7691,0.11292444693046048,0.7302460691555669,0.47747584316490155,0.5482034745292158,0.2530067536122681,0.4422563451260865
7692,0.11292444693046048,0.7302460691555669,0.47747584316490155,0.5482034745292158,0.2530067536122681,0.4422563451260865
7693,0.11292444693046048,0.7302460691555669,0.47747584316490155,0.5482034745292158,0.2530067536122681,0.4422563451260865
7694,0.11292444693046048,0.7302460691555669,0.47747584316490155,0.5482034745292158,0.2530067536122681,0.4422563451260865
7695,0.11292444693046048,0.7302460691555669,0.47747584316490155,0.5482034745292158,0.2530067536122681,0.4422563451260865
7696,0.11292444693046048,0.7302460691555669,0.47747584316490155,0.5482034745292158,0.2530067536122681,0.4422563451260865
7697,0.11292444693046048,0.7302460691555669,0.47747584316490155,0.5482034745292158,0.2530067536122681,0.4422563451260865
7698,0.11292444693046048,0.7302460691555669,0.47747584316490155,0.5482034745292158,0.2530067536122681,0.4422563451260865
7699,0.11292444693046048,0.7302460691555669,0.47747584316490155,0.5482034745292158,0.2530067536122681,0.4422563451260865
7700,0.11292444693046048,0.7302460691555669,0.47747584316490155,0.5482034745292158,0.2530067536122681,0.4422563451260865
7701,0.11292444693046048,0.7302460691555669,0.47747584316490155,0.5482034745292158,0.2530067536122681,0.4422563451260865
7702,0.11292444693046048,0.7302460691555669,0.47747584316490155,0.5482034745292158,0.2530067536122681,0.4422563451260865
7703,0.11292444693046048,0.7302460691555669,0.47747584316490155,0.5482034745292158,0.2530067536122681,0.4422563451260865
7704,0.11242758750718553,0.7260680443620475,0.47338885988834134,0.5458357155779375,0.25096561330927775,0.44050899777968505
7705,0.11242758750718553,0.7260680443620475,0.47338885988834134,0.5458357155779375,0.25096561330927775,0.44050899777968505
7706,0.11242758750718553,0.7260680443620475,0.47338885988834134,0.5458357155779375,0.25096561330927775,0.44050899777968505
7707,0.11242758750718553,0.7260680443620475,0.47338885988834134,0.5458357155779375,0.25096561330927775,0.44050899777968505
7708,0.11242758750718553,0.7260680443620475,0.47338885988834134,0.5458357155779375,0.25096561330927775,0.44050899777968505
7709,0.11242758750718553,0.7260680443620475,0.47338885988834134,0.5458357155779375,0.25096561330927775,0.44050899777968505
7710,0.11242758750718553,0.7260680443620475,0.47338885988834134,0.5458357155779375,0.25096561330927775,0.44050899777968505
7711,0.11242758750718553,0.7260680443620475,0.47338885988834134,0.5458357155779375,0.25096561330927775,0.44050899777968505
7712,0.11242758750718553,0.7260680443620475,0.47338885988834134,0.5458357155779375,0.25096561330927775,0.44050899777968505
7713,0.11242758750718553,0.7260680443620475,0.47338885988834134,0.5458357155779375,0.25096561330927775,0.44050899777968505
7714,0.11242758750718553,0.7260680443620475,0.47338885988834134,0.5458357155779375,0.25096561330927775,0.44050899777968505
7715,0.11242758750718553,0.7260680443620475,0.47338885988834134,0.5458357155779375,0.25096561330927775,0.44050899777968505
7716,0.11242758750718553,0.7260680443620475,0.47338885988834134,0.5458357155779375,0.25096561330927775,0.44050899777968505
7717,0.11242758750718553,0.7260680443620475,0.47338885988834134,0.5458357155779375,0.25096561330927775,0.44050899777968505
7718,0.11242758750718553,0.7260680443620475,0.47338885988834134,0.5458357155779375,0.25096561330927775,0.44050899777968505
7719,0.11242758750718553,0.7260680443620475,0.47338885988834134,0.5458357155779375,0.25096561330927775,0.44050899777968505
7720,0.11242758750718553,0.7260680443620475,0.47338885988834134,0.5458357155779375,0.25096561330927775,0.44050899777968505
7721,0.11242758750718553,0.7260680443620475,0.47338885988834134,0.5458357155779375,0.25096561330927775,0.44050899777968505
7722,0.11242758750718553,0.7260680443620475,0.47338885988834134,0.5458357155779375,0.25096561330927775,0.44050899777968505
7723,0.11242758750718553,0.7260680443620475,0.47338885988834134,0.5458357155779375,0.25096561330927775,0.44050899777968505
7724,0.11242758750718553,0.7260680443620475,0.47338885988834134,0.5458357155779375,0.25096561330927775,0.44050899777968505
7725,0.11242758750718553,0.7260680443620475,0.47338885988834134,0.5458357155779375,0.25096561330927775,0.44050899777968505
7726,0.11242758750718553,0.7260680443620475,0.47338885988834134,0.5458357155779375,0.25096561330927775,0.44050899777968505
7727,0.11242758750718553,0.7260680443620475,0.47338885988834134,0.5458357155779375,0.25096561330927775,0.44050899777968505
7728,0.11278971216071045,0.7294817190894106,0.4764208660756035,0.5481011122711655,0.2526431023623037,0.4421385941600229
7729,0.11278971216071045,0.7294817190894106,0.4764208660756035,0.5481011122711655,0.2526431023623037,0.4421385941600229
7730,0.11278971216071045,0.7294817190894106,0.4764208660756035,0.5481011122711655,0.2526431023623037,0.4421385941600229
7731,0.11278971216071045,0.7294817190894106,0.4764208660756035,0.5481011122711655,0.2526431023623037,0.4421385941600229
7732,0.11278971216071045,0.7294817190894106,0.4764208660756035,0.5481011122711655,0.2526431023623037,0.4421385941600229
7733,0.11278971216071045,0.7294817190894106,0.4764208660756035,0.5481011122711655,0.2526431023623037,0.4421385941600229
7734,0.11278971216071045,0.7294817190894106,0.4764208660756035,0.5481011122711655,0.2526431023623037,0.4421385941600229
7735,0.11278971216071045,0.7294817190894106,0.4764208660756035,0.5481011122711655,0.2526431023623037,0.4421385941600229
7736,0.11278971216071045,0.7294817190894106,0.4764208660756035,0.5481011122711655,0.2526431023623037,0.4421385941600229
7737,0.11278971216071045,0.7294817190894106,0.4764208660756035,0.5481011122711655,0.2526431023623037,0.4421385941600229
7738,0.11278971216071045,0.7294817190894106,0.4764208660756035,0.5481011122711655,0.2526431023623037,0.4421385941600229
7739,0.11278971216071045,0.7294817190894106,0.4764208660756035,0.5481011122711655,0.2526431023623037,0.4421385941600229
7740,0.11278971216071045,0.7294817190894106,0.4764208660756035,0.5481011122711655,0.2526431023623037,0.4421385941600229
7741,0.11278971216071045,0.7294817190894106,0.4764208660756035,0.5481011122711655,0.2526431023623037,0.4421385941600229
7742,0.11278971216071045,0.7294817190894106,0.4764208660756035,0.5481011122711655,0.2526431023623037,0.4421385941600229
7743,0.11278971216071045,0.7294817190894106,0.4764208660756035,0.5481011122711655,0.2526431023623037,0.4421385941600229
7744,0.11278971216071045,0.7294817190894106,0.4764208660756035,0.5481011122711655,0.2526431023623037,0.4421385941600229
7745,0.11278971216071045,0.7294817190894106,0.4764208660756035,0.5481011122711655,0.2526431023623037,0.4421385941600229
7746,0.11278971216071045,0.7294817190894106,0.4764208660756035,0.5481011122711655,0.2526431023623037,0.4421385941600229
7747,0.11278971216071045,0.7294817190894106,0.4764208660756035,0.5481011122711655,0.2526431023623037,0.4421385941600229
7748,0.11278971216071045,0.7294817190894106,0.4764208660756035,0.5481011122711655,0.2526431023623037,0.4421385941600229
7749,0.11278971216071045,0.7294817190894106,0.4764208660756035,0.5481011122711655,0.2526431023623037,0.4421385941600229
7750,0.11278971216071045,0.7294817190894106,0.4764208660756035,0.5481011122711655,0.2526431023623037,0.4421385941600229
7751,0.11278971216071045,0.7294817190894106,0.4764208660756035,0.5481011122711655,0.2526431023623037,0.4421385941600229
7752,0.11346731609238415,0.7353129989390728,0.48189256056169355,0.5517405219945771,0.2555129242614445,0.44472978571028454
7753,0.11346731609238415,0.7353129989390728,0.48189256056169355,0.5517405219945771,0.2555129242614445,0.44472978571028454
7754,0.11346731609238415,0.7353129989390728,0.48189256056169355,0.5517405219945771,0.2555129242614445,0.44472978571028454
7755,0.11346731609238415,0.7353129989390728,0.48189256056169355,0.5517405219945771,0.2555129242614445,0.44472978571028454
7756,0.11346731609238415,0.7353129989390728,0.48189256056169355,0.5517405219945771,0.2555129242614445,0.44472978571028454
7757,0.11346731609238415,0.7353129989390728,0.48189256056169355,0.5517405219945771,0.2555129242614445,0.44472978571028454
7758,0.11346731609238415,0.7353129989390728,0.48189256056169355,0.5517405219945771,0.2555129242614445,0.44472978571028454
7759,0.11346731609238415,0.7353129989390728,0.48189256056169355,0.5517405219945771,0.2555129242614445,0.44472978571028454
7760,0.11346731609238415,0.7353129989390728,0.48189256056169355,0.5517405219945771,0.2555129242614445,0.44472978571028454
7761,0.11346731609238415,0.7353129989390728,0.48189256056169355,0.5517405219945771,0.2555129242614445,0.44472978571028454
7762,0.11346731609238415,0.7353129989390728,0.48189256056169355,0.5517405219945771,0.2555129242614445,0.44472978571028454
7763,0.11346731609238415,0.7353129989390728,0.48189256056169355,0.5517405219945771,0.2555129242614445,0.44472978571028454
7764,0.11346731609238415,0.7353129989390728,0.48189256056169355,0.5517405219945771,0.2555129242614445,0.44472978571028454
7765,0.11346731609238415,0.7353129989390728,0.48189256056169355,0.5517405219945771,0.2555129242614445,0.44472978571028454
7766,0.11346731609238415,0.7353129989390728,0.48189256056169355,0.5517405219945771,0.2555129242614445,0.44472978571028454
7767,0.11346731609238415,0.7353129989390728,0.48189256056169355,0.5517405219945771,0.2555129242614445,0.44472978571028454
7768,0.11346731609238415,0.7353129989390728,0.48189256056169355,0.5517405219945771,0.2555129242614445,0.44472978571028454
7769,0.11346731609238415,0.7353129989390728,0.48189256056169355,0.5517405219945771,0.2555129242614445,0.44472978571028454
7770,0.11346731609238415,0.7353129989390728,0.48189256056169355,0.5517405219945771,0.2555129242614445,0.44472978571028454
7771,0.11346731609238415,0.7353129989390728,0.48189256056169355,0.5517405219945771,0.2555129242614445,0.44472978571028454
7772,0.11346731609238415,0.7353129989390728,0.48189256056169355,0.5517405219945771,0.2555129242614445,0.44472978571028454
7773,0.11346731609238415,0.7353129989390728,0.48189256056169355,0.5517405219945771,0.2555129242614445,0.44472978571028454
7774,0.11346731609238415,0.7353129989390728,0.48189256056169355,0.5517405219945771,0.2555129242614445,0.44472978571028454
7775,0.11346731609238415,0.7353129989390728,0.48189256056169355,0.5517405219945771,0.2555129242614445,0.44472978571028454
7776,0.12080757220598576,0.7635367796545607,0.4989079379934955,0.5695491968389853,0.26751523341039174,0.4610873724184991
7777,0.12080757220598576,0.7635367796545607,0.4989079379934955,0.5695491968389853,0.26751523341039174,0.4610873724184991
7778,0.12080757220598576,0.7635367796545607,0.4989079379934955,0.5695491968389853,0.26751523341039174,0.4610873724184991
7779,0.12080757220598576,0.7635367796545607,0.4989079379934955,0.5695491968389853,0.26751523341039174,0.4610873724184991
7780,0.12080757220598576,0.7635367796545607,0.4989079379934955,0.5695491968389853,0.26751523341039174,0.4610873724184991
7781,0.12080757220598576,0.7635367796545607,0.4989079379934955,0.5695491968389853,0.26751523341039174,0.4610873724184991
7782,0.12080757220598576,0.7635367796545607,0.4989079379934955,0.5695491968389853,0.26751523341039174,0.4610873724184991
7783,0.12080757220598576,0.7635367796545607,0.4989079379934955,0.5695491968389853,0.26751523341039174,0.4610873724184991
7784,0.12080757220598576,0.7635367796545607,0.4989079379934955,0.5695491968389853,0.26751523341039174,0.4610873724184991
7785,0.12080757220598576,0.7635367796545607,0.4989079379934955,0.5695491968389853,0.26751523341039174,0.4610873724184991
7786,0.12080757220598576,0.7635367796545607,0.4989079379934955,0.5695491968389853,0.26751523341039174,0.4610873724184991
7787,0.12080757220598576,0.7635367796545607,0.4989079379934955,0.5695491968389853,0.26751523341039174,0.4610873724184991
7788,0.12080757220598576,0.7635367796545607,0.4989079379934955,0.5695491968389853,0.26751523341039174,0.4610873724184991
7789,0.12080757220598576,0.7635367796545607,0.4989079379934955,0.5695491968389853,0.26751523341039174,0.4610873724184991
7790,0.12080757220598576,0.7635367796545607,0.4989079379934955,0.5695491968389853,0.26751523341039174,0.4610873724184991
7791,0.12080757220598576,0.7635367796545607,0.4989079379934955,0.5695491968389853,0.26751523341039174,0.4610873724184991
7792,0.12080757220598576,0.7635367796545607,0.4989079379934955,0.5695491968389853,0.26751523341039174,0.4610873724184991
7793,0.12080757220598576,0.7635367796545607,0.4989079379934955,0.5695491968389853,0.26751523341039174,0.4610873724184991
7794,0.12080757220598576,0.7635367796545607,0.4989079379934955,0.5695491968389853,0.26751523341039174,0.4610873724184991
7795,0.12080757220598576,0.7635367796545607,0.4989079379934955,0.5695491968389853,0.26751523341039174,0.4610873724184991
7796,0.12080757220598576,0.7635367796545607,0.4989079379934955,0.5695491968389853,0.26751523341039174,0.4610873724184991
7797,0.12080757220598576,0.7635367796545607,0.4989079379934955,0.5695491968389853,0.26751523341039174,0.4610873724184991
7798,0.12080757220598576,0.7635367796545607,0.4989079379934955,0.5695491968389853,0.26751523341039174,0.4610873724184991
7799,0.12080757220598576,0.7635367796545607,0.4989079379934955,0.5695491968389853,0.26751523341039174,0.4610873724184991
7800,0.12684576553449192,0.7873755973620221,0.5136740193109339,0.5850978055917478,0.2772550804402137,0.4747579057672706
7801,0.12684576553449192,0.7873755973620221,0.5136740193109339,0.5850978055917478,0.2772550804402137,0.4747579057672706
7802,0.12684576553449192,0.7873755973620221,0.5136740193109339,0.5850978055917478,0.2772550804402137,0.4747579057672706
7803,0.12684576553449192,0.7873755973620221,0.5136740193109339,0.5850978055917478,0.2772550804402137,0.4747579057672706
7804,0.12684576553449192,0.7873755973620221,0.5136740193109339,0.5850978055917478,0.2772550804402137,0.4747579057672706
7805,0.12684576553449192,0.7873755973620221,0.5136740193109339,0.5850978055917478,0.2772550804402137,0.4747579057672706
7806,0.12684576553449192,0.7873755973620221,0.5136740193109339,0.5850978055917478,0.2772550804402137,0.4747579057672706
7807,0.12684576553449192,0.7873755973620221,0.5136740193109339,0.5850978055917478,0.2772550804402137,0.4747579057672706
7808,0.12684576553449192,0.7873755973620221,0.5136740193109339,0.5850978055917478,0.2772550804402137,0.4747579057672706
7809,0.12684576553449192,0.7873755973620221,0.5136740193109339,0.5850978055917478,0.2772550804402137,0.4747579057672706
7810,0.12684576553449192,0.7873755973620221,0.5136740193109339,0.5850978055917478,0.2772550804402137,0.4747579057672706
7811,0.12684576553449192,0.7873755973620221,0.5136740193109339,0.5850978055917478,0.2772550804402137,0.4747579057672706
7812,0.12684576553449192,0.7873755973620221,0.5136740193109339,0.5850978055917478,0.2772550804402137,0.4747579057672706
7813,0.12684576553449192,0.7873755973620221,0.5136740193109339,0.5850978055917478,0.2772550804402137,0.4747579057672706
7814,0.12684576553449192,0.7873755973620221,0.5136740193109339,0.5850978055917478,0.2772550804402137,0.4747579057672706
7815,0.12684576553449192,0.7873755973620221,0.5136740193109339,0.5850978055917478,0.2772550804402137,0.4747579057672706
7816,0.12684576553449192,0.7873755973620221,0.5136740193109339,0.5850978055917478,0.2772550804402137,0.4747579057672706
7817,0.12684576553449192,0.7873755973620221,0.5136740193109339,0.5850978055917478,0.2772550804402137,0.4747579057672706
7818,0.12684576553449192,0.7873755973620221,0.5136740193109339,0.5850978055917478,0.2772550804402137,0.4747579057672706
7819,0.12684576553449192,0.7873755973620221,0.5136740193109339,0.5850978055917478,0.2772550804402137,0.4747579057672706
7820,0.12684576553449192,0.7873755973620221,0.5136740193109339,0.5850978055917478,0.2772550804402137,0.4747579057672706
7821,0.12684576553449192,0.7873755973620221,0.5136740193109339,0.5850978055917478,0.2772550804402137,0.4747579057672706
7822,0.12684576553449192,0.7873755973620221,0.5136740193109339,0.5850978055917478,0.2772550804402137,0.4747579057672706
7823,0.12684576553449192,0.7873755973620221,0.5136740193109339,0.5850978055917478,0.2772550804402137,0.4747579057672706
7824,0.1312721655326998,0.8009207251181659,0.5197743775442846,0.594684736446696,0.28194626477035395,0.48370720985101023
7825,0.1312721655326998,0.8009207251181659,0.5197743775442846,0.594684736446696,0.28194626477035395,0.48370720985101023
7826,0.1312721655326998,0.8009207251181659,0.5197743775442846,0.594684736446696,0.28194626477035395,0.48370720985101023
7827,0.1312721655326998,0.8009207251181659,0.5197743775442846,0.594684736446696,0.28194626477035395,0.48370720985101023
7828,0.1312721655326998,0.8009207251181659,0.5197743775442846,0.594684736446696,0.28194626477035395,0.48370720985101023
7829,0.1312721655326998,0.8009207251181659,0.5197743775442846,0.594684736446696,0.28194626477035395,0.48370720985101023
7830,0.1312721655326998,0.8009207251181659,0.5197743775442846,0.594684736446696,0.28194626477035395,0.48370720985101023
7831,0.1312721655326998,0.8009207251181659,0.5197743775442846,0.594684736446696,0.28194626477035395,0.48370720985101023
7832,0.1312721655326998,0.8009207251181659,0.5197743775442846,0.594684736446696,0.28194626477035395,0.48370720985101023
7833,0.1312721655326998,0.8009207251181659,0.5197743775442846,0.594684736446696,0.28194626477035395,0.48370720985101023
7834,0.1312721655326998,0.8009207251181659,0.5197743775442846,0.594684736446696,0.28194626477035395,0.48370720985101023
7835,0.1312721655326998,0.8009207251181659,0.5197743775442846,0.594684736446696,0.28194626477035395,0.48370720985101023
7836,0.1312721655326998,0.8009207251181659,0.5197743775442846,0.594684736446696,0.28194626477035395,0.48370720985101023
7837,0.1312721655326998,0.8009207251181659,0.5197743775442846,0.594684736446696,0.28194626477035395,0.48370720985101023
7838,0.1312721655326998,0.8009207251181659,0.5197743775442846,0.594684736446696,0.28194626477035395,0.48370720985101023
7839,0.1312721655326998,0.8009207251181659,0.5197743775442846,0.594684736446696,0.28194626477035395,0.48370720985101023
7840,0.1312721655326998,0.8009207251181659,0.5197743775442846,0.594684736446696,0.28194626477035395,0.48370720985101023
7841,0.1312721655326998,0.8009207251181659,0.5197743775442846,0.594684736446696,0.28194626477035395,0.48370720985101023
7842,0.1312721655326998,0.8009207251181659,0.5197743775442846,0.594684736446696,0.28194626477035395,0.48370720985101023
7843,0.1312721655326998,0.8009207251181659,0.5197743775442846,0.594684736446696,0.28194626477035395,0.48370720985101023
7844,0.1312721655326998,0.8009207251181659,0.5197743775442846,0.594684736446696,0.28194626477035395,0.48370720985101023
7845,0.1312721655326998,0.8009207251181659,0.5197743775442846,0.594684736446696,0.28194626477035395,0.48370720985101023
7846,0.1312721655326998,0.8009207251181659,0.5197743775442846,0.594684736446696,0.28194626477035395,0.48370720985101023
7847,0.1312721655326998,0.8009207251181659,0.5197743775442846,0.594684736446696,0.28194626477035395,0.48370720985101023
7848,0.13569620332432494,0.8163543495610227,0.5281196057486676,0.6051342402342875,0.28756035901189847,0.4929915857267176
7849,0.13569620332432494,0.8163543495610227,0.5281196057486676,0.6051342402342875,0.28756035901189847,0.4929915857267176
7850,0.13569620332432494,0.8163543495610227,0.5281196057486676,0.6051342402342875,0.28756035901189847,0.4929915857267176
7851,0.13569620332432494,0.8163543495610227,0.5281196057486676,0.6051342402342875,0.28756035901189847,0.4929915857267176
7852,0.13569620332432494,0.8163543495610227,0.5281196057486676,0.6051342402342875,0.28756035901189847,0.4929915857267176
7853,0.13569620332432494,0.8163543495610227,0.5281196057486676,0.6051342402342875,0.28756035901189847,0.4929915857267176
7854,0.13569620332432494,0.8163543495610227,0.5281196057486676,0.6051342402342875,0.28756035901189847,0.4929915857267176
7855,0.13569620332432494,0.8163543495610227,0.5281196057486676,0.6051342402342875,0.28756035901189847,0.4929915857267176
7856,0.13569620332432494,0.8163543495610227,0.5281196057486676,0.6051342402342875,0.28756035901189847,0.4929915857267176
7857,0.13569620332432494,0.8163543495610227,0.5281196057486676,0.6051342402342875,0.28756035901189847,0.4929915857267176
7858,0.13569620332432494,0.8163543495610227,0.5281196057486676,0.6051342402342875,0.28756035901189847,0.4929915857267176
7859,0.13569620332432494,0.8163543495610227,0.5281196057486676,0.6051342402342875,0.28756035901189847,0.4929915857267176
7860,0.13569620332432494,0.8163543495610227,0.5281196057486676,0.6051342402342875,0.28756035901189847,0.4929915857267176
7861,0.13569620332432494,0.8163543495610227,0.5281196057486676,0.6051342402342875,0.28756035901189847,0.4929915857267176
7862,0.13569620332432494,0.8163543495610227,0.5281196057486676,0.6051342402342875,0.28756035901189847,0.4929915857267176
7863,0.13569620332432494,0.8163543495610227,0.5281196057486676,0.6051342402342875,0.28756035901189847,0.4929915857267176
7864,0.13569620332432494,0.8163543495610227,0.5281196057486676,0.6051342402342875,0.28756035901189847,0.4929915857267176
7865,0.13569620332432494,0.8163543495610227,0.5281196057486676,0.6051342402342875,0.28756035901189847,0.4929915857267176
7866,0.13569620332432494,0.8163543495610227,0.5281196057486676,0.6051342402342875,0.28756035901189847,0.4929915857267176
7867,0.13569620332432494,0.8163543495610227,0.5281196057486676,0.6051342402342875,0.28756035901189847,0.4929915857267176
7868,0.13569620332432494,0.8163543495610227,0.5281196057486676,0.6051342402342875,0.28756035901189847,0.4929915857267176
7869,0.13569620332432494,0.8163543495610227,0.5281196057486676,0.6051342402342875,0.28756035901189847,0.4929915857267176
7870,0.13569620332432494,0.8163543495610227,0.5281196057486676,0.6051342402342875,0.28756035901189847,0.4929915857267176
7871,0.13569620332432494,0.8163543495610227,0.5281196057486676,0.6051342402342875,0.28756035901189847,0.4929915857267176
7872,0.14051429105451962,0.8352953119482219,0.5398746973429861,0.6179014011665075,0.2949629878751356,0.5038932867919421
7873,0.14051429105451962,0.8352953119482219,0.5398746973429861,0.6179014011665075,0.2949629878751356,0.5038932867919421
7874,0.14051429105451962,0.8352953119482219,0.5398746973429861,0.6179014011665075,0.2949629878751356,0.5038932867919421
7875,0.14051429105451962,0.8352953119482219,0.5398746973429861,0.6179014011665075,0.2949629878751356,0.5038932867919421
7876,0.14051429105451962,0.8352953119482219,0.5398746973429861,0.6179014011665075,0.2949629878751356,0.5038932867919421
7877,0.14051429105451962,0.8352953119482219,0.5398746973429861,0.6179014011665075,0.2949629878751356,0.5038932867919421
7878,0.14051429105451962,0.8352953119482219,0.5398746973429861,0.6179014011665075,0.2949629878751356,0.5038932867919421
7879,0.14051429105451962,0.8352953119482219,0.5398746973429861,0.6179014011665075,0.2949629878751356,0.5038932867919421
7880,0.14051429105451962,0.8352953119482219,0.5398746973429861,0.6179014011665075,0.2949629878751356,0.5038932867919421
7881,0.14051429105451962,0.8352953119482219,0.5398746973429861,0.6179014011665075,0.2949629878751356,0.5038932867919421
7882,0.14051429105451962,0.8352953119482219,0.5398746973429861,0.6179014011665075,0.2949629878751356,0.5038932867919421
7883,0.14051429105451962,0.8352953119482219,0.5398746973429861,0.6179014011665075,0.2949629878751356,0.5038932867919421
7884,0.14051429105451962,0.8352953119482219,0.5398746973429861,0.6179014011665075,0.2949629878751356,0.5038932867919421
7885,0.14051429105451962,0.8352953119482219,0.5398746973429861,0.6179014011665075,0.2949629878751356,0.5038932867919421
7886,0.14051429105451962,0.8352953119482219,0.5398746973429861,0.6179014011665075,0.2949629878751356,0.5038932867919421
7887,0.14051429105451962,0.8352953119482219,0.5398746973429861,0.6179014011665075,0.2949629878751356,0.5038932867919421
7888,0.14051429105451962,0.8352953119482219,0.5398746973429861,0.6179014011665075,0.2949629878751356,0.5038932867919421
7889,0.14051429105451962,0.8352953119482219,0.5398746973429861,0.6179014011665075,0.2949629878751356,0.5038932867919421
7890,0.14051429105451962,0.8352953119482219,0.5398746973429861,0.6179014011665075,0.2949629878751356,0.5038932867919421
7891,0.14051429105451962,0.8352953119482219,0.5398746973429861,0.6179014011665075,0.2949629878751356,0.5038932867919421
7892,0.14051429105451962,0.8352953119482219,0.5398746973429861,0.6179014011665075,0.2949629878751356,0.5038932867919421
7893,0.14051429105451962,0.8352953119482219,0.5398746973429861,0.6179014011665075,0.2949629878751356,0.5038932867919421
7894,0.14051429105451962,0.8352953119482219,0.5398746973429861,0.6179014011665075,0.2949629878751356,0.5038932867919421
7895,0.14051429105451962,0.8352953119482219,0.5398746973429861,0.6179014011665075,0.2949629878751356,0.5038932867919421
7896,0.14699307983256407,0.8621378531792433,0.556797223743961,0.635397842884211,0.3060823992616356,0.5190551957767019
7897,0.14699307983256407,0.8621378531792433,0.556797223743961,0.635397842884211,0.3060823992616356,0.5190551957767019
7898,0.14699307983256407,0.8621378531792433,0.556797223743961,0.635397842884211,0.3060823992616356,0.5190551957767019
7899,0.14699307983256407,0.8621378531792433,0.556797223743961,0.635397842884211,0.3060823992616356,0.5190551957767019
7900,0.14699307983256407,0.8621378531792433,0.556797223743961,0.635397842884211,0.3060823992616356,0.5190551957767019
7901,0.14699307983256407,0.8621378531792433,0.556797223743961,0.635397842884211,0.3060823992616356,0.5190551957767019
7902,0.14699307983256407,0.8621378531792433,0.556797223743961,0.635397842884211,0.3060823992616356,0.5190551957767019
7903,0.14699307983256407,0.8621378531792433,0.556797223743961,0.635397842884211,0.3060823992616356,0.5190551957767019
7904,0.14699307983256407,0.8621378531792433,0.556797223743961,0.635397842884211,0.3060823992616356,0.5190551957767019
7905,0.14699307983256407,0.8621378531792433,0.556797223743961,0.635397842884211,0.3060823992616356,0.5190551957767019
7906,0.14699307983256407,0.8621378531792433,0.556797223743961,0.635397842884211,0.3060823992616356,0.5190551957767019
7907,0.14699307983256407,0.8621378531792433,0.556797223743961,0.635397842884211,0.3060823992616356,0.5190551957767019
7908,0.14699307983256407,0.8621378531792433,0.556797223743961,0.635397842884211,0.3060823992616356,0.5190551957767019
7909,0.14699307983256407,0.8621378531792433,0.556797223743961,0.635397842884211,0.3060823992616356,0.5190551957767019
7910,0.14699307983256407,0.8621378531792433,0.556797223743961,0.635397842884211,0.3060823992616356,0.5190551957767019
7911,0.14699307983256407,0.8621378531792433,0.556797223743961,0.635397842884211,0.3060823992616356,0.5190551957767019
7912,0.14699307983256407,0.8621378531792433,0.556797223743961,0.635397842884211,0.3060823992616356,0.5190551957767019
7913,0.14699307983256407,0.8621378531792433,0.556797223743961,0.635397842884211,0.3060823992616356,0.5190551957767019
7914,0.14699307983256407,0.8621378531792433,0.556797223743961,0.635397842884211,0.3060823992616356,0.5190551957767019
7915,0.14699307983256407,0.8621378531792433,0.556797223743961,0.635397842884211,0.3060823992616356,0.5190551957767019
7916,0.14699307983256407,0.8621378531792433,0.556797223743961,0.635397842884211,0.3060823992616356,0.5190551957767019
7917,0.14699307983256407,0.8621378531792433,0.556797223743961,0.635397842884211,0.3060823992616356,0.5190551957767019
7918,0.14699307983256407,0.8621378531792433,0.556797223743961,0.635397842884211,0.3060823992616356,0.5190551957767019
7919,0.14699307983256407,0.8621378531792433,0.556797223743961,0.635397842884211,0.3060823992616356,0.5190551957767019
7920,0.15188155667962897,0.8816054824761156,0.5688855729784781,0.6484005845447484,0.3136961258677106,0.530220366064702
7921,0.15188155667962897,0.8816054824761156,0.5688855729784781,0.6484005845447484,0.3136961258677106,0.530220366064702
7922,0.15188155667962897,0.8816054824761156,0.5688855729784781,0.6484005845447484,0.3136961258677106,0.530220366064702
7923,0.15188155667962897,0.8816054824761156,0.5688855729784781,0.6484005845447484,0.3136961258677106,0.530220366064702
7924,0.15188155667962897,0.8816054824761156,0.5688855729784781,0.6484005845447484,0.3136961258677106,0.530220366064702
7925,0.15188155667962897,0.8816054824761156,0.5688855729784781,0.6484005845447484,0.3136961258677106,0.530220366064702
7926,0.15188155667962897,0.8816054824761156,0.5688855729784781,0.6484005845447484,0.3136961258677106,0.530220366064702
7927,0.15188155667962897,0.8816054824761156,0.5688855729784781,0.6484005845447484,0.3136961258677106,0.530220366064702
7928,0.15188155667962897,0.8816054824761156,0.5688855729784781,0.6484005845447484,0.3136961258677106,0.530220366064702
7929,0.15188155667962897,0.8816054824761156,0.5688855729784781,0.6484005845447484,0.3136961258677106,0.530220366064702
7930,0.15188155667962897,0.8816054824761156,0.5688855729784781,0.6484005845447484,0.3136961258677106,0.530220366064702
7931,0.15188155667962897,0.8816054824761156,0.5688855729784781,0.6484005845447484,0.3136961258677106,0.530220366064702
7932,0.15188155667962897,0.8816054824761156,0.5688855729784781,0.6484005845447484,0.3136961258677106,0.530220366064702
7933,0.15188155667962897,0.8816054824761156,0.5688855729784781,0.6484005845447484,0.3136961258677106,0.530220366064702
7934,0.15188155667962897,0.8816054824761156,0.5688855729784781,0.6484005845447484,0.3136961258677106,0.530220366064702
7935,0.15188155667962897,0.8816054824761156,0.5688855729784781,0.6484005845447484,0.3136961258677106,0.530220366064702
7936,0.15188155667962897,0.8816054824761156,0.5688855729784781,0.6484005845447484,0.3136961258677106,0.530220366064702
7937,0.15188155667962897,0.8816054824761156,0.5688855729784781,0.6484005845447484,0.3136961258677106,0.530220366064702
7938,0.15188155667962897,0.8816054824761156,0.5688855729784781,0.6484005845447484,0.3136961258677106,0.530220366064702
7939,0.15188155667962897,0.8816054824761156,0.5688855729784781,0.6484005845447484,0.3136961258677106,0.530220366064702
7940,0.15188155667962897,0.8816054824761156,0.5688855729784781,0.6484005845447484,0.3136961258677106,0.530220366064702
7941,0.15188155667962897,0.8816054824761156,0.5688855729784781,0.6484005845447484,0.3136961258677106,0.530220366064702
7942,0.15188155667962897,0.8816054824761156,0.5688855729784781,0.6484005845447484,0.3136961258677106,0.530220366064702
7943,0.15188155667962897,0.8816054824761156,0.5688855729784781,0.6484005845447484,0.3136961258677106,0.530220366064702
7944,0.15400428064433255,0.8844590002159681,0.5682235812577777,0.6519792990587233,0.31294219046992106,0.5333620165861451
7945,0.15400428064433255,0.8844590002159681,0.5682235812577777,0.6519792990587233,0.31294219046992106,0.5333620165861451
7946,0.15400428064433255,0.8844590002159681,0.5682235812577777,0.6519792990587233,0.31294219046992106,0.5333620165861451
7947,0.15400428064433255,0.8844590002159681,0.5682235812577777,0.6519792990587233,0.31294219046992106,0.5333620165861451
7948,0.15400428064433255,0.8844590002159681,0.5682235812577777,0.6519792990587233,0.31294219046992106,0.5333620165861451
7949,0.15400428064433255,0.8844590002159681,0.5682235812577777,0.6519792990587233,0.31294219046992106,0.5333620165861451
7950,0.15400428064433255,0.8844590002159681,0.5682235812577777,0.6519792990587233,0.31294219046992106,0.5333620165861451
7951,0.15400428064433255,0.8844590002159681,0.5682235812577777,0.6519792990587233,0.31294219046992106,0.5333620165861451
7952,0.15400428064433255,0.8844590002159681,0.5682235812577777,0.6519792990587233,0.31294219046992106,0.5333620165861451
7953,0.15400428064433255,0.8844590002159681,0.5682235812577777,0.6519792990587233,0.31294219046992106,0.5333620165861451
7954,0.15400428064433255,0.8844590002159681,0.5682235812577777,0.6519792990587233,0.31294219046992106,0.5333620165861451
7955,0.15400428064433255,0.8844590002159681,0.5682235812577777,0.6519792990587233,0.31294219046992106,0.5333620165861451
7956,0.15400428064433255,0.8844590002159681,0.5682235812577777,0.6519792990587233,0.31294219046992106,0.5333620165861451
7957,0.15400428064433255,0.8844590002159681,0.5682235812577777,0.6519792990587233,0.31294219046992106,0.5333620165861451
7958,0.15400428064433255,0.8844590002159681,0.5682235812577777,0.6519792990587233,0.31294219046992106,0.5333620165861451
7959,0.15400428064433255,0.8844590002159681,0.5682235812577777,0.6519792990587233,0.31294219046992106,0.5333620165861451
7960,0.15400428064433255,0.8844590002159681,0.5682235812577777,0.6519792990587233,0.31294219046992106,0.5333620165861451
7961,0.15400428064433255,0.8844590002159681,0.5682235812577777,0.6519792990587233,0.31294219046992106,0.5333620165861451
7962,0.15400428064433255,0.8844590002159681,0.5682235812577777,0.6519792990587233,0.31294219046992106,0.5333620165861451
7963,0.15400428064433255,0.8844590002159681,0.5682235812577777,0.6519792990587233,0.31294219046992106,0.5333620165861451
7964,0.15400428064433255,0.8844590002159681,0.5682235812577777,0.6519792990587233,0.31294219046992106,0.5333620165861451
7965,0.15400428064433255,0.8844590002159681,0.5682235812577777,0.6519792990587233,0.31294219046992106,0.5333620165861451
7966,0.15400428064433255,0.8844590002159681,0.5682235812577777,0.6519792990587233,0.31294219046992106,0.5333620165861451
7967,0.15400428064433255,0.8844590002159681,0.5682235812577777,0.6519792990587233,0.31294219046992106,0.5333620165861451
7968,0.1577007625806605,0.8955525727586258,0.5733653251611224,0.6600612169887118,0.3164773158209358,0.5404097938784514
7969,0.1577007625806605,0.8955525727586258,0.5733653251611224,0.6600612169887118,0.3164773158209358,0.5404097938784514
7970,0.1577007625806605,0.8955525727586258,0.5733653251611224,0.6600612169887118,0.3164773158209358,0.5404097938784514
7971,0.1577007625806605,0.8955525727586258,0.5733653251611224,0.6600612169887118,0.3164773158209358,0.5404097938784514
7972,0.1577007625806605,0.8955525727586258,0.5733653251611224,0.6600612169887118,0.3164773158209358,0.5404097938784514
7973,0.1577007625806605,0.8955525727586258,0.5733653251611224,0.6600612169887118,0.3164773158209358,0.5404097938784514
7974,0.1577007625806605,0.8955525727586258,0.5733653251611224,0.6600612169887118,0.3164773158209358,0.5404097938784514
7975,0.1577007625806605,0.8955525727586258,0.5733653251611224,0.6600612169887118,0.3164773158209358,0.5404097938784514
7976,0.1577007625806605,0.8955525727586258,0.5733653251611224,0.6600612169887118,0.3164773158209358,0.5404097938784514
7977,0.1577007625806605,0.8955525727586258,0.5733653251611224,0.6600612169887118,0.3164773158209358,0.5404097938784514
7978,0.1577007625806605,0.8955525727586258,0.5733653251611224,0.6600612169887118,0.3164773158209358,0.5404097938784514
7979,0.1577007625806605,0.8955525727586258,0.5733653251611224,0.6600612169887118,0.3164773158209358,0.5404097938784514
7980,0.1577007625806605,0.8955525727586258,0.5733653251611224,0.6600612169887118,0.3164773158209358,0.5404097938784514
7981,0.1577007625806605,0.8955525727586258,0.5733653251611224,0.6600612169887118,0.3164773158209358,0.5404097938784514
7982,0.1577007625806605,0.8955525727586258,0.5733653251611224,0.6600612169887118,0.3164773158209358,0.5404097938784514
7983,0.1577007625806605,0.8955525727586258,0.5733653251611224,0.6600612169887118,0.3164773158209358,0.5404097938784514
7984,0.1577007625806605,0.8955525727586258,0.5733653251611224,0.6600612169887118,0.3164773158209358,0.5404097938784514
7985,0.1577007625806605,0.8955525727586258,0.5733653251611224,0.6600612169887118,0.3164773158209358,0.5404097938784514
7986,0.1577007625806605,0.8955525727586258,0.5733653251611224,0.6600612169887118,0.3164773158209358,0.5404097938784514
7987,0.1577007625806605,0.8955525727586258,0.5733653251611224,0.6600612169887118,0.3164773158209358,0.5404097938784514
7988,0.1577007625806605,0.8955525727586258,0.5733653251611224,0.6600612169887118,0.3164773158209358,0.5404097938784514
7989,0.1577007625806605,0.8955525727586258,0.5733653251611224,0.6600612169887118,0.3164773158209358,0.5404097938784514
7990,0.1577007625806605,0.8955525727586258,0.5733653251611224,0.6600612169887118,0.3164773158209358,0.5404097938784514
7991,0.1577007625806605,0.8955525727586258,0.5733653251611224,0.6600612169887118,0.3164773158209358,0.5404097938784514
7992,0.1636677049006473,0.915988706104054,0.5840569876828995,0.6733103124484722,0.3245674359643414,0.5528513533558356
7993,0.1636677049006473,0.915988706104054,0.5840569876828995,0.6733103124484722,0.3245674359643414,0.5528513533558356
7994,0.1636677049006473,0.915988706104054,0.5840569876828995,0.6733103124484722,0.3245674359643414,0.5528513533558356
7995,0.1636677049006473,0.915988706104054,0.5840569876828995,0.6733103124484722,0.3245674359643414,0.5528513533558356
7996,0.1636677049006473,0.915988706104054,0.5840569876828995,0.6733103124484722,0.3245674359643414,0.5528513533558356
7997,0.1636677049006473,0.915988706104054,0.5840569876828995,0.6733103124484722,0.3245674359643414,0.5528513533558356
7998,0.1636677049006473,0.915988706104054,0.5840569876828995,0.6733103124484722,0.3245674359643414,0.5528513533558356
7999,0.1636677049006473,0.915988706104054,0.5840569876828995,0.6733103124484722,0.3245674359643414,0.5528513533558356
8000,0.1636677049006473,0.915988706104054,0.5840569876828995,0.6733103124484722,0.3245674359643414,0.5528513533558356
8001,0.1636677049006473,0.915988706104054,0.5840569876828995,0.6733103124484722,0.3245674359643414,0.5528513533558356
8002,0.1636677049006473,0.915988706104054,0.5840569876828995,0.6733103124484722,0.3245674359643414,0.5528513533558356
8003,0.1636677049006473,0.915988706104054,0.5840569876828995,0.6733103124484722,0.3245674359643414,0.5528513533558356
8004,0.1636677049006473,0.915988706104054,0.5840569876828995,0.6733103124484722,0.3245674359643414,0.5528513533558356
8005,0.1636677049006473,0.915988706104054,0.5840569876828995,0.6733103124484722,0.3245674359643414,0.5528513533558356
8006,0.1636677049006473,0.915988706104054,0.5840569876828995,0.6733103124484722,0.3245674359643414,0.5528513533558356
8007,0.1636677049006473,0.915988706104054,0.5840569876828995,0.6733103124484722,0.3245674359643414,0.5528513533558356
8008,0.1636677049006473,0.915988706104054,0.5840569876828995,0.6733103124484722,0.3245674359643414,0.5528513533558356
8009,0.1636677049006473,0.915988706104054,0.5840569876828995,0.6733103124484722,0.3245674359643414,0.5528513533558356
8010,0.1636677049006473,0.915988706104054,0.5840569876828995,0.6733103124484722,0.3245674359643414,0.5528513533558356
8011,0.1636677049006473,0.915988706104054,0.5840569876828995,0.6733103124484722,0.3245674359643414,0.5528513533558356
8012,0.1636677049006473,0.915988706104054,0.5840569876828995,0.6733103124484722,0.3245674359643414,0.5528513533558356
8013,0.1636677049006473,0.915988706104054,0.5840569876828995,0.6733103124484722,0.3245674359643414,0.5528513533558356
8014,0.1636677049006473,0.915988706104054,0.5840569876828995,0.6733103124484722,0.3245674359643414,0.5528513533558356
8015,0.1636677049006473,0.915988706104054,0.5840569876828995,0.6733103124484722,0.3245674359643414,0.5528513533558356
8016,0.1685892308348096,0.929571579148866,0.5896641632345955,0.6830161079120697,0.32932714869294316,0.5621581771582188
8017,0.1685892308348096,0.929571579148866,0.5896641632345955,0.6830161079120697,0.32932714869294316,0.5621581771582188
8018,0.1685892308348096,0.929571579148866,0.5896641632345955,0.6830161079120697,0.32932714869294316,0.5621581771582188
8019,0.1685892308348096,0.929571579148866,0.5896641632345955,0.6830161079120697,0.32932714869294316,0.5621581771582188
8020,0.1685892308348096,0.929571579148866,0.5896641632345955,0.6830161079120697,0.32932714869294316,0.5621581771582188
8021,0.1685892308348096,0.929571579148866,0.5896641632345955,0.6830161079120697,0.32932714869294316,0.5621581771582188
8022,0.1685892308348096,0.929571579148866,0.5896641632345955,0.6830161079120697,0.32932714869294316,0.5621581771582188
8023,0.1685892308348096,0.929571579148866,0.5896641632345955,0.6830161079120697,0.32932714869294316,0.5621581771582188
8024,0.1685892308348096,0.929571579148866,0.5896641632345955,0.6830161079120697,0.32932714869294316,0.5621581771582188
8025,0.1685892308348096,0.929571579148866,0.5896641632345955,0.6830161079120697,0.32932714869294316,0.5621581771582188
8026,0.1685892308348096,0.929571579148866,0.5896641632345955,0.6830161079120697,0.32932714869294316,0.5621581771582188
8027,0.1685892308348096,0.929571579148866,0.5896641632345955,0.6830161079120697,0.32932714869294316,0.5621581771582188
8028,0.1685892308348096,0.929571579148866,0.5896641632345955,0.6830161079120697,0.32932714869294316,0.5621581771582188
8029,0.1685892308348096,0.929571579148866,0.5896641632345955,0.6830161079120697,0.32932714869294316,0.5621581771582188
8030,0.1685892308348096,0.929571579148866,0.5896641632345955,0.6830161079120697,0.32932714869294316,0.5621581771582188
8031,0.1685892308348096,0.929571579148866,0.5896641632345955,0.6830161079120697,0.32932714869294316,0.5621581771582188
8032,0.1685892308348096,0.929571579148866,0.5896641632345955,0.6830161079120697,0.32932714869294316,0.5621581771582188
8033,0.1685892308348096,0.929571579148866,0.5896641632345955,0.6830161079120697,0.32932714869294316,0.5621581771582188
8034,0.1685892308348096,0.929571579148866,0.5896641632345955,0.6830161079120697,0.32932714869294316,0.5621581771582188
8035,0.1685892308348096,0.929571579148866,0.5896641632345955,0.6830161079120697,0.32932714869294316,0.5621581771582188
8036,0.1685892308348096,0.929571579148866,0.5896641632345955,0.6830161079120697,0.32932714869294316,0.5621581771582188
8037,0.1685892308348096,0.929571579148866,0.5896641632345955,0.6830161079120697,0.32932714869294316,0.5621581771582188
8038,0.1685892308348096,0.929571579148866,0.5896641632345955,0.6830161079120697,0.32932714869294316,0.5621581771582188
8039,0.1685892308348096,0.929571579148866,0.5896641632345955,0.6830161079120697,0.32932714869294316,0.5621581771582188
8040,0.17189971871374787,0.9351313422989079,0.5902447944671193,0.6884287645078802,0.33017297469860535,0.5671794961363151
8041,0.17189971871374787,0.9351313422989079,0.5902447944671193,0.6884287645078802,0.33017297469860535,0.5671794961363151
8042,0.17189971871374787,0.9351313422989079,0.5902447944671193,0.6884287645078802,0.33017297469860535,0.5671794961363151
8043,0.17189971871374787,0.9351313422989079,0.5902447944671193,0.6884287645078802,0.33017297469860535,0.5671794961363151
8044,0.17189971871374787,0.9351313422989079,0.5902447944671193,0.6884287645078802,0.33017297469860535,0.5671794961363151
8045,0.17189971871374787,0.9351313422989079,0.5902447944671193,0.6884287645078802,0.33017297469860535,0.5671794961363151
8046,0.17189971871374787,0.9351313422989079,0.5902447944671193,0.6884287645078802,0.33017297469860535,0.5671794961363151
8047,0.17189971871374787,0.9351313422989079,0.5902447944671193,0.6884287645078802,0.33017297469860535,0.5671794961363151
8048,0.17189971871374787,0.9351313422989079,0.5902447944671193,0.6884287645078802,0.33017297469860535,0.5671794961363151
8049,0.17189971871374787,0.9351313422989079,0.5902447944671193,0.6884287645078802,0.33017297469860535,0.5671794961363151
8050,0.17189971871374787,0.9351313422989079,0.5902447944671193,0.6884287645078802,0.33017297469860535,0.5671794961363151
8051,0.17189971871374787,0.9351313422989079,0.5902447944671193,0.6884287645078802,0.33017297469860535,0.5671794961363151
8052,0.17189971871374787,0.9351313422989079,0.5902447944671193,0.6884287645078802,0.33017297469860535,0.5671794961363151
8053,0.17189971871374787,0.9351313422989079,0.5902447944671193,0.6884287645078802,0.33017297469860535,0.5671794961363151
8054,0.17189971871374787,0.9351313422989079,0.5902447944671193,0.6884287645078802,0.33017297469860535,0.5671794961363151
8055,0.17189971871374787,0.9351313422989079,0.5902447944671193,0.6884287645078802,0.33017297469860535,0.5671794961363151
8056,0.17189971871374787,0.9351313422989079,0.5902447944671193,0.6884287645078802,0.33017297469860535,0.5671794961363151
8057,0.17189971871374787,0.9351313422989079,0.5902447944671193,0.6884287645078802,0.33017297469860535,0.5671794961363151
8058,0.17189971871374787,0.9351313422989079,0.5902447944671193,0.6884287645078802,0.33017297469860535,0.5671794961363151
8059,0.17189971871374787,0.9351313422989079,0.5902447944671193,0.6884287645078802,0.33017297469860535,0.5671794961363151
8060,0.17189971871374787,0.9351313422989079,0.5902447944671193,0.6884287645078802,0.33017297469860535,0.5671794961363151
8061,0.17189971871374787,0.9351313422989079,0.5902447944671193,0.6884287645078802,0.33017297469860535,0.5671794961363151
8062,0.17189971871374787,0.9351313422989079,0.5902447944671193,0.6884287645078802,0.33017297469860535,0.5671794961363151
8063,0.17189971871374787,0.9351313422989079,0.5902447944671193,0.6884287645078802,0.33017297469860535,0.5671794961363151
8064,0.1765876104734586,0.9526248286595346,0.6005453402768509,0.7001156398201664,0.33679494567169327,0.5741895076812352
8065,0.1765876104734586,0.9526248286595346,0.6005453402768509,0.7001156398201664,0.33679494567169327,0.5741895076812352
8066,0.1765876104734586,0.9526248286595346,0.6005453402768509,0.7001156398201664,0.33679494567169327,0.5741895076812352
8067,0.1765876104734586,0.9526248286595346,0.6005453402768509,0.7001156398201664,0.33679494567169327,0.5741895076812352
8068,0.1765876104734586,0.9526248286595346,0.6005453402768509,0.7001156398201664,0.33679494567169327,0.5741895076812352
8069,0.1765876104734586,0.9526248286595346,0.6005453402768509,0.7001156398201664,0.33679494567169327,0.5741895076812352
8070,0.1765876104734586,0.9526248286595346,0.6005453402768509,0.7001156398201664,0.33679494567169327,0.5741895076812352
8071,0.1765876104734586,0.9526248286595346,0.6005453402768509,0.7001156398201664,0.33679494567169327,0.5741895076812352
8072,0.1765876104734586,0.9526248286595346,0.6005453402768509,0.7001156398201664,0.33679494567169327,0.5741895076812352
8073,0.1765876104734586,0.9526248286595346,0.6005453402768509,0.7001156398201664,0.33679494567169327,0.5741895076812352
8074,0.1765876104734586,0.9526248286595346,0.6005453402768509,0.7001156398201664,0.33679494567169327,0.5741895076812352
8075,0.1765876104734586,0.9526248286595346,0.6005453402768509,0.7001156398201664,0.33679494567169327,0.5741895076812352
8076,0.1765876104734586,0.9526248286595346,0.6005453402768509,0.7001156398201664,0.33679494567169327,0.5741895076812352
8077,0.1765876104734586,0.9526248286595346,0.6005453402768509,0.7001156398201664,0.33679494567169327,0.5741895076812352
8078,0.1765876104734586,0.9526248286595346,0.6005453402768509,0.7001156398201664,0.33679494567169327,0.5741895076812352
8079,0.1765876104734586,0.9526248286595346,0.6005453402768509,0.7001156398201664,0.33679494567169327,0.5741895076812352
8080,0.1765876104734586,0.9526248286595346,0.6005453402768509,0.7001156398201664,0.33679494567169327,0.5741895076812352
8081,0.1765876104734586,0.9526248286595346,0.6005453402768509,0.7001156398201664,0.33679494567169327,0.5741895076812352
8082,0.1765876104734586,0.9526248286595346,0.6005453402768509,0.7001156398201664,0.33679494567169327,0.5741895076812352
8083,0.1765876104734586,0.9526248286595346,0.6005453402768509,0.7001156398201664,0.33679494567169327,0.5741895076812352
8084,0.1765876104734586,0.9526248286595346,0.6005453402768509,0.7001156398201664,0.33679494567169327,0.5741895076812352
8085,0.1765876104734586,0.9526248286595346,0.6005453402768509,0.7001156398201664,0.33679494567169327,0.5741895076812352
8086,0.1765876104734586,0.9526248286595346,0.6005453402768509,0.7001156398201664,0.33679494567169327,0.5741895076812352
8087,0.1765876104734586,0.9526248286595346,0.6005453402768509,0.7001156398201664,0.33679494567169327,0.5741895076812352
8088,0.18218147909356752,0.9751658741892973,0.614520038290361,0.7149752115805517,0.3459011724794576,0.5804851384088202
8089,0.18218147909356752,0.9751658741892973,0.614520038290361,0.7149752115805517,0.3459011724794576,0.5804851384088202
8090,0.18218147909356752,0.9751658741892973,0.614520038290361,0.7149752115805517,0.3459011724794576,0.5804851384088202
8091,0.18218147909356752,0.9751658741892973,0.614520038290361,0.7149752115805517,0.3459011724794576,0.5804851384088202
8092,0.18218147909356752,0.9751658741892973,0.614520038290361,0.7149752115805517,0.3459011724794576,0.5804851384088202
8093,0.18218147909356752,0.9751658741892973,0.614520038290361,0.7149752115805517,0.3459011724794576,0.5804851384088202
8094,0.18218147909356752,0.9751658741892973,0.614520038290361,0.7149752115805517,0.3459011724794576,0.5804851384088202
8095,0.18218147909356752,0.9751658741892973,0.614520038290361,0.7149752115805517,0.3459011724794576,0.5804851384088202
8096,0.18218147909356752,0.9751658741892973,0.614520038290361,0.7149752115805517,0.3459011724794576,0.5804851384088202
8097,0.18218147909356752,0.9751658741892973,0.614520038290361,0.7149752115805517,0.3459011724794576,0.5804851384088202
8098,0.18218147909356752,0.9751658741892973,0.614520038290361,0.7149752115805517,0.3459011724794576,0.5804851384088202
8099,0.18218147909356752,0.9751658741892973,0.614520038290361,0.7149752115805517,0.3459011724794576,0.5804851384088202
8100,0.18218147909356752,0.9751658741892973,0.614520038290361,0.7149752115805517,0.3459011724794576,0.5804851384088202
8101,0.18218147909356752,0.9751658741892973,0.614520038290361,0.7149752115805517,0.3459011724794576,0.5804851384088202
8102,0.18218147909356752,0.9751658741892973,0.614520038290361,0.7149752115805517,0.3459011724794576,0.5804851384088202
8103,0.18218147909356752,0.9751658741892973,0.614520038290361,0.7149752115805517,0.3459011724794576,0.5804851384088202
8104,0.18218147909356752,0.9751658741892973,0.614520038290361,0.7149752115805517,0.3459011724794576,0.5804851384088202
8105,0.18218147909356752,0.9751658741892973,0.614520038290361,0.7149752115805517,0.3459011724794576,0.5804851384088202
8106,0.18218147909356752,0.9751658741892973,0.614520038290361,0.7149752115805517,0.3459011724794576,0.5804851384088202
8107,0.18218147909356752,0.9751658741892973,0.614520038290361,0.7149752115805517,0.3459011724794576,0.5804851384088202
8108,0.18218147909356752,0.9751658741892973,0.614520038290361,0.7149752115805517,0.3459011724794576,0.5804851384088202
8109,0.18218147909356752,0.9751658741892973,0.614520038290361,0.7149752115805517,0.3459011724794576,0.5804851384088202
8110,0.18218147909356752,0.9751658741892973,0.614520038290361,0.7149752115805517,0.3459011724794576,0.5804851384088202
8111,0.18218147909356752,0.9751658741892973,0.614520038290361,0.7149752115805517,0.3459011724794576,0.5804851384088202
8112,0.18759814723857912,0.9974403621957949,0.6284636184300111,0.7298046710241252,0.3548432579378738,0.5866879614477176
8113,0.18759814723857912,0.9974403621957949,0.6284636184300111,0.7298046710241252,0.3548432579378738,0.5866879614477176
8114,0.18759814723857912,0.9974403621957949,0.6284636184300111,0.7298046710241252,0.3548432579378738,0.5866879614477176
8115,0.18759814723857912,0.9974403621957949,0.6284636184300111,0.7298046710241252,0.3548432579378738,0.5866879614477176
8116,0.18759814723857912,0.9974403621957949,0.6284636184300111,0.7298046710241252,0.3548432579378738,0.5866879614477176
8117,0.18759814723857912,0.9974403621957949,0.6284636184300111,0.7298046710241252,0.3548432579378738,0.5866879614477176
8118,0.18759814723857912,0.9974403621957949,0.6284636184300111,0.7298046710241252,0.3548432579378738,0.5866879614477176
8119,0.18759814723857912,0.9974403621957949,0.6284636184300111,0.7298046710241252,0.3548432579378738,0.5866879614477176
8120,0.18759814723857912,0.9974403621957949,0.6284636184300111,0.7298046710241252,0.3548432579378738,0.5866879614477176
8121,0.18759814723857912,0.9974403621957949,0.6284636184300111,0.7298046710241252,0.3548432579378738,0.5866879614477176
8122,0.18759814723857912,0.9974403621957949,0.6284636184300111,0.7298046710241252,0.3548432579378738,0.5866879614477176
8123,0.18759814723857912,0.9974403621957949,0.6284636184300111,0.7298046710241252,0.3548432579378738,0.5866879614477176
8124,0.18759814723857912,0.9974403621957949,0.6284636184300111,0.7298046710241252,0.3548432579378738,0.5866879614477176
8125,0.18759814723857912,0.9974403621957949,0.6284636184300111,0.7298046710241252,0.3548432579378738,0.5866879614477176
8126,0.18759814723857912,0.9974403621957949,0.6284636184300111,0.7298046710241252,0.3548432579378738,0.5866879614477176
8127,0.18759814723857912,0.9974403621957949,0.6284636184300111,0.7298046710241252,0.3548432579378738,0.5866879614477176
8128,0.18759814723857912,0.9974403621957949,0.6284636184300111,0.7298046710241252,0.3548432579378738,0.5866879614477176
8129,0.18759814723857912,0.9974403621957949,0.6284636184300111,0.7298046710241252,0.3548432579378738,0.5866879614477176
8130,0.18759814723857912,0.9974403621957949,0.6284636184300111,0.7298046710241252,0.3548432579378738,0.5866879614477176
8131,0.18759814723857912,0.9974403621957949,0.6284636184300111,0.7298046710241252,0.3548432579378738,0.5866879614477176
8132,0.18759814723857912,0.9974403621957949,0.6284636184300111,0.7298046710241252,0.3548432579378738,0.5866879614477176
8133,0.18759814723857912,0.9974403621957949,0.6284636184300111,0.7298046710241252,0.3548432579378738,0.5866879614477176
8134,0.18759814723857912,0.9974403621957949,0.6284636184300111,0.7298046710241252,0.3548432579378738,0.5866879614477176
8135,0.18759814723857912,0.9974403621957949,0.6284636184300111,0.7298046710241252,0.3548432579378738,0.5866879614477176
8136,0.19195327721990532,0.9996038079552317,0.6375011832192609,0.7404161329509572,0.36053033351328456,0.5911098913551791
8137,0.19195327721990532,0.9996038079552317,0.6375011832192609,0.7404161329509572,0.36053033351328456,0.5911098913551791
8138,0.19195327721990532,0.9996038079552317,0.6375011832192609,0.7404161329509572,0.36053033351328456,0.5911098913551791
8139,0.19195327721990532,0.9996038079552317,0.6375011832192609,0.7404161329509572,0.36053033351328456,0.5911098913551791
8140,0.19195327721990532,0.9996038079552317,0.6375011832192609,0.7404161329509572,0.36053033351328456,0.5911098913551791
8141,0.19195327721990532,0.9996038079552317,0.6375011832192609,0.7404161329509572,0.36053033351328456,0.5911098913551791
8142,0.19195327721990532,0.9996038079552317,0.6375011832192609,0.7404161329509572,0.36053033351328456,0.5911098913551791
8143,0.19195327721990532,0.9996038079552317,0.6375011832192609,0.7404161329509572,0.36053033351328456,0.5911098913551791
8144,0.19195327721990532,0.9996038079552317,0.6375011832192609,0.7404161329509572,0.36053033351328456,0.5911098913551791
8145,0.19195327721990532,0.9996038079552317,0.6375011832192609,0.7404161329509572,0.36053033351328456,0.5911098913551791
8146,0.19195327721990532,0.9996038079552317,0.6375011832192609,0.7404161329509572,0.36053033351328456,0.5911098913551791
8147,0.19195327721990532,0.9996038079552317,0.6375011832192609,0.7404161329509572,0.36053033351328456,0.5911098913551791
8148,0.19195327721990532,0.9996038079552317,0.6375011832192609,0.7404161329509572,0.36053033351328456,0.5911098913551791
8149,0.19195327721990532,0.9996038079552317,0.6375011832192609,0.7404161329509572,0.36053033351328456,0.5911098913551791
8150,0.19195327721990532,0.9996038079552317,0.6375011832192609,0.7404161329509572,0.36053033351328456,0.5911098913551791
8151,0.19195327721990532,0.9996038079552317,0.6375011832192609,0.7404161329509572,0.36053033351328456,0.5911098913551791
8152,0.19195327721990532,0.9996038079552317,0.6375011832192609,0.7404161329509572,0.36053033351328456,0.5911098913551791
8153,0.19195327721990532,0.9996038079552317,0.6375011832192609,0.7404161329509572,0.36053033351328456,0.5911098913551791
8154,0.19195327721990532,0.9996038079552317,0.6375011832192609,0.7404161329509572,0.36053033351328456,0.5911098913551791
8155,0.19195327721990532,0.9996038079552317,0.6375011832192609,0.7404161329509572,0.36053033351328456,0.5911098913551791
8156,0.19195327721990532,0.9996038079552317,0.6375011832192609,0.7404161329509572,0.36053033351328456,0.5911098913551791
8157,0.19195327721990532,0.9996038079552317,0.6375011832192609,0.7404161329509572,0.36053033351328456,0.5911098913551791
8158,0.19195327721990532,0.9996038079552317,0.6375011832192609,0.7404161329509572,0.36053033351328456,0.5911098913551791
8159,0.19195327721990532,0.9996038079552317,0.6375011832192609,0.7404161329509572,0.36053033351328456,0.5911098913551791
8160,0.19609193979238213,0.9996081244017349,0.6439786193557314,0.7496583430728005,0.36508758408818154,0.5951026939548528
8161,0.19609193979238213,0.9996081244017349,0.6439786193557314,0.7496583430728005,0.36508758408818154,0.5951026939548528
8162,0.19609193979238213,0.9996081244017349,0.6439786193557314,0.7496583430728005,0.36508758408818154,0.5951026939548528
8163,0.19609193979238213,0.9996081244017349,0.6439786193557314,0.7496583430728005,0.36508758408818154,0.5951026939548528
8164,0.19609193979238213,0.9996081244017349,0.6439786193557314,0.7496583430728005,0.36508758408818154,0.5951026939548528
8165,0.19609193979238213,0.9996081244017349,0.6439786193557314,0.7496583430728005,0.36508758408818154,0.5951026939548528
8166,0.19609193979238213,0.9996081244017349,0.6439786193557314,0.7496583430728005,0.36508758408818154,0.5951026939548528
8167,0.19609193979238213,0.9996081244017349,0.6439786193557314,0.7496583430728005,0.36508758408818154,0.5951026939548528
8168,0.19609193979238213,0.9996081244017349,0.6439786193557314,0.7496583430728005,0.36508758408818154,0.5951026939548528
8169,0.19609193979238213,0.9996081244017349,0.6439786193557314,0.7496583430728005,0.36508758408818154,0.5951026939548528
8170,0.19609193979238213,0.9996081244017349,0.6439786193557314,0.7496583430728005,0.36508758408818154,0.5951026939548528
8171,0.19609193979238213,0.9996081244017349,0.6439786193557314,0.7496583430728005,0.36508758408818154,0.5951026939548528
8172,0.19609193979238213,0.9996081244017349,0.6439786193557314,0.7496583430728005,0.36508758408818154,0.5951026939548528
8173,0.19609193979238213,0.9996081244017349,0.6439786193557314,0.7496583430728005,0.36508758408818154,0.5951026939548528
8174,0.19609193979238213,0.9996081244017349,0.6439786193557314,0.7496583430728005,0.36508758408818154,0.5951026939548528
8175,0.19609193979238213,0.9996081244017349,0.6439786193557314,0.7496583430728005,0.36508758408818154,0.5951026939548528
8176,0.19609193979238213,0.9996081244017349,0.6439786193557314,0.7496583430728005,0.36508758408818154,0.5951026939548528
8177,0.19609193979238213,0.9996081244017349,0.6439786193557314,0.7496583430728005,0.36508758408818154,0.5951026939548528
8178,0.19609193979238213,0.9996081244017349,0.6439786193557314,0.7496583430728005,0.36508758408818154,0.5951026939548528
8179,0.19609193979238213,0.9996081244017349,0.6439786193557314,0.7496583430728005,0.36508758408818154,0.5951026939548528
8180,0.19609193979238213,0.9996081244017349,0.6439786193557314,0.7496583430728005,0.36508758408818154,0.5951026939548528
8181,0.19609193979238213,0.9996081244017349,0.6439786193557314,0.7496583430728005,0.36508758408818154,0.5951026939548528
8182,0.19609193979238213,0.9996081244017349,0.6439786193557314,0.7496583430728005,0.36508758408818154,0.5951026939548528
8183,0.19609193979238213,0.9996081244017349,0.6439786193557314,0.7496583430728005,0.36508758408818154,0.5951026939548528
8184,0.2015113305562031,0.9996145699338711,0.655167314266018,0.7625218183095893,0.37278762622188993,0.6007922688018458
8185,0.2015113305562031,0.9996145699338711,0.655167314266018,0.7625218183095893,0.37278762622188993,0.6007922688018458
8186,0.2015113305562031,0.9996145699338711,0.655167314266018,0.7625218183095893,0.37278762622188993,0.6007922688018458
8187,0.2015113305562031,0.9996145699338711,0.655167314266018,0.7625218183095893,0.37278762622188993,0.6007922688018458
8188,0.2015113305562031,0.9996145699338711,0.655167314266018,0.7625218183095893,0.37278762622188993,0.6007922688018458
8189,0.2015113305562031,0.9996145699338711,0.655167314266018,0.7625218183095893,0.37278762622188993,0.6007922688018458
8190,0.2015113305562031,0.9996145699338711,0.655167314266018,0.7625218183095893,0.37278762622188993,0.6007922688018458
8191,0.2015113305562031,0.9996145699338711,0.655167314266018,0.7625218183095893,0.37278762622188993,0.6007922688018458
8192,0.2015113305562031,0.9996145699338711,0.655167314266018,0.7625218183095893,0.37278762622188993,0.6007922688018458
8193,0.2015113305562031,0.9996145699338711,0.655167314266018,0.7625218183095893,0.37278762622188993,0.6007922688018458
8194,0.2015113305562031,0.9996145699338711,0.655167314266018,0.7625218183095893,0.37278762622188993,0.6007922688018458
8195,0.2015113305562031,0.9996145699338711,0.655167314266018,0.7625218183095893,0.37278762622188993,0.6007922688018458
8196,0.2015113305562031,0.9996145699338711,0.655167314266018,0.7625218183095893,0.37278762622188993,0.6007922688018458
8197,0.2015113305562031,0.9996145699338711,0.655167314266018,0.7625218183095893,0.37278762622188993,0.6007922688018458
8198,0.2015113305562031,0.9996145699338711,0.655167314266018,0.7625218183095893,0.37278762622188993,0.6007922688018458
8199,0.2015113305562031,0.9996145699338711,0.655167314266018,0.7625218183095893,0.37278762622188993,0.6007922688018458
8200,0.2015113305562031,0.9996145699338711,0.655167314266018,0.7625218183095893,0.37278762622188993,0.6007922688018458
8201,0.2015113305562031,0.9996145699338711,0.655167314266018,0.7625218183095893,0.37278762622188993,0.6007922688018458
8202,0.2015113305562031,0.9996145699338711,0.655167314266018,0.7625218183095893,0.37278762622188993,0.6007922688018458
8203,0.2015113305562031,0.9996145699338711,0.655167314266018,0.7625218183095893,0.37278762622188993,0.6007922688018458
8204,0.2015113305562031,0.9996145699338711,0.655167314266018,0.7625218183095893,0.37278762622188993,0.6007922688018458
8205,0.2015113305562031,0.9996145699338711,0.655167314266018,0.7625218183095893,0.37278762622188993,0.6007922688018458
8206,0.2015113305562031,0.9996145699338711,0.655167314266018,0.7625218183095893,0.37278762622188993,0.6007922688018458
8207,0.2015113305562031,0.9996145699338711,0.655167314266018,0.7625218183095893,0.37278762622188993,0.6007922688018458
8208,0.20688244434542388,0.9996211822386765,0.6670689248918295,0.7757758492442832,0.38071353358233884,0.6065539191817664
8209,0.20688244434542388,0.9996211822386765,0.6670689248918295,0.7757758492442832,0.38071353358233884,0.6065539191817664
8210,0.20688244434542388,0.9996211822386765,0.6670689248918295,0.7757758492442832,0.38071353358233884,0.6065539191817664
8211,0.20688244434542388,0.9996211822386765,0.6670689248918295,0.7757758492442832,0.38071353358233884,0.6065539191817664
8212,0.20688244434542388,0.9996211822386765,0.6670689248918295,0.7757758492442832,0.38071353358233884,0.6065539191817664
8213,0.20688244434542388,0.9996211822386765,0.6670689248918295,0.7757758492442832,0.38071353358233884,0.6065539191817664
8214,0.20688244434542388,0.9996211822386765,0.6670689248918295,0.7757758492442832,0.38071353358233884,0.6065539191817664
8215,0.20688244434542388,0.9996211822386765,0.6670689248918295,0.7757758492442832,0.38071353358233884,0.6065539191817664
8216,0.20688244434542388,0.9996211822386765,0.6670689248918295,0.7757758492442832,0.38071353358233884,0.6065539191817664
8217,0.20688244434542388,0.9996211822386765,0.6670689248918295,0.7757758492442832,0.38071353358233884,0.6065539191817664
8218,0.20688244434542388,0.9996211822386765,0.6670689248918295,0.7757758492442832,0.38071353358233884,0.6065539191817664
8219,0.20688244434542388,0.9996211822386765,0.6670689248918295,0.7757758492442832,0.38071353358233884,0.6065539191817664
8220,0.20688244434542388,0.9996211822386765,0.6670689248918295,0.7757758492442832,0.38071353358233884,0.6065539191817664
8221,0.20688244434542388,0.9996211822386765,0.6670689248918295,0.7757758492442832,0.38071353358233884,0.6065539191817664
8222,0.20688244434542388,0.9996211822386765,0.6670689248918295,0.7757758492442832,0.38071353358233884,0.6065539191817664
8223,0.20688244434542388,0.9996211822386765,0.6670689248918295,0.7757758492442832,0.38071353358233884,0.6065539191817664
8224,0.20688244434542388,0.9996211822386765,0.6670689248918295,0.7757758492442832,0.38071353358233884,0.6065539191817664
8225,0.20688244434542388,0.9996211822386765,0.6670689248918295,0.7757758492442832,0.38071353358233884,0.6065539191817664
8226,0.20688244434542388,0.9996211822386765,0.6670689248918295,0.7757758492442832,0.38071353358233884,0.6065539191817664
8227,0.20688244434542388,0.9996211822386765,0.6670689248918295,0.7757758492442832,0.38071353358233884,0.6065539191817664
8228,0.20688244434542388,0.9996211822386765,0.6670689248918295,0.7757758492442832,0.38071353358233884,0.6065539191817664
8229,0.20688244434542388,0.9996211822386765,0.6670689248918295,0.7757758492442832,0.38071353358233884,0.6065539191817664
8230,0.20688244434542388,0.9996211822386765,0.6670689248918295,0.7757758492442832,0.38071353358233884,0.6065539191817664
8231,0.20688244434542388,0.9996211822386765,0.6670689248918295,0.7757758492442832,0.38071353358233884,0.6065539191817664
8232,0.21221136483803604,0.9996276104975492,0.678346770412456,0.7886666423886011,0.388376214518337,0.6121948575954952
8233,0.21221136483803604,0.9996276104975492,0.678346770412456,0.7886666423886011,0.388376214518337,0.6121948575954952
8234,0.21221136483803604,0.9996276104975492,0.678346770412456,0.7886666423886011,0.388376214518337,0.6121948575954952
8235,0.21221136483803604,0.9996276104975492,0.678346770412456,0.7886666423886011,0.388376214518337,0.6121948575954952
8236,0.21221136483803604,0.9996276104975492,0.678346770412456,0.7886666423886011,0.388376214518337,0.6121948575954952
8237,0.21221136483803604,0.9996276104975492,0.678346770412456,0.7886666423886011,0.388376214518337,0.6121948575954952
8238,0.21221136483803604,0.9996276104975492,0.678346770412456,0.7886666423886011,0.388376214518337,0.6121948575954952
8239,0.21221136483803604,0.9996276104975492,0.678346770412456,0.7886666423886011,0.388376214518337,0.6121948575954952
8240,0.21221136483803604,0.9996276104975492,0.678346770412456,0.7886666423886011,0.388376214518337,0.6121948575954952
8241,0.21221136483803604,0.9996276104975492,0.678346770412456,0.7886666423886011,0.388376214518337,0.6121948575954952
8242,0.21221136483803604,0.9996276104975492,0.678346770412456,0.7886666423886011,0.388376214518337,0.6121948575954952
8243,0.21221136483803604,0.9996276104975492,0.678346770412456,0.7886666423886011,0.388376214518337,0.6121948575954952
8244,0.21221136483803604,0.9996276104975492,0.678346770412456,0.7886666423886011,0.388376214518337,0.6121948575954952
8245,0.21221136483803604,0.9996276104975492,0.678346770412456,0.7886666423886011,0.388376214518337,0.6121948575954952
8246,0.21221136483803604,0.9996276104975492,0.678346770412456,0.7886666423886011,0.388376214518337,0.6121948575954952
8247,0.21221136483803604,0.9996276104975492,0.678346770412456,0.7886666423886011,0.388376214518337,0.6121948575954952
8248,0.21221136483803604,0.9996276104975492,0.678346770412456,0.7886666423886011,0.388376214518337,0.6121948575954952
8249,0.21221136483803604,0.9996276104975492,0.678346770412456,0.7886666423886011,0.388376214518337,0.6121948575954952
8250,0.21221136483803604,0.9996276104975492,0.678346770412456,0.7886666423886011,0.388376214518337,0.6121948575954952
8251,0.21221136483803604,0.9996276104975492,0.678346770412456,0.7886666423886011,0.388376214518337,0.6121948575954952
8252,0.21221136483803604,0.9996276104975492,0.678346770412456,0.7886666423886011,0.388376214518337,0.6121948575954952
8253,0.21221136483803604,0.9996276104975492,0.678346770412456,0.7886666423886011,0.388376214518337,0.6121948575954952
8254,0.21221136483803604,0.9996276104975492,0.678346770412456,0.7886666423886011,0.388376214518337,0.6121948575954952
8255,0.21221136483803604,0.9996276104975492,0.678346770412456,0.7886666423886011,0.388376214518337,0.6121948575954952
8256,0.21585523639676965,0.99963122974361,0.6835445830858938,0.7967370975862836,0.391902398553941,0.6156091209710169
8257,0.21585523639676965,0.99963122974361,0.6835445830858938,0.7967370975862836,0.391902398553941,0.6156091209710169
8258,0.21585523639676965,0.99963122974361,0.6835445830858938,0.7967370975862836,0.391902398553941,0.6156091209710169
8259,0.21585523639676965,0.99963122974361,0.6835445830858938,0.7967370975862836,0.391902398553941,0.6156091209710169
8260,0.21585523639676965,0.99963122974361,0.6835445830858938,0.7967370975862836,0.391902398553941,0.6156091209710169
8261,0.21585523639676965,0.99963122974361,0.6835445830858938,0.7967370975862836,0.391902398553941,0.6156091209710169
8262,0.21585523639676965,0.99963122974361,0.6835445830858938,0.7967370975862836,0.391902398553941,0.6156091209710169
8263,0.21585523639676965,0.99963122974361,0.6835445830858938,0.7967370975862836,0.391902398553941,0.6156091209710169
8264,0.21585523639676965,0.99963122974361,0.6835445830858938,0.7967370975862836,0.391902398553941,0.6156091209710169
8265,0.21585523639676965,0.99963122974361,0.6835445830858938,0.7967370975862836,0.391902398553941,0.6156091209710169
8266,0.21585523639676965,0.99963122974361,0.6835445830858938,0.7967370975862836,0.391902398553941,0.6156091209710169
8267,0.21585523639676965,0.99963122974361,0.6835445830858938,0.7967370975862836,0.391902398553941,0.6156091209710169
8268,0.21585523639676965,0.99963122974361,0.6835445830858938,0.7967370975862836,0.391902398553941,0.6156091209710169
8269,0.21585523639676965,0.99963122974361,0.6835445830858938,0.7967370975862836,0.391902398553941,0.6156091209710169
8270,0.21585523639676965,0.99963122974361,0.6835445830858938,0.7967370975862836,0.391902398553941,0.6156091209710169
8271,0.21585523639676965,0.99963122974361,0.6835445830858938,0.7967370975862836,0.391902398553941,0.6156091209710169
8272,0.21585523639676965,0.99963122974361,0.6835445830858938,0.7967370975862836,0.391902398553941,0.6156091209710169
8273,0.21585523639676965,0.99963122974361,0.6835445830858938,0.7967370975862836,0.391902398553941,0.6156091209710169
8274,0.21585523639676965,0.99963122974361,0.6835445830858938,0.7967370975862836,0.391902398553941,0.6156091209710169
8275,0.21585523639676965,0.99963122974361,0.6835445830858938,0.7967370975862836,0.391902398553941,0.6156091209710169
8276,0.21585523639676965,0.99963122974361,0.6835445830858938,0.7967370975862836,0.391902398553941,0.6156091209710169
8277,0.21585523639676965,0.99963122974361,0.6835445830858938,0.7967370975862836,0.391902398553941,0.6156091209710169
8278,0.21585523639676965,0.99963122974361,0.6835445830858938,0.7967370975862836,0.391902398553941,0.6156091209710169
8279,0.21585523639676965,0.99963122974361,0.6835445830858938,0.7967370975862836,0.391902398553941,0.6156091209710169
8280,0.212839761860658,0.9996271775702105,0.6761364593091015,0.7898657457794651,0.3857944805344014,0.612117786723139
8281,0.212839761860658,0.9996271775702105,0.6761364593091015,0.7898657457794651,0.3857944805344014,0.612117786723139
8282,0.212839761860658,0.9996271775702105,0.6761364593091015,0.7898657457794651,0.3857944805344014,0.612117786723139
8283,0.212839761860658,0.9996271775702105,0.6761364593091015,0.7898657457794651,0.3857944805344014,0.612117786723139
8284,0.212839761860658,0.9996271775702105,0.6761364593091015,0.7898657457794651,0.3857944805344014,0.612117786723139
8285,0.212839761860658,0.9996271775702105,0.6761364593091015,0.7898657457794651,0.3857944805344014,0.612117786723139
8286,0.212839761860658,0.9996271775702105,0.6761364593091015,0.7898657457794651,0.3857944805344014,0.612117786723139
8287,0.212839761860658,0.9996271775702105,0.6761364593091015,0.7898657457794651,0.3857944805344014,0.612117786723139
8288,0.212839761860658,0.9996271775702105,0.6761364593091015,0.7898657457794651,0.3857944805344014,0.612117786723139
8289,0.212839761860658,0.9996271775702105,0.6761364593091015,0.7898657457794651,0.3857944805344014,0.612117786723139
8290,0.212839761860658,0.9996271775702105,0.6761364593091015,0.7898657457794651,0.3857944805344014,0.612117786723139
8291,0.212839761860658,0.9996271775702105,0.6761364593091015,0.7898657457794651,0.3857944805344014,0.612117786723139
8292,0.212839761860658,0.9996271775702105,0.6761364593091015,0.7898657457794651,0.3857944805344014,0.612117786723139
8293,0.212839761860658,0.9996271775702105,0.6761364593091015,0.7898657457794651,0.3857944805344014,0.612117786723139
8294,0.212839761860658,0.9996271775702105,0.6761364593091015,0.7898657457794651,0.3857944805344014,0.612117786723139
8295,0.212839761860658,0.9996271775702105,0.6761364593091015,0.7898657457794651,0.3857944805344014,0.612117786723139
8296,0.212839761860658,0.9996271775702105,0.6761364593091015,0.7898657457794651,0.3857944805344014,0.612117786723139
8297,0.212839761860658,0.9996271775702105,0.6761364593091015,0.7898657457794651,0.3857944805344014,0.612117786723139
8298,0.212839761860658,0.9996271775702105,0.6761364593091015,0.7898657457794651,0.3857944805344014,0.612117786723139
8299,0.212839761860658,0.9996271775702105,0.6761364593091015,0.7898657457794651,0.3857944805344014,0.612117786723139
8300,0.212839761860658,0.9996271775702105,0.6761364593091015,0.7898657457794651,0.3857944805344014,0.612117786723139
8301,0.212839761860658,0.9996271775702105,0.6761364593091015,0.7898657457794651,0.3857944805344014,0.612117786723139
8302,0.212839761860658,0.9996271775702105,0.6761364593091015,0.7898657457794651,0.3857944805344014,0.612117786723139
8303,0.212839761860658,0.9996271775702105,0.6761364593091015,0.7898657457794651,0.3857944805344014,0.612117786723139
8304,0.2115062940380141,0.9996254080687549,0.6729313747312452,0.7868778331275434,0.38321859977124,0.6105883431626609
8305,0.2115062940380141,0.9996254080687549,0.6729313747312452,0.7868778331275434,0.38321859977124,0.6105883431626609
8306,0.2115062940380141,0.9996254080687549,0.6729313747312452,0.7868778331275434,0.38321859977124,0.6105883431626609
8307,0.2115062940380141,0.9996254080687549,0.6729313747312452,0.7868778331275434,0.38321859977124,0.6105883431626609
8308,0.2115062940380141,0.9996254080687549,0.6729313747312452,0.7868778331275434,0.38321859977124,0.6105883431626609
8309,0.2115062940380141,0.9996254080687549,0.6729313747312452,0.7868778331275434,0.38321859977124,0.6105883431626609
8310,0.2115062940380141,0.9996254080687549,0.6729313747312452,0.7868778331275434,0.38321859977124,0.6105883431626609
8311,0.2115062940380141,0.9996254080687549,0.6729313747312452,0.7868778331275434,0.38321859977124,0.6105883431626609
8312,0.2115062940380141,0.9996254080687549,0.6729313747312452,0.7868778331275434,0.38321859977124,0.6105883431626609
8313,0.2115062940380141,0.9996254080687549,0.6729313747312452,0.7868778331275434,0.38321859977124,0.6105883431626609
8314,0.2115062940380141,0.9996254080687549,0.6729313747312452,0.7868778331275434,0.38321859977124,0.6105883431626609
8315,0.2115062940380141,0.9996254080687549,0.6729313747312452,0.7868778331275434,0.38321859977124,0.6105883431626609
8316,0.2115062940380141,0.9996254080687549,0.6729313747312452,0.7868778331275434,0.38321859977124,0.6105883431626609
8317,0.2115062940380141,0.9996254080687549,0.6729313747312452,0.7868778331275434,0.38321859977124,0.6105883431626609
8318,0.2115062940380141,0.9996254080687549,0.6729313747312452,0.7868778331275434,0.38321859977124,0.6105883431626609
8319,0.2115062940380141,0.9996254080687549,0.6729313747312452,0.7868778331275434,0.38321859977124,0.6105883431626609
8320,0.2115062940380141,0.9996254080687549,0.6729313747312452,0.7868778331275434,0.38321859977124,0.6105883431626609
8321,0.2115062940380141,0.9996254080687549,0.6729313747312452,0.7868778331275434,0.38321859977124,0.6105883431626609
8322,0.2115062940380141,0.9996254080687549,0.6729313747312452,0.7868778331275434,0.38321859977124,0.6105883431626609
8323,0.2115062940380141,0.9996254080687549,0.6729313747312452,0.7868778331275434,0.38321859977124,0.6105883431626609
8324,0.2115062940380141,0.9996254080687549,0.6729313747312452,0.7868778331275434,0.38321859977124,0.6105883431626609
8325,0.2115062940380141,0.9996254080687549,0.6729313747312452,0.7868778331275434,0.38321859977124,0.6105883431626609
8326,0.2115062940380141,0.9996254080687549,0.6729313747312452,0.7868778331275434,0.38321859977124,0.6105883431626609
8327,0.2115062940380141,0.9996254080687549,0.6729313747312452,0.7868778331275434,0.38321859977124,0.6105883431626609
8328,0.2113449880075153,0.9996251880003477,0.6725804533581575,0.7864555568381619,0.3829402491949822,0.6103726366469863
8329,0.2113449880075153,0.9996251880003477,0.6725804533581575,0.7864555568381619,0.3829402491949822,0.6103726366469863
8330,0.2113449880075153,0.9996251880003477,0.6725804533581575,0.7864555568381619,0.3829402491949822,0.6103726366469863
8331,0.2113449880075153,0.9996251880003477,0.6725804533581575,0.7864555568381619,0.3829402491949822,0.6103726366469863
8332,0.2113449880075153,0.9996251880003477,0.6725804533581575,0.7864555568381619,0.3829402491949822,0.6103726366469863
8333,0.2113449880075153,0.9996251880003477,0.6725804533581575,0.7864555568381619,0.3829402491949822,0.6103726366469863
8334,0.2113449880075153,0.9996251880003477,0.6725804533581575,0.7864555568381619,0.3829402491949822,0.6103726366469863
8335,0.2113449880075153,0.9996251880003477,0.6725804533581575,0.7864555568381619,0.3829402491949822,0.6103726366469863
8336,0.2113449880075153,0.9996251880003477,0.6725804533581575,0.7864555568381619,0.3829402491949822,0.6103726366469863
8337,0.2113449880075153,0.9996251880003477,0.6725804533581575,0.7864555568381619,0.3829402491949822,0.6103726366469863
8338,0.2113449880075153,0.9996251880003477,0.6725804533581575,0.7864555568381619,0.3829402491949822,0.6103726366469863
8339,0.2113449880075153,0.9996251880003477,0.6725804533581575,0.7864555568381619,0.3829402491949822,0.6103726366469863
8340,0.2113449880075153,0.9996251880003477,0.6725804533581575,0.7864555568381619,0.3829402491949822,0.6103726366469863
8341,0.2113449880075153,0.9996251880003477,0.6725804533581575,0.7864555568381619,0.3829402491949822,0.6103726366469863
8342,0.2113449880075153,0.9996251880003477,0.6725804533581575,0.7864555568381619,0.3829402491949822,0.6103726366469863
8343,0.2113449880075153,0.9996251880003477,0.6725804533581575,0.7864555568381619,0.3829402491949822,0.6103726366469863
8344,0.2113449880075153,0.9996251880003477,0.6725804533581575,0.7864555568381619,0.3829402491949822,0.6103726366469863
8345,0.2113449880075153,0.9996251880003477,0.6725804533581575,0.7864555568381619,0.3829402491949822,0.6103726366469863
8346,0.2113449880075153,0.9996251880003477,0.6725804533581575,0.7864555568381619,0.3829402491949822,0.6103726366469863
8347,0.2113449880075153,0.9996251880003477,0.6725804533581575,0.7864555568381619,0.3829402491949822,0.6103726366469863
8348,0.2113449880075153,0.9996251880003477,0.6725804533581575,0.7864555568381619,0.3829402491949822,0.6103726366469863
8349,0.2113449880075153,0.9996251880003477,0.6725804533581575,0.7864555568381619,0.3829402491949822,0.6103726366469863
8350,0.2113449880075153,0.9996251880003477,0.6725804533581575,0.7864555568381619,0.3829402491949822,0.6103726366469863
8351,0.2113449880075153,0.9996251880003477,0.6725804533581575,0.7864555568381619,0.3829402491949822,0.6103726366469863
8352,0.21191553723035095,0.9996260284107014,0.6741119467672245,0.7879758959899666,0.38416028899690846,0.6111342818967845
8353,0.21191553723035095,0.9996260284107014,0.6741119467672245,0.7879758959899666,0.38416028899690846,0.6111342818967845
8354,0.21191553723035095,0.9996260284107014,0.6741119467672245,0.7879758959899666,0.38416028899690846,0.6111342818967845
8355,0.21191553723035095,0.9996260284107014,0.6741119467672245,0.7879758959899666,0.38416028899690846,0.6111342818967845
8356,0.21191553723035095,0.9996260284107014,0.6741119467672245,0.7879758959899666,0.38416028899690846,0.6111342818967845
8357,0.21191553723035095,0.9996260284107014,0.6741119467672245,0.7879758959899666,0.38416028899690846,0.6111342818967845
8358,0.21191553723035095,0.9996260284107014,0.6741119467672245,0.7879758959899666,0.38416028899690846,0.6111342818967845
8359,0.21191553723035095,0.9996260284107014,0.6741119467672245,0.7879758959899666,0.38416028899690846,0.6111342818967845
8360,0.21191553723035095,0.9996260284107014,0.6741119467672245,0.7879758959899666,0.38416028899690846,0.6111342818967845
8361,0.21191553723035095,0.9996260284107014,0.6741119467672245,0.7879758959899666,0.38416028899690846,0.6111342818967845
8362,0.21191553723035095,0.9996260284107014,0.6741119467672245,0.7879758959899666,0.38416028899690846,0.6111342818967845
8363,0.21191553723035095,0.9996260284107014,0.6741119467672245,0.7879758959899666,0.38416028899690846,0.6111342818967845
8364,0.21191553723035095,0.9996260284107014,0.6741119467672245,0.7879758959899666,0.38416028899690846,0.6111342818967845
8365,0.21191553723035095,0.9996260284107014,0.6741119467672245,0.7879758959899666,0.38416028899690846,0.6111342818967845
8366,0.21191553723035095,0.9996260284107014,0.6741119467672245,0.7879758959899666,0.38416028899690846,0.6111342818967845
8367,0.21191553723035095,0.9996260284107014,0.6741119467672245,0.7879758959899666,0.38416028899690846,0.6111342818967845
8368,0.21191553723035095,0.9996260284107014,0.6741119467672245,0.7879758959899666,0.38416028899690846,0.6111342818967845
8369,0.21191553723035095,0.9996260284107014,0.6741119467672245,0.7879758959899666,0.38416028899690846,0.6111342818967845
8370,0.21191553723035095,0.9996260284107014,0.6741119467672245,0.7879758959899666,0.38416028899690846,0.6111342818967845
8371,0.21191553723035095,0.9996260284107014,0.6741119467672245,0.7879758959899666,0.38416028899690846,0.6111342818967845
8372,0.21191553723035095,0.9996260284107014,0.6741119467672245,0.7879758959899666,0.38416028899690846,0.6111342818967845
8373,0.21191553723035095,0.9996260284107014,0.6741119467672245,0.7879758959899666,0.38416028899690846,0.6111342818967845
8374,0.21191553723035095,0.9996260284107014,0.6741119467672245,0.7879758959899666,0.38416028899690846,0.6111342818967845
8375,0.21191553723035095,0.9996260284107014,0.6741119467672245,0.7879758959899666,0.38416028899690846,0.6111342818967845
8376,0.2159929641810385,0.9996311842659091,0.683796697389686,0.7968546065596464,0.39193097744654276,0.6154926377719286
8377,0.2159929641810385,0.9996311842659091,0.683796697389686,0.7968546065596464,0.39193097744654276,0.6154926377719286
8378,0.2159929641810385,0.9996311842659091,0.683796697389686,0.7968546065596464,0.39193097744654276,0.6154926377719286
8379,0.2159929641810385,0.9996311842659091,0.683796697389686,0.7968546065596464,0.39193097744654276,0.6154926377719286
8380,0.2159929641810385,0.9996311842659091,0.683796697389686,0.7968546065596464,0.39193097744654276,0.6154926377719286
8381,0.2159929641810385,0.9996311842659091,0.683796697389686,0.7968546065596464,0.39193097744654276,0.6154926377719286
8382,0.2159929641810385,0.9996311842659091,0.683796697389686,0.7968546065596464,0.39193097744654276,0.6154926377719286
8383,0.2159929641810385,0.9996311842659091,0.683796697389686,0.7968546065596464,0.39193097744654276,0.6154926377719286
8384,0.2159929641810385,0.9996311842659091,0.683796697389686,0.7968546065596464,0.39193097744654276,0.6154926377719286
8385,0.2159929641810385,0.9996311842659091,0.683796697389686,0.7968546065596464,0.39193097744654276,0.6154926377719286
8386,0.2159929641810385,0.9996311842659091,0.683796697389686,0.7968546065596464,0.39193097744654276,0.6154926377719286
8387,0.2159929641810385,0.9996311842659091,0.683796697389686,0.7968546065596464,0.39193097744654276,0.6154926377719286
8388,0.2159929641810385,0.9996311842659091,0.683796697389686,0.7968546065596464,0.39193097744654276,0.6154926377719286
8389,0.2159929641810385,0.9996311842659091,0.683796697389686,0.7968546065596464,0.39193097744654276,0.6154926377719286
8390,0.2159929641810385,0.9996311842659091,0.683796697389686,0.7968546065596464,0.39193097744654276,0.6154926377719286
8391,0.2159929641810385,0.9996311842659091,0.683796697389686,0.7968546065596464,0.39193097744654276,0.6154926377719286
8392,0.2159929641810385,0.9996311842659091,0.683796697389686,0.7968546065596464,0.39193097744654276,0.6154926377719286
8393,0.2159929641810385,0.9996311842659091,0.683796697389686,0.7968546065596464,0.39193097744654276,0.6154926377719286
8394,0.2159929641810385,0.9996311842659091,0.683796697389686,0.7968546065596464,0.39193097744654276,0.6154926377719286
8395,0.2159929641810385,0.9996311842659091,0.683796697389686,0.7968546065596464,0.39193097744654276,0.6154926377719286
8396,0.2159929641810385,0.9996311842659091,0.683796697389686,0.7968546065596464,0.39193097744654276,0.6154926377719286
8397,0.2159929641810385,0.9996311842659091,0.683796697389686,0.7968546065596464,0.39193097744654276,0.6154926377719286
8398,0.2159929641810385,0.9996311842659091,0.683796697389686,0.7968546065596464,0.39193097744654276,0.6154926377719286
8399,0.2159929641810385,0.9996311842659091,0.683796697389686,0.7968546065596464,0.39193097744654276,0.6154926377719286
8400,0.21501515032254528,0.9996300048118782,0.681637296120516,0.7948973287309884,0.3901636228337595,0.6145297336493526
8401,0.21501515032254528,0.9996300048118782,0.681637296120516,0.7948973287309884,0.3901636228337595,0.6145297336493526
8402,0.21501515032254528,0.9996300048118782,0.681637296120516,0.7948973287309884,0.3901636228337595,0.6145297336493526
8403,0.21501515032254528,0.9996300048118782,0.681637296120516,0.7948973287309884,0.3901636228337595,0.6145297336493526
8404,0.21501515032254528,0.9996300048118782,0.681637296120516,0.7948973287309884,0.3901636228337595,0.6145297336493526
8405,0.21501515032254528,0.9996300048118782,0.681637296120516,0.7948973287309884,0.3901636228337595,0.6145297336493526
8406,0.21501515032254528,0.9996300048118782,0.681637296120516,0.7948973287309884,0.3901636228337595,0.6145297336493526
8407,0.21501515032254528,0.9996300048118782,0.681637296120516,0.7948973287309884,0.3901636228337595,0.6145297336493526
8408,0.21501515032254528,0.9996300048118782,0.681637296120516,0.7948973287309884,0.3901636228337595,0.6145297336493526
8409,0.21501515032254528,0.9996300048118782,0.681637296120516,0.7948973287309884,0.3901636228337595,0.6145297336493526
8410,0.21501515032254528,0.9996300048118782,0.681637296120516,0.7948973287309884,0.3901636228337595,0.6145297336493526
8411,0.21501515032254528,0.9996300048118782,0.681637296120516,0.7948973287309884,0.3901636228337595,0.6145297336493526
8412,0.21501515032254528,0.9996300048118782,0.681637296120516,0.7948973287309884,0.3901636228337595,0.6145297336493526
8413,0.21501515032254528,0.9996300048118782,0.681637296120516,0.7948973287309884,0.3901636228337595,0.6145297336493526
8414,0.21501515032254528,0.9996300048118782,0.681637296120516,0.7948973287309884,0.3901636228337595,0.6145297336493526
8415,0.21501515032254528,0.9996300048118782,0.681637296120516,0.7948973287309884,0.3901636228337595,0.6145297336493526
8416,0.21501515032254528,0.9996300048118782,0.681637296120516,0.7948973287309884,0.3901636228337595,0.6145297336493526
8417,0.21501515032254528,0.9996300048118782,0.681637296120516,0.7948973287309884,0.3901636228337595,0.6145297336493526
8418,0.21501515032254528,0.9996300048118782,0.681637296120516,0.7948973287309884,0.3901636228337595,0.6145297336493526
8419,0.21501515032254528,0.9996300048118782,0.681637296120516,0.7948973287309884,0.3901636228337595,0.6145297336493526
8420,0.21501515032254528,0.9996300048118782,0.681637296120516,0.7948973287309884,0.3901636228337595,0.6145297336493526
8421,0.21501515032254528,0.9996300048118782,0.681637296120516,0.7948973287309884,0.3901636228337595,0.6145297336493526
8422,0.21501515032254528,0.9996300048118782,0.681637296120516,0.7948973287309884,0.3901636228337595,0.6145297336493526
8423,0.21501515032254528,0.9996300048118782,0.681637296120516,0.7948973287309884,0.3901636228337595,0.6145297336493526
8424,0.2163546872816612,0.9996316869779408,0.6846917743995876,0.7977508833859632,0.3926685379682633,0.6159733185094368
8425,0.2163546872816612,0.9996316869779408,0.6846917743995876,0.7977508833859632,0.3926685379682633,0.6159733185094368
8426,0.2163546872816612,0.9996316869779408,0.6846917743995876,0.7977508833859632,0.3926685379682633,0.6159733185094368
8427,0.2163546872816612,0.9996316869779408,0.6846917743995876,0.7977508833859632,0.3926685379682633,0.6159733185094368
8428,0.2163546872816612,0.9996316869779408,0.6846917743995876,0.7977508833859632,0.3926685379682633,0.6159733185094368
8429,0.2163546872816612,0.9996316869779408,0.6846917743995876,0.7977508833859632,0.3926685379682633,0.6159733185094368
8430,0.2163546872816612,0.9996316869779408,0.6846917743995876,0.7977508833859632,0.3926685379682633,0.6159733185094368
8431,0.2163546872816612,0.9996316869779408,0.6846917743995876,0.7977508833859632,0.3926685379682633,0.6159733185094368
8432,0.2163546872816612,0.9996316869779408,0.6846917743995876,0.7977508833859632,0.3926685379682633,0.6159733185094368
8433,0.2163546872816612,0.9996316869779408,0.6846917743995876,0.7977508833859632,0.3926685379682633,0.6159733185094368
8434,0.2163546872816612,0.9996316869779408,0.6846917743995876,0.7977508833859632,0.3926685379682633,0.6159733185094368
8435,0.2163546872816612,0.9996316869779408,0.6846917743995876,0.7977508833859632,0.3926685379682633,0.6159733185094368
8436,0.2163546872816612,0.9996316869779408,0.6846917743995876,0.7977508833859632,0.3926685379682633,0.6159733185094368
8437,0.2163546872816612,0.9996316869779408,0.6846917743995876,0.7977508833859632,0.3926685379682633,0.6159733185094368
8438,0.2163546872816612,0.9996316869779408,0.6846917743995876,0.7977508833859632,0.3926685379682633,0.6159733185094368
8439,0.2163546872816612,0.9996316869779408,0.6846917743995876,0.7977508833859632,0.3926685379682633,0.6159733185094368
8440,0.2163546872816612,0.9996316869779408,0.6846917743995876,0.7977508833859632,0.3926685379682633,0.6159733185094368
8441,0.2163546872816612,0.9996316869779408,0.6846917743995876,0.7977508833859632,0.3926685379682633,0.6159733185094368
8442,0.2163546872816612,0.9996316869779408,0.6846917743995876,0.7977508833859632,0.3926685379682633,0.6159733185094368
8443,0.2163546872816612,0.9996316869779408,0.6846917743995876,0.7977508833859632,0.3926685379682633,0.6159733185094368
8444,0.2163546872816612,0.9996316869779408,0.6846917743995876,0.7977508833859632,0.3926685379682633,0.6159733185094368
8445,0.2163546872816612,0.9996316869779408,0.6846917743995876,0.7977508833859632,0.3926685379682633,0.6159733185094368
8446,0.2163546872816612,0.9996316869779408,0.6846917743995876,0.7977508833859632,0.3926685379682633,0.6159733185094368
8447,0.2163546872816612,0.9996316869779408,0.6846917743995876,0.7977508833859632,0.3926685379682633,0.6159733185094368
8448,0.21992325376064895,0.999636886602588,0.6903026830875129,0.8065730683944937,0.40067725055863906,0.6201545090267114
8449,0.21992325376064895,0.999636886602588,0.6903026830875129,0.8065730683944937,0.40067725055863906,0.6201545090267114
8450,0.21992325376064895,0.999636886602588,0.6903026830875129,0.8065730683944937,0.40067725055863906,0.6201545090267114
8451,0.21992325376064895,0.999636886602588,0.6903026830875129,0.8065730683944937,0.40067725055863906,0.6201545090267114
8452,0.21992325376064895,0.999636886602588,0.6903026830875129,0.8065730683944937,0.40067725055863906,0.6201545090267114
8453,0.21992325376064895,0.999636886602588,0.6903026830875129,0.8065730683944937,0.40067725055863906,0.6201545090267114
8454,0.21992325376064895,0.999636886602588,0.6903026830875129,0.8065730683944937,0.40067725055863906,0.6201545090267114
8455,0.21992325376064895,0.999636886602588,0.6903026830875129,0.8065730683944937,0.40067725055863906,0.6201545090267114
8456,0.21992325376064895,0.999636886602588,0.6903026830875129,0.8065730683944937,0.40067725055863906,0.6201545090267114
8457,0.21992325376064895,0.999636886602588,0.6903026830875129,0.8065730683944937,0.40067725055863906,0.6201545090267114
8458,0.21992325376064895,0.999636886602588,0.6903026830875129,0.8065730683944937,0.40067725055863906,0.6201545090267114
8459,0.21992325376064895,0.999636886602588,0.6903026830875129,0.8065730683944937,0.40067725055863906,0.6201545090267114
8460,0.21992325376064895,0.999636886602588,0.6903026830875129,0.8065730683944937,0.40067725055863906,0.6201545090267114
8461,0.21992325376064895,0.999636886602588,0.6903026830875129,0.8065730683944937,0.40067725055863906,0.6201545090267114
8462,0.21992325376064895,0.999636886602588,0.6903026830875129,0.8065730683944937,0.40067725055863906,0.6201545090267114
8463,0.21992325376064895,0.999636886602588,0.6903026830875129,0.8065730683944937,0.40067725055863906,0.6201545090267114
8464,0.21992325376064895,0.999636886602588,0.6903026830875129,0.8065730683944937,0.40067725055863906,0.6201545090267114
8465,0.21992325376064895,0.999636886602588,0.6903026830875129,0.8065730683944937,0.40067725055863906,0.6201545090267114
8466,0.21992325376064895,0.999636886602588,0.6903026830875129,0.8065730683944937,0.40067725055863906,0.6201545090267114
8467,0.21992325376064895,0.999636886602588,0.6903026830875129,0.8065730683944937,0.40067725055863906,0.6201545090267114
8468,0.21992325376064895,0.999636886602588,0.6903026830875129,0.8065730683944937,0.40067725055863906,0.6201545090267114
8469,0.21992325376064895,0.999636886602588,0.6903026830875129,0.8065730683944937,0.40067725055863906,0.6201545090267114
8470,0.21992325376064895,0.999636886602588,0.6903026830875129,0.8065730683944937,0.40067725055863906,0.6201545090267114
8471,0.21992325376064895,0.999636886602588,0.6903026830875129,0.8065730683944937,0.40067725055863906,0.6201545090267114
8472,0.2200785616739054,0.9996370925483332,0.690464259447923,0.8069405643808191,0.4010075900628507,0.6203458795998892
8473,0.2200785616739054,0.9996370925483332,0.690464259447923,0.8069405643808191,0.4010075900628507,0.6203458795998892
8474,0.2200785616739054,0.9996370925483332,0.690464259447923,0.8069405643808191,0.4010075900628507,0.6203458795998892
8475,0.2200785616739054,0.9996370925483332,0.690464259447923,0.8069405643808191,0.4010075900628507,0.6203458795998892
8476,0.2200785616739054,0.9996370925483332,0.690464259447923,0.8069405643808191,0.4010075900628507,0.6203458795998892
8477,0.2200785616739054,0.9996370925483332,0.690464259447923,0.8069405643808191,0.4010075900628507,0.6203458795998892
8478,0.2200785616739054,0.9996370925483332,0.690464259447923,0.8069405643808191,0.4010075900628507,0.6203458795998892
8479,0.2200785616739054,0.9996370925483332,0.690464259447923,0.8069405643808191,0.4010075900628507,0.6203458795998892
8480,0.2200785616739054,0.9996370925483332,0.690464259447923,0.8069405643808191,0.4010075900628507,0.6203458795998892
8481,0.2200785616739054,0.9996370925483332,0.690464259447923,0.8069405643808191,0.4010075900628507,0.6203458795998892
8482,0.2200785616739054,0.9996370925483332,0.690464259447923,0.8069405643808191,0.4010075900628507,0.6203458795998892
8483,0.2200785616739054,0.9996370925483332,0.690464259447923,0.8069405643808191,0.4010075900628507,0.6203458795998892
8484,0.2200785616739054,0.9996370925483332,0.690464259447923,0.8069405643808191,0.4010075900628507,0.6203458795998892
8485,0.2200785616739054,0.9996370925483332,0.690464259447923,0.8069405643808191,0.4010075900628507,0.6203458795998892
8486,0.2200785616739054,0.9996370925483332,0.690464259447923,0.8069405643808191,0.4010075900628507,0.6203458795998892
8487,0.2200785616739054,0.9996370925483332,0.690464259447923,0.8069405643808191,0.4010075900628507,0.6203458795998892
8488,0.2200785616739054,0.9996370925483332,0.690464259447923,0.8069405643808191,0.4010075900628507,0.6203458795998892
8489,0.2200785616739054,0.9996370925483332,0.690464259447923,0.8069405643808191,0.4010075900628507,0.6203458795998892
8490,0.2200785616739054,0.9996370925483332,0.690464259447923,0.8069405643808191,0.4010075900628507,0.6203458795998892
8491,0.2200785616739054,0.9996370925483332,0.690464259447923,0.8069405643808191,0.4010075900628507,0.6203458795998892
8492,0.2200785616739054,0.9996370925483332,0.690464259447923,0.8069405643808191,0.4010075900628507,0.6203458795998892
8493,0.2200785616739054,0.9996370925483332,0.690464259447923,0.8069405643808191,0.4010075900628507,0.6203458795998892
8494,0.2200785616739054,0.9996370925483332,0.690464259447923,0.8069405643808191,0.4010075900628507,0.6203458795998892
8495,0.2200785616739054,0.9996370925483332,0.690464259447923,0.8069405643808191,0.4010075900628507,0.6203458795998892
8496,0.2169962292108839,0.9996328552774422,0.6869797198694846,0.799842219919748,0.3945357322458983,0.6168247588660923
8497,0.2169962292108839,0.9996328552774422,0.6869797198694846,0.799842219919748,0.3945357322458983,0.6168247588660923
8498,0.2169962292108839,0.9996328552774422,0.6869797198694846,0.799842219919748,0.3945357322458983,0.6168247588660923
8499,0.2169962292108839,0.9996328552774422,0.6869797198694846,0.799842219919748,0.3945357322458983,0.6168247588660923
8500,0.2169962292108839,0.9996328552774422,0.6869797198694846,0.799842219919748,0.3945357322458983,0.6168247588660923
8501,0.2169962292108839,0.9996328552774422,0.6869797198694846,0.799842219919748,0.3945357322458983,0.6168247588660923
8502,0.2169962292108839,0.9996328552774422,0.6869797198694846,0.799842219919748,0.3945357322458983,0.6168247588660923
8503,0.2169962292108839,0.9996328552774422,0.6869797198694846,0.799842219919748,0.3945357322458983,0.6168247588660923
8504,0.2169962292108839,0.9996328552774422,0.6869797198694846,0.799842219919748,0.3945357322458983,0.6168247588660923
8505,0.2169962292108839,0.9996328552774422,0.6869797198694846,0.799842219919748,0.3945357322458983,0.6168247588660923
8506,0.2169962292108839,0.9996328552774422,0.6869797198694846,0.799842219919748,0.3945357322458983,0.6168247588660923
8507,0.2169962292108839,0.9996328552774422,0.6869797198694846,0.799842219919748,0.3945357322458983,0.6168247588660923
8508,0.2169962292108839,0.9996328552774422,0.6869797198694846,0.799842219919748,0.3945357322458983,0.6168247588660923
8509,0.2169962292108839,0.9996328552774422,0.6869797198694846,0.799842219919748,0.3945357322458983,0.6168247588660923
8510,0.2169962292108839,0.9996328552774422,0.6869797198694846,0.799842219919748,0.3945357322458983,0.6168247588660923
8511,0.2169962292108839,0.9996328552774422,0.6869797198694846,0.799842219919748,0.3945357322458983,0.6168247588660923
8512,0.2169962292108839,0.9996328552774422,0.6869797198694846,0.799842219919748,0.3945357322458983,0.6168247588660923
8513,0.2169962292108839,0.9996328552774422,0.6869797198694846,0.799842219919748,0.3945357322458983,0.6168247588660923
8514,0.2169962292108839,0.9996328552774422,0.6869797198694846,0.799842219919748,0.3945357322458983,0.6168247588660923
8515,0.2169962292108839,0.9996328552774422,0.6869797198694846,0.799842219919748,0.3945357322458983,0.6168247588660923
8516,0.2169962292108839,0.9996328552774422,0.6869797198694846,0.799842219919748,0.3945357322458983,0.6168247588660923
8517,0.2169962292108839,0.9996328552774422,0.6869797198694846,0.799842219919748,0.3945357322458983,0.6168247588660923
8518,0.2169962292108839,0.9996328552774422,0.6869797198694846,0.799842219919748,0.3945357322458983,0.6168247588660923
8519,0.2169962292108839,0.9996328552774422,0.6869797198694846,0.799842219919748,0.3945357322458983,0.6168247588660923
8520,0.2249288706182515,0.9996371399360712,0.6894647279406755,0.8131858991683799,0.4107087187885084,0.6230115218070055
8521,0.2249288706182515,0.9996371399360712,0.6894647279406755,0.8131858991683799,0.4107087187885084,0.6230115218070055
8522,0.2249288706182515,0.9996371399360712,0.6894647279406755,0.8131858991683799,0.4107087187885084,0.6230115218070055
8523,0.2249288706182515,0.9996371399360712,0.6894647279406755,0.8131858991683799,0.4107087187885084,0.6230115218070055
8524,0.2249288706182515,0.9996371399360712,0.6894647279406755,0.8131858991683799,0.4107087187885084,0.6230115218070055
8525,0.2249288706182515,0.9996371399360712,0.6894647279406755,0.8131858991683799,0.4107087187885084,0.6230115218070055
8526,0.2249288706182515,0.9996371399360712,0.6894647279406755,0.8131858991683799,0.4107087187885084,0.6230115218070055
8527,0.2249288706182515,0.9996371399360712,0.6894647279406755,0.8131858991683799,0.4107087187885084,0.6230115218070055
8528,0.2249288706182515,0.9996371399360712,0.6894647279406755,0.8131858991683799,0.4107087187885084,0.6230115218070055
8529,0.2249288706182515,0.9996371399360712,0.6894647279406755,0.8131858991683799,0.4107087187885084,0.6230115218070055
8530,0.2249288706182515,0.9996371399360712,0.6894647279406755,0.8131858991683799,0.4107087187885084,0.6230115218070055
8531,0.2249288706182515,0.9996371399360712,0.6894647279406755,0.8131858991683799,0.4107087187885084,0.6230115218070055
8532,0.2249288706182515,0.9996371399360712,0.6894647279406755,0.8131858991683799,0.4107087187885084,0.6230115218070055
8533,0.2249288706182515,0.9996371399360712,0.6894647279406755,0.8131858991683799,0.4107087187885084,0.6230115218070055
8534,0.2249288706182515,0.9996371399360712,0.6894647279406755,0.8131858991683799,0.4107087187885084,0.6230115218070055
8535,0.2249288706182515,0.9996371399360712,0.6894647279406755,0.8131858991683799,0.4107087187885084,0.6230115218070055
8536,0.2249288706182515,0.9996371399360712,0.6894647279406755,0.8131858991683799,0.4107087187885084,0.6230115218070055
8537,0.2249288706182515,0.9996371399360712,0.6894647279406755,0.8131858991683799,0.4107087187885084,0.6230115218070055
8538,0.2249288706182515,0.9996371399360712,0.6894647279406755,0.8131858991683799,0.4107087187885084,0.6230115218070055
8539,0.2249288706182515,0.9996371399360712,0.6894647279406755,0.8131858991683799,0.4107087187885084,0.6230115218070055
8540,0.2249288706182515,0.9996371399360712,0.6894647279406755,0.8131858991683799,0.4107087187885084,0.6230115218070055
8541,0.2249288706182515,0.9996371399360712,0.6894647279406755,0.8131858991683799,0.4107087187885084,0.6230115218070055
8542,0.2249288706182515,0.9996371399360712,0.6894647279406755,0.8131858991683799,0.4107087187885084,0.6230115218070055
8543,0.2249288706182515,0.9996371399360712,0.6894647279406755,0.8131858991683799,0.4107087187885084,0.6230115218070055
8544,0.23215720668341452,0.9996413371096061,0.691994976203982,0.8164325893492267,0.42599340368790234,0.6289182228746321
8545,0.23215720668341452,0.9996413371096061,0.691994976203982,0.8164325893492267,0.42599340368790234,0.6289182228746321
8546,0.23215720668341452,0.9996413371096061,0.691994976203982,0.8164325893492267,0.42599340368790234,0.6289182228746321
8547,0.23215720668341452,0.9996413371096061,0.691994976203982,0.8164325893492267,0.42599340368790234,0.6289182228746321
8548,0.23215720668341452,0.9996413371096061,0.691994976203982,0.8164325893492267,0.42599340368790234,0.6289182228746321
8549,0.23215720668341452,0.9996413371096061,0.691994976203982,0.8164325893492267,0.42599340368790234,0.6289182228746321
8550,0.23215720668341452,0.9996413371096061,0.691994976203982,0.8164325893492267,0.42599340368790234,0.6289182228746321
8551,0.23215720668341452,0.9996413371096061,0.691994976203982,0.8164325893492267,0.42599340368790234,0.6289182228746321
8552,0.23215720668341452,0.9996413371096061,0.691994976203982,0.8164325893492267,0.42599340368790234,0.6289182228746321
8553,0.23215720668341452,0.9996413371096061,0.691994976203982,0.8164325893492267,0.42599340368790234,0.6289182228746321
8554,0.23215720668341452,0.9996413371096061,0.691994976203982,0.8164325893492267,0.42599340368790234,0.6289182228746321
8555,0.23215720668341452,0.9996413371096061,0.691994976203982,0.8164325893492267,0.42599340368790234,0.6289182228746321
8556,0.23215720668341452,0.9996413371096061,0.691994976203982,0.8164325893492267,0.42599340368790234,0.6289182228746321
8557,0.23215720668341452,0.9996413371096061,0.691994976203982,0.8164325893492267,0.42599340368790234,0.6289182228746321
8558,0.23215720668341452,0.9996413371096061,0.691994976203982,0.8164325893492267,0.42599340368790234,0.6289182228746321
8559,0.23215720668341452,0.9996413371096061,0.691994976203982,0.8164325893492267,0.42599340368790234,0.6289182228746321
8560,0.23215720668341452,0.9996413371096061,0.691994976203982,0.8164325893492267,0.42599340368790234,0.6289182228746321
8561,0.23215720668341452,0.9996413371096061,0.691994976203982,0.8164325893492267,0.42599340368790234,0.6289182228746321
8562,0.23215720668341452,0.9996413371096061,0.691994976203982,0.8164325893492267,0.42599340368790234,0.6289182228746321
8563,0.23215720668341452,0.9996413371096061,0.691994976203982,0.8164325893492267,0.42599340368790234,0.6289182228746321
8564,0.23215720668341452,0.9996413371096061,0.691994976203982,0.8164325893492267,0.42599340368790234,0.6289182228746321
8565,0.23215720668341452,0.9996413371096061,0.691994976203982,0.8164325893492267,0.42599340368790234,0.6289182228746321
8566,0.23215720668341452,0.9996413371096061,0.691994976203982,0.8164325893492267,0.42599340368790234,0.6289182228746321
8567,0.23215720668341452,0.9996413371096061,0.691994976203982,0.8164325893492267,0.42599340368790234,0.6289182228746321
8568,0.24018348637025144,0.9996460739985547,0.6948703112280615,0.8200305566265018,0.4426036682930407,0.6353702119846037
8569,0.24018348637025144,0.9996460739985547,0.6948703112280615,0.8200305566265018,0.4426036682930407,0.6353702119846037
8570,0.24018348637025144,0.9996460739985547,0.6948703112280615,0.8200305566265018,0.4426036682930407,0.6353702119846037
8571,0.24018348637025144,0.9996460739985547,0.6948703112280615,0.8200305566265018,0.4426036682930407,0.6353702119846037
8572,0.24018348637025144,0.9996460739985547,0.6948703112280615,0.8200305566265018,0.4426036682930407,0.6353702119846037
8573,0.24018348637025144,0.9996460739985547,0.6948703112280615,0.8200305566265018,0.4426036682930407,0.6353702119846037
8574,0.24018348637025144,0.9996460739985547,0.6948703112280615,0.8200305566265018,0.4426036682930407,0.6353702119846037
8575,0.24018348637025144,0.9996460739985547,0.6948703112280615,0.8200305566265018,0.4426036682930407,0.6353702119846037
8576,0.24018348637025144,0.9996460739985547,0.6948703112280615,0.8200305566265018,0.4426036682930407,0.6353702119846037
8577,0.24018348637025144,0.9996460739985547,0.6948703112280615,0.8200305566265018,0.4426036682930407,0.6353702119846037
8578,0.24018348637025144,0.9996460739985547,0.6948703112280615,0.8200305566265018,0.4426036682930407,0.6353702119846037
8579,0.24018348637025144,0.9996460739985547,0.6948703112280615,0.8200305566265018,0.4426036682930407,0.6353702119846037
8580,0.24018348637025144,0.9996460739985547,0.6948703112280615,0.8200305566265018,0.4426036682930407,0.6353702119846037
8581,0.24018348637025144,0.9996460739985547,0.6948703112280615,0.8200305566265018,0.4426036682930407,0.6353702119846037
8582,0.24018348637025144,0.9996460739985547,0.6948703112280615,0.8200305566265018,0.4426036682930407,0.6353702119846037
8583,0.24018348637025144,0.9996460739985547,0.6948703112280615,0.8200305566265018,0.4426036682930407,0.6353702119846037
8584,0.24018348637025144,0.9996460739985547,0.6948703112280615,0.8200305566265018,0.4426036682930407,0.6353702119846037
8585,0.24018348637025144,0.9996460739985547,0.6948703112280615,0.8200305566265018,0.4426036682930407,0.6353702119846037
8586,0.24018348637025144,0.9996460739985547,0.6948703112280615,0.8200305566265018,0.4426036682930407,0.6353702119846037
8587,0.24018348637025144,0.9996460739985547,0.6948703112280615,0.8200305566265018,0.4426036682930407,0.6353702119846037
8588,0.24018348637025144,0.9996460739985547,0.6948703112280615,0.8200305566265018,0.4426036682930407,0.6353702119846037
8589,0.24018348637025144,0.9996460739985547,0.6948703112280615,0.8200305566265018,0.4426036682930407,0.6353702119846037
8590,0.24018348637025144,0.9996460739985547,0.6948703112280615,0.8200305566265018,0.4426036682930407,0.6353702119846037
8591,0.24018348637025144,0.9996460739985547,0.6948703112280615,0.8200305566265018,0.4426036682930407,0.6353702119846037
8592,0.24651060530801613,0.9996489097504284,0.6963109181246633,0.8229327446173093,0.45591581654382957,0.6400922651337569
8593,0.24651060530801613,0.9996489097504284,0.6963109181246633,0.8229327446173093,0.45591581654382957,0.6400922651337569
8594,0.24651060530801613,0.9996489097504284,0.6963109181246633,0.8229327446173093,0.45591581654382957,0.6400922651337569
8595,0.24651060530801613,0.9996489097504284,0.6963109181246633,0.8229327446173093,0.45591581654382957,0.6400922651337569
8596,0.24651060530801613,0.9996489097504284,0.6963109181246633,0.8229327446173093,0.45591581654382957,0.6400922651337569
8597,0.24651060530801613,0.9996489097504284,0.6963109181246633,0.8229327446173093,0.45591581654382957,0.6400922651337569
8598,0.24651060530801613,0.9996489097504284,0.6963109181246633,0.8229327446173093,0.45591581654382957,0.6400922651337569
8599,0.24651060530801613,0.9996489097504284,0.6963109181246633,0.8229327446173093,0.45591581654382957,0.6400922651337569
8600,0.24651060530801613,0.9996489097504284,0.6963109181246633,0.8229327446173093,0.45591581654382957,0.6400922651337569
8601,0.24651060530801613,0.9996489097504284,0.6963109181246633,0.8229327446173093,0.45591581654382957,0.6400922651337569
8602,0.24651060530801613,0.9996489097504284,0.6963109181246633,0.8229327446173093,0.45591581654382957,0.6400922651337569
8603,0.24651060530801613,0.9996489097504284,0.6963109181246633,0.8229327446173093,0.45591581654382957,0.6400922651337569
8604,0.24651060530801613,0.9996489097504284,0.6963109181246633,0.8229327446173093,0.45591581654382957,0.6400922651337569
8605,0.24651060530801613,0.9996489097504284,0.6963109181246633,0.8229327446173093,0.45591581654382957,0.6400922651337569
8606,0.24651060530801613,0.9996489097504284,0.6963109181246633,0.8229327446173093,0.45591581654382957,0.6400922651337569
8607,0.24651060530801613,0.9996489097504284,0.6963109181246633,0.8229327446173093,0.45591581654382957,0.6400922651337569
8608,0.24651060530801613,0.9996489097504284,0.6963109181246633,0.8229327446173093,0.45591581654382957,0.6400922651337569
8609,0.24651060530801613,0.9996489097504284,0.6963109181246633,0.8229327446173093,0.45591581654382957,0.6400922651337569
8610,0.24651060530801613,0.9996489097504284,0.6963109181246633,0.8229327446173093,0.45591581654382957,0.6400922651337569
8611,0.24651060530801613,0.9996489097504284,0.6963109181246633,0.8229327446173093,0.45591581654382957,0.6400922651337569
8612,0.24651060530801613,0.9996489097504284,0.6963109181246633,0.8229327446173093,0.45591581654382957,0.6400922651337569
8613,0.24651060530801613,0.9996489097504284,0.6963109181246633,0.8229327446173093,0.45591581654382957,0.6400922651337569
8614,0.24651060530801613,0.9996489097504284,0.6963109181246633,0.8229327446173093,0.45591581654382957,0.6400922651337569
8615,0.24651060530801613,0.9996489097504284,0.6963109181246633,0.8229327446173093,0.45591581654382957,0.6400922651337569
8616,0.2555735272879942,0.9996543101145449,0.6996938544295347,0.8268937543856506,0.47386018298868765,0.6472041257690339
8617,0.2555735272879942,0.9996543101145449,0.6996938544295347,0.8268937543856506,0.47386018298868765,0.6472041257690339
8618,0.2555735272879942,0.9996543101145449,0.6996938544295347,0.8268937543856506,0.47386018298868765,0.6472041257690339
8619,0.2555735272879942,0.9996543101145449,0.6996938544295347,0.8268937543856506,0.47386018298868765,0.6472041257690339
8620,0.2555735272879942,0.9996543101145449,0.6996938544295347,0.8268937543856506,0.47386018298868765,0.6472041257690339
8621,0.2555735272879942,0.9996543101145449,0.6996938544295347,0.8268937543856506,0.47386018298868765,0.6472041257690339
8622,0.2555735272879942,0.9996543101145449,0.6996938544295347,0.8268937543856506,0.47386018298868765,0.6472041257690339
8623,0.2555735272879942,0.9996543101145449,0.6996938544295347,0.8268937543856506,0.47386018298868765,0.6472041257690339
8624,0.2555735272879942,0.9996543101145449,0.6996938544295347,0.8268937543856506,0.47386018298868765,0.6472041257690339
8625,0.2555735272879942,0.9996543101145449,0.6996938544295347,0.8268937543856506,0.47386018298868765,0.6472041257690339
8626,0.2555735272879942,0.9996543101145449,0.6996938544295347,0.8268937543856506,0.47386018298868765,0.6472041257690339
8627,0.2555735272879942,0.9996543101145449,0.6996938544295347,0.8268937543856506,0.47386018298868765,0.6472041257690339
8628,0.2555735272879942,0.9996543101145449,0.6996938544295347,0.8268937543856506,0.47386018298868765,0.6472041257690339
8629,0.2555735272879942,0.9996543101145449,0.6996938544295347,0.8268937543856506,0.47386018298868765,0.6472041257690339
8630,0.2555735272879942,0.9996543101145449,0.6996938544295347,0.8268937543856506,0.47386018298868765,0.6472041257690339
8631,0.2555735272879942,0.9996543101145449,0.6996938544295347,0.8268937543856506,0.47386018298868765,0.6472041257690339
8632,0.2555735272879942,0.9996543101145449,0.6996938544295347,0.8268937543856506,0.47386018298868765,0.6472041257690339
8633,0.2555735272879942,0.9996543101145449,0.6996938544295347,0.8268937543856506,0.47386018298868765,0.6472041257690339
8634,0.2555735272879942,0.9996543101145449,0.6996938544295347,0.8268937543856506,0.47386018298868765,0.6472041257690339
8635,0.2555735272879942,0.9996543101145449,0.6996938544295347,0.8268937543856506,0.47386018298868765,0.6472041257690339
8636,0.2555735272879942,0.9996543101145449,0.6996938544295347,0.8268937543856506,0.47386018298868765,0.6472041257690339
8637,0.2555735272879942,0.9996543101145449,0.6996938544295347,0.8268937543856506,0.47386018298868765,0.6472041257690339
8638,0.2555735272879942,0.9996543101145449,0.6996938544295347,0.8268937543856506,0.47386018298868765,0.6472041257690339
8639,0.2555735272879942,0.9996543101145449,0.6996938544295347,0.8268937543856506,0.47386018298868765,0.6472041257690339
8640,0.26828033529940426,0.9996637161765642,0.706210659487903,0.8324528355446169,0.4981524626088518,0.6580580448483747
8641,0.26828033529940426,0.9996637161765642,0.706210659487903,0.8324528355446169,0.4981524626088518,0.6580580448483747
8642,0.26828033529940426,0.9996637161765642,0.706210659487903,0.8324528355446169,0.4981524626088518,0.6580580448483747
8643,0.26828033529940426,0.9996637161765642,0.706210659487903,0.8324528355446169,0.4981524626088518,0.6580580448483747
8644,0.26828033529940426,0.9996637161765642,0.706210659487903,0.8324528355446169,0.4981524626088518,0.6580580448483747
8645,0.26828033529940426,0.9996637161765642,0.706210659487903,0.8324528355446169,0.4981524626088518,0.6580580448483747
8646,0.26828033529940426,0.9996637161765642,0.706210659487903,0.8324528355446169,0.4981524626088518,0.6580580448483747
8647,0.26828033529940426,0.9996637161765642,0.706210659487903,0.8324528355446169,0.4981524626088518,0.6580580448483747
8648,0.26828033529940426,0.9996637161765642,0.706210659487903,0.8324528355446169,0.4981524626088518,0.6580580448483747
8649,0.26828033529940426,0.9996637161765642,0.706210659487903,0.8324528355446169,0.4981524626088518,0.6580580448483747
8650,0.26828033529940426,0.9996637161765642,0.706210659487903,0.8324528355446169,0.4981524626088518,0.6580580448483747
8651,0.26828033529940426,0.9996637161765642,0.706210659487903,0.8324528355446169,0.4981524626088518,0.6580580448483747
8652,0.26828033529940426,0.9996637161765642,0.706210659487903,0.8324528355446169,0.4981524626088518,0.6580580448483747
8653,0.26828033529940426,0.9996637161765642,0.706210659487903,0.8324528355446169,0.4981524626088518,0.6580580448483747
8654,0.26828033529940426,0.9996637161765642,0.706210659487903,0.8324528355446169,0.4981524626088518,0.6580580448483747
8655,0.26828033529940426,0.9996637161765642,0.706210659487903,0.8324528355446169,0.4981524626088518,0.6580580448483747
8656,0.26828033529940426,0.9996637161765642,0.706210659487903,0.8324528355446169,0.4981524626088518,0.6580580448483747
8657,0.26828033529940426,0.9996637161765642,0.706210659487903,0.8324528355446169,0.4981524626088518,0.6580580448483747
8658,0.26828033529940426,0.9996637161765642,0.706210659487903,0.8324528355446169,0.4981524626088518,0.6580580448483747
8659,0.26828033529940426,0.9996637161765642,0.706210659487903,0.8324528355446169,0.4981524626088518,0.6580580448483747
8660,0.26828033529940426,0.9996637161765642,0.706210659487903,0.8324528355446169,0.4981524626088518,0.6580580448483747
8661,0.26828033529940426,0.9996637161765642,0.706210659487903,0.8324528355446169,0.4981524626088518,0.6580580448483747
8662,0.26828033529940426,0.9996637161765642,0.706210659487903,0.8324528355446169,0.4981524626088518,0.6580580448483747
8663,0.26828033529940426,0.9996637161765642,0.706210659487903,0.8324528355446169,0.4981524626088518,0.6580580448483747
8664,0.2792064471828794,0.9996712796344381,0.7113603057228062,0.8372122779519581,0.5195556700168191,0.6671251034386518
8665,0.2792064471828794,0.9996712796344381,0.7113603057228062,0.8372122779519581,0.5195556700168191,0.6671251034386518
8666,0.2792064471828794,0.9996712796344381,0.7113603057228062,0.8372122779519581,0.5195556700168191,0.6671251034386518
8667,0.2792064471828794,0.9996712796344381,0.7113603057228062,0.8372122779519581,0.5195556700168191,0.6671251034386518
8668,0.2792064471828794,0.9996712796344381,0.7113603057228062,0.8372122779519581,0.5195556700168191,0.6671251034386518
8669,0.2792064471828794,0.9996712796344381,0.7113603057228062,0.8372122779519581,0.5195556700168191,0.6671251034386518
8670,0.2792064471828794,0.9996712796344381,0.7113603057228062,0.8372122779519581,0.5195556700168191,0.6671251034386518
8671,0.2792064471828794,0.9996712796344381,0.7113603057228062,0.8372122779519581,0.5195556700168191,0.6671251034386518
8672,0.2792064471828794,0.9996712796344381,0.7113603057228062,0.8372122779519581,0.5195556700168191,0.6671251034386518
8673,0.2792064471828794,0.9996712796344381,0.7113603057228062,0.8372122779519581,0.5195556700168191,0.6671251034386518
8674,0.2792064471828794,0.9996712796344381,0.7113603057228062,0.8372122779519581,0.5195556700168191,0.6671251034386518
8675,0.2792064471828794,0.9996712796344381,0.7113603057228062,0.8372122779519581,0.5195556700168191,0.6671251034386518
8676,0.2792064471828794,0.9996712796344381,0.7113603057228062,0.8372122779519581,0.5195556700168191,0.6671251034386518
8677,0.2792064471828794,0.9996712796344381,0.7113603057228062,0.8372122779519581,0.5195556700168191,0.6671251034386518
8678,0.2792064471828794,0.9996712796344381,0.7113603057228062,0.8372122779519581,0.5195556700168191,0.6671251034386518
8679,0.2792064471828794,0.9996712796344381,0.7113603057228062,0.8372122779519581,0.5195556700168191,0.6671251034386518
8680,0.2792064471828794,0.9996712796344381,0.7113603057228062,0.8372122779519581,0.5195556700168191,0.6671251034386518
8681,0.2792064471828794,0.9996712796344381,0.7113603057228062,0.8372122779519581,0.5195556700168191,0.6671251034386518
8682,0.2792064471828794,0.9996712796344381,0.7113603057228062,0.8372122779519581,0.5195556700168191,0.6671251034386518
8683,0.2792064471828794,0.9996712796344381,0.7113603057228062,0.8372122779519581,0.5195556700168191,0.6671251034386518
8684,0.2792064471828794,0.9996712796344381,0.7113603057228062,0.8372122779519581,0.5195556700168191,0.6671251034386518
8685,0.2792064471828794,0.9996712796344381,0.7113603057228062,0.8372122779519581,0.5195556700168191,0.6671251034386518
8686,0.2792064471828794,0.9996712796344381,0.7113603057228062,0.8372122779519581,0.5195556700168191,0.6671251034386518
8687,0.2792064471828794,0.9996712796344381,0.7113603057228062,0.8372122779519581,0.5195556700168191,0.6671251034386518
8688,0.2897324525108131,0.9996778947208687,0.715745519286176,0.8418280327790142,0.5396760087052114,0.6753601034347595
8689,0.2897324525108131,0.9996778947208687,0.715745519286176,0.8418280327790142,0.5396760087052114,0.6753601034347595
8690,0.2897324525108131,0.9996778947208687,0.715745519286176,0.8418280327790142,0.5396760087052114,0.6753601034347595
8691,0.2897324525108131,0.9996778947208687,0.715745519286176,0.8418280327790142,0.5396760087052114,0.6753601034347595
8692,0.2897324525108131,0.9996778947208687,0.715745519286176,0.8418280327790142,0.5396760087052114,0.6753601034347595
8693,0.2897324525108131,0.9996778947208687,0.715745519286176,0.8418280327790142,0.5396760087052114,0.6753601034347595
8694,0.2897324525108131,0.9996778947208687,0.715745519286176,0.8418280327790142,0.5396760087052114,0.6753601034347595
8695,0.2897324525108131,0.9996778947208687,0.715745519286176,0.8418280327790142,0.5396760087052114,0.6753601034347595
8696,0.2897324525108131,0.9996778947208687,0.715745519286176,0.8418280327790142,0.5396760087052114,0.6753601034347595
8697,0.2897324525108131,0.9996778947208687,0.715745519286176,0.8418280327790142,0.5396760087052114,0.6753601034347595
8698,0.2897324525108131,0.9996778947208687,0.715745519286176,0.8418280327790142,0.5396760087052114,0.6753601034347595
8699,0.2897324525108131,0.9996778947208687,0.715745519286176,0.8418280327790142,0.5396760087052114,0.6753601034347595
8700,0.2897324525108131,0.9996778947208687,0.715745519286176,0.8418280327790142,0.5396760087052114,0.6753601034347595
8701,0.2897324525108131,0.9996778947208687,0.715745519286176,0.8418280327790142,0.5396760087052114,0.6753601034347595
8702,0.2897324525108131,0.9996778947208687,0.715745519286176,0.8418280327790142,0.5396760087052114,0.6753601034347595
8703,0.2897324525108131,0.9996778947208687,0.715745519286176,0.8418280327790142,0.5396760087052114,0.6753601034347595
8704,0.2897324525108131,0.9996778947208687,0.715745519286176,0.8418280327790142,0.5396760087052114,0.6753601034347595
8705,0.2897324525108131,0.9996778947208687,0.715745519286176,0.8418280327790142,0.5396760087052114,0.6753601034347595
8706,0.2897324525108131,0.9996778947208687,0.715745519286176,0.8418280327790142,0.5396760087052114,0.6753601034347595
8707,0.2897324525108131,0.9996778947208687,0.715745519286176,0.8418280327790142,0.5396760087052114,0.6753601034347595
8708,0.2897324525108131,0.9996778947208687,0.715745519286176,0.8418280327790142,0.5396760087052114,0.6753601034347595
8709,0.2897324525108131,0.9996778947208687,0.715745519286176,0.8418280327790142,0.5396760087052114,0.6753601034347595
8710,0.2897324525108131,0.9996778947208687,0.715745519286176,0.8418280327790142,0.5396760087052114,0.6753601034347595
8711,0.2897324525108131,0.9996778947208687,0.715745519286176,0.8418280327790142,0.5396760087052114,0.6753601034347595
8712,0.31013696906081495,0.9996951843828054,0.7262337324378724,0.8505699334063356,0.5742752086046764,0.6944458240900685
8713,0.31013696906081495,0.9996951843828054,0.7262337324378724,0.8505699334063356,0.5742752086046764,0.6944458240900685
8714,0.31013696906081495,0.9996951843828054,0.7262337324378724,0.8505699334063356,0.5742752086046764,0.6944458240900685
8715,0.31013696906081495,0.9996951843828054,0.7262337324378724,0.8505699334063356,0.5742752086046764,0.6944458240900685
8716,0.31013696906081495,0.9996951843828054,0.7262337324378724,0.8505699334063356,0.5742752086046764,0.6944458240900685
8717,0.31013696906081495,0.9996951843828054,0.7262337324378724,0.8505699334063356,0.5742752086046764,0.6944458240900685
8718,0.31013696906081495,0.9996951843828054,0.7262337324378724,0.8505699334063356,0.5742752086046764,0.6944458240900685
8719,0.31013696906081495,0.9996951843828054,0.7262337324378724,0.8505699334063356,0.5742752086046764,0.6944458240900685
8720,0.31013696906081495,0.9996951843828054,0.7262337324378724,0.8505699334063356,0.5742752086046764,0.6944458240900685
8721,0.31013696906081495,0.9996951843828054,0.7262337324378724,0.8505699334063356,0.5742752086046764,0.6944458240900685
8722,0.31013696906081495,0.9996951843828054,0.7262337324378724,0.8505699334063356,0.5742752086046764,0.6944458240900685
8723,0.31013696906081495,0.9996951843828054,0.7262337324378724,0.8505699334063356,0.5742752086046764,0.6944458240900685
8724,0.31013696906081495,0.9996951843828054,0.7262337324378724,0.8505699334063356,0.5742752086046764,0.6944458240900685
8725,0.31013696906081495,0.9996951843828054,0.7262337324378724,0.8505699334063356,0.5742752086046764,0.6944458240900685
8726,0.31013696906081495,0.9996951843828054,0.7262337324378724,0.8505699334063356,0.5742752086046764,0.6944458240900685
8727,0.31013696906081495,0.9996951843828054,0.7262337324378724,0.8505699334063356,0.5742752086046764,0.6944458240900685
8728,0.31013696906081495,0.9996951843828054,0.7262337324378724,0.8505699334063356,0.5742752086046764,0.6944458240900685
8729,0.31013696906081495,0.9996951843828054,0.7262337324378724,0.8505699334063356,0.5742752086046764,0.6944458240900685
8730,0.31013696906081495,0.9996951843828054,0.7262337324378724,0.8505699334063356,0.5742752086046764,0.6944458240900685
8731,0.31013696906081495,0.9996951843828054,0.7262337324378724,0.8505699334063356,0.5742752086046764,0.6944458240900685
8732,0.31013696906081495,0.9996951843828054,0.7262337324378724,0.8505699334063356,0.5742752086046764,0.6944458240900685
8733,0.31013696906081495,0.9996951843828054,0.7262337324378724,0.8505699334063356,0.5742752086046764,0.6944458240900685
8734,0.31013696906081495,0.9996951843828054,0.7262337324378724,0.8505699334063356,0.5742752086046764,0.6944458240900685
8735,0.31013696906081495,0.9996951843828054,0.7262337324378724,0.8505699334063356,0.5742752086046764,0.6944458240900685
8736,0.3353971229337776,0.9997173601664988,0.7406410032750408,0.8611935333185157,0.6155990644393293,0.7175493768670838
8737,0.3353971229337776,0.9997173601664988,0.7406410032750408,0.8611935333185157,0.6155990644393293,0.7175493768670838
8738,0.3353971229337776,0.9997173601664988,0.7406410032750408,0.8611935333185157,0.6155990644393293,0.7175493768670838
8739,0.3353971229337776,0.9997173601664988,0.7406410032750408,0.8611935333185157,0.6155990644393293,0.7175493768670838
8740,0.3353971229337776,0.9997173601664988,0.7406410032750408,0.8611935333185157,0.6155990644393293,0.7175493768670838
8741,0.3353971229337776,0.9997173601664988,0.7406410032750408,0.8611935333185157,0.6155990644393293,0.7175493768670838
8742,0.3353971229337776,0.9997173601664988,0.7406410032750408,0.8611935333185157,0.6155990644393293,0.7175493768670838
8743,0.3353971229337776,0.9997173601664988,0.7406410032750408,0.8611935333185157,0.6155990644393293,0.7175493768670838
8744,0.3353971229337776,0.9997173601664988,0.7406410032750408,0.8611935333185157,0.6155990644393293,0.7175493768670838
8745,0.3353971229337776,0.9997173601664988,0.7406410032750408,0.8611935333185157,0.6155990644393293,0.7175493768670838
8746,0.3353971229337776,0.9997173601664988,0.7406410032750408,0.8611935333185157,0.6155990644393293,0.7175493768670838
8747,0.3353971229337776,0.9997173601664988,0.7406410032750408,0.8611935333185157,0.6155990644393293,0.7175493768670838
8748,0.3353971229337776,0.9997173601664988,0.7406410032750408,0.8611935333185157,0.6155990644393293,0.7175493768670838
8749,0.3353971229337776,0.9997173601664988,0.7406410032750408,0.8611935333185157,0.6155990644393293,0.7175493768670838
8750,0.3353971229337776,0.9997173601664988,0.7406410032750408,0.8611935333185157,0.6155990644393293,0.7175493768670838
8751,0.3353971229337776,0.9997173601664988,0.7406410032750408,0.8611935333185157,0.6155990644393293,0.7175493768670838
8752,0.3353971229337776,0.9997173601664988,0.7406410032750408,0.8611935333185157,0.6155990644393293,0.7175493768670838
8753,0.3353971229337776,0.9997173601664988,0.7406410032750408,0.8611935333185157,0.6155990644393293,0.7175493768670838
8754,0.3353971229337776,0.9997173601664988,0.7406410032750408,0.8611935333185157,0.6155990644393293,0.7175493768670838
8755,0.3353971229337776,0.9997173601664988,0.7406410032750408,0.8611935333185157,0.6155990644393293,0.7175493768670838
8756,0.3353971229337776,0.9997173601664988,0.7406410032750408,0.8611935333185157,0.6155990644393293,0.7175493768670838
8757,0.3353971229337776,0.9997173601664988,0.7406410032750408,0.8611935333185157,0.6155990644393293,0.7175493768670838
8758,0.3353971229337776,0.9997173601664988,0.7406410032750408,0.8611935333185157,0.6155990644393293,0.7175493768670838
8759,0.3353971229337776,0.9997173601664988,0.7406410032750408,0.8611935333185157,0.6155990644393293,0.7175493768670838
